ds,article,y,yhat,residual
2022-01-04,BAGUETTE,1.0,24.114022534290797,-23.114022534290797
2022-01-06,BAGUETTE,23.0,22.60183626692151,0.3981637330784906
2022-01-07,BAGUETTE,14.0,23.612496651536507,-9.612496651536507
2022-01-08,BAGUETTE,20.0,31.17112240950575,-11.171122409505749
2022-01-09,BAGUETTE,27.0,40.05247836747589,-13.052478367475892
2022-01-10,BAGUETTE,23.0,24.285428315595855,-1.2854283155958548
2022-01-11,BAGUETTE,16.0,23.616980878503554,-7.616980878503554
2022-01-13,BAGUETTE,15.0,22.13320414863998,-7.1332041486399795
2022-01-14,BAGUETTE,19.0,23.12145476483914,-4.1214547648391395
2022-01-15,BAGUETTE,27.0,30.520960969289696,-3.520960969289696
2022-01-16,BAGUETTE,33.0,39.21457457454645,-6.214574574546447
2022-01-17,BAGUETTE,19.0,23.77585063012988,-4.775850630129881
2022-01-18,BAGUETTE,18.0,23.119939222716066,-5.1199392227160665
2022-01-20,BAGUETTE,20.0,21.664572030358745,-1.6645720303587446
2022-01-21,BAGUETTE,23.0,22.630412878121167,0.36958712187883336
2022-01-22,BAGUETTE,28.0,29.87079952909221,-1.87079952909221
2022-01-23,BAGUETTE,51.0,38.37667078163945,12.623329218360553
2022-01-24,BAGUETTE,19.0,23.266272944707296,-4.266272944707296
2022-01-25,BAGUETTE,24.0,22.622897566910577,1.3771024330894228
2022-01-27,BAGUETTE,28.0,21.195939912099607,6.8040600879003925
2022-01-28,BAGUETTE,23.0,22.13937099142603,0.8606290085739694
2022-01-29,BAGUETTE,24.0,29.220638088893764,-5.2206380888937645
2022-01-30,BAGUETTE,35.0,37.53876698872567,-2.538766988725669
2022-01-31,BAGUETTE,17.0,22.75669525924111,-5.756695259241109
2022-02-01,BAGUETTE,25.0,22.12585591112295,2.874144088877049
2022-02-03,BAGUETTE,23.0,19.301743642513813,3.698256357486187
2022-02-04,BAGUETTE,21.0,19.956523525586842,1.0434764744131577
2022-02-05,BAGUETTE,24.0,26.330607658906217,-2.3306076589062172
2022-02-06,BAGUETTE,55.0,34.07421978305055,20.92578021694945
2022-02-07,BAGUETTE,27.0,20.51766555052895,6.48233444947105
2022-02-08,BAGUETTE,30.0,19.7182025642894,10.281797435710601
2022-02-10,BAGUETTE,24.0,18.74465095653194,5.255349043468058
2022-02-11,BAGUETTE,23.0,19.37814763609686,3.621852363903141
2022-02-12,BAGUETTE,21.0,25.564326765243774,-4.564326765243774
2022-02-13,BAGUETTE,45.0,33.07844215389681,11.921557846103191
2022-02-14,BAGUETTE,28.0,19.915547993990828,8.084452006009172
2022-02-15,BAGUETTE,31.0,19.137110157675334,11.862889842324666
2022-02-17,BAGUETTE,35.0,18.187558270504926,16.812441729495074
2022-02-18,BAGUETTE,39.0,18.79977174658726,20.20022825341274
2022-02-19,BAGUETTE,45.0,24.7980458715645,20.2019541284355
2022-02-20,BAGUETTE,43.0,32.08266452474364,10.917335475256358
2022-02-21,BAGUETTE,24.0,19.31343043745408,4.68656956254592
2022-02-22,BAGUETTE,31.0,18.556017751056604,12.443982248943396
2022-02-24,BAGUETTE,31.0,17.630465584515793,13.369534415484207
2022-02-25,BAGUETTE,35.0,18.221395857096866,16.778604142903134
2022-02-26,BAGUETTE,38.0,24.03176497785103,13.96823502214897
2022-02-27,BAGUETTE,61.0,31.08688689562992,29.91311310437008
2022-02-28,BAGUETTE,23.0,18.711312880915905,4.288687119084095
2022-03-01,BAGUETTE,28.0,17.97492534444523,10.025074655554771
2022-03-02,BAGUETTE,10.0,15.137522674913985,-5.137522674913985
2022-03-03,BAGUETTE,24.0,17.073372898514215,6.926627101485785
2022-03-04,BAGUETTE,26.0,17.64301996758805,8.35698003241195
2022-03-05,BAGUETTE,39.0,29.584968218733156,9.415031781266844
2022-03-06,BAGUETTE,47.0,38.90286171039424,8.097138289605759
2022-03-07,BAGUETTE,25.0,23.201023401597833,1.7989765984021666
2022-03-08,BAGUETTE,25.0,22.402620571523393,2.597379428476607
2022-03-09,BAGUETTE,17.0,19.07045142304905,-2.0704514230490503
2022-03-10,BAGUETTE,19.0,21.515221192075508,-2.515221192075508
2022-03-11,BAGUETTE,26.0,22.26131291113465,3.738687088865351
2022-03-12,BAGUETTE,27.0,29.15643249101805,-2.1564324910180517
2022-03-13,BAGUETTE,36.0,38.33818863141049,-2.338188631410489
2022-03-14,BAGUETTE,24.0,22.863561967167943,1.1364380328320571
2022-03-15,BAGUETTE,28.0,22.076093512238845,5.923906487761155
2022-03-16,BAGUETTE,20.0,18.791912073140953,1.2080879268590472
2022-03-17,BAGUETTE,10.0,21.20031694299997,-11.200316942999969
2022-03-18,BAGUETTE,17.0,21.934805908856855,-4.934805908856855
2022-03-19,BAGUETTE,28.0,28.727896763283827,-0.7278967632838267
2022-03-20,BAGUETTE,32.0,37.77351555242707,-5.773515552427071
2022-03-21,BAGUETTE,30.0,22.5261005326916,7.473899467308399
2022-03-22,BAGUETTE,17.0,21.749566452934648,-4.749566452934648
2022-03-23,BAGUETTE,16.0,18.513372723232685,-2.513372723232685
2022-03-24,BAGUETTE,12.0,20.885412693947046,-8.885412693947046
2022-03-25,BAGUETTE,26.0,21.60829890657939,4.391701093420611
2022-03-26,BAGUETTE,32.0,28.2993610355084,3.700638964491599
2022-03-27,BAGUETTE,42.0,37.20884247345423,4.791157526545767
2022-03-28,BAGUETTE,23.0,22.18863909821551,0.8113609017844894
2022-03-29,BAGUETTE,20.0,21.423039393649997,-1.4230393936499972
2022-03-30,BAGUETTE,15.0,18.234833373316025,-3.2348333733160253
2022-03-31,BAGUETTE,25.0,20.570508444893644,4.429491555106356
2022-04-01,BAGUETTE,29.0,21.28179190432459,7.718208095675411
2022-04-02,BAGUETTE,23.0,27.87082530775669,-4.870825307756689
2022-04-03,BAGUETTE,32.0,36.64416939448141,-4.644169394481409
2022-04-04,BAGUETTE,16.0,21.868174086096808,-5.868174086096808
2022-04-05,BAGUETTE,15.0,21.042285240085135,-6.0422852400851355
2022-04-06,BAGUETTE,27.0,17.733453628447087,9.266546371552913
2022-04-07,BAGUETTE,14.0,20.017185675082896,-6.017185675082896
2022-04-08,BAGUETTE,23.0,20.964353737428112,2.0356462625718876
2022-04-09,BAGUETTE,36.0,27.367245030196024,8.632754969803976
2022-04-10,BAGUETTE,48.0,35.89363535575758,12.106364644242419
2022-04-11,BAGUETTE,34.0,21.51885656102689,12.48114343897311
2022-04-12,BAGUETTE,16.0,20.705391505217495,-4.705391505217495
2022-04-13,BAGUETTE,36.0,17.448884485515386,18.551115514484614
2022-04-14,BAGUETTE,29.0,19.695231372526436,9.304768627473564
2022-04-15,BAGUETTE,38.0,20.6263887417735,17.3736112582265
2022-04-16,BAGUETTE,57.0,26.9250410449262,30.0749589550738
2022-04-17,BAGUETTE,36.0,35.31231884002233,0.6876811599776715
2022-04-18,BAGUETTE,68.0,27.182061354926347,40.81793864507365
2022-04-19,BAGUETTE,28.0,20.368497770349958,7.631502229650042
2022-04-20,BAGUETTE,20.0,17.164315342549546,2.8356846574504537
2022-04-21,BAGUETTE,47.0,19.373277069976744,27.626722930023256
2022-04-22,BAGUETTE,28.0,20.288423746139557,7.711576253860443
2022-04-23,BAGUETTE,32.0,26.48283705967311,5.517162940326891
2022-04-24,BAGUETTE,41.0,34.73100232430627,6.268997675693733
2022-04-25,BAGUETTE,24.0,20.820221510887404,3.1797784891125964
2022-04-26,BAGUETTE,19.0,20.031604035487895,-1.031604035487895
2022-04-27,BAGUETTE,19.0,16.879746199600522,2.120253800399478
2022-04-28,BAGUETTE,22.0,19.05132276744112,2.948677232558879
2022-04-29,BAGUETTE,25.0,19.95045875048542,5.049541249514579
2022-04-30,BAGUETTE,52.0,26.04063307440281,25.95936692559719
2022-05-01,BAGUETTE,64.0,30.181391422949066,33.81860857705094
2022-05-02,BAGUETTE,24.0,20.470903985858627,3.5290960141413734
2022-05-03,BAGUETTE,22.0,19.69471030062047,2.3052896993795287
2022-05-05,BAGUETTE,17.0,23.03659604816362,-6.03659604816362
2022-05-06,BAGUETTE,40.0,24.193883302546897,15.806116697453103
2022-05-07,BAGUETTE,35.0,31.710325956257687,3.2896740437423126
2022-05-08,BAGUETTE,45.0,49.23700936622589,-4.237009366225891
2022-05-09,BAGUETTE,21.0,24.629916472316864,-3.6299164723168644
2022-05-10,BAGUETTE,18.0,23.717130369731386,-5.717130369731386
2022-05-11,BAGUETTE,27.0,20.335375164899723,6.664624835100277
2022-05-12,BAGUETTE,24.0,22.947835129295925,1.0521648707040754
2022-05-13,BAGUETTE,22.0,24.100611970189444,-2.100611970189444
2022-05-14,BAGUETTE,37.0,31.588010158177266,5.411989841822734
2022-05-15,BAGUETTE,50.0,41.163023594498156,8.836976405501844
2022-05-16,BAGUETTE,37.0,24.534807020594844,12.465192979405156
2022-05-17,BAGUETTE,23.0,23.625495129210858,-0.6254951292108579
2022-05-18,BAGUETTE,24.0,20.2567625307713,3.743237469228699
2022-05-19,BAGUETTE,19.0,22.859074210403936,-3.8590742104039357
2022-05-20,BAGUETTE,29.0,24.007340637832105,4.992659362167895
2022-05-21,BAGUETTE,46.0,31.46569436011631,14.53430563988369
2022-05-22,BAGUETTE,57.0,41.00354299501952,15.996457004980478
2022-05-23,BAGUETTE,28.0,24.439697568922462,3.560302431077538
2022-05-24,BAGUETTE,20.0,23.533859888711593,-3.533859888711593
2022-05-25,BAGUETTE,31.0,20.17814989665196,10.82185010334804
2022-05-26,BAGUETTE,45.0,40.985093981022715,4.014906018977285
2022-05-27,BAGUETTE,64.0,23.914069305499,40.085930694501
2022-05-28,BAGUETTE,55.0,31.343378562016333,23.656621437983667
2022-05-29,BAGUETTE,71.0,40.84406239555766,30.155937604442343
2022-05-30,BAGUETTE,35.0,24.344588117200207,10.655411882799793
2022-05-31,BAGUETTE,29.0,23.44222464821228,5.557775351787718
2022-06-01,BAGUETTE,33.0,20.099537262513415,12.900462737486585
2022-06-02,BAGUETTE,33.0,22.681552372627923,10.318447627372077
2022-06-03,BAGUETTE,36.0,29.15246097795588,6.847539022044121
2022-06-04,BAGUETTE,36.0,38.01553909222194,-2.0155390922219425
2022-06-05,BAGUETTE,86.0,49.47565599898177,36.52434400101823
2022-06-06,BAGUETTE,62.0,42.33711466432473,19.66288533567527
2022-06-07,BAGUETTE,44.0,27.763551857789103,16.236448142210897
2022-06-08,BAGUETTE,36.0,24.60451840589521,11.39548159410479
2022-06-09,BAGUETTE,18.0,27.03198247140984,-9.03198247140984
2022-06-10,BAGUETTE,15.0,29.382358891533688,-14.382358891533688
2022-06-11,BAGUETTE,42.0,38.314994368025545,3.6850056319744553
2022-06-12,BAGUETTE,47.0,49.86494661472909,-2.8649466147290923
2022-06-13,BAGUETTE,39.0,29.574444766922547,9.425555233077453
2022-06-14,BAGUETTE,34.0,27.9815145484727,6.018485451527301
2022-06-15,BAGUETTE,32.0,24.797464150299202,7.202535849700798
2022-06-16,BAGUETTE,25.0,27.243726893305965,-2.243726893305965
2022-06-17,BAGUETTE,21.0,29.61225680505691,-8.612256805056909
2022-06-18,BAGUETTE,38.0,38.614449643808435,-0.6144496438084346
2022-06-19,BAGUETTE,52.0,50.25423723050919,1.7457627694908098
2022-06-20,BAGUETTE,16.0,29.8050722661941,-13.805072266194099
2022-06-21,BAGUETTE,28.0,28.19947723912131,-0.1994772391213111
2022-06-22,BAGUETTE,20.0,24.990409894739866,-4.990409894739866
2022-06-23,BAGUETTE,33.0,27.45547131523081,5.54452868476919
2022-06-24,BAGUETTE,31.0,29.84215471860771,1.1578452813922908
2022-06-25,BAGUETTE,33.0,38.91390491955743,-5.913904919557432
2022-06-26,BAGUETTE,44.0,50.64352784625638,-6.643527846256383
2022-06-27,BAGUETTE,29.0,30.03569976546549,-1.0356997654654911
2022-06-28,BAGUETTE,32.0,28.417439929799254,3.5825600702007456
2022-06-29,BAGUETTE,17.0,25.183355639143628,-8.183355639143628
2022-06-30,BAGUETTE,27.0,27.667215737136356,-0.6672157371363561
2022-07-01,BAGUETTE,39.0,50.744053092706764,-11.744053092706764
2022-07-02,BAGUETTE,42.0,59.90793714589459,-17.907937145894593
2022-07-03,BAGUETTE,74.0,69.86066444694275,4.139335553057251
2022-07-04,BAGUETTE,46.0,49.076779204841564,-3.0767792048415643
2022-07-05,BAGUETTE,29.0,48.0065725844168,-19.0065725844168
2022-07-06,BAGUETTE,36.0,44.54387799003156,-8.543877990031561
2022-07-07,BAGUETTE,31.0,46.87444009923435,-15.874440099234349
2022-07-08,BAGUETTE,33.0,49.01355008843644,-16.01355008843644
2022-07-09,BAGUETTE,33.0,58.05269873152883,-25.052698731528828
2022-07-10,BAGUETTE,57.0,70.2940993024446,-13.294099302444593
2022-07-11,BAGUETTE,69.0,49.38099546199461,19.61900453800539
2022-07-12,BAGUETTE,56.0,48.303891575999444,7.696108424000556
2022-07-13,BAGUETTE,51.0,44.81950761828364,6.180492381716363
2022-07-14,BAGUETTE,77.0,57.49489759690789,19.50510240309211
2022-07-15,BAGUETTE,79.0,49.31630200592745,29.683697994072553
2022-07-16,BAGUETTE,99.0,58.41096844592357,40.58903155407643
2022-07-17,BAGUETTE,94.0,70.72753415794631,23.27246584205369
2022-07-18,BAGUETTE,50.0,49.685211719083725,0.3147882809162752
2022-07-19,BAGUETTE,36.0,48.60121056758725,-12.601210567587252
2022-07-20,BAGUETTE,47.0,45.095137246484825,1.9048627535151752
2022-07-21,BAGUETTE,40.0,47.45402922470258,-7.45402922470258
2022-07-22,BAGUETTE,38.0,49.619053923414484,-11.619053923414484
2022-07-23,BAGUETTE,85.0,58.76923816039733,26.23076183960267
2022-07-24,BAGUETTE,82.0,71.16096901347038,10.839030986529622
2022-07-25,BAGUETTE,63.0,49.989427976177545,13.010572023822455
2022-07-26,BAGUETTE,53.0,48.89852955916983,4.10147044083017
2022-07-27,BAGUETTE,53.0,45.37076687470061,7.629233125299393
2022-07-28,BAGUETTE,47.0,47.743823787467385,-0.7438237874673845
2022-07-29,BAGUETTE,64.0,49.92180584090506,14.078194159094942
2022-07-30,BAGUETTE,68.0,59.12750787484857,8.872492125151432
2022-07-31,BAGUETTE,70.0,71.59440386897192,-1.5944038689719235
2022-08-01,BAGUETTE,48.0,50.29364423326638,-2.2936442332663773
2022-08-02,BAGUETTE,49.0,51.28051961517987,-2.2805196151798697
2022-08-03,BAGUETTE,57.0,47.90856880898766,9.09143119101234
2022-08-04,BAGUETTE,40.0,50.193104400397964,-10.193104400397964
2022-08-05,BAGUETTE,70.0,52.807108519398255,17.192891480601745
2022-08-06,BAGUETTE,55.0,62.772970571881544,-7.772970571881544
2022-08-07,BAGUETTE,67.0,75.29148472988938,-8.291484729889376
2022-08-08,BAGUETTE,61.0,53.463613953182524,7.536386046817476
2022-08-09,BAGUETTE,52.0,51.63806445404016,0.3619355459598381
2022-08-10,BAGUETTE,57.0,48.24227090216005,8.757729097839949
2022-08-11,BAGUETTE,51.0,50.54237164517074,0.4576283548292608
2022-08-12,BAGUETTE,54.0,53.1742003211538,0.8257996788462023
2022-08-13,BAGUETTE,54.0,63.2089077446886,-9.208907744688602
2022-08-14,BAGUETTE,81.0,75.8138405475719,5.1861594524281
2022-08-15,BAGUETTE,60.0,71.95174630572744,-11.95174630572744
2022-08-16,BAGUETTE,35.0,51.99560929286905,-16.995609292869048
2022-08-17,BAGUETTE,41.0,48.57597299533254,-7.575972995332542
2022-08-18,BAGUETTE,71.0,50.89163888992404,20.10836111007596
2022-08-19,BAGUETTE,53.0,53.541292122974795,-0.5412921229747951
2022-08-20,BAGUETTE,61.0,63.64484491751817,-2.6448449175181707
2022-08-21,BAGUETTE,73.0,76.33619636526521,-3.3361963652652094
2022-08-22,BAGUETTE,50.0,54.204717106858475,-4.2047171068584746
2022-08-23,BAGUETTE,42.0,52.35315413173573,-10.353154131735728
2022-08-24,BAGUETTE,47.0,48.90967508850515,-1.9096750885051534
2022-08-25,BAGUETTE,35.0,51.24090613469725,-16.240906134697248
2022-08-26,BAGUETTE,37.0,53.908383924766305,-16.908383924766305
2022-08-27,BAGUETTE,43.0,64.08078209030293,-21.080782090302932
2022-08-28,BAGUETTE,46.0,76.8585521829585,-30.858552182958505
2022-08-29,BAGUETTE,39.0,54.57526868366588,-15.575268683665882
2022-08-30,BAGUETTE,35.0,52.71069897058032,-17.710698970580317
2022-08-31,BAGUETTE,16.0,49.243377181651766,-33.243377181651766
2022-09-02,BAGUETTE,34.0,29.822720214884345,4.177279785115655
2022-09-03,BAGUETTE,38.0,38.85551322153727,-0.8555132215372723
2022-09-04,BAGUETTE,43.0,50.911284125719845,-7.911284125719845
2022-09-05,BAGUETTE,21.0,30.212384273491,-9.212384273491
2022-09-06,BAGUETTE,19.0,27.997463146000197,-8.997463146000197
2022-09-07,BAGUETTE,18.0,25.16729514475584,-7.16729514475584
2022-09-08,BAGUETTE,20.0,27.436129999860956,-7.436129999860956
2022-09-09,BAGUETTE,25.0,29.930440528481327,-4.930440528481327
2022-09-10,BAGUETTE,31.0,38.99578779763501,-7.9957877976350105
2022-09-11,BAGUETTE,41.0,51.094987207711775,-10.094987207711775
2022-09-12,BAGUETTE,26.0,30.32134339235531,-4.32134339235531
2022-09-13,BAGUETTE,27.0,28.09838229299464,-1.0983822929946392
2022-09-14,BAGUETTE,22.0,25.257966029463933,-3.257966029463933
2022-09-15,BAGUETTE,26.0,27.534924029529364,-1.534924029529364
2022-09-16,BAGUETTE,25.0,30.03816084202421,-5.038160842024212
2022-09-17,BAGUETTE,34.0,39.1360623737531,-5.136062373753099
2022-09-18,BAGUETTE,47.0,51.27869028974478,-4.27869028974478
2022-09-20,BAGUETTE,20.0,28.19930143995811,-8.19930143995811
2022-09-21,BAGUETTE,11.0,25.348636914208917,-14.348636914208917
2022-09-22,BAGUETTE,34.0,27.633718059226485,6.366281940773515
2022-09-23,BAGUETTE,12.0,30.14588115559428,-18.14588115559428
2022-09-24,BAGUETTE,28.0,39.27633694987137,-11.276336949871371
2022-09-25,BAGUETTE,36.0,51.4623933717367,-15.462393371736702
2022-09-26,BAGUETTE,18.0,30.539261630148168,-12.539261630148168
2022-09-27,BAGUETTE,34.0,28.300220586952584,5.699779413047416
2022-09-28,BAGUETTE,23.0,25.439307798929292,-2.439307798929292
2022-09-29,BAGUETTE,30.0,27.732512088894865,2.2674879111051354
2022-09-30,BAGUETTE,35.0,30.2536014691311,4.746398530868898
2022-01-04,BANETTE,2.0,21.755264428463438,-19.755264428463438
2022-01-06,BANETTE,23.0,23.79256509478014,-0.7925650947801408
2022-01-07,BANETTE,18.0,22.95461423116915,-4.954614231169149
2022-01-08,BANETTE,20.0,29.445889580469704,-9.445889580469704
2022-01-09,BANETTE,33.0,36.040127528431874,-3.0401275284318743
2022-01-10,BANETTE,18.0,22.65610061028889,-4.656100610288892
2022-01-11,BANETTE,17.0,21.315304059114013,-4.315304059114013
2022-01-13,BANETTE,22.0,23.3086077226606,-1.3086077226606
2022-01-14,BANETTE,15.0,22.48634064828882,-7.48634064828882
2022-01-15,BANETTE,16.0,28.843438422514946,-12.843438422514946
2022-01-16,BANETTE,26.0,35.30059939884992,-9.300599398849918
2022-01-17,BANETTE,16.0,22.18984025523009,-6.1898402552300915
2022-01-18,BANETTE,16.0,20.875343689764424,-4.875343689764424
2022-01-20,BANETTE,23.0,22.824650350541276,0.1753496494587239
2022-01-21,BANETTE,16.0,22.018067065391506,-6.018067065391506
2022-01-22,BANETTE,13.0,28.24098726457411,-15.240987264574109
2022-01-23,BANETTE,41.0,34.561071269286316,6.438928730713684
2022-01-24,BANETTE,18.0,21.72357990021088,-3.723579900210879
2022-01-25,BANETTE,7.0,20.43538332040461,-13.435383320404611
2022-01-27,BANETTE,24.0,22.34069297843726,1.6593070215627392
2022-01-28,BANETTE,10.0,21.54979348251061,-11.549793482510609
2022-01-29,BANETTE,19.0,27.63853610663252,-8.638536106632522
2022-01-30,BANETTE,40.0,33.82154313971957,6.178456860280427
2022-01-31,BANETTE,23.0,21.25731954515193,1.7426804548480703
2022-02-01,BANETTE,23.0,19.99542295105489,3.0045770489451087
2022-02-03,BANETTE,13.0,19.53838910529868,-6.5383891052986804
2022-02-04,BANETTE,14.0,18.580382841491677,-4.5803828414916765
2022-02-05,BANETTE,31.0,23.67439334400268,7.325606655997319
2022-02-06,BANETTE,41.0,29.265312621702318,11.734687378297682
2022-02-07,BANETTE,38.0,18.35959884698962,19.64040115301038
2022-02-08,BANETTE,21.0,17.033317013228377,3.966682986771623
2022-02-10,BANETTE,24.0,18.906174372212856,5.093825627787144
2022-02-11,BANETTE,22.0,17.9763748273719,4.023625172628101
2022-02-12,BANETTE,29.0,22.901199384010162,6.098800615989838
2022-02-13,BANETTE,30.0,28.305041725733652,1.694958274266348
2022-02-14,BANETTE,29.0,17.754335557180497,11.245664442819503
2022-02-15,BANETTE,36.0,16.469120294363695,19.530879705636305
2022-02-17,BANETTE,29.0,18.273959639094258,10.726040360905742
2022-02-18,BANETTE,31.0,17.372366813238614,13.627633186761386
2022-02-19,BANETTE,42.0,22.128005424005377,19.871994575994623
2022-02-20,BANETTE,42.0,27.344770829765515,14.655229170234485
2022-02-21,BANETTE,22.0,17.149072267373622,4.850927732626378
2022-02-22,BANETTE,28.0,15.90492357549919,12.09507642450081
2022-02-24,BANETTE,32.0,17.64174490600074,14.358255093999261
2022-02-25,BANETTE,30.0,16.768358799118577,13.231641200881423
2022-02-26,BANETTE,38.0,21.35481146397303,16.64518853602697
2022-02-27,BANETTE,66.0,26.384499933829424,39.615500066170576
2022-02-28,BANETTE,19.0,16.543808977563632,2.456191022436368
2022-03-01,BANETTE,30.0,15.340726856638563,14.659273143361437
2022-03-02,BANETTE,20.0,14.86588588665591,5.13411411334409
2022-03-03,BANETTE,30.0,17.009530172901542,12.990469827098458
2022-03-04,BANETTE,30.0,16.164350784985974,13.835649215014026
2022-03-05,BANETTE,40.0,27.602593240686765,12.397406759313235
2022-03-06,BANETTE,53.0,34.74443364479464,18.25556635520536
2022-03-07,BANETTE,25.0,21.411818500496178,3.588181499503822
2022-03-08,BANETTE,30.0,20.054128715994537,9.945871284005463
2022-03-09,BANETTE,11.0,19.80615116713645,-8.806151167136449
2022-03-10,BANETTE,22.0,22.142533108119515,-0.14253310811951536
2022-03-11,BANETTE,24.0,21.13362379770097,2.86637620229903
2022-03-12,BANETTE,24.0,27.186252163729986,-3.1862521637299857
2022-03-13,BANETTE,31.0,34.219237622957436,-3.2192376229574364
2022-03-14,BANETTE,28.0,21.08745753476195,6.912542465238051
2022-03-15,BANETTE,19.0,19.749676104280002,-0.7496761042800024
2022-03-16,BANETTE,12.0,19.504809690243633,-7.504809690243633
2022-03-17,BANETTE,27.0,21.804910831045508,5.1950891689544925
2022-03-18,BANETTE,24.0,20.81068160210468,3.1893183978953203
2022-03-19,BANETTE,30.0,26.769911086759155,3.230088913240845
2022-03-20,BANETTE,45.0,33.69404160112051,11.30595839887949
2022-03-21,BANETTE,30.0,20.76309656898459,9.23690343101541
2022-03-22,BANETTE,25.0,19.445223492553204,5.554776507446796
2022-03-23,BANETTE,13.0,19.203468213350654,-6.203468213350654
2022-03-24,BANETTE,20.0,21.46728855398724,-1.4672885539872382
2022-03-25,BANETTE,17.0,20.48773940651044,-3.487739406510439
2022-03-26,BANETTE,40.0,26.35357000975219,13.64642999024781
2022-03-27,BANETTE,32.0,33.16884557929184,-1.1688455792918404
2022-03-28,BANETTE,23.0,20.43873560320749,2.5612643967925095
2022-03-29,BANETTE,15.0,19.140770880838552,-4.140770880838552
2022-03-30,BANETTE,14.0,18.902126736443588,-4.902126736443588
2022-03-31,BANETTE,17.0,21.129666276928642,-4.129666276928642
2022-04-01,BANETTE,15.0,20.164797210930498,-5.164797210930498
2022-04-02,BANETTE,21.0,25.937228932768605,-4.937228932768605
2022-04-03,BANETTE,40.0,32.6436495574632,7.356350442536801
2022-04-04,BANETTE,30.0,21.06840491167192,8.93159508832808
2022-04-05,BANETTE,22.0,19.509164345872655,2.490835654127345
2022-04-06,BANETTE,11.0,18.796473936548672,-7.796473936548672
2022-04-07,BANETTE,22.0,21.486480710638997,0.5135192893610032
2022-04-08,BANETTE,9.0,20.466563181861485,-11.466563181861485
2022-04-09,BANETTE,30.0,26.455320924264058,3.5446790757359423
2022-04-10,BANETTE,33.0,33.20400554247003,-0.20400554247002844
2022-04-11,BANETTE,29.0,20.75651420810158,8.243485791898419
2022-04-12,BANETTE,26.0,19.219744127635007,6.780255872364993
2022-04-13,BANETTE,19.0,18.517034329054038,0.482965670945962
2022-04-14,BANETTE,31.0,21.166370004854375,9.833629995145625
2022-04-15,BANETTE,40.0,20.160997107964853,19.839002892035147
2022-04-16,BANETTE,55.0,26.059498379991915,28.940501620008085
2022-04-17,BANETTE,35.0,32.70614554591303,2.2938544540869685
2022-04-18,BANETTE,84.0,29.94880725812008,54.051192741879916
2022-04-19,BANETTE,30.0,18.930323909397387,11.069676090602613
2022-04-20,BANETTE,42.0,18.237594721536876,23.762405278463124
2022-04-21,BANETTE,47.0,20.846259299078525,26.153740700921475
2022-04-22,BANETTE,41.0,19.85543103408603,21.14456896591397
2022-04-23,BANETTE,36.0,25.6636758357331,10.336324164266902
2022-04-24,BANETTE,43.0,32.20828554937337,10.791714450626628
2022-04-25,BANETTE,26.0,20.13273280095748,5.867267199042519
2022-04-26,BANETTE,14.0,18.640903691160197,-4.640903691160197
2022-04-27,BANETTE,23.0,17.95815511403075,5.041844885969251
2022-04-28,BANETTE,27.0,20.526148593308665,6.473851406691335
2022-04-29,BANETTE,27.0,19.549864960189716,7.450135039810284
2022-04-30,BANETTE,45.0,25.267853291460554,19.732146708539446
2022-05-01,BANETTE,59.0,37.56798618720743,21.43201381279257
2022-05-02,BANETTE,30.0,19.820842097425317,10.179157902574683
2022-05-03,BANETTE,16.0,18.351483472922645,-2.351483472922645
2022-05-05,BANETTE,36.0,26.920245880079694,9.079754119920306
2022-05-06,BANETTE,22.0,25.630649803300543,-3.6306498033005425
2022-05-07,BANETTE,35.0,33.39966559607688,1.6003344039231209
2022-05-08,BANETTE,41.0,48.36835513875906,-7.368355138759057
2022-05-09,BANETTE,24.0,26.03547499868765,-2.0354749986876506
2022-05-10,BANETTE,15.0,24.03226503707776,-9.03226503707776
2022-05-11,BANETTE,14.0,23.248484468337153,-9.248484468337153
2022-05-12,BANETTE,28.0,27.05298326809249,0.9470167319075102
2022-05-13,BANETTE,30.0,25.756939539113684,4.243060460886316
2022-05-14,BANETTE,29.0,33.56411979426423,-4.564119794264229
2022-05-15,BANETTE,38.0,41.76716843583403,-3.76716843583403
2022-05-16,BANETTE,27.0,26.163489100057692,0.8365108999423079
2022-05-17,BANETTE,22.0,24.15034659193271,-2.15034659193271
2022-05-18,BANETTE,30.0,23.362634824572496,6.6373651754275045
2022-05-19,BANETTE,34.0,27.185720656086854,6.814279343913146
2022-05-20,BANETTE,24.0,25.883229274926705,-1.8832292749267054
2022-05-21,BANETTE,39.0,33.7285739924693,5.2714260075307
2022-05-22,BANETTE,31.0,41.97167198731087,-10.97167198731087
2022-05-23,BANETTE,24.0,26.29150320148421,-2.291503201484211
2022-05-24,BANETTE,29.0,24.268428146798605,4.731571853201395
2022-05-25,BANETTE,40.0,23.476785180825914,16.523214819174086
2022-05-26,BANETTE,78.0,40.64415503347473,37.35584496652527
2022-05-27,BANETTE,77.0,26.009519010759817,50.99048098924018
2022-05-28,BANETTE,81.0,33.893028190639065,47.106971809360935
2022-05-29,BANETTE,104.0,42.17617553880471,61.82382446119529
2022-05-30,BANETTE,27.0,26.419517302850846,0.5804826971491543
2022-05-31,BANETTE,19.0,24.38650970166455,-5.386509701664551
2022-06-01,BANETTE,28.0,23.590935537065928,4.409064462934072
2022-06-02,BANETTE,29.0,27.451195432085786,1.548804567914214
2022-06-03,BANETTE,29.0,30.334740118589814,-1.3347401185898136
2022-06-04,BANETTE,49.0,39.508754337928615,9.491245662071385
2022-06-05,BANETTE,61.0,48.81351450695942,12.186485493040578
2022-06-06,BANETTE,42.0,46.087549981972764,-4.087549981972764
2022-06-07,BANETTE,30.0,27.5589712170399,2.4410287829600996
2022-06-08,BANETTE,29.0,27.085302057935163,1.9146979420648371
2022-06-09,BANETTE,26.0,31.458067747498337,-5.458067747498337
2022-06-10,BANETTE,17.0,30.702573490912044,-13.702573490912044
2022-06-11,BANETTE,38.0,39.98700163879498,-1.987001638794979
2022-06-12,BANETTE,36.0,49.403374453211484,-13.403374453211484
2022-06-13,BANETTE,28.0,30.412687995873583,-2.4126879958735827
2022-06-14,BANETTE,28.0,27.89084655985419,0.10915344014581052
2022-06-15,BANETTE,30.0,27.410913139884652,2.589086860115348
2022-06-16,BANETTE,20.0,31.835598493982925,-11.835598493982925
2022-06-17,BANETTE,30.0,31.070406863188328,-1.0704068631883281
2022-06-18,BANETTE,40.0,40.46524893964185,-0.4652489396418531
2022-06-19,BANETTE,54.0,49.99323439949906,4.006765600500941
2022-06-20,BANETTE,33.0,30.775187125929005,2.224812874070995
2022-06-21,BANETTE,30.0,28.22272190265375,1.777278097346251
2022-06-22,BANETTE,29.0,27.736524221844682,1.2634757781553176
2022-06-23,BANETTE,19.0,32.213129240489614,-13.213129240489614
2022-06-24,BANETTE,24.0,31.438240235487918,-7.438240235487918
2022-06-25,BANETTE,31.0,40.94349624045596,-9.943496240455957
2022-06-26,BANETTE,36.0,50.58309434575088,-14.58309434575088
2022-06-27,BANETTE,30.0,31.137686255984132,-1.137686255984132
2022-06-28,BANETTE,31.0,28.55459724546824,2.4454027545317594
2022-06-29,BANETTE,27.0,28.0621353037939,-1.0621353037939016
2022-06-30,BANETTE,24.0,32.59065998698543,-8.590659986985429
2022-07-01,BANETTE,35.0,64.1578334495662,-29.157833449566198
2022-07-02,BANETTE,36.0,73.82695254980447,-37.826952549804474
2022-07-03,BANETTE,78.0,73.27569227777605,4.724307722223955
2022-07-04,BANETTE,42.0,55.8331507204333,-13.833150720433302
2022-07-05,BANETTE,36.0,53.77099585995052,-17.770995859950517
2022-07-06,BANETTE,41.0,53.59702968737516,-12.597029687375162
2022-07-07,BANETTE,33.0,56.779229969604515,-23.779229969604515
2022-07-08,BANETTE,45.0,55.91134647947082,-10.911346479470822
2022-07-09,BANETTE,55.0,64.71177408859465,-9.711774088594652
2022-07-10,BANETTE,74.0,73.74487395224757,0.25512604775242664
2022-07-11,BANETTE,68.0,56.190321708664,11.809678291335999
2022-07-12,BANETTE,33.0,54.11466094360248,-21.11466094360248
2022-07-13,BANETTE,69.0,53.93927042673262,15.06072957326738
2022-07-14,BANETTE,104.0,73.16092285085163,30.839077149148366
2022-07-15,BANETTE,90.0,56.26771499206319,33.73228500793681
2022-07-16,BANETTE,118.0,65.12385966583466,52.87614033416534
2022-07-17,BANETTE,84.0,74.21405562671892,9.785944373281083
2022-07-18,BANETTE,54.0,56.547492696838475,-2.547492696838475
2022-07-19,BANETTE,45.0,54.45832602725268,-9.458326027252681
2022-07-20,BANETTE,36.0,54.281511166059374,-18.281511166059374
2022-07-21,BANETTE,59.0,57.503690103788436,1.4963098962115637
2022-07-22,BANETTE,59.0,56.624083504654486,2.375916495345514
2022-07-23,BANETTE,83.0,65.53594524314265,17.46405475685735
2022-07-24,BANETTE,87.0,74.68323730121222,12.316762698787784
2022-07-25,BANETTE,57.0,56.90466368500895,0.09533631499105155
2022-07-26,BANETTE,60.0,54.80199111090462,5.198008889095377
2022-07-27,BANETTE,49.0,54.623751905382505,-5.623751905382505
2022-07-28,BANETTE,72.0,57.86592017090081,14.134079829099193
2022-07-29,BANETTE,42.0,56.98045201724653,-14.980452017246527
2022-07-30,BANETTE,40.0,65.94803082043283,-25.948030820432834
2022-07-31,BANETTE,84.0,75.15241897568342,8.847581024316582
2022-08-01,BANETTE,73.0,57.261834673183166,15.738165326816834
2022-08-02,BANETTE,64.0,55.65864715884712,8.341352841152883
2022-08-03,BANETTE,65.0,55.2114505807254,9.788549419274602
2022-08-04,BANETTE,67.0,59.674788310114835,7.325211689885165
2022-08-05,BANETTE,85.0,58.68252541203612,26.31747458796388
2022-08-06,BANETTE,73.0,68.3887371557962,4.611262844203793
2022-08-07,BANETTE,69.0,78.03976695281999,-9.039766952819988
2022-08-08,BANETTE,89.0,59.269407608405665,29.730592391594335
2022-08-09,BANETTE,46.0,56.08978604904317,-10.08978604904317
2022-08-10,BANETTE,74.0,55.63865269257609,18.361347307423912
2022-08-11,BANETTE,74.0,60.13601595617955,13.863984043820452
2022-08-12,BANETTE,67.0,59.13558359577107,7.864416404228933
2022-08-13,BANETTE,85.0,68.91615040656522,16.083849593434778
2022-08-14,BANETTE,96.0,78.64094652071437,17.359053479285635
2022-08-15,BANETTE,84.0,94.98537327740458,-10.985373277404577
2022-08-16,BANETTE,71.0,56.52092493922599,14.479075060774008
2022-08-17,BANETTE,39.0,56.065854804426905,-17.065854804426905
2022-08-18,BANETTE,70.0,60.59724360223467,9.40275639776533
2022-08-19,BANETTE,60.0,59.58864177955153,0.41135822044847004
2022-08-20,BANETTE,74.0,69.44356365735405,4.556436342645952
2022-08-21,BANETTE,73.0,79.24212608862139,-6.24212608862139
2022-08-22,BANETTE,49.0,60.181567877731055,-11.181567877731055
2022-08-23,BANETTE,67.0,56.952063829423444,10.047936170576556
2022-08-24,BANETTE,42.0,56.49305691627786,-14.493056916277858
2022-08-25,BANETTE,37.0,61.05847124829975,-24.058471248299753
2022-08-26,BANETTE,43.0,60.041699963309306,-17.041699963309306
2022-08-27,BANETTE,51.0,69.97097690810345,-18.970976908103452
2022-08-28,BANETTE,48.0,79.84330565652843,-31.84330565652843
2022-08-29,BANETTE,50.0,60.637648012357275,-10.637648012357275
2022-08-30,BANETTE,39.0,57.383202719612875,-18.383202719612875
2022-08-31,BANETTE,29.0,56.92025902811326,-27.920259028113257
2022-09-02,BANETTE,28.0,29.64077018689614,-1.640770186896141
2022-09-03,BANETTE,43.0,38.81487053999493,4.185129460005072
2022-09-04,BANETTE,45.0,47.72021393802426,-2.7202139380242585
2022-09-05,BANETTE,30.0,30.018642207577727,-0.018642207577727277
2022-09-06,BANETTE,30.0,26.83456810964129,3.165431890358711
2022-09-07,BANETTE,14.0,25.998473648805117,-11.998473648805117
2022-09-08,BANETTE,28.0,30.794431360130076,-2.7944313601300763
2022-09-09,BANETTE,25.0,29.7757419815274,-4.7757419815274
2022-09-10,BANETTE,40.0,38.991502487799885,1.0084975122001154
2022-09-11,BANETTE,38.0,47.93722969079437,-9.937229690794368
2022-09-12,BANETTE,30.0,30.15506843408329,-0.15506843408329019
2022-09-13,BANETTE,17.0,26.956444493563815,-9.956444493563815
2022-09-14,BANETTE,20.0,26.11647612275332,-6.116476122753319
2022-09-15,BANETTE,24.0,30.93411126905676,-6.934111269056761
2022-09-16,BANETTE,22.0,29.91071377611546,-7.910713776115461
2022-09-17,BANETTE,25.0,39.168134435624225,-14.168134435624225
2022-09-18,BANETTE,38.0,48.15424544361051,-10.154245443610513
2022-09-20,BANETTE,30.0,27.078320877475416,2.9216791225245835
2022-09-21,BANETTE,17.0,26.23447859673711,-9.234478596737109
2022-09-22,BANETTE,30.0,31.073791178003326,-1.0737911780033258
2022-09-23,BANETTE,30.0,30.04568557072524,-0.045685570725240154
2022-09-24,BANETTE,30.0,39.34476638344877,-9.344766383448771
2022-09-25,BANETTE,30.0,48.37126119638058,-18.37126119638058
2022-09-26,BANETTE,30.0,30.427920887157025,-0.4279208871570255
2022-09-27,BANETTE,30.0,27.20019726139796,2.7998027386020397
2022-09-28,BANETTE,22.0,26.352481070706812,-4.352481070706812
2022-09-29,BANETTE,30.0,31.21347108692998,-1.2134710869299816
2022-09-30,BANETTE,30.0,30.18065736531299,-0.18065736531298882
2022-01-06,BANETTINE,3.0,4.551134355039753,-1.5511343550397534
2022-01-07,BANETTINE,2.0,4.94574785511783,-2.9457478551178298
2022-01-08,BANETTINE,3.0,4.444467047366597,-1.4444670473665973
2022-01-09,BANETTINE,6.0,5.568363183283094,0.4316368167169058
2022-01-10,BANETTINE,5.0,4.029787117866485,0.9702128821335148
2022-01-11,BANETTINE,7.0,4.285592615763679,2.7144073842363214
2022-01-13,BANETTINE,3.0,4.540974729014097,-1.5409747290140974
2022-01-14,BANETTINE,2.0,4.934703800217911,-2.9347038002179113
2022-01-15,BANETTINE,2.0,4.434539205733838,-2.434539205733838
2022-01-16,BANETTINE,4.0,5.5559208648388285,-1.5559208648388285
2022-01-17,BANETTINE,4.0,4.020779820179311,-0.020779820179311237
2022-01-18,BANETTINE,3.0,4.276010487183188,-1.2760104871831883
2022-01-20,BANETTINE,3.0,4.530815102988443,-1.5308151029884431
2022-01-21,BANETTINE,2.0,4.923659745312876,-2.923659745312876
2022-01-22,BANETTINE,5.0,4.424611364102402,0.5753886358975979
2022-01-23,BANETTINE,5.0,5.543478546394078,-0.5434785463940779
2022-01-24,BANETTINE,3.0,4.011772522497062,-1.0117725224970622
2022-01-25,BANETTINE,5.0,4.266428358596841,0.7335716414031586
2022-01-27,BANETTINE,3.0,4.520655476966195,-1.520655476966195
2022-01-28,BANETTINE,4.0,4.912615690410469,-0.912615690410469
2022-01-29,BANETTINE,6.0,4.414683522470959,1.585316477529041
2022-01-30,BANETTINE,6.0,5.53103622795079,0.4689637720492099
2022-01-31,BANETTINE,5.0,4.002765224809879,0.9972347751901207
2022-02-01,BANETTINE,1.0,4.256846230016345,-3.256846230016345
2022-02-03,BANETTINE,2.0,4.274306939996469,-2.2743069399964693
2022-02-04,BANETTINE,6.0,4.600240054064101,1.399759945935899
2022-02-05,BANETTINE,2.0,4.238967063047991,-2.2389670630479914
2022-02-06,BANETTINE,5.0,5.326668606484714,-0.32666860648471374
2022-02-07,BANETTINE,4.0,3.8547408014607756,0.14525919853922442
2022-02-08,BANETTINE,5.0,4.064079872597931,0.9359201274020688
2022-02-10,BANETTINE,5.0,4.260192822755187,0.7398071772448134
2022-02-11,BANETTINE,5.0,4.585042509472746,0.4149574905272537
2022-02-12,BANETTINE,6.0,4.2249564226485,1.7750435773515
2022-02-13,BANETTINE,6.0,5.309054576438366,0.6909454235616339
2022-02-14,BANETTINE,6.0,3.841988063322757,2.158011936677243
2022-02-15,BANETTINE,6.0,4.050628215131123,1.9493717848688767
2022-02-17,BANETTINE,6.0,4.246078705507279,1.753921294492721
2022-02-18,BANETTINE,5.0,4.569844964879009,0.4301550351209906
2022-02-19,BANETTINE,6.0,4.2109457822478165,1.7890542177521835
2022-02-20,BANETTINE,6.0,5.2914405463920176,0.7085594536079824
2022-02-21,BANETTINE,6.0,3.829235325183115,2.170764674816885
2022-02-22,BANETTINE,6.0,4.0371765576645755,1.9628234423354245
2022-02-24,BANETTINE,4.0,4.2319645882655825,-0.23196458826558253
2022-02-25,BANETTINE,6.0,4.5546474202876555,1.4453525797123445
2022-02-26,BANETTINE,6.0,4.196935141845043,1.8030648581549569
2022-02-27,BANETTINE,6.0,5.273826516345907,0.726173483654093
2022-02-28,BANETTINE,6.0,3.8164825870467234,2.1835174129532766
2022-03-01,BANETTINE,4.0,4.023724900200701,-0.02372490020070117
2022-03-02,BANETTINE,6.0,4.089654430515615,1.9103455694843854
2022-03-03,BANETTINE,6.0,4.217850471021187,1.7821495289788132
2022-03-04,BANETTINE,7.0,4.5394498756939345,2.4605501243060655
2022-03-05,BANETTINE,4.0,4.447924064503891,-0.44792406450389066
2022-03-06,BANETTINE,7.0,5.554566935081373,1.4454330649186273
2022-03-07,BANETTINE,4.0,4.125409089554953,-0.1254090895549531
2022-03-08,BANETTINE,5.0,4.3180349477862805,0.6819650522137195
2022-03-09,BANETTINE,1.0,4.320039239108038,-3.3200392391080378
2022-03-10,BANETTINE,6.0,4.450875118607678,1.5491248813923217
2022-03-11,BANETTINE,3.0,4.8501699377309455,-1.8501699377309455
2022-03-12,BANETTINE,6.0,4.440389985499203,1.5596100145007972
2022-03-13,BANETTINE,6.0,5.545156101088346,0.4548438989116539
2022-03-14,BANETTINE,2.0,4.118417916435526,-2.1184179164355257
2022-03-15,BANETTINE,3.0,4.310715567003673,-1.3107155670036734
2022-03-16,BANETTINE,3.0,4.312714687242543,-1.3127146872425426
2022-03-17,BANETTINE,6.0,4.443326908502233,1.5566730914977667
2022-03-18,BANETTINE,2.0,4.841942572895373,-2.8419425728953733
2022-03-19,BANETTINE,2.0,4.432855906493358,-2.4328559064933577
2022-03-20,BANETTINE,3.0,5.535745267095319,-2.5357452670953187
2022-03-21,BANETTINE,6.0,4.111426743313051,1.888573256686949
2022-03-22,BANETTINE,5.0,4.303396186215493,0.696603813784507
2022-03-23,BANETTINE,2.0,4.305390135377046,-2.3053901353770456
2022-03-24,BANETTINE,2.0,4.435778698399944,-2.435778698399944
2022-03-25,BANETTINE,6.0,4.833715208061858,1.1662847919381418
2022-03-26,BANETTINE,5.0,4.42532182748557,0.5746781725144299
2022-03-27,BANETTINE,6.0,5.5263344331019795,0.47366556689802053
2022-03-28,BANETTINE,5.0,4.104435570190578,0.8955644298094221
2022-03-29,BANETTINE,5.0,4.296076805432882,0.7039231945671176
2022-03-30,BANETTINE,6.0,4.29806558350979,1.70193441649021
2022-03-31,BANETTINE,4.0,4.428230488297649,-0.42823048829764865
2022-04-01,BANETTINE,6.0,4.8254878432286805,1.1745121567713195
2022-04-02,BANETTINE,4.0,4.4177877484785775,-0.41778774847857747
2022-04-03,BANETTINE,6.0,5.516923599108641,0.48307640089135884
2022-04-04,BANETTINE,3.0,3.9956594439521567,-0.9956594439521567
2022-04-05,BANETTINE,6.0,4.191728152172134,1.808271847827866
2022-04-06,BANETTINE,5.0,4.059508346877603,0.9404916531223968
2022-04-07,BANETTINE,6.0,4.32670691853207,1.6732930814679303
2022-04-08,BANETTINE,6.0,4.69331410316604,1.3066858968339599
2022-04-09,BANETTINE,6.0,4.290864935967738,1.709135064032262
2022-04-10,BANETTINE,6.0,5.4238674806655665,0.5761325193344335
2022-04-11,BANETTINE,4.0,3.9862230895052,0.01377691049480001
2022-04-12,BANETTINE,2.0,4.181825410825801,-2.181825410825801
2022-04-13,BANETTINE,5.0,4.049914730225139,0.9500852697748607
2022-04-14,BANETTINE,6.0,4.316478392714907,1.6835216072850931
2022-04-15,BANETTINE,6.0,4.682215153464456,1.3177848465355444
2022-04-16,BANETTINE,7.0,4.280714286010713,2.7192857139892874
2022-04-17,BANETTINE,3.0,5.411032214732177,-2.4110322147321774
2022-04-18,BANETTINE,5.0,3.8167240632464896,1.1832759367535104
2022-04-19,BANETTINE,6.0,4.17192266947947,1.8280773305205296
2022-04-20,BANETTINE,7.0,4.040321113566044,2.959678886433956
2022-04-21,BANETTINE,6.0,4.306249866897618,1.693750133102382
2022-04-22,BANETTINE,6.0,4.67111620376788,1.3288837962321196
2022-04-23,BANETTINE,6.0,4.27056363605515,1.72943636394485
2022-04-24,BANETTINE,4.0,5.398196948798779,-1.3981969487987786
2022-04-25,BANETTINE,6.0,3.9673503806142594,2.0326496193857406
2022-04-26,BANETTINE,3.0,4.162019928133547,-1.1620199281335468
2022-04-27,BANETTINE,7.0,4.030727496910258,2.9692725030897424
2022-04-28,BANETTINE,3.0,4.296021341083756,-1.2960213410837564
2022-04-29,BANETTINE,4.0,4.660017254066302,-0.6600172540663021
2022-04-30,BANETTINE,6.0,4.260412986098121,1.739587013901879
2022-05-01,BANETTINE,6.0,5.300728803400519,0.6992711965994811
2022-05-02,BANETTINE,6.0,3.9579140261718804,2.0420859738281196
2022-05-03,BANETTINE,3.0,4.152117186787222,-1.1521171867872217
2022-05-05,BANETTINE,7.0,4.535955131737528,2.464044868262472
2022-05-06,BANETTINE,6.0,4.8928374577206615,1.1071625422793385
2022-05-07,BANETTINE,4.0,4.552264263317131,-0.5522642633171309
2022-05-08,BANETTINE,6.0,5.569467030342039,0.4305329696579614
2022-05-09,BANETTINE,4.0,4.2026157807615645,-0.2026157807615645
2022-05-10,BANETTINE,1.0,4.334415869282895,-3.3344158692828954
2022-05-11,BANETTINE,4.0,4.376344605738572,-0.37634460573857176
2022-05-12,BANETTINE,6.0,4.530656364318822,1.4693436356811782
2022-05-13,BANETTINE,6.0,4.887120837017241,1.1128791629827592
2022-05-14,BANETTINE,6.0,4.546944668572165,1.4530553314278354
2022-05-15,BANETTINE,6.0,5.546608548401254,0.45339145159874583
2022-05-16,BANETTINE,5.0,4.197703131102209,0.8022968688977912
2022-05-17,BANETTINE,5.0,4.329348305599012,0.6706516944009877
2022-05-18,BANETTINE,5.0,4.371227166536104,0.6287728334638958
2022-05-19,BANETTINE,3.0,4.52535759689727,-1.52535759689727
2022-05-20,BANETTINE,2.0,4.8814042163138245,-2.8814042163138245
2022-05-21,BANETTINE,6.0,4.541625073828242,1.458374926171758
2022-05-22,BANETTINE,6.0,5.540118334856635,0.4598816651433646
2022-05-23,BANETTINE,5.0,4.192790481444364,0.807209518555636
2022-05-24,BANETTINE,6.0,4.324280741920129,1.6757192580798712
2022-05-25,BANETTINE,6.0,4.366109727335447,1.6338902726645532
2022-05-26,BANETTINE,6.0,4.663837629781029,1.3361623702189709
2022-05-27,BANETTINE,6.0,4.875687595612568,1.1243124043874317
2022-05-28,BANETTINE,6.0,4.536305479082231,1.4636945209177687
2022-05-29,BANETTINE,5.0,5.5336281213128835,-0.5336281213128835
2022-05-30,BANETTINE,6.0,4.187877831786543,1.812122168213457
2022-05-31,BANETTINE,6.0,4.319213178241241,1.6807868217587592
2022-06-01,BANETTINE,3.0,4.360992288131831,-1.3609922881318308
2022-06-02,BANETTINE,6.0,4.514760062054273,1.4852399379457273
2022-06-03,BANETTINE,4.0,4.965056190019494,-0.965056190019494
2022-06-04,BANETTINE,5.0,4.657226497265754,0.34277350273424556
2022-06-05,BANETTINE,6.0,5.645212376685676,0.3547876233143237
2022-06-06,BANETTINE,6.0,4.317650127477412,1.6823498725225878
2022-06-07,BANETTINE,5.0,4.395409625044618,0.6045903749553823
2022-06-08,BANETTINE,6.0,4.41770332538738,1.5822966746126204
2022-06-09,BANETTINE,2.0,4.654882755499504,-2.6548827554995036
2022-06-10,BANETTINE,6.0,4.961759786914485,1.0382402130855146
2022-06-11,BANETTINE,6.0,4.654134175341234,1.345865824658766
2022-06-12,BANETTINE,6.0,5.641463692777311,0.35853630722268903
2022-06-13,BANETTINE,4.0,4.291830057520548,-0.29183005752054836
2022-06-14,BANETTINE,6.0,4.392490314493232,1.607509685506768
2022-06-15,BANETTINE,5.0,4.414768929547006,0.5852310704529939
2022-06-16,BANETTINE,6.0,4.651790523213821,1.3482094767861792
2022-06-17,BANETTINE,6.0,4.958463383805083,1.041536616194917
2022-06-18,BANETTINE,5.0,4.651041853415558,0.348958146584442
2022-06-19,BANETTINE,6.0,5.637715008869641,0.36228499113035895
2022-06-20,BANETTINE,4.0,4.2889779179788885,-0.2889779179788885
2022-06-21,BANETTINE,4.0,4.38957100393705,-0.3895710039370499
2022-06-22,BANETTINE,3.0,4.411834533710366,-1.4118345337103664
2022-06-23,BANETTINE,4.0,4.64869829093094,-0.6486982909309402
2022-06-24,BANETTINE,5.0,4.955166980697877,0.044833019302123134
2022-06-25,BANETTINE,3.0,4.647949531489117,-1.6479495314891173
2022-06-26,BANETTINE,5.0,5.633966324961276,-0.6339663249612757
2022-06-27,BANETTINE,6.0,4.286125778437229,1.7138742215627714
2022-06-28,BANETTINE,6.0,4.386651693385543,1.6133483066144567
2022-06-29,BANETTINE,5.0,4.408900137869997,0.5910998621300028
2022-06-30,BANETTINE,6.0,4.645606058645265,1.3543939413547346
2022-07-01,BANETTINE,1.0,5.439806053556337,-4.439806053556337
2022-07-02,BANETTINE,6.0,5.132746283668464,0.8672537163315361
2022-07-03,BANETTINE,6.0,6.103857602362679,-0.10385760236267938
2022-07-04,BANETTINE,6.0,4.7756881496478805,1.2243118503521195
2022-07-05,BANETTINE,6.0,4.907267103821252,1.092732896178748
2022-07-06,BANETTINE,6.0,4.9530403825397915,1.0469596174602085
2022-07-07,BANETTINE,6.0,5.079676950917916,0.920323049082084
2022-07-08,BANETTINE,6.0,5.380747828264908,0.6192521717350923
2022-07-09,BANETTINE,6.0,5.137754055110725,0.862245944889275
2022-07-10,BANETTINE,6.0,6.100414235114484,-0.10041423511448411
2022-07-11,BANETTINE,6.0,4.772993825078034,1.227006174921966
2022-07-12,BANETTINE,6.0,4.904498322518077,1.0955016774819226
2022-07-13,BANETTINE,6.0,4.950245549741251,1.0497544502587486
2022-07-14,BANETTINE,10.0,3.5773057019389807,6.422694298061019
2022-07-15,BANETTINE,5.0,5.377711165079382,-0.37771116507938185
2022-07-16,BANETTINE,9.0,5.1348542933975265,3.8651457066024735
2022-07-17,BANETTINE,10.0,6.096970867866288,3.903029132133712
2022-07-18,BANETTINE,10.0,4.7702995005037385,5.2297004994962615
2022-07-19,BANETTINE,10.0,4.901729541214799,5.098270458785201
2022-07-20,BANETTINE,6.0,4.94745071693715,1.0525492830628496
2022-07-21,BANETTINE,7.0,5.073943909728532,1.9260560902714676
2022-07-22,BANETTINE,10.0,5.37467450189549,4.62532549810451
2022-07-23,BANETTINE,8.0,5.131954531687444,2.8680454683125562
2022-07-24,BANETTINE,8.0,6.093527500617722,1.9064724993822777
2022-07-25,BANETTINE,10.0,4.767605175932216,5.232394824067784
2022-07-26,BANETTINE,8.0,4.898960759911626,3.101039240088374
2022-07-27,BANETTINE,9.0,4.944655884134138,4.055344115865862
2022-07-28,BANETTINE,10.0,5.071077389136538,4.928922610863462
2022-07-29,BANETTINE,6.0,5.371637838709968,0.6283621612900321
2022-07-30,BANETTINE,10.0,5.129054769976309,4.870945230023691
2022-07-31,BANETTINE,7.0,6.090084133369526,0.9099158666304739
2022-08-01,BANETTINE,9.0,4.764910851357924,4.235089148642076
2022-08-02,BANETTINE,6.0,6.449294729872358,-0.4492947298723582
2022-08-03,BANETTINE,9.0,6.370466898414259,2.629533101585741
2022-08-04,BANETTINE,8.0,6.729232904747275,1.270767095252725
2022-08-05,BANETTINE,9.0,6.927382070692592,2.072617929307408
2022-08-06,BANETTINE,10.0,6.772849997228763,3.2271500027712374
2022-08-07,BANETTINE,10.0,7.799556150223334,2.200443849776666
2022-08-08,BANETTINE,10.0,6.443372221845981,3.556627778154019
2022-08-09,BANETTINE,7.0,6.487977814324485,0.5120221856755149
2022-08-10,BANETTINE,6.0,6.408644458012901,-0.40864445801290117
2022-08-11,BANETTINE,10.0,6.769526016426273,3.2304739835737273
2022-08-12,BANETTINE,10.0,6.968826203230113,3.0311737967698873
2022-08-13,BANETTINE,10.0,6.813335016660136,3.186664983339864
2022-08-14,BANETTINE,10.0,7.8461385740949705,2.1538614259050295
2022-08-15,BANETTINE,8.0,6.142931914025098,1.8570680859749018
2022-08-16,BANETTINE,10.0,6.526660898772611,3.4733391012273893
2022-08-17,BANETTINE,10.0,6.446822017611554,3.553177982388446
2022-08-18,BANETTINE,9.0,6.809819128102521,2.1901808718974793
2022-08-19,BANETTINE,8.0,7.010270335770264,0.9897296642297357
2022-08-20,BANETTINE,7.0,6.853820036092978,0.14617996390702181
2022-08-21,BANETTINE,10.0,7.892720997966876,2.107279002033124
2022-08-22,BANETTINE,6.0,6.5202719890666545,-0.5202719890666545
2022-08-23,BANETTINE,2.0,6.565343983225188,-4.565343983225188
2022-08-24,BANETTINE,6.0,6.484999577210219,-0.48499957721021936
2022-08-25,BANETTINE,2.0,6.850112239781551,-4.850112239781551
2022-08-26,BANETTINE,7.0,7.051714468308048,-0.051714468308047934
2022-08-27,BANETTINE,7.0,6.894305055522886,0.10569494447711403
2022-08-28,BANETTINE,6.0,7.939303421838784,-1.9393034218387841
2022-08-29,BANETTINE,6.0,6.558721872676171,-0.5587218726761707
2022-08-30,BANETTINE,6.0,6.6040270676753146,-0.6040270676753146
2022-08-31,BANETTINE,5.0,6.5231771368062,-1.5231771368061997
2022-09-02,BANETTINE,6.0,6.051289402543535,-0.05128940254353509
2022-09-03,BANETTINE,5.0,5.9029163924366355,-0.9029163924366355
2022-09-04,BANETTINE,6.0,6.945464601423982,-0.945464601423982
2022-09-05,BANETTINE,7.0,5.51806904721192,1.4819309527880797
2022-09-06,BANETTINE,3.0,5.466290214286861,-2.466290214286861
2022-09-07,BANETTINE,3.0,5.467744642111881,-2.4677446421118807
2022-09-08,BANETTINE,3.0,5.832537141911998,-2.832537141911998
2022-09-09,BANETTINE,6.0,6.092376627881875,-0.09237662788187517
2022-09-10,BANETTINE,6.0,5.942957351524385,0.05704264847561458
2022-09-11,BANETTINE,6.0,6.992531816095691,-0.9925318160956911
2022-09-12,BANETTINE,4.0,5.555427087894868,-1.5554270878948682
2022-09-13,BANETTINE,3.0,5.5032619479494915,-2.5032619479494915
2022-09-14,BANETTINE,5.0,5.504690514825952,-0.5046905148259517
2022-09-15,BANETTINE,1.0,5.87190993272103,-4.87190993272103
2022-09-16,BANETTINE,4.0,6.133463853215755,-2.133463853215755
2022-09-17,BANETTINE,5.0,5.98299831061344,-0.9829983106134401
2022-09-18,BANETTINE,6.0,7.039599030768373,-1.0395990307683727
2022-09-20,BANETTINE,5.0,5.54023368160787,-0.5402336816078703
2022-09-21,BANETTINE,5.0,5.541636387545014,-0.5416363875450143
2022-09-22,BANETTINE,5.0,5.91128272353282,-0.9112827235328202
2022-09-23,BANETTINE,6.0,6.174551078551875,-0.17455107855187535
2022-09-24,BANETTINE,5.0,6.023039269702516,-1.0230392697025161
2022-09-25,BANETTINE,6.0,7.086666245440083,-1.0866662454400826
2022-09-26,BANETTINE,6.0,5.6301431692648105,0.3698568307351895
2022-09-27,BANETTINE,4.0,5.577205415270513,-1.5772054152705133
2022-09-28,BANETTINE,6.0,5.57858226026135,0.4214177397386498
2022-09-29,BANETTINE,6.0,5.950655514341855,0.04934448565814531
2022-09-30,BANETTINE,5.0,6.215638303887616,-1.2156383038876157
2022-01-07,BOULE 200G,3.0,3.4147140618902276,-0.41471406189022764
2022-01-08,BOULE 200G,1.0,3.879683788193907,-2.879683788193907
2022-01-09,BOULE 200G,4.0,4.8070779575924165,-0.8070779575924165
2022-01-10,BOULE 200G,3.0,3.4354926469347618,-0.43549264693476175
2022-01-11,BOULE 200G,3.0,3.4550674759505138,-0.4550674759505138
2022-01-13,BOULE 200G,2.0,3.1557460010632856,-1.1557460010632856
2022-01-14,BOULE 200G,4.0,3.3643236118037834,0.6356763881962166
2022-01-15,BOULE 200G,2.0,3.822310896853854,-1.8223108968538542
2022-01-16,BOULE 200G,6.0,4.735840235691115,1.2641597643088849
2022-01-17,BOULE 200G,3.0,3.3844729025989664,-0.3844729025989664
2022-01-18,BOULE 200G,3.0,3.4036479415468284,-0.40364794154682837
2022-01-20,BOULE 200G,3.0,3.108580522183598,-0.10858052218359804
2022-01-21,BOULE 200G,3.0,3.31393316171446,-0.31393316171446006
2022-01-22,BOULE 200G,2.0,3.7649380055157744,-1.7649380055157744
2022-01-23,BOULE 200G,8.0,4.6646025137919835,3.3353974862080165
2022-01-24,BOULE 200G,3.0,3.333453158266769,-0.333453158266769
2022-01-25,BOULE 200G,5.0,3.3522284071408377,1.6477715928591623
2022-01-27,BOULE 200G,2.0,3.0614150433064062,-1.0614150433064062
2022-01-29,BOULE 200G,4.0,3.707565114177628,0.292434885822372
2022-01-30,BOULE 200G,6.0,4.593364791891533,1.406635208108467
2022-01-31,BOULE 200G,1.0,3.2824334139309577,-2.2824334139309577
2022-02-01,BOULE 200G,4.0,3.3008088727371474,0.6991911272628526
2022-02-03,BOULE 200G,2.0,3.01031993980771,-1.0103199398077098
2022-02-05,BOULE 200G,3.0,3.569559090346515,-0.5695590903465151
2022-02-06,BOULE 200G,7.0,4.5695198408107025,2.4304801591892975
2022-02-07,BOULE 200G,3.0,3.198518247481627,-0.19851824748162716
2022-02-08,BOULE 200G,2.0,3.2579594138775994,-1.2579594138775994
2022-02-10,BOULE 200G,6.0,2.9629368775037372,3.0370631224962628
2022-02-11,BOULE 200G,2.0,3.1692288521340126,-1.1692288521340126
2022-02-12,BOULE 200G,3.0,3.5131196679328403,-0.5131196679328403
2022-02-13,BOULE 200G,6.0,4.497106159123778,1.5028938408762222
2022-02-14,BOULE 200G,2.0,3.1477159683933102,-1.1477159683933102
2022-02-15,BOULE 200G,8.0,3.2060953467083153,4.793904653291685
2022-02-17,BOULE 200G,6.0,2.915553815194128,3.084446184805872
2022-02-18,BOULE 200G,2.0,3.1184307327973952,-1.1184307327973952
2022-02-19,BOULE 200G,6.0,3.456680245517247,2.543319754482753
2022-02-20,BOULE 200G,3.0,4.424692477436878,-1.4246924774368779
2022-02-21,BOULE 200G,6.0,3.096913689304708,2.903086310695292
2022-02-22,BOULE 200G,6.0,3.1542312795380436,2.8457687204619564
2022-02-24,BOULE 200G,6.0,2.8681707528897884,3.1318292471102116
2022-02-25,BOULE 200G,1.0,3.0676326134632714,-2.0676326134632714
2022-02-26,BOULE 200G,3.0,3.400240823098498,-0.40024082309849796
2022-02-27,BOULE 200G,6.0,4.352278795753237,1.6477212042467633
2022-02-28,BOULE 200G,4.0,3.046111410216729,0.9538885897832712
2022-03-01,BOULE 200G,4.0,3.1023672123691632,0.8976327876308368
2022-03-02,BOULE 200G,6.0,2.6157389978616976,3.3842610021383024
2022-03-03,BOULE 200G,4.0,2.82078769058315,1.17921230941685
2022-03-04,BOULE 200G,6.0,3.016834494126717,2.983165505873283
2022-03-05,BOULE 200G,4.0,3.803772967460779,0.19622703253922102
2022-03-06,BOULE 200G,6.0,4.897119113108924,1.102880886891076
2022-03-07,BOULE 200G,3.0,3.4292262929652586,-0.4292262929652586
2022-03-09,BOULE 200G,1.0,3.023654250773595,-2.023654250773595
2022-03-10,BOULE 200G,1.0,3.2569580552616597,-2.2569580552616597
2022-03-11,BOULE 200G,2.0,3.3735815448783137,-1.3735815448783137
2022-03-12,BOULE 200G,6.0,3.7683585462854987,2.2316414537145013
2022-03-13,BOULE 200G,6.0,4.851464544329399,1.1485354556706007
2022-03-14,BOULE 200G,3.0,3.3972138726790067,-0.39721387267900665
2022-03-15,BOULE 200G,3.0,3.519481685944543,-0.5194816859445428
2022-03-16,BOULE 200G,2.0,2.995352429214874,-0.9953524292148739
2022-03-17,BOULE 200G,4.0,3.226431659101305,0.7735683408986951
2022-03-18,BOULE 200G,5.0,3.3419196813764525,1.6580803186235475
2022-03-19,BOULE 200G,3.0,3.732944125108051,-0.7329441251080508
2022-03-20,BOULE 200G,5.0,4.8058099755498915,0.19419002445010847
2022-03-21,BOULE 200G,6.0,3.3652014523890394,2.6347985476109606
2022-03-22,BOULE 200G,3.0,3.4862724139042824,-0.48627241390428244
2022-03-23,BOULE 200G,1.0,2.967050607656142,-1.9670506076561418
2022-03-25,BOULE 200G,2.0,3.3102578178755677,-1.3102578178755677
2022-03-26,BOULE 200G,2.0,3.697529703927036,-1.697529703927036
2022-03-27,BOULE 200G,6.0,4.760155406771456,1.2398445932285442
2022-03-28,BOULE 200G,5.0,3.3331890320990842,1.6668109679009158
2022-03-29,BOULE 200G,2.0,3.4530631418668936,-1.4530631418668936
2022-03-30,BOULE 200G,2.0,2.938748786096944,-0.9387487860969439
2022-03-31,BOULE 200G,1.0,3.1653788667862592,-2.1653788667862592
2022-04-01,BOULE 200G,2.0,3.278595954376481,-1.278595954376481
2022-04-02,BOULE 200G,2.0,3.662115282747532,-1.662115282747532
2022-04-03,BOULE 200G,6.0,4.7145008379930164,1.2854991620069836
2022-04-04,BOULE 200G,2.0,3.2735501695081326,-1.2735501695081326
2022-04-05,BOULE 200G,5.0,3.331254729044523,1.668745270955477
2022-04-06,BOULE 200G,1.0,2.7594088386919493,-1.7594088386919493
2022-04-07,BOULE 200G,4.0,3.043317169050285,0.9566828309497151
2022-04-08,BOULE 200G,1.0,3.163813680237274,-2.163813680237274
2022-04-09,BOULE 200G,4.0,3.542384469445968,0.4576155305540319
2022-04-10,BOULE 200G,6.0,4.619011075475173,1.3809889245248268
2022-04-11,BOULE 200G,5.0,3.2381728611616065,1.7618271388383935
2022-04-12,BOULE 200G,3.0,3.2951981403092847,-0.2951981403092847
2022-04-13,BOULE 200G,4.0,2.7294954998469354,1.2705045001530646
2022-04-14,BOULE 200G,6.0,3.0102749547743013,2.9897250452256987
2022-04-15,BOULE 200G,6.0,3.1294098370749004,2.8705901629250996
2022-04-16,BOULE 200G,8.0,3.50380405086926,4.49619594913074
2022-04-17,BOULE 200G,1.0,4.568626630893858,-3.568626630893858
2022-04-18,BOULE 200G,6.0,3.2686314589256322,2.7313685410743678
2022-04-19,BOULE 200G,6.0,3.2591415515740585,2.7408584484259415
2022-04-20,BOULE 200G,6.0,2.6995821609973345,3.3004178390026655
2022-04-21,BOULE 200G,6.0,2.9772327404987466,3.0227672595012534
2022-04-22,BOULE 200G,1.0,3.095005993916209,-2.095005993916209
2022-04-23,BOULE 200G,2.0,3.465223632294619,-1.4652236322946188
2022-04-24,BOULE 200G,6.0,4.518242186314701,1.4817578136852987
2022-04-25,BOULE 200G,2.0,3.167418244468892,-1.1674182444688919
2022-04-26,BOULE 200G,2.0,3.2230849628399656,-1.2230849628399656
2022-04-27,BOULE 200G,4.0,2.6696688221500073,1.3303311778499927
2022-04-28,BOULE 200G,7.0,2.9441905262254955,4.055809473774504
2022-04-29,BOULE 200G,6.0,3.060602150753872,2.939397849246128
2022-04-30,BOULE 200G,6.0,3.4266432137178797,2.5733567862821203
2022-05-01,BOULE 200G,6.0,4.467857741733403,1.532142258266597
2022-05-02,BOULE 200G,5.0,3.1320409361261006,1.8679590638738994
2022-05-03,BOULE 200G,3.0,3.187028374104749,-0.18702837410474915
2022-05-05,BOULE 200G,1.0,3.4036821374333535,-2.4036821374333535
2022-05-06,BOULE 200G,5.0,3.441008040281202,1.558991959718798
2022-05-07,BOULE 200G,3.0,3.8882773459554754,-0.8882773459554754
2022-05-08,BOULE 200G,6.0,4.90826337743686,1.0917366225631397
2022-05-09,BOULE 200G,3.0,3.5438798941433016,-0.5438798941433016
2022-05-10,BOULE 200G,2.0,3.6021171021196188,-1.6021171021196188
2022-05-11,BOULE 200G,3.0,3.040235808690367,-0.040235808690367136
2022-05-12,BOULE 200G,3.0,3.386532181952182,-0.3865321819521821
2022-05-13,BOULE 200G,6.0,3.423657523697812,2.576342476302188
2022-05-14,BOULE 200G,4.0,3.868657440812051,0.1313425591879489
2022-05-15,BOULE 200G,6.0,4.97867479615355,1.02132520384645
2022-05-16,BOULE 200G,3.0,3.525971970559517,-0.5259719705595169
2022-05-17,BOULE 200G,3.0,3.58390174504624,-0.5839017450462398
2022-05-18,BOULE 200G,1.0,3.0248506853476136,-2.0248506853476136
2022-05-19,BOULE 200G,3.0,3.3693822264681597,-0.36938222646815966
2022-05-20,BOULE 200G,5.0,3.406307007114441,1.593692992885559
2022-05-21,BOULE 200G,5.0,3.8490375356709094,1.1509624643290906
2022-05-22,BOULE 200G,6.0,4.953407128996381,1.046592871003619
2022-05-23,BOULE 200G,1.0,3.508064046979733,-2.508064046979733
2022-05-24,BOULE 200G,6.0,3.5656863879753526,2.4343136120246474
2022-05-25,BOULE 200G,6.0,3.009465562005554,2.990534437994446
2022-05-26,BOULE 200G,6.0,3.6276877488292194,2.3723122511707806
2022-05-27,BOULE 200G,8.0,3.3889564905339133,4.611043509466087
2022-05-28,BOULE 200G,7.0,3.829417630525196,3.170582369474804
2022-05-29,BOULE 200G,9.0,4.928139461839737,4.071860538160263
2022-05-30,BOULE 200G,6.0,3.4901561233959217,2.5098438766040783
2022-05-31,BOULE 200G,5.0,3.547471030904458,1.452528969095542
2022-06-01,BOULE 200G,3.0,2.99408043866125,0.005919561338750157
2022-06-02,BOULE 200G,2.0,3.3350823155007028,-1.3350823155007028
2022-06-03,BOULE 200G,5.0,3.6895546634636287,1.3104453365363713
2022-06-04,BOULE 200G,7.0,4.079454555148068,2.920545444851932
2022-06-05,BOULE 200G,8.0,5.296586726740163,2.7034132732598373
2022-06-06,BOULE 200G,8.0,3.7824214392699527,4.217578560730047
2022-06-07,BOULE 200G,2.0,3.763019942763651,-1.763019942763651
2022-06-08,BOULE 200G,6.0,3.188089185346082,2.811910814653918
2022-06-09,BOULE 200G,4.0,3.4949364565895,0.5050635434105
2022-06-10,BOULE 200G,7.0,3.679347334256295,3.320652665743705
2022-06-11,BOULE 200G,8.0,4.0681640870334785,3.9318359129665215
2022-06-12,BOULE 200G,8.0,5.281921874845145,2.7180781251548547
2022-06-13,BOULE 200G,8.0,3.655204212474367,4.344795787525634
2022-06-14,BOULE 200G,4.0,3.7525928843756913,0.24740711562430873
2022-06-15,BOULE 200G,3.0,3.179251720567614,-0.17925172056761385
2022-06-16,BOULE 200G,4.0,3.4852445653024633,0.5147554346975367
2022-06-17,BOULE 200G,6.0,3.6691400050427645,2.3308599949572355
2022-06-18,BOULE 200G,8.0,4.05687361891654,3.9431263810834603
2022-06-19,BOULE 200G,8.0,5.2672570229520455,2.7327429770479545
2022-06-20,BOULE 200G,2.0,3.6450517909124978,-1.6450517909124978
2022-06-21,BOULE 200G,8.0,3.7421658259832618,4.257834174016738
2022-06-22,BOULE 200G,5.0,3.1704142557939274,1.8295857442060726
2022-06-23,BOULE 200G,7.0,3.475552674018651,3.524447325981349
2022-06-24,BOULE 200G,4.0,3.6589326758323235,0.3410673241676765
2022-06-25,BOULE 200G,4.0,4.045583150798044,-0.04558315079804398
2022-06-26,BOULE 200G,8.0,5.252592171057036,2.747407828942964
2022-06-27,BOULE 200G,7.0,3.634899369350633,3.365100630649367
2022-06-28,BOULE 200G,3.0,3.7317387675942104,-0.7317387675942104
2022-06-29,BOULE 200G,1.0,3.1615767910154675,-2.1615767910154675
2022-06-30,BOULE 200G,7.0,3.465860782732085,3.534139217267915
2022-07-01,BOULE 200G,8.0,6.041296673886284,1.9587033261137163
2022-07-02,BOULE 200G,5.0,6.425907834023451,-1.4259078340234508
2022-07-03,BOULE 200G,8.0,8.866552177826398,-0.8665521778263976
2022-07-04,BOULE 200G,7.0,6.90883704931737,0.09116295068263014
2022-07-05,BOULE 200G,8.0,7.027170360352521,0.9728296396474789
2022-07-06,BOULE 200G,4.0,6.3716466674861705,-2.3716466674861705
2022-07-07,BOULE 200G,9.0,6.735953992141098,2.2640460078589024
2022-07-08,BOULE 200G,8.0,7.037630598320255,0.9623694016797453
2022-07-09,BOULE 200G,7.0,7.483984321039671,-0.4839843210396708
2022-07-10,BOULE 200G,15.0,8.891371570082065,6.108628429917935
2022-07-11,BOULE 200G,11.0,6.928168644139328,4.071831355860672
2022-07-12,BOULE 200G,6.0,7.0468252066334855,-1.0468252066334855
2022-07-13,BOULE 200G,9.0,6.389460909914363,2.610539090085637
2022-07-14,BOULE 200G,12.0,6.651988395096046,5.348011604903954
2022-07-15,BOULE 200G,20.0,7.057291134476406,12.942708865523594
2022-07-16,BOULE 200G,12.0,7.504883463717405,4.495116536282595
2022-07-17,BOULE 200G,15.0,8.916190962337724,6.0838090376622755
2022-07-18,BOULE 200G,9.0,6.9475002389557865,2.0524997610442135
2022-07-19,BOULE 200G,11.0,7.066480052915709,3.9335199470842914
2022-07-20,BOULE 200G,12.0,6.40727515233594,5.59272484766406
2022-07-21,BOULE 200G,8.0,6.773604544764472,1.2263954552355276
2022-07-22,BOULE 200G,8.0,7.07695167063367,0.9230483293663303
2022-07-23,BOULE 200G,9.0,7.525782606402353,1.4742173935976473
2022-07-24,BOULE 200G,10.0,8.941010354595868,1.0589896454041323
2022-07-25,BOULE 200G,12.0,6.966831833773202,5.033168166226798
2022-07-26,BOULE 200G,8.0,7.086134899196669,0.9138651008033314
2022-07-27,BOULE 200G,11.0,6.4250893947600085,4.5749106052399915
2022-07-28,BOULE 200G,10.0,6.7924298210800345,3.2075701789199655
2022-07-29,BOULE 200G,1.0,7.096612206789798,-6.096612206789798
2022-07-30,BOULE 200G,12.0,7.546681749084587,4.453318250915413
2022-07-31,BOULE 200G,11.0,8.965829746851522,2.0341702531484778
2022-08-01,BOULE 200G,12.0,6.986163428589649,5.013836571410351
2022-08-02,BOULE 200G,11.0,9.234155031674277,1.7658449683257231
2022-08-03,BOULE 200G,5.0,8.46056003545491,-3.4605600354549093
2022-08-04,BOULE 200G,6.0,9.028927341578388,-3.028927341578388
2022-08-05,BOULE 200G,6.0,9.368803515464148,-3.3688035154641476
2022-08-06,BOULE 200G,12.0,9.971021011979689,2.0289789880203113
2022-08-07,BOULE 200G,12.0,11.86215461251548,0.13784538748451958
2022-08-08,BOULE 200G,12.0,9.432885650306119,2.567114349693881
2022-08-09,BOULE 200G,12.0,9.368989000919806,2.6310109990801944
2022-08-10,BOULE 200G,7.0,8.583841077285726,-1.5838410772857259
2022-08-11,BOULE 200G,6.0,9.160216919111347,-3.160216919111347
2022-08-12,BOULE 200G,12.0,9.50475282492367,2.4952471750763294
2022-08-13,BOULE 200G,12.0,10.115409694991708,1.8845903050082917
2022-08-14,BOULE 200G,12.0,12.033573870667606,-0.03357387066760609
2022-08-15,BOULE 200G,12.0,9.72887136380851,2.2711286361914897
2022-08-16,BOULE 200G,11.0,9.503822970160218,1.4961770298397816
2022-08-17,BOULE 200G,11.0,8.707122119116574,2.2928778808834256
2022-08-18,BOULE 200G,12.0,9.291506496639938,2.708493503360062
2022-08-19,BOULE 200G,11.0,9.64070213439048,1.3592978656095198
2022-08-20,BOULE 200G,12.0,10.259798378007131,1.7402016219928687
2022-08-21,BOULE 200G,12.0,12.204993128821252,-0.2049931288212523
2022-08-22,BOULE 200G,9.0,9.704952078118426,-0.704952078118426
2022-08-23,BOULE 200G,9.0,9.638656939407966,-0.6386569394079658
2022-08-24,BOULE 200G,10.0,8.830403160947462,1.169596839052538
2022-08-25,BOULE 200G,8.0,9.422796074173037,-1.4227960741730374
2022-08-26,BOULE 200G,7.0,9.776651443852733,-2.7766514438527334
2022-08-27,BOULE 200G,9.0,10.404187061015783,-1.404187061015783
2022-08-28,BOULE 200G,12.0,12.376412386974906,-0.37641238697490564
2022-08-29,BOULE 200G,8.0,9.840985292021625,-1.8409852920216245
2022-08-30,BOULE 200G,8.0,9.773490908650937,-1.7734909086509365
2022-08-31,BOULE 200G,6.0,8.953684202774179,-2.9536842027741788
2022-09-02,BOULE 200G,5.0,5.760256405542877,-0.7602564055428767
2022-09-03,BOULE 200G,8.0,6.523614766094391,1.4763852339056092
2022-09-04,BOULE 200G,7.0,8.396352276005736,-1.3963522760057359
2022-09-05,BOULE 200G,7.0,5.842948843920808,1.1570511560791923
2022-09-06,BOULE 200G,8.0,5.835983632990611,2.1640163670093893
2022-09-07,BOULE 200G,6.0,4.792424031236948,1.2075759687630523
2022-09-08,BOULE 200G,5.0,5.409160463077689,-0.40916046307768905
2022-09-09,BOULE 200G,6.0,5.838451596138793,0.1615484038612074
2022-09-10,BOULE 200G,8.0,6.612001102258687,1.387998897741313
2022-09-11,BOULE 200G,9.0,8.509891965107217,0.4901080348927831
2022-09-12,BOULE 200G,4.0,5.921807791803963,-1.921807791803963
2022-09-13,BOULE 200G,6.0,5.914597003993091,0.08540299600690915
2022-09-14,BOULE 200G,7.0,4.8568561866116395,2.1431438133883605
2022-09-15,BOULE 200G,5.0,5.4817449744276585,-0.4817449744276585
2022-09-16,BOULE 200G,3.0,5.916646786725041,-2.9166467867250407
2022-09-17,BOULE 200G,2.0,6.700387438426812,-4.700387438426812
2022-09-18,BOULE 200G,8.0,8.623431654213892,-0.623431654213892
2022-09-20,BOULE 200G,8.0,5.993210374990592,2.006789625009408
2022-09-21,BOULE 200G,1.0,4.921288341991398,-3.9212883419913984
2022-09-22,BOULE 200G,6.0,5.554329485782712,0.4456705142172881
2022-09-23,BOULE 200G,6.0,5.9948419773161925,0.005158022683807495
2022-09-24,BOULE 200G,6.0,6.7887737745950485,-0.7887737745950485
2022-09-25,BOULE 200G,8.0,8.736971343315352,-0.7369713433153517
2022-09-26,BOULE 200G,6.0,6.079525687577517,-0.07952568757751699
2022-09-27,BOULE 200G,8.0,6.0718237459930835,1.9281762540069165
2022-09-28,BOULE 200G,6.0,4.985720497366903,1.014279502633097
2022-09-29,BOULE 200G,7.0,5.626913997132686,1.3730860028673142
2022-09-30,BOULE 200G,8.0,6.0730371679035065,1.9269628320964935
2022-01-04,BOULE 400G,3.0,5.889362156440086,-2.889362156440086
2022-01-06,BOULE 400G,4.0,5.484364267434879,-1.484364267434879
2022-01-07,BOULE 400G,6.0,5.742810126402734,0.25718987359726597
2022-01-08,BOULE 400G,6.0,7.48798556258517,-1.4879855625851697
2022-01-09,BOULE 400G,8.0,10.796227093391147,-2.7962270933911473
2022-01-10,BOULE 400G,1.0,6.74801697642991,-5.74801697642991
2022-01-11,BOULE 400G,6.0,5.869757636729051,0.1302423632709493
2022-01-13,BOULE 400G,2.0,5.466090525542544,-3.466090525542544
2022-01-14,BOULE 400G,2.0,5.7236661379871085,-3.7236661379871085
2022-01-15,BOULE 400G,5.0,7.463012038351552,-2.463012038351552
2022-01-16,BOULE 400G,6.0,10.760202937338693,-4.760202937338693
2022-01-17,BOULE 400G,1.0,6.725489889342791,-5.725489889342791
2022-01-18,BOULE 400G,1.0,5.850153117018003,-4.850153117018003
2022-01-20,BOULE 400G,3.0,5.447816783650222,-2.4478167836502216
2022-01-21,BOULE 400G,2.0,5.704522149564816,-3.7045221495648164
2022-01-22,BOULE 400G,2.0,7.438038514122379,-5.438038514122379
2022-01-23,BOULE 400G,6.0,10.724178781290357,-4.724178781290357
2022-01-24,BOULE 400G,6.0,6.702962802270291,-0.7029628022702914
2022-01-25,BOULE 400G,4.0,5.830548597300136,-1.8305485973001359
2022-01-27,BOULE 400G,4.0,5.429543041764201,-1.4295430417642008
2022-01-28,BOULE 400G,2.0,5.685378161148502,-3.6853781611485017
2022-01-29,BOULE 400G,1.0,7.413064989893164,-6.413064989893164
2022-01-30,BOULE 400G,6.0,10.688154625239282,-4.688154625239282
2022-01-31,BOULE 400G,3.0,6.6804357151831555,-3.6804357151831555
2022-02-01,BOULE 400G,4.0,5.8109440775890855,-1.8109440775890855
2022-02-03,BOULE 400G,4.0,4.087657001913789,-0.08765700191378922
2022-02-04,BOULE 400G,3.0,4.168778730563673,-1.1687787305636732
2022-02-05,BOULE 400G,7.0,5.430271187166297,1.569728812833703
2022-02-06,BOULE 400G,13.0,7.822321278795382,5.177678721204618
2022-02-07,BOULE 400G,6.0,4.894543734923226,1.105456265076774
2022-02-08,BOULE 400G,4.0,4.251144287025101,-0.2511442870251006
2022-02-10,BOULE 400G,6.0,3.9923011561378163,2.0076988438621837
2022-02-11,BOULE 400G,3.0,4.071205330418437,-1.0712053304184366
2022-02-12,BOULE 400G,6.0,5.3027452017893575,0.6972547982106425
2022-02-13,BOULE 400G,12.0,7.638001355436992,4.361998644563008
2022-02-14,BOULE 400G,2.0,4.778822454859121,-2.778822454859121
2022-02-15,BOULE 400G,11.0,4.150294218152296,6.849705781847704
2022-02-17,BOULE 400G,8.0,3.8969453103512306,4.103054689648769
2022-02-18,BOULE 400G,9.0,3.973631930268837,5.026368069731163
2022-02-19,BOULE 400G,10.0,5.175219216408927,4.824780783591073
2022-02-20,BOULE 400G,13.0,7.453681432078672,5.546318567921328
2022-02-21,BOULE 400G,8.0,4.663101174794788,3.3368988252052123
2022-02-22,BOULE 400G,8.0,4.049444149276716,3.9505558507232843
2022-02-24,BOULE 400G,12.0,3.801589464573586,8.198410535426413
2022-02-25,BOULE 400G,10.0,3.876058530123547,6.123941469876453
2022-02-26,BOULE 400G,9.0,5.047693231019433,3.9523067689805673
2022-02-27,BOULE 400G,18.0,7.269361508725963,10.730638491274037
2022-02-28,BOULE 400G,8.0,4.547379894731164,3.452620105268836
2022-03-01,BOULE 400G,8.0,3.948594080403323,4.051405919596677
2022-03-02,BOULE 400G,2.0,3.2469636013082974,-1.2469636013082974
2022-03-03,BOULE 400G,6.0,3.706233618792999,2.293766381207001
2022-03-04,BOULE 400G,7.0,3.7784851299741065,3.2215148700258935
2022-03-05,BOULE 400G,10.0,6.569361396837551,3.430638603162449
2022-03-06,BOULE 400G,13.0,9.567173402611667,3.432826597388333
2022-03-07,BOULE 400G,9.0,5.868264356270648,3.1317356437293524
2022-03-08,BOULE 400G,6.0,5.237920925613806,0.762079074386194
2022-03-09,BOULE 400G,3.0,4.3077856466170745,-1.3077856466170745
2022-03-10,BOULE 400G,4.0,4.941276309896938,-0.9412763098969377
2022-03-11,BOULE 400G,5.0,5.049411534975512,-0.049411534975511984
2022-03-12,BOULE 400G,6.0,6.511826179868107,-0.5118261798681072
2022-03-13,BOULE 400G,10.0,9.483278039449802,0.516721960550198
2022-03-14,BOULE 400G,3.0,5.816740498119433,-2.816740498119433
2022-03-15,BOULE 400G,4.0,5.191873779338143,-1.1918737793381426
2022-03-16,BOULE 400G,3.0,4.269867803183183,-1.2698678031831827
2022-03-17,BOULE 400G,5.0,4.897727616214058,0.10227238378594183
2022-03-18,BOULE 400G,3.0,5.004853718862547,-2.004853718862547
2022-03-19,BOULE 400G,4.0,6.454290962894192,-2.4542909628941922
2022-03-20,BOULE 400G,6.0,9.39938267628797,-3.3993826762879706
2022-03-21,BOULE 400G,6.0,5.765216639955902,0.23478336004409783
2022-03-22,BOULE 400G,6.0,5.145826633056416,0.8541733669435843
2022-03-23,BOULE 400G,3.0,4.231949959749262,-1.2319499597492616
2022-03-24,BOULE 400G,5.0,4.854178922537108,0.14582107746289186
2022-03-25,BOULE 400G,5.0,4.96029590275105,0.03970409724894974
2022-03-26,BOULE 400G,8.0,6.396755745908801,1.6032442540911989
2022-03-27,BOULE 400G,4.0,9.31548731312831,-5.31548731312831
2022-03-28,BOULE 400G,6.0,5.7136927817924095,0.28630721820759053
2022-03-29,BOULE 400G,6.0,5.0997794867807436,0.9002205132192564
2022-03-30,BOULE 400G,1.0,4.194032116312759,-3.1940321163127594
2022-03-31,BOULE 400G,3.0,4.8106302288600835,-1.8106302288600835
2022-04-01,BOULE 400G,3.0,4.91573808664383,-1.91573808664383
2022-04-02,BOULE 400G,1.0,6.339220528930653,-5.339220528930653
2022-04-03,BOULE 400G,8.0,9.231591949968648,-1.2315919499686476
2022-04-04,BOULE 400G,1.0,5.511025359464097,-4.511025359464097
2022-04-05,BOULE 400G,4.0,4.918632793043581,-0.9186327930435807
2022-04-07,BOULE 400G,6.0,4.587622349119327,1.4123776508806731
2022-04-08,BOULE 400G,5.0,4.690073007785925,0.30992699221407527
2022-04-09,BOULE 400G,1.0,6.106358834338481,-5.106358834338481
2022-04-10,BOULE 400G,6.0,8.95701347825331,-2.9570134782533106
2022-04-11,BOULE 400G,10.0,5.46141115566186,4.53858884433814
2022-04-12,BOULE 400G,5.0,4.874294708777154,0.1257052912228458
2022-04-13,BOULE 400G,1.0,3.8097086445471113,-2.8097086445471113
2022-04-14,BOULE 400G,9.0,4.546161312222664,4.453838687777336
2022-04-15,BOULE 400G,10.0,4.647631268282824,5.352368731717176
2022-04-16,BOULE 400G,15.0,6.051029213704255,8.948970786295746
2022-04-17,BOULE 400G,8.0,8.875748930090712,-0.8757489300907118
2022-04-18,BOULE 400G,15.0,5.602172440999444,9.397827559000557
2022-04-19,BOULE 400G,6.0,4.82995662451075,1.17004337548925
2022-04-20,BOULE 400G,3.0,3.7750092717611947,-0.7750092717611947
2022-04-21,BOULE 400G,10.0,4.504700275327549,5.495299724672451
2022-04-22,BOULE 400G,8.0,4.605189528787016,3.394810471212984
2022-04-23,BOULE 400G,8.0,5.9956995930744865,2.0043004069255135
2022-04-24,BOULE 400G,10.0,8.794484381932904,1.2055156180670963
2022-04-25,BOULE 400G,5.0,5.3621827480578945,-0.3621827480578945
2022-04-26,BOULE 400G,2.0,4.7856185402477855,-2.7856185402477855
2022-04-27,BOULE 400G,8.0,3.7403098989800276,4.259690101019972
2022-04-28,BOULE 400G,6.0,4.463239238436667,1.5367607615633334
2022-04-29,BOULE 400G,5.0,4.562747789283982,0.43725221071601794
2022-04-30,BOULE 400G,10.0,5.940369972440185,4.059630027559815
2022-05-01,BOULE 400G,14.0,8.372235054164761,5.627764945835239
2022-05-02,BOULE 400G,7.0,5.312568544267317,1.6874314557326828
2022-05-03,BOULE 400G,6.0,4.741280455981397,1.2587195440186028
2022-05-05,BOULE 400G,8.0,4.928364012797668,3.071635987202332
2022-05-06,BOULE 400G,9.0,5.036183724295016,3.9638162757049837
2022-05-07,BOULE 400G,10.0,6.476278144770946,3.523721855229054
2022-05-08,BOULE 400G,10.0,11.404761608911922,-1.4047616089119224
2022-05-09,BOULE 400G,2.0,5.77069761663058,-3.7706976166305797
2022-05-10,BOULE 400G,3.0,5.128621896371109,-2.1286218963711088
2022-05-11,BOULE 400G,5.0,4.066935482108928,0.9330645178910721
2022-05-12,BOULE 400G,1.0,4.899037441875258,-3.899037441875258
2022-05-13,BOULE 400G,8.0,5.006190067666906,2.993809932333094
2022-05-14,BOULE 400G,10.0,6.437674972070647,3.5623250279293526
2022-05-15,BOULE 400G,10.0,9.354671295470222,0.6453287045297778
2022-05-16,BOULE 400G,6.0,5.736241519395271,0.2637584806047286
2022-05-17,BOULE 400G,4.0,5.097973408519818,-1.0979734085198176
2022-05-18,BOULE 400G,8.0,4.042610833659286,3.9573891663407137
2022-05-19,BOULE 400G,7.0,4.869710870946792,2.1302891290532084
2022-05-20,BOULE 400G,11.0,4.97619641103884,6.02380358896116
2022-05-21,BOULE 400G,3.0,6.39907179937499,-3.3990717993749904
2022-05-22,BOULE 400G,12.0,9.298528416796096,2.7014715832039045
2022-05-23,BOULE 400G,3.0,5.701785422171915,-2.7017854221719153
2022-05-24,BOULE 400G,5.0,5.067324920674196,-0.06732492067419571
2022-05-25,BOULE 400G,9.0,4.018286185212358,4.981713814787642
2022-05-26,BOULE 400G,20.0,6.767099633477706,13.232900366522294
2022-05-27,BOULE 400G,20.0,4.946202754416696,15.053797245583304
2022-05-28,BOULE 400G,12.0,6.360468626670019,5.639531373329981
2022-05-29,BOULE 400G,18.0,9.242385538122923,8.757614461877077
2022-05-30,BOULE 400G,7.0,5.667329324936776,1.3326706750632242
2022-05-31,BOULE 400G,8.0,5.036676432828557,2.963323567171443
2022-06-01,BOULE 400G,4.0,3.993961536760569,0.0060384632394310245
2022-06-02,BOULE 400G,7.0,4.811057729091314,2.1889422709086856
2022-06-03,BOULE 400G,5.0,6.145775779626769,-1.145775779626769
2022-06-04,BOULE 400G,14.0,7.550723988628675,6.449276011371325
2022-06-05,BOULE 400G,20.0,10.94132127520084,9.05867872479916
2022-06-06,BOULE 400G,16.0,7.1109170583892976,8.889082941610702
2022-06-07,BOULE 400G,5.0,5.897887205724713,-0.8978872057247127
2022-06-08,BOULE 400G,5.0,4.813183098769867,0.18681690123013261
2022-06-09,BOULE 400G,5.0,5.633646189772772,-0.6336461897727723
2022-06-10,BOULE 400G,4.0,6.162551175326788,-2.1625511753267883
2022-06-11,BOULE 400G,12.0,7.571326271265194,4.428673728734806
2022-06-12,BOULE 400G,8.0,10.971163229858785,-2.971163229858785
2022-06-13,BOULE 400G,5.0,6.468169112173377,-1.4681691121733769
2022-06-14,BOULE 400G,3.0,5.913960898247062,-2.913960898247062
2022-06-15,BOULE 400G,4.0,4.826295508886332,-0.8262955088863322
2022-06-16,BOULE 400G,6.0,5.6489877921760945,0.3510122078239055
2022-06-17,BOULE 400G,7.0,6.179326571012582,0.8206734289874182
2022-06-18,BOULE 400G,12.0,7.591928553896539,4.408071446103461
2022-06-19,BOULE 400G,12.0,11.001005184521183,0.9989948154788166
2022-06-20,BOULE 400G,5.0,6.48575592865895,-1.48575592865895
2022-06-21,BOULE 400G,7.0,5.930034590757132,1.0699654092428679
2022-06-22,BOULE 400G,5.0,4.839407919012905,0.16059208098709465
2022-06-23,BOULE 400G,4.0,5.664329394587079,-1.664329394587079
2022-06-24,BOULE 400G,7.0,6.19610196670551,0.80389803329449
2022-06-25,BOULE 400G,11.0,7.612530836520595,3.3874691634794054
2022-06-26,BOULE 400G,12.0,11.030847139179116,0.9691528608208841
2022-06-27,BOULE 400G,8.0,6.50334274514451,1.4966572548554904
2022-06-28,BOULE 400G,6.0,5.9461082832758825,0.05389171672411752
2022-06-29,BOULE 400G,6.0,4.852520329129349,1.1474796708706512
2022-06-30,BOULE 400G,2.0,5.679670996991692,-3.6796709969916916
2022-07-01,BOULE 400G,5.0,11.769441883055343,-6.769441883055343
2022-07-02,BOULE 400G,7.0,13.191840966203976,-6.191840966203976
2022-07-03,BOULE 400G,15.0,16.1963497014355,-1.1963497014355013
2022-07-04,BOULE 400G,10.0,11.515071048803499,-1.5150710488034989
2022-07-05,BOULE 400G,9.0,10.864548484799364,-1.8645484847993643
2022-07-06,BOULE 400G,8.0,9.755079014028228,-1.7550790140282277
2022-07-07,BOULE 400G,10.0,10.626684108508849,-0.626684108508849
2022-07-08,BOULE 400G,6.0,11.075865439157825,-5.075865439157825
2022-07-09,BOULE 400G,20.0,12.803819873283933,7.196180126716067
2022-07-10,BOULE 400G,22.0,16.260645026170796,5.7393549738292045
2022-07-11,BOULE 400G,12.0,11.560756997720619,0.4392430022793814
2022-07-12,BOULE 400G,7.0,10.907629073412597,-3.907629073412597
2022-07-13,BOULE 400G,12.0,9.793738386069045,2.2062616139309554
2022-07-14,BOULE 400G,19.0,14.783583658097895,4.2164163419021055
2022-07-15,BOULE 400G,12.0,11.11970944303102,0.8802905569689798
2022-07-16,BOULE 400G,47.0,12.854475368695454,34.145524631304546
2022-07-17,BOULE 400G,19.0,16.32494035090606,2.6750596490939387
2022-07-18,BOULE 400G,12.0,11.606442946621906,0.3935570533780943
2022-07-19,BOULE 400G,12.0,10.950709662029487,1.049290337970513
2022-07-20,BOULE 400G,11.0,9.832397758096937,1.1676022419030634
2022-07-21,BOULE 400G,5.0,10.710863535884066,-5.710863535884066
2022-07-22,BOULE 400G,5.0,11.163553446905338,-6.163553446905338
2022-07-23,BOULE 400G,12.0,12.905130864125946,-0.9051308641259457
2022-07-24,BOULE 400G,18.0,16.389235675646514,1.610764324353486
2022-07-25,BOULE 400G,10.0,11.652128895524793,-1.6521288955247933
2022-07-26,BOULE 400G,15.0,10.993790250642707,4.006209749357293
2022-07-27,BOULE 400G,15.0,9.871057130128001,5.128942869871999
2022-07-28,BOULE 400G,11.0,10.752953249579338,0.2470467504206617
2022-07-29,BOULE 400G,5.0,11.207397450778469,-6.207397450778469
2022-07-30,BOULE 400G,19.0,12.955786359550972,6.044213640449028
2022-07-31,BOULE 400G,17.0,16.45353100038177,0.5464689996182308
2022-08-01,BOULE 400G,15.0,11.697814844426034,3.302185155573966
2022-08-02,BOULE 400G,13.0,12.132225733863367,0.8677742661366334
2022-08-03,BOULE 400G,12.0,11.124691991705738,0.8753080082942617
2022-08-04,BOULE 400G,10.0,11.810690227363617,-1.810690227363617
2022-08-05,BOULE 400G,10.0,12.172727051590817,-2.172727051590817
2022-08-06,BOULE 400G,16.0,14.875536565922216,1.124463434077784
2022-08-07,BOULE 400G,17.0,18.05935621916009,-1.0593562191600903
2022-08-08,BOULE 400G,33.0,12.8920589174513,20.1079410825487
2022-08-09,BOULE 400G,14.0,12.222367226346826,1.777632773653174
2022-08-10,BOULE 400G,15.0,11.207259947870888,3.792740052129112
2022-08-11,BOULE 400G,10.0,11.898256846599415,-1.8982568465994145
2022-08-12,BOULE 400G,13.0,12.262882388354399,0.7371176116456013
2022-08-13,BOULE 400G,19.0,14.985593379381287,4.014406620618713
2022-08-14,BOULE 400G,28.0,18.192827485949337,9.807172514050663
2022-08-15,BOULE 400G,20.0,15.29090266384435,4.709097336155651
2022-08-16,BOULE 400G,11.0,12.312508718824057,-1.3125087188240574
2022-08-17,BOULE 400G,13.0,11.289827904036061,1.710172095963939
2022-08-18,BOULE 400G,15.0,11.985823465831057,3.014176534168943
2022-08-19,BOULE 400G,7.0,12.353037725133671,-5.353037725133671
2022-08-20,BOULE 400G,12.0,15.095650192846149,-3.095650192846149
2022-08-21,BOULE 400G,12.0,18.326298752741767,-6.326298752741767
2022-08-22,BOULE 400G,8.0,13.08242058602079,-5.08242058602079
2022-08-23,BOULE 400G,8.0,12.402650211309947,-4.402650211309947
2022-08-24,BOULE 400G,10.0,11.372395860201266,-1.3723958602012658
2022-08-25,BOULE 400G,8.0,12.07339008506697,-4.07339008506697
2022-08-26,BOULE 400G,9.0,12.443193061905777,-3.4431930619057773
2022-08-27,BOULE 400G,10.0,15.2057070062995,-5.2057070062995
2022-08-28,BOULE 400G,10.0,18.45977001953419,-8.45977001953419
2022-08-29,BOULE 400G,8.0,13.177601420297089,-5.177601420297089
2022-08-30,BOULE 400G,8.0,12.49279170379029,-4.4927917037902905
2022-08-31,BOULE 400G,2.0,11.454963816360722,-9.454963816360722
2022-09-02,BOULE 400G,9.0,6.227514300025959,2.772485699974041
2022-09-03,BOULE 400G,6.0,8.802363086200108,-2.802363086200108
2022-09-04,BOULE 400G,7.0,11.743836990826361,-4.743836990826361
2022-09-05,BOULE 400G,5.0,7.135967419492849,-2.1359674194928493
2022-09-06,BOULE 400G,4.0,6.256344194182996,-2.2563441941829963
2022-09-07,BOULE 400G,5.0,5.245344681812729,-0.24534468181272917
2022-09-08,BOULE 400G,5.0,5.980554755068509,-0.9805547550685088
2022-09-09,BOULE 400G,6.0,6.2457229720539384,-0.24572297205393845
2022-09-10,BOULE 400G,5.0,8.828089630344726,-3.828089630344726
2022-09-11,BOULE 400G,10.0,11.778146214815813,-1.7781462148158127
2022-09-12,BOULE 400G,10.0,7.156806210700429,2.843193789299571
2022-09-13,BOULE 400G,2.0,6.27460664914792,-4.27460664914792
2022-09-14,BOULE 400G,8.0,5.2606496168719215,2.7393503831280785
2022-09-15,BOULE 400G,7.0,5.9979976249449685,1.0020023750550315
2022-09-16,BOULE 400G,3.0,6.263931644069451,-3.2639316440694506
2022-09-17,BOULE 400G,7.0,8.853816174494511,-1.8538161744945114
2022-09-18,BOULE 400G,12.0,11.812455438815237,0.18754456118476348
2022-09-20,BOULE 400G,7.0,6.292869104107901,0.7071308958920994
2022-09-21,BOULE 400G,4.0,5.275954551938427,-1.275954551938427
2022-09-22,BOULE 400G,2.0,6.015440494827554,-4.015440494827554
2022-09-23,BOULE 400G,6.0,6.282140316091221,-0.2821403160912208
2022-09-24,BOULE 400G,4.0,8.879542718644338,-4.879542718644338
2022-09-25,BOULE 400G,14.0,11.846764662804683,2.1532353371953175
2022-09-26,BOULE 400G,4.0,7.198483793131365,-3.1984837931313654
2022-09-27,BOULE 400G,8.0,6.311131559072826,1.6888684409271741
2022-09-28,BOULE 400G,2.0,5.2912594870001515,-3.2912594870001515
2022-09-29,BOULE 400G,3.0,6.032883364704009,-3.032883364704009
2022-09-30,BOULE 400G,10.0,6.300348988105186,3.6996510118948143
2022-01-06,BRIOCHE,2.0,1.4902158867244717,0.5097841132755283
2022-01-08,BRIOCHE,4.0,2.5784307775058473,1.4215692224941527
2022-01-09,BRIOCHE,2.0,3.0733397787733723,-1.0733397787733723
2022-01-14,BRIOCHE,1.0,1.5321473543584545,-0.5321473543584545
2022-01-15,BRIOCHE,1.0,2.508491927691479,-1.508491927691479
2022-01-16,BRIOCHE,1.0,2.9896524471809074,-1.9896524471809074
2022-01-17,BRIOCHE,1.0,1.6111926288671443,-0.6111926288671443
2022-01-18,BRIOCHE,2.0,1.458125905795326,0.541874094204674
2022-01-21,BRIOCHE,2.0,1.4895992746038422,0.5104007253961578
2022-01-22,BRIOCHE,1.0,2.4385530778781086,-1.4385530778781086
2022-01-23,BRIOCHE,1.0,2.9059651155897885,-1.9059651155897885
2022-01-24,BRIOCHE,1.0,1.5659105176874295,-0.5659105176874295
2022-01-25,BRIOCHE,1.0,1.4169804942282052,-0.41698049422820516
2022-01-27,BRIOCHE,2.0,1.3698840078212602,0.6301159921787398
2022-01-28,BRIOCHE,1.0,1.447051194850425,-0.447051194850425
2022-01-29,BRIOCHE,2.0,2.3686142280646494,-0.3686142280646494
2022-01-30,BRIOCHE,3.0,2.822277783999788,0.1777222160002121
2022-02-01,BRIOCHE,1.0,1.3758350826618602,-0.37583508266186016
2022-02-04,BRIOCHE,1.0,1.273625893486518,-0.2736258934865179
2022-02-05,BRIOCHE,1.0,2.0799125692654084,-1.0799125692654084
2022-02-06,BRIOCHE,3.0,2.4490521442098183,0.5509478557901817
2022-02-07,BRIOCHE,3.0,1.3240334459362748,1.6759665540637252
2022-02-11,BRIOCHE,3.0,1.2258375306246632,1.7741624693753368
2022-02-12,BRIOCHE,2.0,2.0014505419063173,-0.0014505419063173264
2022-02-13,BRIOCHE,3.0,2.3561642185080833,0.6438357814919167
2022-02-14,BRIOCHE,2.0,1.2735417770965538,0.7264582229034462
2022-02-15,BRIOCHE,2.0,1.1598914205200552,0.8401085794799448
2022-02-17,BRIOCHE,2.0,1.1237259430631492,0.8762740569368508
2022-02-19,BRIOCHE,1.0,1.9229885145463308,-0.9229885145463308
2022-02-20,BRIOCHE,6.0,2.2632762928064074,3.7367237071935926
2022-02-25,BRIOCHE,2.0,1.1302608048999114,0.8697391951000886
2022-02-26,BRIOCHE,3.0,1.8445264871832927,1.1554735128167073
2022-02-27,BRIOCHE,7.0,2.170388367108155,4.8296116328918455
2022-02-28,BRIOCHE,2.0,1.1725584394172628,0.8274415605827372
2022-03-01,BRIOCHE,1.0,1.0673959186060085,-0.06739591860600846
2022-03-02,BRIOCHE,1.0,1.058145256446936,-0.05814525644693602
2022-03-03,BRIOCHE,1.0,1.0330818256256986,-0.03308182562569861
2022-03-04,BRIOCHE,1.0,1.0824724420370908,-0.08247244203709081
2022-03-05,BRIOCHE,1.0,2.248015186170178,-1.248015186170178
2022-03-06,BRIOCHE,5.0,2.7335706852804145,2.2664293147195855
2022-03-11,BRIOCHE,2.0,1.376654332892895,0.6233456671071049
2022-03-12,BRIOCHE,1.0,2.194618527197613,-1.1946185271976129
2022-03-13,BRIOCHE,3.0,2.66841964857606,0.33158035142393993
2022-03-14,BRIOCHE,1.0,1.4471806906356037,-0.44718069063560373
2022-03-17,BRIOCHE,1.0,1.2740937478572376,-0.2740937478572376
2022-03-18,BRIOCHE,1.0,1.3432753547043486,-0.34327535470434856
2022-03-19,BRIOCHE,2.0,2.141221868224089,-0.1412218682240889
2022-03-20,BRIOCHE,4.0,2.603268611871744,1.3967313881282561
2022-03-21,BRIOCHE,1.0,1.4117232485971107,-0.41172324859711074
2022-03-22,BRIOCHE,1.0,1.271368528814004,-0.271368528814004
2022-03-25,BRIOCHE,1.0,1.3098963765144649,-0.3098963765144649
2022-03-26,BRIOCHE,4.0,2.087825209246996,1.9121747907530038
2022-03-27,BRIOCHE,4.0,2.5381175751679717,1.4618824248320283
2022-03-28,BRIOCHE,1.0,1.3762658065586535,-0.3762658065586535
2022-04-02,BRIOCHE,1.0,2.034428550272671,-1.034428550272671
2022-04-03,BRIOCHE,1.0,2.472966538464212,-1.4729665384642119
2022-04-05,BRIOCHE,1.0,1.1948162699061677,-0.19481626990616774
2022-04-07,BRIOCHE,2.0,1.167720462018372,0.8322795379816279
2022-04-10,BRIOCHE,3.0,2.395156553618829,0.6048434463811709
2022-04-11,BRIOCHE,1.0,1.2838366331640487,-0.2838366331640487
2022-04-12,BRIOCHE,1.0,1.1602588559708322,-0.16025885597083223
2022-04-13,BRIOCHE,2.0,1.1461262267639267,0.8538737732360733
2022-04-15,BRIOCHE,2.0,1.1920987932982552,0.8079012067017448
2022-04-16,BRIOCHE,6.0,1.8833928530020274,4.116607146997973
2022-04-17,BRIOCHE,8.0,2.3244206127412768,5.675579387258724
2022-04-18,BRIOCHE,14.0,1.2673583780772977,12.732641621922703
2022-04-19,BRIOCHE,1.0,1.125701442035499,-0.12570144203549893
2022-04-20,BRIOCHE,2.0,1.1118438746482975,0.8881561253517025
2022-04-21,BRIOCHE,3.0,1.0996101667593594,1.9003898332406406
2022-04-22,BRIOCHE,1.0,1.1561339723849513,-0.1561339723849513
2022-04-23,BRIOCHE,2.0,1.8263262022454345,0.17367379775456548
2022-04-24,BRIOCHE,3.0,2.2536846718646832,0.7463153281353168
2022-04-25,BRIOCHE,3.0,1.2076844869678645,1.7923155130321355
2022-04-26,BRIOCHE,2.0,1.0911440280998554,0.9088559719001446
2022-04-27,BRIOCHE,2.0,1.0775615225334778,0.9224384774665222
2022-04-28,BRIOCHE,1.0,1.065555019130333,-0.0655550191303329
2022-04-29,BRIOCHE,3.0,1.120169151471756,1.879830848528244
2022-04-30,BRIOCHE,6.0,1.7692595514879794,4.23074044851202
2022-05-01,BRIOCHE,3.0,2.198370631090566,0.8016293689094338
2022-05-02,BRIOCHE,3.0,1.169608413872993,1.830391586127007
2022-05-03,BRIOCHE,2.0,1.056586614164538,0.9434133858354621
2022-05-05,BRIOCHE,3.0,1.8011482380274317,1.1988517619725683
2022-05-06,BRIOCHE,1.0,1.897697505621561,-0.897697505621561
2022-05-07,BRIOCHE,4.0,2.9326013731854155,1.0673986268145845
2022-05-08,BRIOCHE,5.0,3.578626274128871,1.421373725871129
2022-05-10,BRIOCHE,1.0,1.7862088443716386,-0.7862088443716386
2022-05-12,BRIOCHE,1.0,1.7998706075901758,-0.7998706075901758
2022-05-13,BRIOCHE,1.0,1.896351252292111,-0.8963512522921111
2022-05-14,BRIOCHE,3.0,2.930520733620414,0.06947926637958579
2022-05-15,BRIOCHE,4.0,3.6556020530536846,0.3443979469463154
2022-05-16,BRIOCHE,2.0,2.0785990300233177,-0.0785990300233177
2022-05-17,BRIOCHE,1.0,1.7849411687780727,-0.7849411687780727
2022-05-18,BRIOCHE,1.0,1.9002234452940905,-0.9002234452940905
2022-05-19,BRIOCHE,2.0,1.7985929771515885,0.2014070228484115
2022-05-20,BRIOCHE,1.0,1.8950049989626616,-0.8950049989626616
2022-05-21,BRIOCHE,6.0,2.9284400940563096,3.0715599059436904
2022-05-22,BRIOCHE,4.0,3.653006349937239,0.34699365006276084
2022-05-23,BRIOCHE,1.0,2.077122946675311,-1.0771229466753112
2022-05-24,BRIOCHE,1.0,1.7836734931860272,-0.7836734931860272
2022-05-25,BRIOCHE,2.0,1.8988737586224753,0.10112624137752468
2022-05-26,BRIOCHE,7.0,2.213416923805591,4.786583076194409
2022-05-27,BRIOCHE,9.0,1.8936587456344485,7.106341254365551
2022-05-28,BRIOCHE,12.0,2.926359454490408,9.073640545509592
2022-05-29,BRIOCHE,9.0,3.65041064682334,5.349589353176659
2022-05-30,BRIOCHE,2.0,2.075646863322412,-0.0756468633224121
2022-05-31,BRIOCHE,1.0,1.7824058175939808,-0.7824058175939808
2022-06-01,BRIOCHE,2.0,1.8975240719497006,0.10247592805029937
2022-06-02,BRIOCHE,1.0,1.7960377162761514,-0.7960377162761514
2022-06-03,BRIOCHE,4.0,2.4064292195208066,1.5935707804791934
2022-06-04,BRIOCHE,6.0,3.847467818825502,2.152532181174498
2022-06-05,BRIOCHE,3.0,4.6517363687790025,-1.6517363687790025
2022-06-06,BRIOCHE,7.0,2.2346775904124274,4.765322409587572
2022-06-07,BRIOCHE,1.0,2.1364620386630104,-1.1364620386630104
2022-06-08,BRIOCHE,1.0,2.308288512597206,-1.3082885125972061
2022-06-09,BRIOCHE,4.0,2.2091626335868013,1.7908373664131987
2022-06-10,BRIOCHE,2.0,2.432472712830328,-0.43247271283032784
2022-06-11,BRIOCHE,4.0,3.8890426229216906,0.11095737707830944
2022-06-12,BRIOCHE,6.0,4.7019244294695905,1.2980755705304095
2022-06-14,BRIOCHE,1.0,2.159441709529889,-1.1594417095298888
2022-06-17,BRIOCHE,1.0,2.4585162061362578,-1.4585162061362578
2022-06-18,BRIOCHE,3.0,3.9306174270165433,-0.9306174270165433
2022-06-19,BRIOCHE,6.0,4.7521124901652,1.2478875098347997
2022-06-20,BRIOCHE,2.0,2.4494849616122285,-0.4494849616122285
2022-06-22,BRIOCHE,1.0,2.357867984949498,-1.3578679849494981
2022-06-23,BRIOCHE,3.0,2.2565403050795707,0.7434596949204293
2022-06-24,BRIOCHE,2.0,2.4845596994440236,-0.48455969944402355
2022-06-25,BRIOCHE,2.0,3.972192231106037,-1.9721922311060371
2022-06-26,BRIOCHE,4.0,4.802300550855786,-0.8023005508557857
2022-06-27,BRIOCHE,2.0,2.4753155163904825,-0.47531551639048253
2022-06-28,BRIOCHE,3.0,2.2054010512639586,0.7945989487360414
2022-06-29,BRIOCHE,2.0,2.3826577211245783,-0.3826577211245783
2022-06-30,BRIOCHE,2.0,2.2802291408271946,-0.28022914082719463
2022-07-01,BRIOCHE,1.0,7.45346747117336,-6.45346747117336
2022-07-02,BRIOCHE,3.0,8.963956215411347,-5.963956215411347
2022-07-03,BRIOCHE,6.0,7.314224576383075,-1.3142245763830749
2022-07-04,BRIOCHE,3.0,5.276918013780658,-2.2769180137806577
2022-07-05,BRIOCHE,1.0,4.982989965726425,-3.982989965726425
2022-07-06,BRIOCHE,3.0,5.065535353032288,-2.0655353530322884
2022-07-07,BRIOCHE,4.0,5.11405466503234,-1.1140546650323397
2022-07-08,BRIOCHE,3.0,5.1588008844445215,-2.1588008844445215
2022-07-09,BRIOCHE,3.0,6.5301035620443395,-3.5301035620443395
2022-07-10,BRIOCHE,4.0,7.355528323410752,-3.355528323410752
2022-07-11,BRIOCHE,1.0,5.3066929812094275,-4.3066929812094275
2022-07-13,BRIOCHE,3.0,5.094071591068677,-2.094071591068677
2022-07-14,BRIOCHE,11.0,5.471249973838189,5.528750026161811
2022-07-15,BRIOCHE,6.0,5.18781582459183,0.81218417540817
2022-07-16,BRIOCHE,8.0,6.566801712390827,1.433198287609173
2022-07-17,BRIOCHE,9.0,7.396832070438412,1.6031679295615877
2022-07-18,BRIOCHE,2.0,5.336467948631583,-3.336467948631583
2022-07-19,BRIOCHE,4.0,5.039177636069913,-1.0391776360699128
2022-07-20,BRIOCHE,3.0,5.122607829102405,-2.122607829102405
2022-07-21,BRIOCHE,7.0,5.1716274664359245,1.8283725335640755
2022-07-22,BRIOCHE,5.0,5.216830764737028,-0.21683076473702823
2022-07-23,BRIOCHE,10.0,6.60349986274519,3.39650013725481
2022-07-24,BRIOCHE,10.0,7.438135817467953,2.561864182532047
2022-07-25,BRIOCHE,4.0,5.366242916053406,-1.3662429160534062
2022-07-26,BRIOCHE,2.0,5.067271471242021,-3.0672714712420213
2022-07-27,BRIOCHE,1.0,5.151144067136154,-4.151144067136154
2022-07-28,BRIOCHE,1.0,5.200413867139475,-4.200413867139475
2022-07-29,BRIOCHE,5.0,5.245845704884312,-0.2458457048843119
2022-07-30,BRIOCHE,6.0,6.640198013098026,-0.6401980130980256
2022-07-31,BRIOCHE,14.0,7.479439564495594,6.520560435504406
2022-08-01,BRIOCHE,9.0,5.396017883475534,3.603982116524466
2022-08-02,BRIOCHE,6.0,4.5070905257582154,1.4929094742417846
2022-08-03,BRIOCHE,10.0,4.425762928407881,5.574237071592119
2022-08-04,BRIOCHE,10.0,4.758645927340119,5.241354072659881
2022-08-05,BRIOCHE,6.0,4.809256142624446,1.190743857375554
2022-08-06,BRIOCHE,9.0,6.365152552356037,2.6348474476439634
2022-08-07,BRIOCHE,10.0,7.1983961234594975,2.8016038765405025
2022-08-08,BRIOCHE,10.0,4.87130448263801,5.12869551736199
2022-08-09,BRIOCHE,6.0,4.540847028378681,1.459152971621319
2022-08-10,BRIOCHE,6.0,4.458874888181135,1.5411251118188654
2022-08-11,BRIOCHE,5.0,4.7942103859937015,0.20578961400629847
2022-08-12,BRIOCHE,9.0,4.845160510538504,4.154839489461496
2022-08-13,BRIOCHE,5.0,6.412622117640206,-1.4126221176402058
2022-08-14,BRIOCHE,16.0,7.252022658050021,8.74797734194998
2022-08-15,BRIOCHE,8.0,6.974492812660323,1.0255071873396773
2022-08-16,BRIOCHE,7.0,4.574603530998317,2.425396469001683
2022-08-17,BRIOCHE,5.0,4.491986847954397,0.5080131520456028
2022-08-18,BRIOCHE,6.0,4.8297748446466935,1.1702251553533065
2022-08-19,BRIOCHE,5.0,4.881064878459374,0.11893512154062602
2022-08-20,BRIOCHE,9.0,6.460091682926588,2.5399083170734116
2022-08-21,BRIOCHE,11.0,7.305649192642098,3.6943508073579023
2022-08-22,BRIOCHE,6.0,4.943807704941185,1.056192295058815
2022-08-23,BRIOCHE,1.0,4.6083600336184265,-3.6083600336184265
2022-08-24,BRIOCHE,5.0,4.52509880772767,0.47490119227232963
2022-08-25,BRIOCHE,4.0,4.8653393033003125,-0.8653393033003125
2022-08-26,BRIOCHE,3.0,4.91696924637786,-1.9169692463778603
2022-08-27,BRIOCHE,4.0,6.507561248208578,-2.507561248208578
2022-08-28,BRIOCHE,7.0,7.359275727234165,-0.3592757272341647
2022-08-29,BRIOCHE,1.0,4.980059316088218,-3.9800593160882176
2022-08-31,BRIOCHE,1.0,4.558210767499535,-3.558210767499535
2022-09-02,BRIOCHE,1.0,2.356944385161097,-1.3569443851610972
2022-09-03,BRIOCHE,3.0,3.7616723691869,-0.7616723691869001
2022-09-04,BRIOCHE,3.0,4.807652514164601,-1.8076525141646007
2022-09-05,BRIOCHE,2.0,2.4706755199591024,-0.4706755199591024
2022-09-06,BRIOCHE,1.0,2.063936428834722,-1.063936428834722
2022-09-07,BRIOCHE,3.0,2.056251047552072,0.9437489524479279
2022-09-09,BRIOCHE,3.0,2.3711790843008744,0.6288209156991256
2022-09-10,BRIOCHE,2.0,3.7843712991416765,-1.7843712991416765
2022-09-11,BRIOCHE,5.0,4.836638179319425,0.16336182068057514
2022-09-12,BRIOCHE,1.0,2.4855585725987637,-1.4855585725987637
2022-09-13,BRIOCHE,1.0,2.0763586440444537,-1.0763586440444537
2022-09-14,BRIOCHE,2.0,2.0686163748640705,-0.06861637486407046
2022-09-17,BRIOCHE,4.0,3.807070229098592,0.19292977090140795
2022-09-18,BRIOCHE,5.0,4.865623844480371,0.13437615551962878
2022-09-20,BRIOCHE,1.0,2.088780859252777,-1.0887808592527768
2022-09-22,BRIOCHE,1.0,2.433137276502237,-1.433137276502237
2022-09-23,BRIOCHE,2.0,2.399648482573187,-0.3996484825731872
2022-09-24,BRIOCHE,2.0,3.829769159055544,-1.829769159055544
2022-09-25,BRIOCHE,4.0,4.894609509635192,-0.8946095096351918
2022-09-26,BRIOCHE,3.0,2.5153246778862153,0.4846753221137847
2022-09-27,BRIOCHE,2.0,2.1012030744625143,-0.10120307446251431
2022-09-28,BRIOCHE,2.0,2.0933470294940477,-0.09334702949404772
2022-09-29,BRIOCHE,2.0,2.4475828725418953,-0.4475828725418953
2022-09-30,BRIOCHE,1.0,2.4138831817067827,-1.4138831817067827
2022-01-07,CAFE OU EAU,2.0,3.601946491863746,-1.601946491863746
2022-01-10,CAFE OU EAU,4.0,3.876114158372338,0.12388584162766181
2022-01-11,CAFE OU EAU,7.0,7.338746298966744,-0.33874629896674424
2022-01-14,CAFE OU EAU,2.0,3.6165253540764466,-1.6165253540764466
2022-01-15,CAFE OU EAU,6.0,5.215470016626092,0.7845299833739077
2022-01-16,CAFE OU EAU,1.0,2.8882140536100898,-1.8882140536100898
2022-01-17,CAFE OU EAU,8.0,3.891775546101061,4.10822445389894
2022-01-18,CAFE OU EAU,8.0,7.368381300133794,0.6316186998662063
2022-01-20,CAFE OU EAU,4.0,3.6070889211996904,0.3929110788003096
2022-01-21,CAFE OU EAU,4.0,3.631104216290899,0.3688957837091009
2022-01-22,CAFE OU EAU,2.0,5.236482410825599,-3.236482410825599
2022-01-25,CAFE OU EAU,6.0,7.39801630130902,-1.3980163013090197
2022-01-27,CAFE OU EAU,2.0,3.6215796736157237,-1.6215796736157237
2022-01-29,CAFE OU EAU,6.0,5.25749480502513,0.7425051949748704
2022-01-30,CAFE OU EAU,1.0,2.9114730821942802,-1.9114730821942802
2022-01-31,CAFE OU EAU,4.0,3.923098321540178,0.07690167845982199
2022-02-01,CAFE OU EAU,3.0,7.427651302476059,-4.427651302476059
2022-02-03,CAFE OU EAU,4.0,3.5480861667315295,0.45191383326847046
2022-02-04,CAFE OU EAU,3.0,3.5350493189115673,-0.5350493189115673
2022-02-05,CAFE OU EAU,2.0,5.151018118374624,-3.1510181183746244
2022-02-06,CAFE OU EAU,2.0,2.8013934143356614,-0.8013934143356614
2022-02-08,CAFE OU EAU,6.0,7.169950746165821,-1.1699507461658207
2022-02-10,CAFE OU EAU,1.0,3.559954576278999,-2.559954576278999
2022-02-11,CAFE OU EAU,2.0,3.5468684720830503,-1.5468684720830503
2022-02-12,CAFE OU EAU,2.0,5.168231911451327,-3.1682319114513273
2022-02-13,CAFE OU EAU,1.0,2.810750709295954,-1.810750709295954
2022-02-14,CAFE OU EAU,3.0,3.991981048761793,-0.9919810487617928
2022-02-15,CAFE OU EAU,8.0,7.193877187922469,0.8061228120775308
2022-02-17,CAFE OU EAU,2.0,3.5718229858251354,-1.5718229858251354
2022-02-18,CAFE OU EAU,2.0,3.558687625251846,-1.5586876252518458
2022-02-19,CAFE OU EAU,4.0,5.185445704523437,-1.1854457045234366
2022-02-21,CAFE OU EAU,1.0,4.005264470647729,-3.005264470647729
2022-02-22,CAFE OU EAU,5.0,7.217803629681838,-2.217803629681838
2022-02-24,CAFE OU EAU,2.0,3.5836913953717855,-1.5836913953717855
2022-02-25,CAFE OU EAU,1.0,3.570506778423347,-2.570506778423347
2022-02-26,CAFE OU EAU,7.0,5.2026594976010685,1.7973405023989315
2022-03-01,CAFE OU EAU,7.0,7.2417300714369075,-0.2417300714369075
2022-03-04,CAFE OU EAU,4.0,3.5823259315921434,0.4176740684078566
2022-03-06,CAFE OU EAU,1.0,2.710414448303713,-1.710414448303713
2022-03-07,CAFE OU EAU,2.0,3.7540544131678297,-1.7540544131678297
2022-03-08,CAFE OU EAU,6.0,6.957700863708532,-0.9577008637085322
2022-03-09,CAFE OU EAU,2.0,4.103840024555863,-2.103840024555863
2022-03-10,CAFE OU EAU,1.0,3.319479146305748,-2.319479146305748
2022-03-11,CAFE OU EAU,4.0,3.3106373912400047,0.6893626087599953
2022-03-13,CAFE OU EAU,1.0,2.716609565570678,-1.716609565570678
2022-03-15,CAFE OU EAU,6.0,6.973593504152163,-0.9735935041521628
2022-03-16,CAFE OU EAU,4.0,4.113210875624305,-0.1132108756243051
2022-03-17,CAFE OU EAU,2.0,3.327056488695164,-1.3270564886951641
2022-03-18,CAFE OU EAU,2.0,3.318192087066097,-1.3181920870660968
2022-03-19,CAFE OU EAU,8.0,4.939208863088321,3.0607911369116794
2022-03-20,CAFE OU EAU,1.0,2.7228046828376216,-1.7228046828376216
2022-03-21,CAFE OU EAU,1.0,3.7712098824330895,-2.7712098824330895
2022-03-22,CAFE OU EAU,7.0,6.989486144603699,0.010513855396300897
2022-03-23,CAFE OU EAU,3.0,4.1225817266927365,-1.1225817266927365
2022-03-24,CAFE OU EAU,2.0,3.3346338310850605,-1.3346338310850605
2022-03-26,CAFE OU EAU,6.0,4.9504505534756005,1.0495494465243995
2022-03-27,CAFE OU EAU,1.0,2.7289998001099707,-1.7289998001099707
2022-03-28,CAFE OU EAU,5.0,3.7797876170717,1.2202123829282998
2022-03-29,CAFE OU EAU,1.0,7.005378785047325,-6.005378785047325
2022-03-30,CAFE OU EAU,1.0,4.131952577774228,-3.1319525777742276
2022-04-02,CAFE OU EAU,2.0,4.961692243853284,-2.9616922438532836
2022-04-04,CAFE OU EAU,3.0,3.3700830962670554,-0.3700830962670554
2022-04-05,CAFE OU EAU,5.0,6.232122193202321,-1.2321221932023212
2022-04-06,CAFE OU EAU,4.0,3.535441999274697,0.4645580007253032
2022-04-07,CAFE OU EAU,4.0,2.9554787521834682,1.0445212478165318
2022-04-09,CAFE OU EAU,5.0,4.497990070296421,0.5020099297035792
2022-04-12,CAFE OU EAU,6.0,6.217425212694322,-0.21742521269432213
2022-04-13,CAFE OU EAU,3.0,3.527101688923489,-0.527101688923489
2022-04-15,CAFE OU EAU,5.0,3.0019490832068336,1.9980509167931664
2022-04-19,CAFE OU EAU,8.0,6.202728232186315,1.797271767813685
2022-04-20,CAFE OU EAU,5.0,3.518761378576312,1.481238621423688
2022-04-21,CAFE OU EAU,3.0,2.9415297636600304,0.05847023633996962
2022-04-23,CAFE OU EAU,6.0,4.476746559736796,1.523253440263204
2022-04-25,CAFE OU EAU,6.0,3.346248503535031,2.653751496464969
2022-04-26,CAFE OU EAU,5.0,6.188031251676022,-1.1880312516760219
2022-04-27,CAFE OU EAU,2.0,3.510421068227138,-1.5104210682271382
2022-04-28,CAFE OU EAU,3.0,2.9345552693983215,0.06544473060167855
2022-04-29,CAFE OU EAU,3.0,2.987742453498272,0.012257546501727834
2022-04-30,CAFE OU EAU,3.0,4.466124804454907,-1.466124804454907
2022-05-01,CAFE OU EAU,2.0,2.293365312080782,-0.2933653120807822
2022-05-03,CAFE OU EAU,8.0,6.1733342711680095,1.8266657288319905
2022-05-07,CAFE OU EAU,4.0,4.572107082682993,-0.5721070826829928
2022-05-08,CAFE OU EAU,2.0,2.6921873869168365,-0.6921873869168365
2022-05-09,CAFE OU EAU,1.0,3.4214277923786507,-2.4214277923786507
2022-05-10,CAFE OU EAU,6.0,6.332459377481857,-0.3324593774818574
2022-05-11,CAFE OU EAU,2.0,3.565737041502334,-1.565737041502334
2022-05-12,CAFE OU EAU,3.0,2.9920181729981947,0.007981827001805275
2022-05-13,CAFE OU EAU,7.0,3.062486607102646,3.937513392897354
2022-05-14,CAFE OU EAU,9.0,4.56772187034757,4.43227812965243
2022-05-15,CAFE OU EAU,1.0,2.3470183408990577,-1.3470183408990577
2022-05-16,CAFE OU EAU,3.0,3.4181453233240595,-0.4181453233240595
2022-05-17,CAFE OU EAU,10.0,6.326383273461232,3.673616726538768
2022-05-18,CAFE OU EAU,5.0,3.5623151862541773,1.4376848137458227
2022-05-19,CAFE OU EAU,3.0,2.989146492675326,0.010853507324673828
2022-05-20,CAFE OU EAU,3.0,3.05954688949026,-0.05954688949026021
2022-05-21,CAFE OU EAU,4.0,4.5633366580164125,-0.5633366580164125
2022-05-23,CAFE OU EAU,3.0,3.414862854263276,-0.41486285426327596
2022-05-24,CAFE OU EAU,2.0,6.320307169432673,-4.320307169432673
2022-05-28,CAFE OU EAU,14.0,4.5589514456767395,9.44104855432326
2022-05-29,CAFE OU EAU,1.0,2.342511242694316,-1.3425112426943162
2022-05-31,CAFE OU EAU,6.0,6.314231065404119,-0.31423106540411894
2022-06-01,CAFE OU EAU,2.0,3.5554714757356845,-1.5554714757356845
2022-06-02,CAFE OU EAU,8.0,2.983403132029952,5.016596867970048
2022-06-03,CAFE OU EAU,3.0,3.327642068009894,-0.32764206800989415
2022-06-04,CAFE OU EAU,6.0,4.980853005255149,1.019146994744851
2022-06-05,CAFE OU EAU,7.0,2.423301245335343,4.5766987546646565
2022-06-07,CAFE OU EAU,4.0,6.607683900551025,-2.6076839005510246
2022-06-08,CAFE OU EAU,5.0,3.7164988902680216,1.2835011097319784
2022-06-09,CAFE OU EAU,5.0,3.255397392110194,1.744602607889806
2022-06-10,CAFE OU EAU,5.0,3.331806887559907,1.6681931124400928
2022-06-11,CAFE OU EAU,5.0,4.987085840745607,0.012914159254393098
2022-06-14,CAFE OU EAU,11.0,6.6159480535599915,4.3840519464400085
2022-06-15,CAFE OU EAU,3.0,3.721146241644957,-0.721146241644957
2022-06-16,CAFE OU EAU,2.0,3.259467425191198,-1.2594674251911981
2022-06-18,CAFE OU EAU,4.0,4.993318676231567,-0.9933186762315671
2022-06-20,CAFE OU EAU,5.0,3.5994411378133,1.4005588621867
2022-06-21,CAFE OU EAU,3.0,6.6242122065805376,-3.6242122065805376
2022-06-22,CAFE OU EAU,2.0,3.725793593029295,-1.725793593029295
2022-06-23,CAFE OU EAU,3.0,3.2635374582721295,-0.2635374582721295
2022-06-24,CAFE OU EAU,2.0,3.3401365266525813,-1.3401365266525813
2022-06-25,CAFE OU EAU,2.0,4.999551511727982,-2.999551511727982
2022-06-26,CAFE OU EAU,4.0,2.43239687918089,1.56760312081911
2022-06-27,CAFE OU EAU,1.0,3.6039324846876606,-2.6039324846876606
2022-06-28,CAFE OU EAU,10.0,6.632476359591888,3.3675236404081117
2022-06-29,CAFE OU EAU,1.0,3.730440944406238,-2.730440944406238
2022-06-30,CAFE OU EAU,1.0,3.267607491353039,-2.267607491353039
2022-07-01,CAFE OU EAU,2.0,4.302572248884219,-2.3025722488842186
2022-07-02,CAFE OU EAU,1.0,5.9642257328807,-4.9642257328807
2022-07-03,CAFE OU EAU,1.0,3.165117353623561,-2.165117353623561
2022-07-04,CAFE OU EAU,2.0,4.1588535794692625,-2.1588535794692625
2022-07-05,CAFE OU EAU,6.0,7.185941320928103,-1.1859413209281033
2022-07-06,CAFE OU EAU,3.0,4.240927728805828,-1.2409277288058282
2022-07-07,CAFE OU EAU,3.0,3.82993469235513,-0.8299346923551298
2022-07-08,CAFE OU EAU,6.0,3.8893046652799943,2.1106953347200057
2022-07-09,CAFE OU EAU,5.0,5.465193813050217,-0.4651938130502167
2022-07-11,CAFE OU EAU,4.0,4.159588925783845,-0.15958892578384543
2022-07-12,CAFE OU EAU,7.0,7.187211868682954,-0.18721186868295359
2022-07-13,CAFE OU EAU,9.0,4.241677549160068,4.758322450839932
2022-07-14,CAFE OU EAU,4.0,3.7396080127063596,0.26039198729364044
2022-07-15,CAFE OU EAU,2.0,3.88999228192721,-1.88999228192721
2022-07-16,CAFE OU EAU,10.0,5.466160017468701,4.533839982531299
2022-07-17,CAFE OU EAU,1.0,3.1662366602498593,-2.1662366602498593
2022-07-18,CAFE OU EAU,8.0,4.160324272115277,3.839675727884723
2022-07-19,CAFE OU EAU,5.0,7.188482416435647,-2.1884824164356473
2022-07-20,CAFE OU EAU,2.0,4.242427369518451,-2.2424273695184507
2022-07-21,CAFE OU EAU,4.0,3.8312889670120565,0.16871103298794354
2022-07-22,CAFE OU EAU,1.0,3.8906798985692594,-2.8906798985692594
2022-07-23,CAFE OU EAU,2.0,5.46712622188649,-3.46712622188649
2022-07-24,CAFE OU EAU,1.0,3.1667963135744173,-2.1667963135744173
2022-07-25,CAFE OU EAU,1.0,4.161059618435713,-3.161059618435713
2022-07-26,CAFE OU EAU,10.0,7.189752964190496,2.810247035809504
2022-07-27,CAFE OU EAU,3.0,4.243177189887029,-1.243177189887029
2022-07-28,CAFE OU EAU,4.0,3.831966104340985,0.16803389565901483
2022-07-29,CAFE OU EAU,1.0,3.8913675152164746,-2.8913675152164746
2022-07-30,CAFE OU EAU,12.0,5.468092426299495,6.531907573700505
2022-08-01,CAFE OU EAU,1.0,4.161794964767147,-3.1617949647671466
2022-08-02,CAFE OU EAU,4.0,7.1143236127402245,-3.1143236127402245
2022-08-03,CAFE OU EAU,6.0,4.211179326270337,1.7888206737296626
2022-08-05,CAFE OU EAU,1.0,3.763391828223348,-2.763391828223348
2022-08-06,CAFE OU EAU,5.0,5.496000540922147,-0.4960005409221466
2022-08-07,CAFE OU EAU,2.0,3.034605768035089,-1.0346057680350889
2022-08-08,CAFE OU EAU,7.0,4.041844649002375,2.9581553509976253
2022-08-09,CAFE OU EAU,7.0,7.115618717265586,-0.11561871726558604
2022-08-10,CAFE OU EAU,13.0,4.211945917145529,8.78805408285447
2022-08-11,CAFE OU EAU,4.0,3.7758005864693183,0.22419941353068173
2022-08-12,CAFE OU EAU,2.0,3.7640768695247706,-1.7640768695247706
2022-08-13,CAFE OU EAU,7.0,5.497000938880839,1.5029990611191613
2022-08-14,CAFE OU EAU,2.0,3.0351581214111953,-1.0351581214111953
2022-08-15,CAFE OU EAU,2.0,4.000901474493145,-2.000901474493145
2022-08-16,CAFE OU EAU,7.0,7.116913821800074,-0.11691382180007359
2022-08-17,CAFE OU EAU,1.0,4.212712508020721,-3.2127125080207213
2022-08-18,CAFE OU EAU,1.0,3.7764877792984466,-2.7764877792984466
2022-08-19,CAFE OU EAU,5.0,3.764761910837321,1.2352380891626789
2022-08-20,CAFE OU EAU,4.0,5.498001336844326,-1.4980013368443261
2022-08-22,CAFE OU EAU,5.0,4.043315989047621,0.9566840109523786
2022-08-23,CAFE OU EAU,3.0,7.118208926322834,-4.118208926322834
2022-08-24,CAFE OU EAU,4.0,4.213479098895911,-0.21347909889591143
2022-08-25,CAFE OU EAU,3.0,3.7771749721274923,-0.7771749721274923
2022-08-27,CAFE OU EAU,2.0,5.49900173479822,-3.4990017347982203
2022-08-28,CAFE OU EAU,6.0,3.0362628281751576,2.9637371718248424
2022-08-29,CAFE OU EAU,2.0,4.044051659070165,-2.044051659070165
2022-08-30,CAFE OU EAU,10.0,7.119504030852758,2.8804959691472423
2022-08-31,CAFE OU EAU,1.0,4.214245689773532,-3.2142456897735316
2022-09-02,CAFE OU EAU,5.0,3.024833628406052,1.9751663715939478
2022-09-04,CAFE OU EAU,2.0,2.4049487714912106,-0.40494877149121056
2022-09-06,CAFE OU EAU,3.0,6.307019769433455,-3.307019769433455
2022-09-07,CAFE OU EAU,4.0,3.6046987871460274,0.3953012128539726
2022-09-08,CAFE OU EAU,1.0,3.039271832927063,-2.039271832927063
2022-09-09,CAFE OU EAU,1.0,3.0234853032760305,-2.0234853032760305
2022-09-12,CAFE OU EAU,1.0,3.336744671598928,-2.336744671598928
2022-09-13,CAFE OU EAU,4.0,6.304207687526819,-2.3042076875268194
2022-09-14,CAFE OU EAU,2.0,3.6030914743065066,-1.6030914743065066
2022-09-16,CAFE OU EAU,7.0,3.0221369781409106,3.9778630218590894
2022-09-17,CAFE OU EAU,6.0,4.7191145861113295,1.2808854138886705
2022-09-18,CAFE OU EAU,2.0,2.402804477757414,-0.4028044777574138
2022-09-20,CAFE OU EAU,5.0,6.301395605628644,-1.3013956056286444
2022-09-21,CAFE OU EAU,1.0,3.601484161452695,-2.601484161452695
2022-09-22,CAFE OU EAU,1.0,3.036561275314492,-2.036561275314492
2022-09-23,CAFE OU EAU,6.0,3.020788653008337,2.979211346991663
2022-09-24,CAFE OU EAU,1.0,4.717009020937578,-3.717009020937578
2022-09-25,CAFE OU EAU,5.0,2.401732330882968,2.598267669117032
2022-09-27,CAFE OU EAU,1.0,6.2985835237220105,-5.2985835237220105
2022-09-28,CAFE OU EAU,1.0,3.599876848601143,-2.599876848601143
2022-09-30,CAFE OU EAU,2.0,3.019440327867643,-1.0194403278676432
2022-01-04,CAMPAGNE,1.0,4.426134520286078,-3.4261345202860776
2022-01-06,CAMPAGNE,5.0,5.466607001291531,-0.4666070012915311
2022-01-07,CAMPAGNE,1.0,4.9776206728523675,-3.9776206728523675
2022-01-08,CAMPAGNE,2.0,6.74019149256573,-4.74019149256573
2022-01-09,CAMPAGNE,1.0,8.03259907377564,-7.032599073775639
2022-01-10,CAMPAGNE,1.0,5.395192430194804,-4.395192430194804
2022-01-11,CAMPAGNE,2.0,4.389424815953675,-2.3894248159536753
2022-01-13,CAMPAGNE,4.0,5.421160077963433,-1.4211600779634326
2022-01-15,CAMPAGNE,2.0,6.684023141212874,-4.684023141212874
2022-01-16,CAMPAGNE,5.0,7.965580858477674,-2.965580858477674
2022-01-17,CAMPAGNE,1.0,5.350125118809264,-4.350125118809264
2022-01-18,CAMPAGNE,4.0,4.352715111621278,-0.35271511162127833
2022-01-20,CAMPAGNE,4.0,5.375713154635347,-1.3757131546353474
2022-01-21,CAMPAGNE,5.0,4.894758842168397,0.10524115783160326
2022-01-22,CAMPAGNE,3.0,6.627854789862467,-3.627854789862467
2022-01-23,CAMPAGNE,5.0,7.898562643183812,-2.898562643183812
2022-01-24,CAMPAGNE,5.0,5.305057807433484,-0.3050578074334842
2022-01-25,CAMPAGNE,4.0,4.316005407289145,-0.31600540728914517
2022-01-27,CAMPAGNE,5.0,5.330266231309137,-0.3302662313091371
2022-01-28,CAMPAGNE,5.0,4.8533279268278156,0.14667207317218445
2022-01-29,CAMPAGNE,2.0,6.571686438512002,-4.571686438512002
2022-01-30,CAMPAGNE,5.0,7.831544427888618,-2.831544427888618
2022-01-31,CAMPAGNE,2.0,5.259990496047936,-3.2599904960479362
2022-02-01,CAMPAGNE,1.0,4.2792957029567535,-3.2792957029567535
2022-02-03,CAMPAGNE,5.0,4.014247836034994,0.9857521639650058
2022-02-04,CAMPAGNE,2.0,3.644888906924962,-1.6448889069249621
2022-02-05,CAMPAGNE,5.0,4.906442778042528,0.09355722195747163
2022-02-06,CAMPAGNE,6.0,5.840057263679535,0.15994273632046507
2022-02-07,CAMPAGNE,2.0,3.8436526957216803,-1.8436526957216803
2022-02-08,CAMPAGNE,5.0,3.186025222697367,1.813974777302633
2022-02-10,CAMPAGNE,5.0,3.9029672576224637,1.0970327423775363
2022-02-11,CAMPAGNE,3.0,3.5434457406486204,-0.5434457406486204
2022-02-12,CAMPAGNE,5.0,4.769343423072714,0.23065657692728614
2022-02-13,CAMPAGNE,12.0,5.676216157153007,6.323783842846993
2022-02-14,CAMPAGNE,4.0,3.7353862261660393,0.2646137738339607
2022-02-15,CAMPAGNE,5.0,3.0959199619771676,1.9040800380228324
2022-02-17,CAMPAGNE,5.0,3.791686679205588,1.208313320794412
2022-02-18,CAMPAGNE,5.0,3.44200257437036,1.5579974256296398
2022-02-20,CAMPAGNE,9.0,5.512375050626568,3.4876249493734317
2022-02-21,CAMPAGNE,5.0,3.627119756611335,1.372880243388665
2022-02-22,CAMPAGNE,6.0,3.005814701256701,2.994185298743299
2022-02-24,CAMPAGNE,5.0,3.680406100791741,1.3195938992082592
2022-02-25,CAMPAGNE,7.0,3.3405594080939793,3.6594405919060207
2022-02-26,CAMPAGNE,10.0,4.495144713123091,5.504855286876909
2022-02-27,CAMPAGNE,13.0,5.348533944106618,7.651466055893382
2022-02-28,CAMPAGNE,4.0,3.5188532870550353,0.4811467129449647
2022-03-01,CAMPAGNE,8.0,2.915709440536218,5.084290559463782
2022-03-02,CAMPAGNE,5.0,2.9936484700431443,2.0063515299568557
2022-03-03,CAMPAGNE,6.0,3.569125522377579,2.430874477622421
2022-03-04,CAMPAGNE,8.0,3.239116241815792,4.7608837581842085
2022-03-05,CAMPAGNE,9.0,5.688347841003695,3.3116521589963046
2022-03-06,CAMPAGNE,12.0,6.899297353178332,5.100702646821668
2022-03-07,CAMPAGNE,4.0,4.551220602853637,-0.551220602853637
2022-03-08,CAMPAGNE,5.0,3.777162289928635,1.222837710071365
2022-03-09,CAMPAGNE,1.0,4.016124822918639,-3.0161248229186386
2022-03-11,CAMPAGNE,4.0,4.241533314612697,-0.24153331461269723
2022-03-12,CAMPAGNE,5.0,5.620265943188035,-0.6202659431880351
2022-03-13,CAMPAGNE,5.0,6.816580583269458,-1.8165805832694577
2022-03-14,CAMPAGNE,4.0,4.4965616810660585,-0.49656168106605847
2022-03-15,CAMPAGNE,4.0,3.731721636563991,0.26827836343600886
2022-03-16,CAMPAGNE,1.0,3.9677261832145057,-2.9677261832145057
2022-03-17,CAMPAGNE,4.0,4.638652407049925,-0.6386524070499249
2022-03-18,CAMPAGNE,1.0,4.190241653560558,-3.190241653560558
2022-03-19,CAMPAGNE,5.0,5.552184045370212,-0.552184045370212
2022-03-20,CAMPAGNE,3.0,6.733863813360622,-3.733863813360622
2022-03-21,CAMPAGNE,5.0,4.441902759269005,0.5580972407309952
2022-03-22,CAMPAGNE,5.0,3.686280983198916,1.313719016801084
2022-03-23,CAMPAGNE,4.0,3.9193275435103487,0.08067245648965127
2022-03-24,CAMPAGNE,1.0,4.581970983807192,-3.5819709838071923
2022-03-25,CAMPAGNE,2.0,4.138949992508568,-2.138949992508568
2022-03-26,CAMPAGNE,5.0,5.484102147544916,-0.4841021475449159
2022-03-27,CAMPAGNE,12.0,6.651147043453389,5.348852956546611
2022-03-28,CAMPAGNE,1.0,4.387243837471996,-3.3872438374719964
2022-03-29,CAMPAGNE,4.0,3.6408403298342704,0.3591596701657296
2022-03-30,CAMPAGNE,2.0,3.87092890380227,-1.87092890380227
2022-03-31,CAMPAGNE,2.0,4.525289560564433,-2.525289560564433
2022-04-01,CAMPAGNE,4.0,4.087658331458628,-0.08765833145862789
2022-04-02,CAMPAGNE,2.0,5.416020249725101,-3.4160202497251007
2022-04-03,CAMPAGNE,5.0,6.568430273546156,-1.5684302735461557
2022-04-04,CAMPAGNE,3.0,3.993732181833761,-0.993732181833761
2022-04-05,CAMPAGNE,2.0,3.329719014708823,-1.329719014708823
2022-04-06,CAMPAGNE,4.0,3.4020998794460358,0.5979001205539642
2022-04-07,CAMPAGNE,1.0,4.070402989278664,-3.070402989278664
2022-04-08,CAMPAGNE,5.0,3.6587928075384872,1.3412071924615128
2022-04-09,CAMPAGNE,2.0,4.914772145660995,-2.9147721456609954
2022-04-10,CAMPAGNE,8.0,5.96515765347691,2.0348423465230896
2022-04-11,CAMPAGNE,4.0,3.919757919447994,0.0802420805520061
2022-04-12,CAMPAGNE,5.0,3.2678803654671795,1.7321196345328205
2022-04-13,CAMPAGNE,1.0,3.338748915450689,-2.338748915450689
2022-04-14,CAMPAGNE,6.0,3.994405296094731,2.005594703905269
2022-04-15,CAMPAGNE,10.0,3.5902975124584975,6.4097024875415025
2022-04-16,CAMPAGNE,13.0,4.822517267073857,8.177482732926144
2022-04-17,CAMPAGNE,13.0,5.8528849884752,7.1471150115248
2022-04-18,CAMPAGNE,12.0,4.005881725471876,7.994118274528124
2022-04-19,CAMPAGNE,10.0,3.206041716225538,6.793958283774462
2022-04-20,CAMPAGNE,4.0,3.2753979514533196,0.7246020485466804
2022-04-21,CAMPAGNE,10.0,3.9184076029122137,6.081592397087786
2022-04-22,CAMPAGNE,5.0,3.5218022173807757,1.4781977826192243
2022-04-23,CAMPAGNE,5.0,4.730262388488726,0.26973761151127373
2022-04-24,CAMPAGNE,9.0,5.740612323476753,3.2593876765232466
2022-04-25,CAMPAGNE,2.0,3.771809394674851,-1.7718093946748512
2022-04-26,CAMPAGNE,4.0,3.1442030669842214,0.8557969330157786
2022-04-27,CAMPAGNE,10.0,3.212046987456914,6.7879530125430865
2022-04-28,CAMPAGNE,3.0,3.842409909729963,-0.8424099097299629
2022-04-29,CAMPAGNE,6.0,3.4533069223008406,2.5466930776991594
2022-04-30,CAMPAGNE,10.0,4.638007509901492,5.361992490098508
2022-05-01,CAMPAGNE,10.0,5.725985193415916,4.274014806584084
2022-05-02,CAMPAGNE,4.0,3.6978351322961354,0.30216486770386464
2022-05-03,CAMPAGNE,5.0,3.08236441774258,1.9176355822574198
2022-05-05,CAMPAGNE,8.0,4.601581153310464,3.3984188466895358
2022-05-06,CAMPAGNE,7.0,4.335126148139068,2.664873851860932
2022-05-07,CAMPAGNE,5.0,5.684801459541695,-0.6848014595416947
2022-05-08,CAMPAGNE,10.0,7.708888747618617,2.2911112523813832
2022-05-09,CAMPAGNE,4.0,4.2756080723841015,-0.27560807238410145
2022-05-10,CAMPAGNE,2.0,3.8770648137205415,-1.8770648137205415
2022-05-11,CAMPAGNE,4.0,3.988967051862387,0.011032948137613019
2022-05-12,CAMPAGNE,2.0,4.565085643730307,-2.565085643730307
2022-05-13,CAMPAGNE,5.0,4.300704914942552,0.6992950850574484
2022-05-14,CAMPAGNE,5.0,5.639612443394157,-0.6396124433941566
2022-05-15,CAMPAGNE,10.0,6.9488915399265085,3.0511084600734915
2022-05-16,CAMPAGNE,4.0,4.241543499268894,-0.24154349926889385
2022-05-17,CAMPAGNE,5.0,3.8461403123233704,1.1538596876766296
2022-05-18,CAMPAGNE,5.0,3.9571136925740378,1.0428863074259622
2022-05-19,CAMPAGNE,6.0,4.528590134147256,1.4714098658527437
2022-05-20,CAMPAGNE,1.0,4.266283681746065,-3.2662836817460654
2022-05-21,CAMPAGNE,2.0,5.594423427249243,-3.594423427249243
2022-05-22,CAMPAGNE,10.0,6.893147739553533,3.106852260446467
2022-05-23,CAMPAGNE,3.0,4.207478926163336,-1.2074789261633363
2022-05-24,CAMPAGNE,4.0,3.8152158109280587,0.18478418907194127
2022-05-25,CAMPAGNE,10.0,3.925260333289208,6.0747396667107925
2022-05-26,CAMPAGNE,10.0,10.812994273539655,-0.8129942735396547
2022-05-27,CAMPAGNE,7.0,4.231862448552636,2.7681375514473636
2022-05-28,CAMPAGNE,12.0,5.549234411099042,6.450765588900958
2022-05-29,CAMPAGNE,12.0,6.837403939183814,5.162596060816186
2022-05-30,CAMPAGNE,5.0,4.173414353047681,0.826585646952319
2022-05-31,CAMPAGNE,5.0,3.7842913095327333,1.2157086904672667
2022-06-01,CAMPAGNE,3.0,3.8934069740022896,-0.8934069740022896
2022-06-02,CAMPAGNE,3.0,4.455599114983232,-1.4555991149832321
2022-06-03,CAMPAGNE,5.0,4.470087660741743,0.5299123392582574
2022-06-04,CAMPAGNE,14.0,5.854443702075445,8.145556297924555
2022-06-05,CAMPAGNE,16.0,7.308711954212202,8.691288045787797
2022-06-06,CAMPAGNE,14.0,9.226701397854328,4.7732986021456725
2022-06-07,CAMPAGNE,5.0,3.9759313540774976,1.0240686459225024
2022-06-08,CAMPAGNE,5.0,4.211469468753999,0.7885305312460007
2022-06-09,CAMPAGNE,4.0,4.686523150933688,-0.686523150933688
2022-06-10,CAMPAGNE,3.0,4.444964665244743,-1.4449646652447434
2022-06-11,CAMPAGNE,4.0,5.82151384494908,-1.82151384494908
2022-06-12,CAMPAGNE,10.0,7.267569123310623,2.732430876689377
2022-06-13,CAMPAGNE,5.0,4.407616166759026,0.5923838332409739
2022-06-14,CAMPAGNE,4.0,3.9535136428982462,0.04648635710175375
2022-06-15,CAMPAGNE,5.0,4.187704568006553,0.812295431993447
2022-06-16,CAMPAGNE,1.0,4.660056234061442,-3.660056234061442
2022-06-17,CAMPAGNE,5.0,4.419841669741632,0.5801583302583682
2022-06-18,CAMPAGNE,10.0,5.788583987820189,4.211416012179811
2022-06-19,CAMPAGNE,10.0,7.226426292413977,2.7735737075860234
2022-06-20,CAMPAGNE,3.0,4.382643775032598,-1.382643775032598
2022-06-21,CAMPAGNE,5.0,3.931095931717275,1.068904068282725
2022-06-22,CAMPAGNE,2.0,4.163939667260051,-2.163939667260051
2022-06-23,CAMPAGNE,5.0,4.633589317192168,0.36641068280783173
2022-06-24,CAMPAGNE,5.0,4.394718674241555,0.6052813257584448
2022-06-25,CAMPAGNE,8.0,5.755654130685563,2.2443458693144374
2022-06-26,CAMPAGNE,10.0,7.185283461512411,2.8147165384875894
2022-06-27,CAMPAGNE,5.0,4.35767138330619,0.6423286166938098
2022-06-28,CAMPAGNE,4.0,3.908678220538742,0.09132177946125797
2022-06-30,CAMPAGNE,5.0,4.607122400322361,0.3928775996776386
2022-07-01,CAMPAGNE,5.0,9.533934702223693,-4.533934702223693
2022-07-02,CAMPAGNE,8.0,10.882821529422456,-2.882821529422456
2022-07-03,CAMPAGNE,9.0,12.7665568774403,-3.7665568774402995
2022-07-04,CAMPAGNE,10.0,9.701925610471857,0.2980743895281428
2022-07-05,CAMPAGNE,4.0,9.274597470870015,-5.274597470870015
2022-07-06,CAMPAGNE,5.0,9.402501522998245,-4.402501522998245
2022-07-07,CAMPAGNE,6.0,9.936146440791706,-3.936146440791706
2022-07-08,CAMPAGNE,6.0,9.689023827321185,-3.6890238273211846
2022-07-09,CAMPAGNE,8.0,11.193585275359439,-3.193585275359439
2022-07-10,CAMPAGNE,13.0,12.70404204253794,0.29595795746205944
2022-07-11,CAMPAGNE,11.0,9.654384299198963,1.3456157008010372
2022-07-12,CAMPAGNE,10.0,9.229118313426778,0.7708816865732224
2022-07-13,CAMPAGNE,15.0,9.35636285095099,5.64363714904901
2022-07-14,CAMPAGNE,19.0,11.073426785642397,7.926573214357603
2022-07-15,CAMPAGNE,14.0,9.64141242006936,4.35858757993064
2022-07-16,CAMPAGNE,12.0,11.138541883840102,0.8614581161598984
2022-07-17,CAMPAGNE,14.0,12.641527207635606,1.3584727923643936
2022-07-18,CAMPAGNE,8.0,9.606842987916034,-1.6068429879160337
2022-07-19,CAMPAGNE,10.0,9.18363915598289,0.81636084401711
2022-07-20,CAMPAGNE,10.0,9.31022417889875,0.6897758211012501
2022-07-21,CAMPAGNE,7.0,9.838563431114077,-2.8385634311140766
2022-07-22,CAMPAGNE,10.0,9.593801012817483,0.4061989871825169
2022-07-23,CAMPAGNE,12.0,11.083498492332337,0.9165015076676628
2022-07-24,CAMPAGNE,14.0,12.579012372736788,1.4209876272632123
2022-07-25,CAMPAGNE,9.0,9.559301676632519,-0.5593016766325185
2022-07-26,CAMPAGNE,11.0,9.13815999853966,1.8618400014603402
2022-07-27,CAMPAGNE,8.0,9.264085506845332,-1.2640855068453316
2022-07-28,CAMPAGNE,12.0,9.789771926278519,2.2102280737214812
2022-07-29,CAMPAGNE,7.0,9.5461896055657,-2.5461896055657007
2022-07-30,CAMPAGNE,14.0,11.028455100821702,2.971544899178298
2022-07-31,CAMPAGNE,19.0,12.516497537834475,6.483502462165525
2022-08-01,CAMPAGNE,14.0,9.511760365349627,4.488239634650373
2022-08-02,CAMPAGNE,12.0,9.359270033082943,2.640729966917057
2022-08-03,CAMPAGNE,13.0,9.494970621612541,3.5050293783874586
2022-08-04,CAMPAGNE,8.0,10.05086965255592,-2.050869652555919
2022-08-05,CAMPAGNE,6.0,9.779978267269552,-3.779978267269552
2022-08-06,CAMPAGNE,15.0,11.325081674840877,3.6749183251591226
2022-08-07,CAMPAGNE,14.0,12.904353461388608,1.0956465386113923
2022-08-08,CAMPAGNE,15.0,9.79733950992412,5.20266049007588
2022-08-09,CAMPAGNE,14.0,9.321074076234995,4.678925923765005
2022-08-10,CAMPAGNE,14.0,9.456198254664935,4.543801745335065
2022-08-11,CAMPAGNE,15.0,10.009803336033553,4.990196663966447
2022-08-12,CAMPAGNE,15.0,9.739995433840278,5.260004566159722
2022-08-13,CAMPAGNE,15.0,11.278755041822704,3.721244958177296
2022-08-14,CAMPAGNE,15.0,12.851535758462772,2.148464241537228
2022-08-15,CAMPAGNE,16.0,10.882602642918245,5.117397357081755
2022-08-16,CAMPAGNE,18.0,9.282878119384597,8.717121880615403
2022-08-17,CAMPAGNE,12.0,9.417425887717325,2.582574112282675
2022-08-18,CAMPAGNE,12.0,9.96873701951043,2.0312629804895703
2022-08-19,CAMPAGNE,17.0,9.700012600417942,7.299987399582058
2022-08-20,CAMPAGNE,16.0,11.232428408807417,4.767571591192583
2022-08-21,CAMPAGNE,27.0,12.798718055538725,14.201281944461275
2022-08-22,CAMPAGNE,10.0,9.717091286547204,0.28290871345279633
2022-08-23,CAMPAGNE,8.0,9.244682162536085,-1.244682162536085
2022-08-24,CAMPAGNE,10.0,9.3786535207697,0.6213464792303007
2022-08-25,CAMPAGNE,10.0,9.927670702988033,0.07232929701196689
2022-08-26,CAMPAGNE,6.0,9.66002976699217,-3.660029766992171
2022-08-27,CAMPAGNE,6.0,11.186101775786337,-5.186101775786337
2022-08-28,CAMPAGNE,9.0,12.745900352614681,-3.7459003526146812
2022-08-29,CAMPAGNE,5.0,9.67696717485313,-4.6769671748531305
2022-08-30,CAMPAGNE,6.0,9.206486205686913,-3.206486205686913
2022-08-31,CAMPAGNE,5.0,9.339881153819572,-4.339881153819572
2022-09-02,CAMPAGNE,5.0,4.761937556525413,0.23806244347458705
2022-09-03,CAMPAGNE,7.0,6.421449233149401,0.5785507668505989
2022-09-04,CAMPAGNE,10.0,8.138807502755476,1.8611924972445237
2022-09-05,CAMPAGNE,4.0,4.737808427815376,-0.7378084278153763
2022-09-06,CAMPAGNE,5.0,4.3652179839445,0.6347820160555004
2022-09-07,CAMPAGNE,4.0,4.3545524124946455,-0.35455241249464553
2022-09-08,CAMPAGNE,5.0,5.01591187681074,-0.015911876810739578
2022-09-09,CAMPAGNE,3.0,4.762539074497195,-1.7625390744971954
2022-09-10,CAMPAGNE,10.0,6.422260362514026,3.5777396374859736
2022-09-11,CAMPAGNE,10.0,8.139835542746262,1.8601644572537381
2022-09-12,CAMPAGNE,8.0,4.7384068654411164,3.2615931345588836
2022-09-13,CAMPAGNE,5.0,4.365769349328716,0.6342306506712836
2022-09-14,CAMPAGNE,5.0,4.355102420792492,0.644897579207508
2022-09-15,CAMPAGNE,5.0,5.016545407684937,-0.016545407684937175
2022-09-16,CAMPAGNE,5.0,4.763140592460723,0.23685940753927692
2022-09-17,CAMPAGNE,7.0,6.423071491882173,0.5769285081178266
2022-09-18,CAMPAGNE,9.0,8.140863582745524,0.8591364172544758
2022-09-20,CAMPAGNE,5.0,4.366320714710198,0.6336792852898023
2022-09-21,CAMPAGNE,4.0,4.355652429097137,-0.35565242909713657
2022-09-22,CAMPAGNE,2.0,5.017178938563055,-3.017178938563055
2022-09-23,CAMPAGNE,3.0,4.763742110428377,-1.7637421104283773
2022-09-24,CAMPAGNE,5.0,6.423882621250321,-1.4238826212503213
2022-09-25,CAMPAGNE,10.0,8.141891622736308,1.858108377263692
2022-09-26,CAMPAGNE,3.0,4.739603740703844,-1.7396037407038438
2022-09-27,CAMPAGNE,5.0,4.3668720800944145,0.6331279199055855
2022-09-28,CAMPAGNE,5.0,4.35620243739885,0.6437975626011498
2022-09-29,CAMPAGNE,5.0,5.017812469437252,-0.0178124694372519
2022-09-30,CAMPAGNE,10.0,4.764343628392054,5.235656371607946
2022-01-04,CEREAL BAGUETTE,3.0,8.93190091175952,-5.93190091175952
2022-01-06,CEREAL BAGUETTE,4.0,8.997151972531135,-4.997151972531135
2022-01-07,CEREAL BAGUETTE,6.0,9.062045005338573,-3.0620450053385735
2022-01-08,CEREAL BAGUETTE,9.0,11.225240729967206,-2.225240729967206
2022-01-09,CEREAL BAGUETTE,5.0,12.872147868083424,-7.872147868083424
2022-01-10,CEREAL BAGUETTE,4.0,9.708447106990167,-5.708447106990167
2022-01-11,CEREAL BAGUETTE,3.0,8.837979103462056,-5.837979103462056
2022-01-13,CEREAL BAGUETTE,10.0,8.902258933846058,1.097741066153942
2022-01-14,CEREAL BAGUETTE,8.0,8.966323313924697,-0.966323313924697
2022-01-15,CEREAL BAGUETTE,3.0,11.106490173524785,-8.106490173524785
2022-01-16,CEREAL BAGUETTE,9.0,12.73576876105275,-3.73576876105275
2022-01-17,CEREAL BAGUETTE,8.0,9.605431169606653,-1.6054311696066534
2022-01-18,CEREAL BAGUETTE,3.0,8.744057295164561,-5.744057295164561
2022-01-20,CEREAL BAGUETTE,7.0,8.807365895161011,-1.807365895161011
2022-01-21,CEREAL BAGUETTE,9.0,8.870601622512613,0.12939837748738725
2022-01-22,CEREAL BAGUETTE,7.0,10.987739617083596,-3.987739617083596
2022-01-23,CEREAL BAGUETTE,9.0,12.599389654022735,-3.599389654022735
2022-01-24,CEREAL BAGUETTE,8.0,9.502415232235107,-1.5024152322351068
2022-01-25,CEREAL BAGUETTE,5.0,8.650135486863924,-3.650135486863924
2022-01-27,CEREAL BAGUETTE,8.0,8.712472856478243,-0.712472856478243
2022-01-28,CEREAL BAGUETTE,3.0,8.774879931102484,-5.774879931102484
2022-01-29,CEREAL BAGUETTE,8.0,10.868989060642336,-2.8689890606423365
2022-01-30,CEREAL BAGUETTE,10.0,12.463010546996612,-2.463010546996612
2022-01-31,CEREAL BAGUETTE,7.0,9.399399294851545,-2.399399294851545
2022-02-01,CEREAL BAGUETTE,6.0,8.556213678566406,-2.5562136785664062
2022-02-03,CEREAL BAGUETTE,5.0,7.004860208672223,-2.0048602086722234
2022-02-04,CEREAL BAGUETTE,3.0,6.954173129273295,-3.954173129273295
2022-02-05,CEREAL BAGUETTE,6.0,8.680696309802755,-2.680696309802755
2022-02-06,CEREAL BAGUETTE,9.0,9.832411082327509,-0.8324110823275088
2022-02-07,CEREAL BAGUETTE,9.0,7.5837397588375675,1.4162602411624325
2022-02-08,CEREAL BAGUETTE,7.0,6.6279982953418735,0.37200170465812654
2022-02-10,CEREAL BAGUETTE,7.0,6.814732729508515,0.18526727049148484
2022-02-11,CEREAL BAGUETTE,4.0,6.764686683930216,-2.7646866839302158
2022-02-12,CEREAL BAGUETTE,10.0,8.443241469653332,1.5567585303466682
2022-02-13,CEREAL BAGUETTE,17.0,9.562396675727015,7.437603324272985
2022-02-14,CEREAL BAGUETTE,10.0,7.374657366894439,2.6253426331055607
2022-02-15,CEREAL BAGUETTE,10.0,6.444542982736464,3.555457017263536
2022-02-17,CEREAL BAGUETTE,10.0,6.624605250339562,3.3753947496604377
2022-02-18,CEREAL BAGUETTE,10.0,6.5752002385862625,3.4247997614137375
2022-02-19,CEREAL BAGUETTE,10.0,8.205786629503315,1.794213370496685
2022-02-20,CEREAL BAGUETTE,10.0,9.292382269126556,0.7076177308734444
2022-02-21,CEREAL BAGUETTE,4.0,7.165574974951004,-3.165574974951004
2022-02-22,CEREAL BAGUETTE,10.0,6.261087670131558,3.738912329868442
2022-02-24,CEREAL BAGUETTE,10.0,6.434477771172656,3.5655222288273443
2022-02-25,CEREAL BAGUETTE,10.0,6.3857137932431005,3.6142862067568995
2022-02-26,CEREAL BAGUETTE,10.0,7.968331789344933,2.0316682106550674
2022-02-27,CEREAL BAGUETTE,9.0,9.022367862529258,-0.02236786252925782
2022-02-28,CEREAL BAGUETTE,7.0,6.9564925830084405,0.04350741699155947
2022-03-01,CEREAL BAGUETTE,9.0,6.0776323575273885,2.9223676424726115
2022-03-02,CEREAL BAGUETTE,11.0,6.5074902167562625,4.4925097832437375
2022-03-03,CEREAL BAGUETTE,4.0,6.244350292007674,-2.244350292007674
2022-03-04,CEREAL BAGUETTE,10.0,6.196227347899117,3.803772652100883
2022-03-05,CEREAL BAGUETTE,10.0,8.678911366560591,1.321088633439409
2022-03-06,CEREAL BAGUETTE,10.0,9.880088138874669,0.11991186112533114
2022-03-07,CEREAL BAGUETTE,3.0,7.579370237530076,-4.579370237530076
2022-03-08,CEREAL BAGUETTE,8.0,6.730430794469528,1.2695692055304724
2022-03-09,CEREAL BAGUETTE,1.0,7.2626635491739755,-6.2626635491739755
2022-03-10,CEREAL BAGUETTE,6.0,6.871148585023815,-0.871148585023815
2022-03-11,CEREAL BAGUETTE,3.0,6.876681354623623,-3.8766813546236234
2022-03-12,CEREAL BAGUETTE,8.0,8.49853596210955,-0.49853596210954976
2022-03-13,CEREAL BAGUETTE,10.0,9.67413698319988,0.3258630168001204
2022-03-14,CEREAL BAGUETTE,5.0,7.420905827790186,-2.420905827790186
2022-03-15,CEREAL BAGUETTE,2.0,6.589293901220583,-4.589293901220583
2022-03-17,CEREAL BAGUETTE,6.0,6.726192351293202,-0.7261923512932018
2022-03-18,CEREAL BAGUETTE,11.0,6.731169862010529,4.268830137989471
2022-03-19,CEREAL BAGUETTE,4.0,8.318160557658016,-4.318160557658016
2022-03-20,CEREAL BAGUETTE,8.0,9.468185827525105,-1.4681858275251045
2022-03-21,CEREAL BAGUETTE,9.0,7.262441418041432,1.7375585819585684
2022-03-22,CEREAL BAGUETTE,3.0,6.448157007969465,-3.4481570079694652
2022-03-23,CEREAL BAGUETTE,3.0,6.957152737437856,-3.9571527374378563
2022-03-24,CEREAL BAGUETTE,9.0,6.581236117563806,2.4187638824361937
2022-03-25,CEREAL BAGUETTE,2.0,6.585658369394417,-4.585658369394417
2022-03-26,CEREAL BAGUETTE,10.0,8.137785153197989,1.8622148468020114
2022-03-27,CEREAL BAGUETTE,10.0,9.262234671850212,0.7377653281497878
2022-03-28,CEREAL BAGUETTE,10.0,7.103977008292743,2.896022991707257
2022-03-29,CEREAL BAGUETTE,5.0,6.307020114720483,-1.3070201147204834
2022-03-30,CEREAL BAGUETTE,2.0,6.804397331568001,-4.804397331568001
2022-03-31,CEREAL BAGUETTE,2.0,6.436279883834396,-4.436279883834396
2022-04-01,CEREAL BAGUETTE,8.0,6.4401468767822445,1.5598531232177555
2022-04-02,CEREAL BAGUETTE,6.0,7.957409748746117,-1.9574097487461168
2022-04-03,CEREAL BAGUETTE,10.0,9.056283516175347,0.9437164838246535
2022-04-04,CEREAL BAGUETTE,5.0,6.370341826364576,-1.3703418263645757
2022-04-05,CEREAL BAGUETTE,10.0,5.65992024526326,4.34007975473674
2022-04-06,CEREAL BAGUETTE,6.0,5.904880299841052,0.0951197001589481
2022-04-07,CEREAL BAGUETTE,5.0,5.767121134554275,-0.7671211345542748
2022-04-08,CEREAL BAGUETTE,3.0,5.7511588492724615,-2.7511588492724615
2022-04-09,CEREAL BAGUETTE,7.0,7.115168742431669,-0.11516874243166875
2022-04-10,CEREAL BAGUETTE,12.0,8.136788394358918,3.863211605641082
2022-04-11,CEREAL BAGUETTE,6.0,6.185495711243268,-0.18549571124326825
2022-04-12,CEREAL BAGUETTE,10.0,5.495004584889282,4.504995415110718
2022-04-13,CEREAL BAGUETTE,6.0,5.732107963690983,0.2678920363090169
2022-04-14,CEREAL BAGUETTE,11.0,5.59767124524674,5.40232875475326
2022-04-15,CEREAL BAGUETTE,10.0,5.581465688427238,4.418534311572762
2022-04-16,CEREAL BAGUETTE,19.0,6.904340563789353,12.095659436210646
2022-04-17,CEREAL BAGUETTE,11.0,7.894663896607856,3.105336103392144
2022-04-18,CEREAL BAGUETTE,20.0,12.363992662978237,7.636007337021763
2022-04-19,CEREAL BAGUETTE,8.0,5.3300889245153105,2.6699110754846895
2022-04-20,CEREAL BAGUETTE,16.0,5.559335627538578,10.440664372461422
2022-04-21,CEREAL BAGUETTE,20.0,5.4282213559415196,14.57177864405848
2022-04-22,CEREAL BAGUETTE,18.0,5.411772527581015,12.588227472418986
2022-04-23,CEREAL BAGUETTE,11.0,6.693512385147744,4.306487614852256
2022-04-24,CEREAL BAGUETTE,20.0,7.652539398857399,12.3474606011426
2022-04-25,CEREAL BAGUETTE,10.0,5.815803481001455,4.184196518998545
2022-04-26,CEREAL BAGUETTE,8.0,5.165173264141164,2.8348267358588357
2022-04-27,CEREAL BAGUETTE,15.0,5.386563291387291,9.61343670861271
2022-04-28,CEREAL BAGUETTE,11.0,5.258771466635201,5.741228533364799
2022-04-29,CEREAL BAGUETTE,16.0,5.242079366735856,10.757920633264144
2022-04-30,CEREAL BAGUETTE,20.0,6.4826842065052706,13.51731579349473
2022-05-01,CEREAL BAGUETTE,20.0,8.684932444162907,11.315067555837093
2022-05-02,CEREAL BAGUETTE,19.0,5.630957365887465,13.369042634112535
2022-05-03,CEREAL BAGUETTE,2.0,5.000257603767218,-3.000257603767218
2022-05-05,CEREAL BAGUETTE,11.0,7.045672503308914,3.9543274966910857
2022-05-06,CEREAL BAGUETTE,11.0,7.04721144570093,3.9527885542990697
2022-05-07,CEREAL BAGUETTE,16.0,8.65415305742128,7.345846942578721
2022-05-08,CEREAL BAGUETTE,20.0,14.850594467107168,5.149405532892832
2022-05-09,CEREAL BAGUETTE,6.0,7.53705516567135,-1.53705516567135
2022-05-10,CEREAL BAGUETTE,11.0,6.660632781470585,4.339367218529415
2022-05-11,CEREAL BAGUETTE,7.0,7.310106088458608,-0.31010608845860776
2022-05-12,CEREAL BAGUETTE,9.0,6.937812354376938,2.0621876456230623
2022-05-13,CEREAL BAGUETTE,6.0,6.939091283249481,-0.9390912832494811
2022-05-14,CEREAL BAGUETTE,9.0,8.521087128710802,0.47891287128919835
2022-05-15,CEREAL BAGUETTE,18.0,9.761120383131782,8.238879616868218
2022-05-16,CEREAL BAGUETTE,9.0,7.42065432746445,1.57934567253555
2022-05-17,CEREAL BAGUETTE,2.0,6.557539793143262,-4.557539793143262
2022-05-18,CEREAL BAGUETTE,8.0,7.196709845562849,0.8032901544371507
2022-05-19,CEREAL BAGUETTE,6.0,6.829952205443665,-0.8299522054436652
2022-05-20,CEREAL BAGUETTE,2.0,6.830971120798033,-4.830971120798033
2022-05-21,CEREAL BAGUETTE,10.0,8.388021200000624,1.6119787999993758
2022-05-22,CEREAL BAGUETTE,21.0,9.60834919080544,11.39165080919456
2022-05-23,CEREAL BAGUETTE,5.0,7.304253489265728,-2.3042534892657276
2022-05-24,CEREAL BAGUETTE,10.0,6.454446804818453,3.5455531951815473
2022-05-25,CEREAL BAGUETTE,10.0,7.083313602669372,2.9166863973306283
2022-05-26,CEREAL BAGUETTE,19.0,9.979373532899999,9.020626467100001
2022-05-27,CEREAL BAGUETTE,20.0,6.722850958347474,13.277149041652526
2022-05-28,CEREAL BAGUETTE,20.0,8.254955271289699,11.745044728710301
2022-05-29,CEREAL BAGUETTE,20.0,9.455577998482482,10.544422001517518
2022-05-30,CEREAL BAGUETTE,10.0,7.187852651059614,2.8121473489403863
2022-05-31,CEREAL BAGUETTE,10.0,6.351353816493609,3.648646183506391
2022-06-01,CEREAL BAGUETTE,10.0,6.969917359774508,3.0300826402254923
2022-06-02,CEREAL BAGUETTE,8.0,6.614231907580544,1.3857680924194558
2022-06-03,CEREAL BAGUETTE,9.0,8.0752844731743,0.9247155268257004
2022-06-04,CEREAL BAGUETTE,20.0,9.919932423468588,10.080067576531412
2022-06-05,CEREAL BAGUETTE,14.0,11.479422928345572,2.5205770716544276
2022-06-06,CEREAL BAGUETTE,17.0,11.167537391462076,5.832462608537924
2022-06-07,CEREAL BAGUETTE,10.0,7.609347680125059,2.390652319874941
2022-06-08,CEREAL BAGUETTE,4.0,8.398255221488071,-4.398255221488071
2022-06-09,CEREAL BAGUETTE,5.0,7.94395784535968,-2.94395784535968
2022-06-10,CEREAL BAGUETTE,7.0,8.03964255871103,-1.03964255871103
2022-06-12,CEREAL BAGUETTE,13.0,11.42869218032,1.5713078196799994
2022-06-13,CEREAL BAGUETTE,8.0,8.462524324050928,-0.46252432405092847
2022-06-14,CEREAL BAGUETTE,6.0,7.575677352204002,-1.5756773522040017
2022-06-15,CEREAL BAGUETTE,4.0,8.36107057977557,-4.3610705797755696
2022-06-16,CEREAL BAGUETTE,8.0,7.908762417285038,0.09123758271496207
2022-06-17,CEREAL BAGUETTE,10.0,8.004000644244902,1.9959993557550977
2022-06-18,CEREAL BAGUETTE,10.0,9.832309886323332,0.16769011367666842
2022-06-19,CEREAL BAGUETTE,20.0,11.377961432298605,8.622038567701395
2022-06-20,CEREAL BAGUETTE,4.0,8.424936243753995,-4.424936243753995
2022-06-21,CEREAL BAGUETTE,6.0,7.542007024280719,-1.5420070242807187
2022-06-22,CEREAL BAGUETTE,7.0,8.323885938064585,-1.3238859380645849
2022-06-23,CEREAL BAGUETTE,5.0,7.873566989212368,-2.8735669892123683
2022-06-24,CEREAL BAGUETTE,10.0,7.968358729780187,2.0316412702198132
2022-06-25,CEREAL BAGUETTE,9.0,9.788498617740409,-0.7884986177404087
2022-06-26,CEREAL BAGUETTE,16.0,11.327230684273024,4.672769315726976
2022-06-27,CEREAL BAGUETTE,8.0,8.387348163457078,-0.38734816345707834
2022-06-30,CEREAL BAGUETTE,9.0,7.8383715611419005,1.1616284388580995
2022-07-01,CEREAL BAGUETTE,7.0,14.183061360758105,-7.183061360758105
2022-07-02,CEREAL BAGUETTE,8.0,15.991020041800526,-7.991020041800526
2022-07-03,CEREAL BAGUETTE,15.0,17.12648880881463,-2.1264888088146314
2022-07-04,CEREAL BAGUETTE,8.0,14.035762880205969,-6.035762880205969
2022-07-05,CEREAL BAGUETTE,8.0,13.206793868828864,-5.206793868828864
2022-07-06,CEREAL BAGUETTE,11.0,13.850218511185657,-2.8502185111856573
2022-07-07,CEREAL BAGUETTE,15.0,13.494603773220113,1.5053962267798866
2022-07-08,CEREAL BAGUETTE,12.0,13.598106490624605,-1.5981064906246054
2022-07-09,CEREAL BAGUETTE,19.0,15.407654503129532,3.5923454968704682
2022-07-10,CEREAL BAGUETTE,20.0,17.02281969027935,2.9771803097206515
2022-07-11,CEREAL BAGUETTE,20.0,13.950728841691026,6.049271158308974
2022-07-12,CEREAL BAGUETTE,19.0,13.126712733844755,5.873287266155245
2022-07-13,CEREAL BAGUETTE,18.0,13.76616307449484,4.233836925505161
2022-07-14,CEREAL BAGUETTE,33.0,17.809305415923358,15.190694584076642
2022-07-15,CEREAL BAGUETTE,9.0,13.51543774878737,-4.51543774878737
2022-07-16,CEREAL BAGUETTE,20.0,15.313903318133892,4.686096681866108
2022-07-17,CEREAL BAGUETTE,19.0,16.91915057174407,2.080849428255931
2022-07-18,CEREAL BAGUETTE,20.0,13.865694803163878,6.134305196836122
2022-07-19,CEREAL BAGUETTE,27.0,13.046631598859378,13.953368401140622
2022-07-20,CEREAL BAGUETTE,18.0,13.682107637799236,4.317892362200764
2022-07-21,CEREAL BAGUETTE,20.0,13.330667142009304,6.669332857990696
2022-07-22,CEREAL BAGUETTE,19.0,13.432769006947114,5.5672309930528865
2022-07-23,CEREAL BAGUETTE,20.0,15.220152133149812,4.779847866850188
2022-07-24,CEREAL BAGUETTE,20.0,16.815481453208612,3.184518546791388
2022-07-25,CEREAL BAGUETTE,20.0,13.780660764639011,6.219339235360989
2022-07-26,CEREAL BAGUETTE,16.0,12.96655046387528,3.0334495361247207
2022-07-27,CEREAL BAGUETTE,19.0,13.598052201103297,5.401947798896703
2022-07-28,CEREAL BAGUETTE,20.0,13.248698826406232,6.7513011735937685
2022-07-29,CEREAL BAGUETTE,17.0,13.35010026510991,3.6498997348900897
2022-07-30,CEREAL BAGUETTE,20.0,15.126400948164749,4.873599051835251
2022-07-31,CEREAL BAGUETTE,10.0,16.711812334673354,-6.711812334673354
2022-08-01,CEREAL BAGUETTE,19.0,13.695626726111918,5.304373273888082
2022-08-02,CEREAL BAGUETTE,20.0,15.259011116553024,4.740988883446976
2022-08-03,CEREAL BAGUETTE,18.0,15.764745604377149,2.235254395622851
2022-08-04,CEREAL BAGUETTE,20.0,15.644570504445952,4.3554294955540485
2022-08-05,CEREAL BAGUETTE,18.0,15.578974411255452,2.4210255887445484
2022-08-06,CEREAL BAGUETTE,19.0,17.78251630266036,1.2174836973396417
2022-08-07,CEREAL BAGUETTE,19.0,19.43568036681205,-0.4356803668120506
2022-08-08,CEREAL BAGUETTE,21.0,16.12378978334429,4.876210216655711
2022-08-09,CEREAL BAGUETTE,17.0,15.261425586910653,1.7385744130893475
2022-08-10,CEREAL BAGUETTE,19.0,15.767240041943905,3.2327599580560946
2022-08-11,CEREAL BAGUETTE,20.0,15.647045870891496,4.352954129108504
2022-08-12,CEREAL BAGUETTE,20.0,15.58143934301748,4.418560656982519
2022-08-13,CEREAL BAGUETTE,20.0,17.785329818973544,2.214670181026456
2022-08-14,CEREAL BAGUETTE,20.0,19.438755374130437,0.5612446258695627
2022-08-15,CEREAL BAGUETTE,20.0,14.928296020418006,5.071703979581994
2022-08-16,CEREAL BAGUETTE,20.0,15.263840057265533,4.736159942734467
2022-08-17,CEREAL BAGUETTE,16.0,15.769734479510664,0.23026552048933624
2022-08-18,CEREAL BAGUETTE,19.0,15.64952123733873,3.35047876266127
2022-08-19,CEREAL BAGUETTE,13.0,15.583904274787262,-2.583904274787262
2022-08-20,CEREAL BAGUETTE,8.0,17.78814333528841,-9.78814333528841
2022-08-21,CEREAL BAGUETTE,17.0,19.441830381449563,-2.441830381449563
2022-08-22,CEREAL BAGUETTE,20.0,16.128891704156462,3.8711082958435377
2022-08-23,CEREAL BAGUETTE,13.0,15.26625452762201,-2.26625452762201
2022-08-24,CEREAL BAGUETTE,10.0,15.772228917077417,-5.772228917077417
2022-08-25,CEREAL BAGUETTE,14.0,15.651996603784267,-1.6519966037842675
2022-08-26,CEREAL BAGUETTE,11.0,15.586369206554753,-4.586369206554753
2022-08-27,CEREAL BAGUETTE,12.0,17.79095685159992,-5.790956851599919
2022-08-28,CEREAL BAGUETTE,20.0,19.444905388768692,0.5550946112313078
2022-08-29,CEREAL BAGUETTE,10.0,16.13144266455683,-6.131442664556829
2022-08-30,CEREAL BAGUETTE,10.0,15.268668997978263,-5.2686689979782635
2022-08-31,CEREAL BAGUETTE,1.0,15.774723354642054,-14.774723354642054
2022-09-02,CEREAL BAGUETTE,10.0,8.329414225378946,1.6705857746210544
2022-09-03,CEREAL BAGUETTE,8.0,10.374266598309866,-2.374266598309866
2022-09-04,CEREAL BAGUETTE,10.0,12.056902249514284,-2.056902249514284
2022-09-05,CEREAL BAGUETTE,8.0,8.945438243674458,-0.9454382436744577
2022-09-06,CEREAL BAGUETTE,8.0,8.016535642665513,-0.016535642665512995
2022-09-07,CEREAL BAGUETTE,7.0,8.362153778425295,-1.362153778425295
2022-09-08,CEREAL BAGUETTE,4.0,8.489860157058335,-4.4898601570583345
2022-09-09,CEREAL BAGUETTE,8.0,8.321747275526175,-0.32174727552617455
2022-09-10,CEREAL BAGUETTE,9.0,10.364716173752047,-1.364716173752047
2022-09-11,CEREAL BAGUETTE,8.0,12.045801350983398,-4.045801350983398
2022-09-12,CEREAL BAGUETTE,8.0,8.937201014644696,-0.9372010146446961
2022-09-13,CEREAL BAGUETTE,9.0,8.00915280394675,0.9908471960532506
2022-09-14,CEREAL BAGUETTE,6.0,8.354451628909484,-2.3544516289094837
2022-09-15,CEREAL BAGUETTE,4.0,8.482039351642316,-4.482039351642316
2022-09-16,CEREAL BAGUETTE,5.0,8.314080325668552,-3.3140803256685523
2022-09-17,CEREAL BAGUETTE,5.0,10.355165749196152,-5.355165749196152
2022-09-18,CEREAL BAGUETTE,8.0,12.034700452458532,-4.034700452458532
2022-09-20,CEREAL BAGUETTE,11.0,8.001769965225748,2.9982300347742523
2022-09-21,CEREAL BAGUETTE,4.0,8.346749479398909,-4.346749479398909
2022-09-22,CEREAL BAGUETTE,6.0,8.47421854622874,-2.474218546228739
2022-09-23,CEREAL BAGUETTE,8.0,8.30641337581335,-0.3064133758133494
2022-09-24,CEREAL BAGUETTE,7.0,10.345615324640248,-3.3456153246402476
2022-09-25,CEREAL BAGUETTE,10.0,12.023599553927646,-2.023599553927646
2022-09-26,CEREAL BAGUETTE,8.0,8.920726556597037,-0.9207265565970371
2022-09-27,CEREAL BAGUETTE,10.0,7.994387126506982,2.0056128734930176
2022-09-28,CEREAL BAGUETTE,3.0,8.339047329886359,-5.339047329886359
2022-09-30,CEREAL BAGUETTE,14.0,8.298746425953507,5.701253574046493
2022-01-04,COMPLET,1.0,4.178797094163216,-3.178797094163216
2022-01-06,COMPLET,5.0,3.9487121146458013,1.0512878853541987
2022-01-07,COMPLET,3.0,4.385920673010935,-1.3859206730109346
2022-01-08,COMPLET,4.0,5.046140046698158,-1.0461400466981576
2022-01-09,COMPLET,5.0,4.888623265397848,0.11137673460215236
2022-01-10,COMPLET,5.0,4.2160274341635295,0.7839725658364705
2022-01-11,COMPLET,5.0,4.121580879773836,0.8784191202261642
2022-01-13,COMPLET,3.0,3.894433893793255,-0.8944338937932552
2022-01-14,COMPLET,5.0,4.3255140495658,0.6744859504341996
2022-01-15,COMPLET,1.0,4.9765033077142045,-3.9765033077142045
2022-01-16,COMPLET,5.0,4.821026996965733,0.1789730030342671
2022-01-17,COMPLET,4.0,4.157615942085264,-0.15761594208526386
2022-01-18,COMPLET,4.0,4.064364665384466,-0.06436466538446606
2022-01-20,COMPLET,2.0,3.840155672940708,-1.8401556729407078
2022-01-21,COMPLET,3.0,4.265107426122422,-1.2651074261224222
2022-01-22,COMPLET,5.0,4.906866568731052,0.09313343126894758
2022-01-23,COMPLET,5.0,4.753430728535133,0.24656927146486662
2022-01-24,COMPLET,3.0,4.099204450008176,-1.099204450008176
2022-01-25,COMPLET,5.0,4.007148450995567,0.992851549004433
2022-01-27,COMPLET,6.0,3.78587745208861,2.21412254791139
2022-01-28,COMPLET,3.0,4.2047008026797315,-1.2047008026797315
2022-01-29,COMPLET,3.0,4.837229829747878,-1.8372298297478782
2022-01-30,COMPLET,3.0,4.685834460105058,-1.6858344601050579
2022-01-31,COMPLET,3.0,4.040792957929918,-1.0407929579299182
2022-02-03,COMPLET,3.0,3.551967591243584,-0.5519675912435842
2022-02-04,COMPLET,2.0,3.9086064440316064,-1.9086064440316064
2022-02-05,COMPLET,3.0,4.476204475409202,-1.4762044754092019
2022-02-06,COMPLET,6.0,4.3814355236656946,1.6185644763343054
2022-02-07,COMPLET,5.0,3.765001876091372,1.2349981239086278
2022-02-08,COMPLET,5.0,3.678102116043259,1.321897883956741
2022-02-10,COMPLET,6.0,3.4905709834017062,2.5094290165982938
2022-02-11,COMPLET,2.0,3.840878005297122,-1.8408780052971219
2022-02-12,COMPLET,3.0,4.398448202151994,-1.398448202151994
2022-02-13,COMPLET,6.0,4.305136141849672,1.6948638581503284
2022-02-14,COMPLET,6.0,3.6992737042642787,2.3007262957357213
2022-02-15,COMPLET,6.0,3.6137304719432684,2.3862695280567316
2022-02-17,COMPLET,6.0,3.4291743755598305,2.5708256244401695
2022-02-18,COMPLET,3.0,3.7731495665619366,-0.7731495665619366
2022-02-19,COMPLET,6.0,4.320691928894006,1.6793080711059938
2022-02-20,COMPLET,7.0,4.228836760033678,2.771163239966322
2022-02-21,COMPLET,6.0,3.6335455324376675,2.3664544675623325
2022-02-22,COMPLET,5.0,3.54935882784261,1.4506411721573902
2022-02-24,COMPLET,6.0,3.367777767718892,2.632222232281108
2022-02-25,COMPLET,6.0,3.7054211278274187,2.2945788721725813
2022-02-26,COMPLET,7.0,4.242935655635071,2.757064344364929
2022-02-27,COMPLET,6.0,4.152537378221373,1.847462621778627
2022-02-28,COMPLET,3.0,3.567817360610134,-0.567817360610134
2022-03-01,COMPLET,6.0,3.4849871837417896,2.5150128162582104
2022-03-02,COMPLET,6.0,3.1336008080078903,2.8663991919921097
2022-03-03,COMPLET,6.0,3.3063811598765875,2.6936188401234125
2022-03-04,COMPLET,7.0,3.6376926890922254,3.3623073109077746
2022-03-05,COMPLET,6.0,4.650523020757603,1.3494769792423966
2022-03-06,COMPLET,6.0,4.634335947465287,1.3656640525347132
2022-03-08,COMPLET,4.0,3.906476279560613,0.09352372043938706
2022-03-09,COMPLET,7.0,3.524976288245452,3.475023711754548
2022-03-10,COMPLET,3.0,3.727625651984173,-0.7276256519841731
2022-03-11,COMPLET,3.0,4.018617699596489,-1.018617699596489
2022-03-12,COMPLET,5.0,4.589708146680089,0.4102918533199107
2022-03-13,COMPLET,5.0,4.573619324392707,0.42638067560729276
2022-03-14,COMPLET,7.0,3.922017481937339,3.077982518062661
2022-03-15,COMPLET,4.0,3.855103386606605,0.14489661339339488
2022-03-18,COMPLET,2.0,3.9654705304261735,-1.9654705304261735
2022-03-19,COMPLET,4.0,4.528893272601657,-0.5288932726016569
2022-03-20,COMPLET,4.0,4.512902701320151,-0.5129027013201508
2022-03-21,COMPLET,6.0,3.869852202848526,2.130147797151474
2022-03-22,COMPLET,4.0,3.8037304936529,0.19626950634709983
2022-03-23,COMPLET,5.0,3.4320899824671045,1.5679100175328955
2022-03-24,COMPLET,2.0,3.6292141217202456,-1.6292141217202456
2022-03-25,COMPLET,5.0,3.912323361254208,1.087676638745792
2022-03-26,COMPLET,6.0,4.468078398522046,1.5319216014779542
2022-03-27,COMPLET,6.0,4.45218607824839,1.5478139217516098
2022-03-28,COMPLET,3.0,3.8176869237597244,-0.8176869237597244
2022-03-29,COMPLET,6.0,3.752357600698901,2.247642399301099
2022-03-30,COMPLET,3.0,3.3856468295783815,-0.3856468295783815
2022-03-31,COMPLET,6.0,3.5800083565885625,2.4199916434114375
2022-04-01,COMPLET,4.0,3.8591761920847323,0.14082380791526772
2022-04-02,COMPLET,6.0,4.407263524442759,1.592736475557241
2022-04-03,COMPLET,6.0,4.391469455176633,1.6085305448233669
2022-04-04,COMPLET,4.0,4.056913520613274,-0.05691352061327404
2022-04-05,COMPLET,4.0,3.9595234751780946,0.040476524821905446
2022-04-06,COMPLET,6.0,3.643124238349489,2.356875761650511
2022-04-07,COMPLET,4.0,3.7983577722156143,0.20164222778438567
2022-04-08,COMPLET,4.0,4.038283757896157,-0.03828375789615723
2022-04-09,COMPLET,5.0,4.641112158385949,0.35888784161405063
2022-04-10,COMPLET,2.0,4.641072246526888,-2.641072246526888
2022-04-11,COMPLET,6.0,4.013144632329176,1.9868553676708238
2022-04-12,COMPLET,6.0,3.916739359635705,2.083260640364295
2022-04-13,COMPLET,4.0,3.603698074395249,0.39630192560475086
2022-04-14,COMPLET,9.0,3.757188010412968,5.242811989587032
2022-04-15,COMPLET,7.0,3.9944455994350534,3.0055544005649466
2022-04-16,COMPLET,10.0,4.590651656824243,5.409348343175757
2022-04-17,COMPLET,5.0,4.590533681670165,0.4094663183298346
2022-04-18,COMPLET,7.0,4.923300041754546,2.076699958245454
2022-04-19,COMPLET,6.0,3.8739552440933167,2.1260447559066833
2022-04-20,COMPLET,7.0,3.5642719104406946,3.4357280895593054
2022-04-21,COMPLET,8.0,3.716018248609832,4.283981751390169
2022-04-22,COMPLET,7.0,3.9506074409729517,3.0493925590270483
2022-04-23,COMPLET,5.0,4.540191155263309,0.45980884473669104
2022-04-24,COMPLET,9.0,4.539995116814871,4.460004883185129
2022-04-25,COMPLET,6.0,3.9256068557599852,2.0743931442400148
2022-04-26,COMPLET,8.0,3.8311711285514307,4.16882887144857
2022-04-27,COMPLET,4.0,3.524845746486299,0.475154253513701
2022-04-28,COMPLET,7.0,3.6748484868076585,3.3251515131923415
2022-04-29,COMPLET,10.0,3.9067692825118634,6.093230717488137
2022-04-30,COMPLET,8.0,4.4897306537015895,3.5102693462984105
2022-05-01,COMPLET,7.0,3.6220410572166473,3.3779589427833527
2022-05-02,COMPLET,4.0,3.881837967477188,0.11816203252281188
2022-05-03,COMPLET,5.0,3.788387013009039,1.211612986990961
2022-05-05,COMPLET,4.0,4.904331370766796,-0.9043313707667959
2022-05-06,COMPLET,10.0,5.192089033513451,4.807910966486549
2022-05-07,COMPLET,5.0,5.953808155788043,-0.9538081557880433
2022-05-08,COMPLET,7.0,4.732010938533263,2.2679890614667366
2022-05-09,COMPLET,6.0,5.105825470034449,0.894174529965551
2022-05-10,COMPLET,3.0,5.076669587149534,-2.076669587149534
2022-05-11,COMPLET,6.0,4.67043515171657,1.3295648482834297
2022-05-12,COMPLET,8.0,4.935755770199027,3.0642442298009733
2022-05-13,COMPLET,4.0,5.225326809741497,-1.2253268097414969
2022-05-14,COMPLET,5.0,5.991887343618984,-0.9918873436189841
2022-05-15,COMPLET,6.0,5.961613020090286,0.03838697990971429
2022-05-16,COMPLET,6.0,5.13842159066769,0.86157840933231
2022-05-17,COMPLET,6.0,5.109050042140207,0.8909499578597933
2022-05-18,COMPLET,6.0,4.700197408053185,1.2998025919468148
2022-05-19,COMPLET,6.0,4.967180169630551,1.0328198303694487
2022-05-20,COMPLET,6.0,5.258564585969539,0.7414354140304606
2022-05-21,COMPLET,6.0,6.029966531451125,-0.029966531451124823
2022-05-22,COMPLET,5.0,5.999465445571071,-0.9994654455710714
2022-05-23,COMPLET,3.0,5.171017711303976,-2.1710177113039757
2022-05-24,COMPLET,6.0,5.141430497130272,0.8585695028697282
2022-05-25,COMPLET,6.0,4.729959664389343,1.2700403356106573
2022-05-26,COMPLET,10.0,11.802521432191389,-1.802521432191389
2022-05-27,COMPLET,6.0,5.291802362198648,0.7081976378013524
2022-05-28,COMPLET,10.0,6.068045719280869,3.931954280719131
2022-05-29,COMPLET,8.0,6.037317871054043,1.962682128945957
2022-05-30,COMPLET,6.0,5.203613831936437,0.7963861680635631
2022-05-31,COMPLET,6.0,5.173810952120333,0.8261890478796667
2022-06-01,COMPLET,6.0,4.75972192072527,1.2402780792747299
2022-06-02,COMPLET,2.0,5.030028968492903,-3.0300289684929034
2022-06-03,COMPLET,6.0,5.626910655235037,0.3730893447649626
2022-06-04,COMPLET,8.0,6.351812510498192,1.648187489501808
2022-06-05,COMPLET,7.0,6.352592782286551,0.6474072177134493
2022-06-06,COMPLET,8.0,7.9868938596067665,0.013106140393233545
2022-06-07,COMPLET,3.0,5.440908637760519,-2.4409086377605194
2022-06-08,COMPLET,5.0,5.141450536840931,-0.14145053684093067
2022-06-09,COMPLET,5.0,5.285442187916492,-0.2854421879164919
2022-06-10,COMPLET,4.0,5.674599721051798,-1.6745997210517984
2022-06-11,COMPLET,5.0,6.405580149498174,-1.4055801494981743
2022-06-12,COMPLET,6.0,6.406302076895037,-0.40630207689503717
2022-06-13,COMPLET,6.0,5.524411442686019,0.47558855731398086
2022-06-14,COMPLET,4.0,5.4867990580867065,-1.4867990580867065
2022-06-15,COMPLET,6.0,5.184763041222747,0.8152369587772528
2022-06-16,COMPLET,6.0,5.329914183860948,0.6700858161390517
2022-06-17,COMPLET,6.0,5.722288786866723,0.2777112131332773
2022-06-18,COMPLET,6.0,6.4593477884972454,-0.45934778849724545
2022-06-19,COMPLET,6.0,6.460011371506678,-0.4600113715066776
2022-06-20,COMPLET,1.0,5.570671718011221,-4.570671718011221
2022-06-21,COMPLET,6.0,5.532689478412617,0.4673105215873834
2022-06-22,COMPLET,2.0,5.228075545605874,-3.228075545605874
2022-06-23,COMPLET,6.0,5.374386179806157,0.625613820193843
2022-06-24,COMPLET,6.0,5.769977852682585,0.2300221473174151
2022-06-25,COMPLET,6.0,6.513115427495529,-0.5131154274955287
2022-06-26,COMPLET,6.0,6.513720666115156,-0.5137206661151561
2022-06-27,COMPLET,6.0,5.616931993336415,0.383068006663585
2022-06-28,COMPLET,6.0,5.578579898738535,0.42142010126146534
2022-06-29,COMPLET,5.0,5.271388049987687,-0.27138804998768684
2022-06-30,COMPLET,5.0,5.418858175750062,-0.4188581757500618
2022-07-01,COMPLET,6.0,8.248303946581997,-2.2483039465819967
2022-07-02,COMPLET,6.0,9.00036646902416,-3.0003664690241596
2022-07-03,COMPLET,7.0,8.241842581686758,-1.2418425816867575
2022-07-04,COMPLET,6.0,7.323101580108183,-1.3231015801081831
2022-07-05,COMPLET,6.0,7.310241020924236,-1.310241020924236
2022-07-06,COMPLET,7.0,6.996407032493462,0.0035929675065382582
2022-07-07,COMPLET,5.0,7.193883637115832,-2.1938836371158317
2022-07-08,COMPLET,9.0,7.542213675537949,1.4577863244620506
2022-07-09,COMPLET,6.0,8.25828202199124,-2.2582820219912403
2022-07-10,COMPLET,7.0,8.284901305746647,-1.2849013057466472
2022-07-11,COMPLET,6.0,7.36133189608565,-1.36133189608565
2022-07-12,COMPLET,5.0,7.348375757848099,-2.348375757848099
2022-07-13,COMPLET,9.0,7.0328774384139665,1.9671225615860335
2022-07-14,COMPLET,9.0,7.505204820997692,1.494795179002308
2022-07-15,COMPLET,7.0,7.581470758444618,-0.5814707584446177
2022-07-16,COMPLET,14.0,8.301234289451344,5.698765710548656
2022-07-17,COMPLET,15.0,8.327960029806523,6.672039970193477
2022-07-18,COMPLET,10.0,7.399562212061176,2.600437787938824
2022-07-19,COMPLET,5.0,7.386510494772207,-2.3865104947722067
2022-07-20,COMPLET,8.0,7.0693478443335165,0.9306521556664835
2022-07-21,COMPLET,10.0,7.268827425956452,2.7311725740435477
2022-07-22,COMPLET,9.0,7.6207278413492245,1.3792721586507755
2022-07-23,COMPLET,11.0,8.344186556914247,2.655813443085753
2022-07-24,COMPLET,10.0,8.371018753868125,1.6289812461318753
2022-07-25,COMPLET,8.0,7.4377925280357395,0.5622074719642605
2022-07-26,COMPLET,10.0,7.4246452316960685,2.5753547683039315
2022-07-27,COMPLET,10.0,7.105818250253861,2.8941817497461386
2022-07-28,COMPLET,8.0,7.306299320377631,0.6937006796223688
2022-07-29,COMPLET,9.0,7.659984924255876,1.340015075744124
2022-07-30,COMPLET,10.0,8.387138824376073,1.6128611756239266
2022-07-31,COMPLET,9.0,8.41407747792799,0.5859225220720106
2022-08-01,COMPLET,13.0,7.476022844011259,5.523977155988741
2022-08-02,COMPLET,9.0,8.086325521689535,0.9136744783104653
2022-08-03,COMPLET,10.0,7.934313041716473,2.0656869582835267
2022-08-04,COMPLET,9.0,8.073054225632779,0.9269457743672209
2022-08-05,COMPLET,1.0,8.440583442125575,-7.440583442125575
2022-08-06,COMPLET,10.0,9.257150745496446,0.7428492545035539
2022-08-07,COMPLET,10.0,9.271363293110909,0.7286367068890911
2022-08-08,COMPLET,10.0,8.283902972048757,1.7160970279512426
2022-08-09,COMPLET,10.0,8.141524029161111,1.8584759708388887
2022-08-10,COMPLET,11.0,7.988421124207082,3.0115788757929183
2022-08-11,COMPLET,10.0,8.128054871784823,1.8719451282151773
2022-08-12,COMPLET,8.0,8.498032103138398,-0.49803210313839763
2022-08-13,COMPLET,10.0,9.320095958997252,0.6799040410027484
2022-08-14,COMPLET,10.0,9.334343968784488,0.6656560312155122
2022-08-15,COMPLET,10.0,9.124625309883315,0.8753746901166846
2022-08-16,COMPLET,10.0,8.196722536632713,1.8032774633672872
2022-08-17,COMPLET,6.0,8.042529206697692,-2.042529206697692
2022-08-18,COMPLET,9.0,8.1830555179359,0.8169444820641001
2022-08-19,COMPLET,10.0,8.555480764155275,1.4445192358447247
2022-08-20,COMPLET,10.0,9.38304117249884,0.6169588275011595
2022-08-21,COMPLET,9.0,9.397324644458687,-0.39732464445868665
2022-08-22,COMPLET,10.0,8.39633951038874,1.6036604896112596
2022-08-23,COMPLET,7.0,8.251921044104355,-1.2519210441043551
2022-08-24,COMPLET,11.0,8.096637289188303,2.903362710811697
2022-08-25,COMPLET,3.0,8.23805616408795,-5.238056164087951
2022-08-26,COMPLET,4.0,8.612929425171385,-4.6129294251713855
2022-08-27,COMPLET,6.0,9.445986385998873,-3.4459863859988733
2022-08-28,COMPLET,10.0,9.460305320132877,0.5396946798671234
2022-08-29,COMPLET,6.0,8.452557779556873,-2.452557779556873
2022-08-30,COMPLET,6.0,8.307119551575946,-2.307119551575946
2022-08-31,COMPLET,5.0,8.150745371678573,-3.150745371678573
2022-09-02,COMPLET,7.0,5.768462494758022,1.2315375052419784
2022-09-03,COMPLET,8.0,6.717809770245838,1.2821902297541623
2022-09-04,COMPLET,8.0,6.763084612980532,1.2369153870194678
2022-09-05,COMPLET,5.0,5.738805585280283,-0.7388055852802831
2022-09-06,COMPLET,3.0,5.621427815931154,-2.6214278159311544
2022-09-07,COMPLET,4.0,5.497141438867494,-1.4971414388674944
2022-09-08,COMPLET,5.0,5.519594804506233,-0.5195948045062329
2022-09-09,COMPLET,3.0,5.802476519892621,-2.802476519892621
2022-09-10,COMPLET,6.0,6.757388329100975,-0.7573883291009746
2022-09-11,COMPLET,6.0,6.802896404693349,-0.8028964046933487
2022-09-12,COMPLET,3.0,5.7725594378616325,-2.7725594378616325
2022-09-13,COMPLET,6.0,5.654463531370157,0.34553646862984344
2022-09-14,COMPLET,3.0,5.529419655864431,-2.529419655864431
2022-09-15,COMPLET,6.0,5.551977699807981,0.4480223001920187
2022-09-16,COMPLET,5.0,5.836490545025763,-0.8364905450257627
2022-09-17,COMPLET,6.0,6.796966887956893,-0.7969668879568932
2022-09-18,COMPLET,5.0,6.842708196410326,-1.8427081964103262
2022-09-20,COMPLET,4.0,5.6874992468093435,-1.6874992468093435
2022-09-21,COMPLET,4.0,5.561697872861359,-1.5616978728613589
2022-09-22,COMPLET,4.0,5.584360595110283,-1.584360595110283
2022-09-23,COMPLET,4.0,5.870504570159645,-1.8705045701596452
2022-09-24,COMPLET,4.0,6.836545446812825,-2.836545446812825
2022-09-25,COMPLET,4.0,6.882519988123144,-2.8825199881231436
2022-09-26,COMPLET,4.0,5.840067143027445,-1.8400671430274453
2022-09-27,COMPLET,4.0,5.720534962248346,-1.7205349622483457
2022-09-28,COMPLET,3.0,5.593976089858029,-2.593976089858029
2022-09-29,COMPLET,4.0,5.61674349041203,-1.6167434904120297
2022-09-30,COMPLET,5.0,5.904518595289993,-0.9045185952899928
2022-01-04,COOKIE,2.0,5.82011444908964,-3.8201144490896404
2022-01-06,COOKIE,11.0,5.030066588313147,5.969933411686853
2022-01-07,COOKIE,6.0,5.723357350758116,0.2766426492418841
2022-01-08,COOKIE,4.0,5.865036932985001,-1.8650369329850012
2022-01-09,COOKIE,2.0,5.8037744562115465,-3.8037744562115465
2022-01-10,COOKIE,2.0,5.1594474158953805,-3.1594474158953805
2022-01-11,COOKIE,8.0,5.80846295224579,2.1915370477542098
2022-01-13,COOKIE,6.0,5.019990953671016,0.9800090463289841
2022-01-14,COOKIE,5.0,5.711889716517887,-0.711889716517887
2022-01-15,COOKIE,4.0,5.853282057052144,-1.8532820570521444
2022-01-16,COOKIE,3.0,5.792139032862975,-2.792139032862975
2022-01-17,COOKIE,3.0,5.1491007779282905,-2.1491007779282905
2022-01-18,COOKIE,2.0,5.7968114554019365,-3.7968114554019365
2022-01-20,COOKIE,5.0,5.009915319028885,-0.009915319028885428
2022-01-21,COOKIE,5.0,5.7004220822786325,-0.7004220822786325
2022-01-22,COOKIE,6.0,5.841527181119832,0.15847281888016784
2022-01-23,COOKIE,7.0,5.780503609514168,1.2194963904858316
2022-01-24,COOKIE,3.0,5.138754139961168,-2.1387541399611676
2022-01-25,COOKIE,2.0,5.785159958555583,-3.7851599585555826
2022-01-27,COOKIE,6.0,4.999839684388192,1.000160315611808
2022-01-28,COOKIE,7.0,5.688954448040477,1.3110455519595234
2022-01-29,COOKIE,4.0,5.829772305187521,-1.8297723051875208
2022-01-30,COOKIE,4.0,5.768868186168092,-1.768868186168092
2022-01-31,COOKIE,5.0,5.128407501994075,-0.1284075019940749
2022-02-03,COOKIE,3.0,4.69594466217962,-1.6959446621796204
2022-02-04,COOKIE,14.0,5.2106162934231035,8.789383706576896
2022-02-05,COOKIE,3.0,5.2667602768599755,-2.2667602768599755
2022-02-06,COOKIE,8.0,5.194414746728345,2.805585253271655
2022-02-07,COOKIE,3.0,4.585541412870015,-1.5855414128700147
2022-02-08,COOKIE,7.0,5.146414684196904,1.8535853158030964
2022-02-10,COOKIE,5.0,4.658573662151127,0.34142633784887266
2022-02-11,COOKIE,9.0,5.169102266490385,3.830897733509615
2022-02-12,COOKIE,5.0,5.224751125909594,-0.22475112590959423
2022-02-13,COOKIE,4.0,5.152935379500012,-1.1529353795000121
2022-02-14,COOKIE,8.0,4.548882310056293,3.4511176899437066
2022-02-15,COOKIE,8.0,5.105224639030865,2.8947753609691347
2022-02-17,COOKIE,5.0,4.621202662120153,0.37879733787984726
2022-02-18,COOKIE,8.0,5.1275882395565615,2.8724117604434385
2022-02-19,COOKIE,12.0,5.182741974958545,6.817258025041455
2022-02-20,COOKIE,8.0,5.111456012271688,2.888543987728312
2022-02-21,COOKIE,5.0,4.512223207242084,0.4877767927579164
2022-02-22,COOKIE,1.0,5.064034593865712,-4.064034593865712
2022-02-24,COOKIE,7.0,4.583831662091805,2.4161683379081946
2022-02-25,COOKIE,8.0,5.08607421262383,2.9139257873761704
2022-02-26,COOKIE,12.0,5.140732824007821,6.859267175992179
2022-02-27,COOKIE,6.0,5.069976645045768,0.9300233549542316
2022-02-28,COOKIE,8.0,4.47556410442884,3.52443589557116
2022-03-01,COOKIE,5.0,5.022844548701522,-0.02284454870152164
2022-03-02,COOKIE,6.0,4.763280178004062,1.2367198219959379
2022-03-03,COOKIE,2.0,4.546460662061997,-2.546460662061997
2022-03-04,COOKIE,7.0,5.04456018569001,1.9554398143099903
2022-03-05,COOKIE,5.0,6.178317962954416,-1.1783179629544156
2022-03-06,COOKIE,2.0,6.000059516276183,-4.000059516276183
2022-03-07,COOKIE,4.0,5.320074010155452,-1.3200740101554516
2022-03-08,COOKIE,10.0,5.890741053064948,4.109258946935052
2022-03-09,COOKIE,1.0,5.832374694877038,-4.832374694877038
2022-03-10,COOKIE,3.0,5.324783447727183,-2.3247834477271834
2022-03-11,COOKIE,3.0,6.279963685644513,-3.279963685644513
2022-03-12,COOKIE,4.0,6.191578404124911,-2.191578404124911
2022-03-13,COOKIE,7.0,6.012933416431155,0.9870665835688452
2022-03-14,COOKIE,5.0,5.331485416057814,-0.3314854160578138
2022-03-15,COOKIE,5.0,5.903372652749394,-0.9033726527493942
2022-03-17,COOKIE,6.0,5.33619446539289,0.6638055346071097
2022-03-18,COOKIE,9.0,6.293417536966022,2.7065824630339783
2022-03-19,COOKIE,1.0,6.20483884529553,-5.20483884529553
2022-03-20,COOKIE,3.0,6.0258073165861274,-3.0258073165861274
2022-03-22,COOKIE,3.0,5.916004252430331,-2.916004252430331
2022-03-23,COOKIE,2.0,5.8573799227552374,-3.8573799227552374
2022-03-24,COOKIE,2.0,5.34760548305991,-3.34760548305991
2022-03-25,COOKIE,5.0,6.306871388285036,-1.3068713882850362
2022-03-26,COOKIE,8.0,6.218099286466991,1.781900713533009
2022-03-27,COOKIE,2.0,6.038681216740216,-4.038681216740216
2022-03-28,COOKIE,1.0,5.35430822786406,-4.35430822786406
2022-03-29,COOKIE,4.0,5.928635852114783,-1.928635852114783
2022-03-30,COOKIE,4.0,5.86988253669607,-1.8698825366960703
2022-04-01,COOKIE,5.0,6.320325239607202,-1.320325239607202
2022-04-02,COOKIE,10.0,6.231359727637733,3.7686402723622674
2022-04-04,COOKIE,1.0,4.725690947700095,-3.7256909477000946
2022-04-05,COOKIE,5.0,5.310615163313603,-0.31061516331360295
2022-04-06,COOKIE,2.0,4.975495542449602,-2.975495542449602
2022-04-07,COOKIE,1.0,4.73239670900448,-3.7323967090044796
2022-04-09,COOKIE,2.0,5.539245268099944,-3.539245268099944
2022-04-10,COOKIE,5.0,5.293116715109964,-0.2931167151099636
2022-04-11,COOKIE,8.0,4.7093128517539204,3.2906871482460796
2022-04-12,COOKIE,4.0,5.292200745111235,-1.2922007451112352
2022-04-13,COOKIE,5.0,4.95823459243754,0.041765407562460055
2022-04-14,COOKIE,3.0,4.715970974977029,-1.7159709749770293
2022-04-15,COOKIE,8.0,5.576273613396149,2.4237263866038514
2022-04-16,COOKIE,6.0,5.519999948093722,0.4800000519062779
2022-04-17,COOKIE,2.0,5.274717401504784,-3.274717401504784
2022-04-18,COOKIE,2.0,4.592617745996765,-2.5926177459967654
2022-04-19,COOKIE,10.0,5.273786326908868,4.726213673091132
2022-04-20,COOKIE,7.0,4.9409736424225805,2.0590263575774195
2022-04-21,COOKIE,9.0,4.699545240948469,4.300454759051531
2022-04-22,COOKIE,16.0,5.556841775247147,10.443158224752853
2022-04-23,COOKIE,11.0,5.500754628087927,5.499245371912073
2022-04-24,COOKIE,5.0,5.256318087899172,-0.25631808789917176
2022-04-25,COOKIE,6.0,4.676556659863211,1.323443340136789
2022-04-26,COOKIE,4.0,5.255371908705912,-1.2553719087059116
2022-04-27,COOKIE,4.0,4.92371269240907,-0.9237126924090697
2022-04-28,COOKIE,4.0,4.683119506922366,-0.6831195069223659
2022-04-29,COOKIE,5.0,5.537409937099196,-0.5374099370991958
2022-04-30,COOKIE,4.0,5.481509308081709,-1.4815093080817094
2022-05-01,COOKIE,9.0,5.184977713884509,3.815022286115491
2022-05-02,COOKIE,5.0,4.660178563916899,0.3398214360831009
2022-05-03,COOKIE,9.0,5.23695749050355,3.76304250949645
2022-05-05,COOKIE,5.0,4.870533440629306,0.12946655937069362
2022-05-07,COOKIE,2.0,5.774554881461138,-3.774554881461138
2022-05-08,COOKIE,9.0,5.598240103085842,3.4017598969141583
2022-05-09,COOKIE,3.0,4.873139843544311,-1.873139843544311
2022-05-10,COOKIE,6.0,5.582529694694165,0.4174703053058346
2022-05-11,COOKIE,7.0,5.189608536508641,1.8103914634913592
2022-05-12,COOKIE,9.0,4.865542054761104,4.134457945238896
2022-05-13,COOKIE,2.0,6.004009634602654,-4.004009634602654
2022-05-14,COOKIE,3.0,5.768635309415162,-2.7686353094151617
2022-05-16,COOKIE,5.0,4.868142860329124,0.13185713967087587
2022-05-17,COOKIE,2.0,5.576804454893673,-3.576804454893673
2022-05-18,COOKIE,7.0,5.184285482512697,1.8157145174873026
2022-05-19,COOKIE,5.0,4.860550668891204,0.13944933110879631
2022-05-20,COOKIE,4.0,5.997849432701264,-1.9978494327012637
2022-05-21,COOKIE,10.0,5.762715737369515,4.237284262630485
2022-05-22,COOKIE,6.0,5.487783285988689,0.512216714011311
2022-05-23,COOKIE,3.0,4.863145877111139,-1.8631458771111387
2022-05-24,COOKIE,2.0,5.571079215096752,-3.571079215096752
2022-05-25,COOKIE,4.0,5.178962428514528,-1.1789624285145281
2022-05-26,COOKIE,3.0,4.738232045441742,-1.738232045441742
2022-05-27,COOKIE,10.0,5.991689230800992,4.008310769199008
2022-05-28,COOKIE,15.0,5.756796165323215,9.243203834676784
2022-05-29,COOKIE,10.0,5.48214530247923,4.51785469752077
2022-05-30,COOKIE,6.0,4.858148893897237,1.141851106102763
2022-05-31,COOKIE,2.0,5.565353975299829,-3.5653539752998293
2022-06-01,COOKIE,6.0,5.1736393745144325,0.8263606254855675
2022-06-02,COOKIE,1.0,4.850567897149806,-3.850567897149806
2022-06-03,COOKIE,1.0,6.16015178168103,-5.16015178168103
2022-06-04,COOKIE,1.0,6.021360069002253,-5.021360069002253
2022-06-05,COOKIE,12.0,5.774118745063543,6.225881254936457
2022-06-06,COOKIE,8.0,5.230678714078758,2.769321285921242
2022-06-07,COOKIE,9.0,5.6137952307928725,3.3862047692071275
2022-06-08,COOKIE,1.0,5.36677070552873,-4.36677070552873
2022-06-10,COOKIE,1.0,6.1635246320200086,-5.1635246320200086
2022-06-11,COOKIE,11.0,6.024656669254576,4.975343330745424
2022-06-12,COOKIE,9.0,5.777279737338891,3.2227202626611087
2022-06-13,COOKIE,9.0,4.999624076243122,4.000375923756878
2022-06-15,COOKIE,3.0,5.3697080094333804,-2.3697080094333804
2022-06-16,COOKIE,1.0,5.016080714382205,-4.016080714382205
2022-06-17,COOKIE,6.0,6.1668974823569815,-0.16689748235698154
2022-06-18,COOKIE,6.0,6.027953269506722,-0.027953269506721945
2022-06-19,COOKIE,8.0,5.7804407296169495,2.2195592703830505
2022-06-20,COOKIE,3.0,5.002359366661844,-2.002359366661844
2022-06-21,COOKIE,5.0,5.619940718622247,-0.6199407186222468
2022-06-22,COOKIE,3.0,5.372645313343771,-2.372645313343771
2022-06-23,COOKIE,2.0,5.018824364909075,-3.018824364909075
2022-06-24,COOKIE,5.0,6.170270332694957,-1.1702703326949573
2022-06-25,COOKIE,11.0,6.031249869760438,4.968750130239562
2022-06-26,COOKIE,3.0,5.783601721892301,-2.7836017218923006
2022-06-27,COOKIE,2.0,5.005094657080567,-3.0050946570805674
2022-06-28,COOKIE,4.0,5.623013462539189,-1.6230134625391894
2022-06-29,COOKIE,5.0,5.37558261724842,-0.37558261724842
2022-06-30,COOKIE,4.0,5.021568015432922,-1.0215680154329219
2022-07-01,COOKIE,8.0,11.059790138877442,-3.0597901388774424
2022-07-02,COOKIE,10.0,10.92107477610248,-0.9210747761024791
2022-07-03,COOKIE,7.0,10.553376640665466,-3.5533766406654657
2022-07-04,COOKIE,2.0,9.73313980740746,-7.7331398074074595
2022-07-05,COOKIE,14.0,10.316013669887598,3.6839863301124023
2022-07-06,COOKIE,5.0,9.852577116936605,-4.8525771169366045
2022-07-07,COOKIE,13.0,9.642557415362203,3.3574425846377967
2022-07-08,COOKIE,2.0,10.644926544020446,-8.644926544020446
2022-07-10,COOKIE,11.0,10.550275096898792,0.44972490310120783
2022-07-11,COOKIE,3.0,9.73027920386854,-6.730279203868539
2022-07-12,COOKIE,7.0,10.312981630395443,-3.312981630395443
2022-07-13,COOKIE,10.0,9.849681167180247,0.1503188328197531
2022-07-14,COOKIE,6.0,9.324530243206354,-3.324530243206354
2022-07-15,COOKIE,12.0,10.641797437680605,1.358202562319395
2022-07-16,COOKIE,18.0,10.732930541104036,7.267069458895964
2022-07-17,COOKIE,29.0,10.54717355313212,18.45282644686788
2022-07-18,COOKIE,21.0,9.727418600329218,11.272581399670782
2022-07-19,COOKIE,15.0,10.30994959090294,4.69005040909706
2022-07-20,COOKIE,14.0,9.84678521742046,4.153214782579539
2022-07-21,COOKIE,13.0,9.636888739223929,3.363111260776071
2022-07-22,COOKIE,16.0,10.638668331338227,5.361331668661773
2022-07-23,COOKIE,15.0,10.729774505482611,4.270225494517389
2022-07-24,COOKIE,4.0,10.544072009365337,-6.544072009365337
2022-07-25,COOKIE,11.0,9.724557996791509,1.2754420032084912
2022-07-26,COOKIE,6.0,10.30691755141079,-4.306917551410789
2022-07-27,COOKIE,9.0,9.843889267664412,-0.8438892676644123
2022-07-28,COOKIE,7.0,9.634054401156481,-2.6340544011564813
2022-07-29,COOKIE,9.0,10.635539224998386,-1.6355392249983858
2022-07-30,COOKIE,7.0,10.726618469860473,-3.7266184698604725
2022-07-31,COOKIE,9.0,10.540970465598663,-1.5409704655986634
2022-08-01,COOKIE,12.0,9.721697393252189,2.278302606747811
2022-08-02,COOKIE,2.0,10.409763926828836,-8.409763926828836
2022-08-03,COOKIE,5.0,9.933896050652047,-4.933896050652047
2022-08-04,COOKIE,7.0,9.729488831870306,-2.729488831870306
2022-08-05,COOKIE,9.0,10.692506531694082,-1.6925065316940824
2022-08-06,COOKIE,12.0,10.923036684404407,1.0769633155955933
2022-08-07,COOKIE,19.0,10.72996216697326,8.27003783302674
2022-08-08,COOKIE,17.0,9.81546548074651,7.184534519253489
2022-08-09,COOKIE,11.0,10.410967396922828,0.5890326030771718
2022-08-10,COOKIE,9.0,9.935044486816704,-0.9350444868167038
2022-08-11,COOKIE,16.0,9.730613618385206,6.269386381614794
2022-08-12,COOKIE,25.0,10.693742628336386,14.306257371663614
2022-08-13,COOKIE,8.0,10.92429941040761,-2.9242994104076097
2022-08-14,COOKIE,24.0,10.73120255267146,13.26879744732854
2022-08-15,COOKIE,11.0,10.231160062727673,0.7688399372723271
2022-08-16,COOKIE,16.0,10.41217086701429,5.587829132985711
2022-08-17,COOKIE,15.0,9.936192922981359,5.063807077018641
2022-08-18,COOKIE,18.0,9.731738404897266,8.268261595102734
2022-08-19,COOKIE,20.0,10.694978724984288,9.305021275015712
2022-08-20,COOKIE,21.0,10.925562136411669,10.074437863588331
2022-08-21,COOKIE,15.0,10.732442938369788,4.267557061630212
2022-08-22,COOKIE,14.0,9.81773478268149,4.182265217318511
2022-08-23,COOKIE,10.0,10.413374337107784,-0.4133743371077845
2022-08-24,COOKIE,9.0,9.937341359146016,-0.937341359146016
2022-08-25,COOKIE,16.0,9.732863191412166,6.267136808587834
2022-08-26,COOKIE,11.0,10.696214821630768,0.3037851783692318
2022-08-27,COOKIE,7.0,10.926824862414012,-3.926824862414012
2022-08-28,COOKIE,12.0,10.733683324068116,1.2663166759318845
2022-08-29,COOKIE,5.0,9.818869433649668,-4.8188694336496685
2022-08-30,COOKIE,8.0,10.41457780720051,-2.4145778072005104
2022-08-31,COOKIE,10.0,9.938489795309023,0.06151020469097723
2022-09-02,COOKIE,13.0,6.401088708073308,6.598911291926692
2022-09-03,COOKIE,4.0,6.440413458277142,-2.440413458277142
2022-09-04,COOKIE,10.0,6.497722627237365,3.5022773727626353
2022-09-05,COOKIE,4.0,5.272835512244505,-1.2728355122445052
2022-09-06,COOKIE,6.0,5.752063924863857,0.2479360751361428
2022-09-07,COOKIE,4.0,5.220970207586657,-1.2209702075866566
2022-09-08,COOKIE,9.0,5.338645643129866,3.6613543568701337
2022-09-09,COOKIE,1.0,6.4126207405304925,-5.4126207405304925
2022-09-10,COOKIE,7.0,6.452013351725299,0.5479866482747013
2022-09-11,COOKIE,2.0,6.50942273035232,-4.50942273035232
2022-09-12,COOKIE,2.0,5.282327584664798,-3.282327584664798
2022-09-13,COOKIE,2.0,5.762416034208772,-3.762416034208772
2022-09-14,COOKIE,1.0,5.230364081303064,-4.230364081303064
2022-09-15,COOKIE,6.0,5.348248776985576,0.6517512230144238
2022-09-16,COOKIE,2.0,6.424152772983575,-4.424152772983575
2022-09-17,COOKIE,2.0,6.463613245174723,-4.463613245174723
2022-09-18,COOKIE,3.0,6.521122833470998,-3.521122833470998
2022-09-20,COOKIE,7.0,5.772768143550142,1.2272318564498583
2022-09-21,COOKIE,3.0,5.239757955020813,-2.2397579550208127
2022-09-22,COOKIE,1.0,5.357851910843728,-4.357851910843728
2022-09-23,COOKIE,1.0,6.435684805438715,-5.435684805438715
2022-09-24,COOKIE,4.0,6.47521313862415,-2.4752131386241496
2022-09-25,COOKIE,8.0,6.532822936585952,1.4671770634140477
2022-09-27,COOKIE,4.0,5.783120252895059,-1.783120252895059
2022-09-28,COOKIE,4.0,5.24915182873622,-1.2491518287362204
2022-09-29,COOKIE,7.0,5.36745504469944,1.6325449553005598
2022-09-30,COOKIE,6.0,6.447216837889981,-0.44721683788998057
2022-01-04,COUPE,6.0,25.94456286393664,-19.94456286393664
2022-01-06,COUPE,22.0,26.40442638822555,-4.4044263882255485
2022-01-07,COUPE,29.0,33.95768491779678,-4.957684917796783
2022-01-08,COUPE,21.0,37.897635672230365,-16.897635672230365
2022-01-09,COUPE,30.0,46.137507618562154,-16.137507618562154
2022-01-10,COUPE,19.0,26.454950460636752,-7.454950460636752
2022-01-11,COUPE,23.0,25.791099530932428,-2.791099530932428
2022-01-13,COUPE,11.0,26.247978541406756,-15.247978541406756
2022-01-14,COUPE,18.0,33.75631310202434,-15.756313102024343
2022-01-15,COUPE,17.0,37.67270908253477,-20.672709082534773
2022-01-16,COUPE,32.0,45.86344412168343,-13.863444121683429
2022-01-17,COUPE,10.0,26.297670745893985,-16.297670745893985
2022-01-18,COUPE,16.0,25.63763619792803,-9.637636197928028
2022-01-20,COUPE,16.0,26.09153069458803,-10.09153069458803
2022-01-21,COUPE,21.0,33.55494128623587,-12.554941286235866
2022-01-22,COUPE,18.0,37.44778249285484,-19.44778249285484
2022-01-23,COUPE,38.0,45.58938062481118,-7.589380624811177
2022-01-24,COUPE,25.0,26.140391031210953,-1.140391031210953
2022-01-25,COUPE,23.0,25.484172864881383,-2.4841728648813834
2022-01-27,COUPE,23.0,25.93508284779873,-2.9350828477987285
2022-01-28,COUPE,16.0,33.353569470472486,-17.353569470472486
2022-01-29,COUPE,25.0,37.22285590317468,-12.222855903174683
2022-01-30,COUPE,34.0,45.315317127961784,-11.315317127961784
2022-01-31,COUPE,13.0,25.983111316467998,-12.983111316467998
2022-02-01,COUPE,9.0,25.330709531876877,-16.330709531876877
2022-02-03,COUPE,20.0,20.462460813263167,-0.4624608132631671
2022-02-04,COUPE,14.0,25.910033412539246,-11.910033412539246
2022-02-05,COUPE,23.0,29.18401179990892,-6.1840117999089195
2022-02-06,COUPE,51.0,35.747880344639206,15.252119655360794
2022-02-07,COUPE,17.0,20.25768205779373,-3.2576820577937298
2022-02-08,COUPE,27.0,19.647196127796644,7.352803872203356
2022-02-10,COUPE,30.0,20.024230301579188,9.975769698420812
2022-02-11,COUPE,22.0,25.353433064608154,-3.3534330646081543
2022-02-12,COUPE,35.0,28.55514982956847,6.444850170431529
2022-02-13,COUPE,53.0,34.975200488544374,18.024799511455626
2022-02-14,COUPE,22.0,19.818462024070502,2.1815379759294977
2022-02-15,COUPE,37.0,19.219888905778944,17.780111094221056
2022-02-17,COUPE,31.0,19.585999789854775,11.414000210145225
2022-02-18,COUPE,28.0,24.796832716657548,3.2031672833424523
2022-02-19,COUPE,45.0,27.92628785921527,17.07371214078473
2022-02-20,COUPE,47.0,34.202520632449804,12.797479367550196
2022-02-21,COUPE,36.0,19.379241990340446,16.620758009659554
2022-02-22,COUPE,33.0,18.79258168375696,14.20741831624304
2022-02-24,COUPE,35.0,19.147769278175264,15.852230721824736
2022-02-25,COUPE,31.0,24.240232368726073,6.759767631273927
2022-02-26,COUPE,49.0,27.297425888837356,21.702574111162644
2022-02-27,COUPE,68.0,33.42984077638501,34.57015922361499
2022-02-28,COUPE,29.0,18.94002195662477,10.059978043375231
2022-03-01,COUPE,34.0,18.36527446175026,15.63472553824974
2022-03-02,COUPE,25.0,16.62545139389484,8.374548606105161
2022-03-03,COUPE,24.0,18.709538766468935,5.290461233531065
2022-03-04,COUPE,41.0,23.683632020775956,17.316367979224044
2022-03-05,COUPE,45.0,32.970053005259714,12.029946994740286
2022-03-06,COUPE,56.0,40.935704170925035,15.064295829074965
2022-03-07,COUPE,21.0,23.082114994831493,-2.0821149948314925
2022-03-08,COUPE,16.0,22.554013228010184,-6.554013228010184
2022-03-09,COUPE,11.0,20.475985060263795,-9.475985060263795
2022-03-10,COUPE,9.0,23.03341868704104,-14.033418687041038
2022-03-11,COUPE,14.0,28.88484001796268,-14.88484001796268
2022-03-12,COUPE,27.0,32.64532228296607,-5.64532228296607
2022-03-13,COUPE,44.0,40.53194955760933,3.4680504423906697
2022-03-14,COUPE,25.0,22.85413161192491,2.1458683880750904
2022-03-15,COUPE,21.0,22.33093116609982,-1.3309311660998198
2022-03-16,COUPE,8.0,20.2731702264022,-12.2731702264022
2022-03-17,COUPE,16.0,22.804949163184574,-6.804949163184574
2022-03-18,COUPE,15.0,28.59792341804648,-13.59792341804648
2022-03-19,COUPE,28.0,32.32059156065745,-4.320591560657448
2022-03-20,COUPE,37.0,40.12819494429377,-3.1281949442937673
2022-03-21,COUPE,25.0,22.626148228972088,2.373851771027912
2022-03-22,COUPE,22.0,22.107849104152418,-0.10784910415241811
2022-03-23,COUPE,11.0,20.07035539254045,-9.07035539254045
2022-03-24,COUPE,15.0,22.576479639354584,-7.576479639354584
2022-03-25,COUPE,21.0,28.311006818124596,-7.311006818124596
2022-03-26,COUPE,26.0,31.99586083831842,-5.995860838318421
2022-03-27,COUPE,37.0,39.72444033098185,-2.7244403309818495
2022-03-28,COUPE,18.0,22.398164846019405,-4.398164846019405
2022-03-29,COUPE,19.0,21.88476704224189,-2.88476704224189
2022-03-30,COUPE,10.0,19.867540558667304,-9.867540558667304
2022-03-31,COUPE,19.0,22.348010115524165,-3.348010115524165
2022-04-01,COUPE,21.0,28.024090218231397,-7.024090218231397
2022-04-02,COUPE,32.0,31.671130115995652,0.328869884004348
2022-04-03,COUPE,32.0,39.32068571767,-7.320685717670003
2022-04-04,COUPE,13.0,21.115768898895325,-8.115768898895325
2022-04-05,COUPE,17.0,20.48735368651732,-3.48735368651732
2022-04-06,COUPE,11.0,17.951423716903612,-6.951423716903612
2022-04-07,COUPE,18.0,20.828390124364635,-2.8283901243646348
2022-04-08,COUPE,20.0,25.94936744886732,-5.949367448867321
2022-04-09,COUPE,25.0,29.593993158101608,-4.593993158101608
2022-04-10,COUPE,34.0,36.76813064828067,-2.7681306482806676
2022-04-11,COUPE,35.0,20.834958865862884,14.165041134137116
2022-04-12,COUPE,20.0,20.214382100953756,-0.2143821009537561
2022-04-13,COUPE,15.0,17.711784492307643,-2.7117844923076433
2022-04-14,COUPE,33.0,20.549814109527826,12.450185890472174
2022-04-15,COUPE,45.0,25.601634863981424,19.398365136018576
2022-04-16,COUPE,66.0,29.196660402571194,36.8033395974288
2022-04-17,COUPE,38.0,36.27352834448517,1.7264716555148283
2022-04-18,COUPE,58.0,31.48858142673155,26.51141857326845
2022-04-19,COUPE,30.0,19.941410515390317,10.058589484609683
2022-04-20,COUPE,25.0,17.472145267667017,7.527854732332983
2022-04-21,COUPE,43.0,20.271238094686066,22.728761905313934
2022-04-22,COUPE,34.0,25.25390227911229,8.746097720887711
2022-04-23,COUPE,27.0,28.799327647054973,-1.799327647054973
2022-04-24,COUPE,42.0,35.77892604069891,6.221073959301087
2022-04-25,COUPE,25.0,20.273338799811107,4.726661200188893
2022-04-26,COUPE,14.0,19.66843892983297,-5.66843892983297
2022-04-27,COUPE,34.0,17.232506043048446,16.767493956951554
2022-04-28,COUPE,30.0,19.992662079873163,10.007337920126837
2022-04-29,COUPE,32.0,24.906169694226808,7.093830305773192
2022-04-30,COUPE,55.0,28.40199489152428,26.59800510847572
2022-05-01,COUPE,47.0,30.475103735632846,16.524896264367154
2022-05-02,COUPE,36.0,19.99252876682574,16.00747123317426
2022-05-03,COUPE,21.0,19.395467344269708,1.6045326557302921
2022-05-05,COUPE,26.0,22.26578039926655,3.73421960073345
2022-05-06,COUPE,43.0,27.805154100049737,15.194845899950263
2022-05-07,COUPE,41.0,31.973971360446633,9.026028639553367
2022-05-08,COUPE,54.0,42.45062282529137,11.549377174708631
2022-05-09,COUPE,19.0,22.126685515077178,-3.1266855150771775
2022-05-10,COUPE,22.0,21.446276450198408,0.5537235498015924
2022-05-11,COUPE,23.0,19.116980283266436,3.883019716733564
2022-05-12,COUPE,21.0,22.09218391592095,-1.0921839159209483
2022-05-13,COUPE,23.0,27.58812783700621,-4.588127837006208
2022-05-14,COUPE,43.0,31.72412783934612,11.27587216065388
2022-05-15,COUPE,52.0,39.211104229289916,12.788895770710084
2022-05-16,COUPE,20.0,21.953401482234877,-1.9534014822348773
2022-05-17,COUPE,17.0,21.278132891548314,-4.278132891548314
2022-05-18,COUPE,27.0,18.96693086252042,8.033069137479579
2022-05-19,COUPE,29.0,21.918587432549398,7.081412567450602
2022-05-20,COUPE,37.0,27.37110157396288,9.628898426037122
2022-05-21,COUPE,25.0,31.47428431826073,-6.474284318260729
2022-05-22,COUPE,56.0,38.90194916794228,17.098050832057723
2022-05-23,COUPE,20.0,21.78011744943133,-1.78011744943133
2022-05-24,COUPE,26.0,21.109989332931924,4.890010667068076
2022-05-25,COUPE,36.0,18.816881441785753,17.183118558214247
2022-05-26,COUPE,72.0,57.64114166702491,14.358858332975089
2022-05-27,COUPE,63.0,27.154075310942186,35.84592468905781
2022-05-28,COUPE,64.0,31.224440797144993,32.77555920285501
2022-05-29,COUPE,72.0,38.59279410661907,33.40720589338093
2022-05-30,COUPE,32.0,21.60683341659555,10.39316658340445
2022-05-31,COUPE,31.0,20.941845774315343,10.058154225684657
2022-06-01,COUPE,29.0,18.666832021027787,10.333167978972213
2022-06-02,COUPE,20.0,21.571394465801585,-1.5713944658015855
2022-06-03,COUPE,25.0,32.68613246366116,-7.68613246366116
2022-06-04,COUPE,63.0,37.56212665736707,25.437873342632933
2022-06-05,COUPE,63.0,46.562441247015556,16.437558752984444
2022-06-06,COUPE,63.0,44.99664332685731,18.00335667314269
2022-06-07,COUPE,28.0,25.01712827345759,2.9828717265424096
2022-06-08,COUPE,28.0,22.88817395791818,5.11182604208182
2022-06-09,COUPE,16.0,25.800412356465667,-9.800412356465667
2022-06-10,COUPE,19.0,32.8062720309365,-13.806272030936498
2022-06-11,COUPE,46.0,37.700115737856414,8.299884262143586
2022-06-12,COUPE,46.0,46.73340436529957,-0.7334043652995703
2022-06-13,COUPE,32.0,26.094765882716743,5.905234117283257
2022-06-14,COUPE,19.0,25.108887297041903,-6.108887297041903
2022-06-15,COUPE,21.0,22.97208033554276,-1.9720803355427599
2022-06-16,COUPE,24.0,25.894945280571076,-1.8949452805710756
2022-06-17,COUPE,32.0,32.926411598160094,-0.9264115981600938
2022-06-18,COUPE,46.0,37.83810481832936,8.161895181670637
2022-06-19,COUPE,49.0,46.90436748361793,2.095632516382068
2022-06-20,COUPE,24.0,26.190177555340654,-2.1901775553406537
2022-06-21,COUPE,23.0,25.20064632057816,-2.2006463205781586
2022-06-22,COUPE,17.0,23.055986713211066,-6.055986713211066
2022-06-23,COUPE,28.0,25.989478204706863,2.010521795293137
2022-06-24,COUPE,31.0,33.0465511654097,-2.046551165409703
2022-06-25,COUPE,47.0,37.97609389878173,9.023906101218273
2022-06-26,COUPE,55.0,47.075330601901946,7.924669398098054
2022-06-27,COUPE,33.0,26.285589227964504,6.714410772035496
2022-06-28,COUPE,22.0,25.292405344157036,-3.292405344157036
2022-06-29,COUPE,17.0,23.139893090835518,-6.139893090835518
2022-06-30,COUPE,27.0,26.08401112880696,0.91598887119304
2022-07-01,COUPE,39.0,59.27846138594964,-20.27846138594964
2022-07-02,COUPE,49.0,64.23936571242692,-15.239365712426917
2022-07-03,COUPE,52.0,72.29521014944541,-20.29521014944541
2022-07-04,COUPE,51.0,51.38957493505907,-0.38957493505907337
2022-07-05,COUPE,28.0,50.30311043420237,-22.303110434202367
2022-07-06,COUPE,28.0,48.111362037567574,-20.111362037567574
2022-07-07,COUPE,38.0,51.09866873289413,-13.098668732894133
2022-07-08,COUPE,40.0,57.74576763849877,-17.74576763849877
2022-07-09,COUPE,65.0,63.56099881812949,1.439001181870509
2022-07-10,COUPE,82.0,72.46502717690493,9.534972823095075
2022-07-11,COUPE,58.0,51.51024541141999,6.489754588580013
2022-07-12,COUPE,50.0,50.421190118075856,-0.42119011807585593
2022-07-13,COUPE,76.0,48.224259032748506,27.775740967251494
2022-07-14,COUPE,94.0,67.26442934612692,26.735570653873083
2022-07-15,COUPE,80.0,57.88118171569737,22.118818284302627
2022-07-16,COUPE,106.0,63.709999722413386,42.290000277586614
2022-07-17,COUPE,83.0,72.6348442043644,10.365155795635602
2022-07-18,COUPE,56.0,51.63091588771601,4.369084112283993
2022-07-19,COUPE,57.0,50.53926980195431,6.460730198045688
2022-07-20,COUPE,70.0,48.33715602787436,21.662843972125643
2022-07-21,COUPE,52.0,51.33840224627714,0.6615977537228588
2022-07-22,COUPE,52.0,58.01659579288519,-6.016595792885191
2022-07-23,COUPE,72.0,63.85900062675364,8.140999373246359
2022-07-24,COUPE,77.0,72.80466123183372,4.19533876816628
2022-07-25,COUPE,63.0,51.75158636402868,11.248413635971318
2022-07-26,COUPE,57.0,50.65734948582776,6.342650514172242
2022-07-27,COUPE,51.0,48.45005302301443,2.5499469769855665
2022-07-28,COUPE,64.0,51.4582690029985,12.541730997001501
2022-07-29,COUPE,47.0,58.15200987008365,-11.152009870083653
2022-07-30,COUPE,77.0,64.0080015310767,12.991998468923299
2022-07-31,COUPE,78.0,72.97447825929312,5.025521740706878
2022-08-01,COUPE,86.0,51.87225684032459,34.12774315967541
2022-08-02,COUPE,66.0,54.80207231730652,11.197927682693482
2022-08-03,COUPE,68.0,52.81960088970687,15.18039911029313
2022-08-04,COUPE,51.0,55.98994686179564,-4.989946861795637
2022-08-05,COUPE,53.0,62.79124660990142,-9.791246609901421
2022-08-06,COUPE,82.0,70.0314936147765,11.968506385223506
2022-08-07,COUPE,65.0,78.95261386297949,-13.95261386297949
2022-08-08,COUPE,102.0,57.087855295803344,44.912144704196656
2022-08-09,COUPE,68.0,55.12041716896945,12.879582831030547
2022-08-10,COUPE,77.0,53.126175166277115,23.873824833722885
2022-08-11,COUPE,69.0,56.31465314931082,12.685346850689179
2022-08-12,COUPE,81.0,63.155094693932384,17.844905306067616
2022-08-13,COUPE,71.0,70.4369601517813,0.5630398482186934
2022-08-14,COUPE,86.0,79.40935389755737,6.5906461024426335
2022-08-15,COUPE,75.0,62.4687877191898,12.531212280810202
2022-08-16,COUPE,67.0,55.43876202059454,11.561237979405462
2022-08-17,COUPE,69.0,53.43274944284746,15.56725055715254
2022-08-18,COUPE,64.0,56.639359436793036,7.360640563206964
2022-08-19,COUPE,52.0,63.51894277802905,-11.51894277802905
2022-08-20,COUPE,73.0,70.84242668880349,2.157573311196515
2022-08-21,COUPE,73.0,79.86609393214052,-6.866093932140515
2022-08-22,COUPE,59.0,57.74781516308276,1.2521848369172375
2022-08-23,COUPE,57.0,55.75710687226321,1.2428931277367923
2022-08-24,COUPE,54.0,53.73932371941792,0.26067628058208214
2022-08-25,COUPE,40.0,56.96406572430858,-16.964065724308583
2022-08-26,COUPE,34.0,63.88279086209998,-29.88279086209998
2022-08-27,COUPE,47.0,71.2478932257911,-24.247893225791103
2022-08-28,COUPE,55.0,80.32283396672362,-25.32283396672362
2022-08-29,COUPE,35.0,58.077795096699006,-23.077795096699006
2022-08-30,COUPE,30.0,56.07545172390723,-26.07545172390723
2022-08-31,COUPE,18.0,54.04589799596145,-36.04589799596145
2022-09-02,COUPE,26.0,33.28766384927509,-7.287663849275091
2022-09-03,COUPE,45.0,40.49370251459753,4.50629748540247
2022-09-04,COUPE,45.0,48.78340087177282,-3.7834008717728196
2022-09-05,COUPE,20.0,28.371865916651632,-8.371865916651632
2022-09-06,COUPE,30.0,26.101142547697414,3.898857452302586
2022-09-07,COUPE,24.0,24.492547244113062,-0.4925472441130623
2022-09-08,COUPE,20.0,27.199270443692054,-7.199270443692054
2022-09-09,COUPE,27.0,33.389585335513196,-6.389585335513196
2022-09-10,COUPE,47.0,40.61763352697254,6.38236647302746
2022-09-11,COUPE,48.0,48.9326372649883,-0.9326372649883012
2022-09-12,COUPE,27.0,28.458622175207864,-1.4586221752078643
2022-09-13,COUPE,23.0,26.18092047738684,-3.1809204773868416
2022-09-14,COUPE,27.0,24.567375842027015,2.4326241579729846
2022-09-15,COUPE,29.0,27.282332255835986,1.7176677441640145
2022-09-16,COUPE,28.0,33.491506821705556,-5.491506821705556
2022-09-17,COUPE,48.0,40.74156453936293,7.258435460637067
2022-09-18,COUPE,47.0,49.08187365824544,-2.081873658245442
2022-09-20,COUPE,27.0,26.260698407041986,0.7393015929580145
2022-09-21,COUPE,15.0,24.642204439978233,-9.642204439978233
2022-09-22,COUPE,18.0,27.36539406800601,-9.365394068006012
2022-09-23,COUPE,34.0,33.59342830792089,0.4065716920791118
2022-09-24,COUPE,32.0,40.86549555175344,-8.86549555175344
2022-09-25,COUPE,47.0,49.231110051460945,-2.231110051460945
2022-09-26,COUPE,17.0,28.632134692379744,-11.632134692379744
2022-09-27,COUPE,29.0,26.34047633673146,2.6595236632685406
2022-09-28,COUPE,16.0,24.717033037905395,-8.717033037905395
2022-09-29,COUPE,27.0,27.448455880149957,-0.4484558801499574
2022-09-30,COUPE,55.0,33.69534979409791,21.304650205902092
2022-01-04,CROISSANT,1.0,20.31906494270436,-19.31906494270436
2022-01-06,CROISSANT,28.0,19.92708059397271,8.072919406027289
2022-01-07,CROISSANT,11.0,22.36818891273969,-11.36818891273969
2022-01-08,CROISSANT,22.0,37.857576135048696,-15.857576135048696
2022-01-09,CROISSANT,56.0,63.936305234043104,-7.936305234043104
2022-01-10,CROISSANT,11.0,22.076637350322176,-11.076637350322176
2022-01-11,CROISSANT,17.0,19.682347419056917,-2.682347419056917
2022-01-13,CROISSANT,20.0,19.29700512892357,0.7029948710764309
2022-01-14,CROISSANT,27.0,21.65771870905719,5.342281290942811
2022-01-15,CROISSANT,26.0,36.64964284996573,-10.64964284996573
2022-01-16,CROISSANT,63.0,61.886928504800075,1.1130714951999252
2022-01-17,CROISSANT,13.0,21.365750606956663,-8.365750606956663
2022-01-18,CROISSANT,21.0,19.045629895407508,1.954370104592492
2022-01-20,CROISSANT,18.0,18.66692966387575,-0.6669296638757487
2022-01-21,CROISSANT,10.0,20.94724850532761,-10.947248505327611
2022-01-22,CROISSANT,38.0,35.44170956491379,2.5582904350862066
2022-01-23,CROISSANT,57.0,59.83755177557709,-2.83755177557709
2022-01-24,CROISSANT,9.0,20.654863863722564,-11.654863863722564
2022-01-25,CROISSANT,11.0,18.408912371685176,-7.408912371685176
2022-01-27,CROISSANT,23.0,18.03685419888236,4.963145801117641
2022-01-28,CROISSANT,39.0,20.236778301646474,18.763221698353526
2022-01-29,CROISSANT,31.0,34.23377627985876,-3.233776279858759
2022-01-30,CROISSANT,48.0,57.78817504637551,-9.788175046375507
2022-01-31,CROISSANT,17.0,19.94397712035502,-2.9439771203550187
2022-02-01,CROISSANT,9.0,17.77219484803428,-8.772194848034282
2022-02-03,CROISSANT,18.0,16.29940711846689,1.7005928815331117
2022-02-04,CROISSANT,15.0,18.01700915258963,-3.0170091525896297
2022-02-05,CROISSANT,24.0,30.428656193622672,-6.428656193622672
2022-02-06,CROISSANT,77.0,51.53179093885001,25.46820906114999
2022-02-07,CROISSANT,13.0,17.789121498463558,-4.789121498463558
2022-02-08,CROISSANT,5.0,15.543236397890881,-10.543236397890881
2022-02-10,CROISSANT,30.0,15.58174110908426,14.41825889091574
2022-02-11,CROISSANT,16.0,17.21869538204531,-1.2186953820453112
2022-02-12,CROISSANT,33.0,29.07180741634674,3.92819258365326
2022-02-13,CROISSANT,78.0,49.21919751127139,28.78080248872861
2022-02-14,CROISSANT,22.0,16.985647588963293,5.0143524110367075
2022-02-15,CROISSANT,54.0,14.83664224726889,39.16335775273111
2022-02-17,CROISSANT,11.0,14.864075099579669,-3.8640750995796687
2022-02-18,CROISSANT,17.0,16.42038161146198,0.5796183885380195
2022-02-19,CROISSANT,44.0,27.71495863904268,16.28504136095732
2022-02-20,CROISSANT,96.0,46.90660408369388,49.09339591630612
2022-02-21,CROISSANT,18.0,16.18217367945293,1.81782632054707
2022-02-22,CROISSANT,28.0,14.13004809665246,13.86995190334754
2022-02-24,CROISSANT,20.0,14.146409090162555,5.853590909837445
2022-02-25,CROISSANT,13.0,15.622067840916452,-2.6220678409164524
2022-02-26,CROISSANT,44.0,26.358109861653702,17.641890138346298
2022-02-27,CROISSANT,92.0,44.59401065616842,47.40598934383158
2022-02-28,CROISSANT,15.0,15.378699769966923,-0.3786997699669232
2022-03-01,CROISSANT,15.0,13.423453946062828,1.5765460539371716
2022-03-02,CROISSANT,24.0,13.494613882761136,10.505386117238864
2022-03-03,CROISSANT,11.0,13.428743080731339,-2.428743080731339
2022-03-04,CROISSANT,26.0,14.82375407033558,11.17624592966442
2022-03-05,CROISSANT,52.0,33.39113815740063,18.608861842599367
2022-03-06,CROISSANT,72.0,57.61622246947448,14.38377753052552
2022-03-07,CROISSANT,30.0,19.14511104739949,10.854888952600511
2022-03-08,CROISSANT,21.0,17.235264017104857,3.764735982895143
2022-03-09,CROISSANT,19.0,17.39524448667263,1.604755513327369
2022-03-10,CROISSANT,22.0,17.139284857044547,4.860715142955453
2022-03-11,CROISSANT,17.0,19.06281252383382,-2.06281252383382
2022-03-12,CROISSANT,22.0,32.489354784400966,-10.489354784400966
2022-03-13,CROISSANT,57.0,56.054173760970095,0.9458262390299055
2022-03-14,CROISSANT,23.0,18.624044747979728,4.3759552520202725
2022-03-15,CROISSANT,12.0,16.76434643387012,-4.76434643387012
2022-03-16,CROISSANT,22.0,16.918093320048747,5.081906679951253
2022-03-17,CROISSANT,12.0,16.66730517269838,-4.667305172698381
2022-03-18,CROISSANT,25.0,18.53578965310561,6.46421034689439
2022-03-19,CROISSANT,28.0,31.587571411369453,-3.587571411369453
2022-03-20,CROISSANT,94.0,54.49212505246648,39.50787494753352
2022-03-21,CROISSANT,28.0,18.102978448447693,9.897021551552307
2022-03-22,CROISSANT,27.0,16.293428850566517,10.706571149433483
2022-03-23,CROISSANT,31.0,16.44094215342397,14.559057846576032
2022-03-24,CROISSANT,20.0,16.19532548840317,3.8046745115968292
2022-03-25,CROISSANT,30.0,18.008766782378615,11.991233217621385
2022-03-26,CROISSANT,46.0,30.685788038236826,15.314211961763174
2022-03-27,CROISSANT,95.0,52.93007634397185,42.06992365602815
2022-03-28,CROISSANT,17.0,17.581912148916608,-0.5819121489166079
2022-03-29,CROISSANT,14.0,15.82251126733058,-1.8225112673305794
2022-03-30,CROISSANT,17.0,15.96379098677223,1.0362090132277704
2022-03-31,CROISSANT,13.0,15.72334580410608,-2.7233458041060796
2022-04-01,CROISSANT,23.0,17.481743911695673,5.518256088304327
2022-04-02,CROISSANT,38.0,29.784004665179104,8.215995334820896
2022-04-03,CROISSANT,69.0,51.36802763547748,17.631972364522518
2022-04-04,CROISSANT,29.0,21.325341984177342,7.674658015822658
2022-04-05,CROISSANT,19.0,19.223739680261165,-0.22373968026116486
2022-04-06,CROISSANT,24.0,19.744202129450684,4.255797870549316
2022-04-07,CROISSANT,27.0,19.101387210462043,7.898612789537957
2022-04-08,CROISSANT,17.0,21.52395595089028,-4.523955950890279
2022-04-09,CROISSANT,29.0,36.74673738687873,-7.746737386878728
2022-04-10,CROISSANT,86.0,64.26976947802501,21.73023052197499
2022-04-11,CROISSANT,18.0,21.110249606067892,-3.1102496060678924
2022-04-12,CROISSANT,22.0,19.029564768894215,2.9704352311057853
2022-04-13,CROISSANT,21.0,19.5444819473514,1.4555180526485998
2022-04-14,CROISSANT,35.0,18.907889733414898,16.092110266585102
2022-04-15,CROISSANT,19.0,21.305601808313742,-2.3056018083137424
2022-04-16,CROISSANT,82.0,36.37341160651753,45.62658839348247
2022-04-17,CROISSANT,136.0,63.61587644850588,72.38412355149413
2022-04-18,CROISSANT,108.0,28.123255516750934,79.87674448324907
2022-04-19,CROISSANT,48.0,18.835389857527414,29.164610142472586
2022-04-20,CROISSANT,34.0,19.344761765139282,14.655238234860718
2022-04-21,CROISSANT,35.0,18.71439225641099,16.28560774358901
2022-04-22,CROISSANT,23.0,21.087247665789064,1.9127523342109356
2022-04-23,CROISSANT,41.0,36.00008582618944,4.999914173810559
2022-04-24,CROISSANT,85.0,62.96198341900456,22.03801658099544
2022-04-25,CROISSANT,24.0,20.680064849886417,3.319935150113583
2022-04-26,CROISSANT,20.0,18.64121494615242,1.3587850538475799
2022-04-27,CROISSANT,14.0,19.14504158298301,-5.1450415829830085
2022-04-28,CROISSANT,14.0,18.520894779423145,-4.520894779423145
2022-04-29,CROISSANT,36.0,20.868893523213256,15.131106476786744
2022-04-30,CROISSANT,66.0,35.626760045827304,30.373239954172696
2022-05-01,CROISSANT,128.0,60.86757758081928,67.13242241918073
2022-05-02,CROISSANT,34.0,20.464972471919513,13.535027528080487
2022-05-03,CROISSANT,19.0,18.44704003478604,0.5529599652139616
2022-05-05,CROISSANT,29.0,27.253101390044442,1.746898609955558
2022-05-06,CROISSANT,13.0,30.3852805052279,-17.3852805052279
2022-05-07,CROISSANT,44.0,52.546650086359676,-8.546650086359676
2022-05-08,CROISSANT,87.0,98.52143104164263,-11.521431041642629
2022-05-09,CROISSANT,17.0,30.37065434256393,-13.370654342563931
2022-05-10,CROISSANT,18.0,27.575797093295186,-9.575797093295186
2022-05-11,CROISSANT,17.0,27.943368691222606,-10.943368691222606
2022-05-12,CROISSANT,20.0,27.78661824962699,-7.78661824962699
2022-05-13,CROISSANT,12.0,30.978455182313375,-18.978455182313375
2022-05-14,CROISSANT,31.0,53.56960125150801,-22.56960125150801
2022-05-15,CROISSANT,94.0,95.52020040172647,-1.5202004017264699
2022-05-16,CROISSANT,27.0,30.958624254844654,-3.958624254844654
2022-05-17,CROISSANT,19.0,28.108186694652055,-9.108186694652055
2022-05-18,CROISSANT,17.0,28.481370938439973,-11.481370938439973
2022-05-19,CROISSANT,10.0,28.32013510911902,-18.32013510911902
2022-05-20,CROISSANT,21.0,31.57162985939702,-10.57162985939702
2022-05-21,CROISSANT,62.0,54.592552416710824,7.407447583289176
2022-05-22,CROISSANT,95.0,97.33926694554283,-2.339266945542832
2022-05-23,CROISSANT,18.0,31.54659416729296,-13.546594167292959
2022-05-24,CROISSANT,23.0,28.64057629613236,-5.640576296132359
2022-05-25,CROISSANT,19.0,29.019373185707185,-10.019373185707185
2022-05-26,CROISSANT,109.0,57.1894982168014,51.8105017831986
2022-05-27,CROISSANT,139.0,32.164804536561704,106.8351954634383
2022-05-28,CROISSANT,112.0,55.615503581807076,56.384496418192924
2022-05-29,CROISSANT,190.0,99.15833348942685,90.84166651057315
2022-05-30,CROISSANT,34.0,32.13456407960159,1.8654359203984114
2022-05-31,CROISSANT,11.0,29.17296589761454,-18.17296589761454
2022-06-01,CROISSANT,35.0,29.557375432886417,5.442624567113583
2022-06-02,CROISSANT,22.0,29.387168828167344,-7.3871688281673435
2022-06-03,CROISSANT,33.0,37.15774467020123,-4.157744670201232
2022-06-04,CROISSANT,72.0,62.75981603246092,9.240183967539082
2022-06-05,CROISSANT,132.0,111.75363062467433,20.24636937532567
2022-06-06,CROISSANT,118.0,97.71059386378475,20.28940613621525
2022-06-07,CROISSANT,15.0,31.982352522841477,-16.982352522841477
2022-06-08,CROISSANT,14.0,32.55230483837477,-18.552304838374774
2022-06-09,CROISSANT,29.0,32.44815544048282,-3.4481554404828216
2022-06-10,CROISSANT,19.0,38.02380207288087,-19.02380207288087
2022-06-11,CROISSANT,62.0,64.21774157580776,-2.2177415758077643
2022-06-12,CROISSANT,87.0,114.34110738895059,-27.34110738895059
2022-06-13,CROISSANT,20.0,36.738789680010825,-16.738789680010825
2022-06-14,CROISSANT,24.0,32.717986388538094,-8.717986388538094
2022-06-15,CROISSANT,23.0,33.29859608338575,-10.298596083385753
2022-06-16,CROISSANT,23.0,33.18963053824535,-10.189630538245353
2022-06-17,CROISSANT,17.0,38.889859475372795,-21.889859475372795
2022-06-18,CROISSANT,75.0,65.67566711909596,9.324332880904038
2022-06-19,CROISSANT,114.0,116.92858415332297,-2.928584153322973
2022-06-20,CROISSANT,38.0,37.56748940683195,0.43251059316804685
2022-06-21,CROISSANT,36.0,33.45362025409156,2.546379745908439
2022-06-22,CROISSANT,30.0,34.044887328546075,-4.044887328546075
2022-06-23,CROISSANT,40.0,33.93110563612048,6.068894363879522
2022-06-24,CROISSANT,37.0,39.75591687796121,-2.755916877961212
2022-06-25,CROISSANT,46.0,67.13359266222321,-21.133592662223208
2022-06-26,CROISSANT,97.0,119.516060917599,-22.516060917599006
2022-06-27,CROISSANT,45.0,38.39618913365155,6.6038108663484465
2022-06-28,CROISSANT,13.0,34.18925411980136,-21.18925411980136
2022-06-29,CROISSANT,15.0,34.791178573554134,-19.791178573554134
2022-06-30,CROISSANT,25.0,34.67258073395897,-9.672580733958966
2022-07-01,CROISSANT,34.0,82.78103546294518,-48.781035462945184
2022-07-02,CROISSANT,33.0,110.87898338475418,-77.87898338475418
2022-07-03,CROISSANT,96.0,141.1208244375928,-45.1208244375928
2022-07-04,CROISSANT,38.0,69.30775029096087,-31.30775029096087
2022-07-05,CROISSANT,26.0,64.82374778909912,-38.823747789099116
2022-07-06,CROISSANT,28.0,65.36569229383502,-37.365692293835025
2022-07-07,CROISSANT,26.0,65.98812997390844,-39.98812997390844
2022-07-08,CROISSANT,21.0,69.89447314514248,-48.894473145142484
2022-07-09,CROISSANT,76.0,94.98861313570245,-18.98861313570245
2022-07-10,CROISSANT,127.0,143.20912557290956,-16.209125572909556
2022-07-11,CROISSANT,66.0,70.33120044181707,-4.331200441817074
2022-07-12,CROISSANT,42.0,65.77896872785348,-23.77896872785348
2022-07-13,CROISSANT,53.0,66.32687576231237,-13.326875762312369
2022-07-14,CROISSANT,131.0,82.53679287110266,48.46320712889734
2022-07-15,CROISSANT,153.0,70.91795103283414,82.08204896716586
2022-07-16,CROISSANT,161.0,96.37664562181531,64.62335437818469
2022-07-17,CROISSANT,196.0,145.29742670822557,50.70257329177443
2022-07-18,CROISSANT,102.0,71.35465059242493,30.64534940757507
2022-07-19,CROISSANT,74.0,66.7341896665986,7.265810333401404
2022-07-20,CROISSANT,51.0,67.28805923059642,-16.288059230596417
2022-07-21,CROISSANT,64.0,67.92473426841264,-3.924734268412635
2022-07-22,CROISSANT,91.0,71.94142892052972,19.058571079470283
2022-07-23,CROISSANT,112.0,97.7646781081972,14.235321891802798
2022-07-24,CROISSANT,153.0,147.38572784357368,5.614272156426324
2022-07-25,CROISSANT,96.0,72.3781007430932,23.6218992569068
2022-07-26,CROISSANT,48.0,67.68941060535204,-19.689410605352037
2022-07-27,CROISSANT,49.0,68.24924269891751,-19.249242698917513
2022-07-28,CROISSANT,58.0,68.89303641577061,-10.89303641577061
2022-07-29,CROISSANT,52.0,72.9649068082183,-20.964906808218302
2022-07-30,CROISSANT,111.0,99.15271059452014,11.847289405479856
2022-07-31,CROISSANT,210.0,149.4740289788887,60.5259710211113
2022-08-01,CROISSANT,90.0,73.40155089369826,16.598449106301743
2022-08-02,CROISSANT,75.0,68.51791792521496,6.4820820747850405
2022-08-03,CROISSANT,36.0,67.45268801142767,-31.452688011427668
2022-08-04,CROISSANT,81.0,70.1154926877491,10.884507312250904
2022-08-05,CROISSANT,89.0,75.9737958337563,13.026204166243701
2022-08-06,CROISSANT,108.0,104.25146968030191,3.748530319698091
2022-08-07,CROISSANT,216.0,156.4858691976023,59.51413080239769
2022-08-08,CROISSANT,121.0,76.08900759365393,44.91099240634607
2022-08-09,CROISSANT,83.0,69.58952188599972,13.410478114000284
2022-08-10,CROISSANT,100.0,68.50528027323602,31.494719726763975
2022-08-11,CROISSANT,147.0,71.2072040223668,75.7927959776332
2022-08-12,CROISSANT,128.0,77.15409668591519,50.84590331408481
2022-08-13,CROISSANT,173.0,105.86749546844354,67.13250453155646
2022-08-14,CROISSANT,271.0,158.90623251519176,112.09376748480824
2022-08-15,CROISSANT,156.0,113.33992486998238,42.66007513001762
2022-08-16,CROISSANT,68.0,70.66112584663246,-2.6611258466324585
2022-08-17,CROISSANT,67.0,69.55787253504545,-2.5578725350454476
2022-08-18,CROISSANT,120.0,72.29891535693942,47.70108464306058
2022-08-19,CROISSANT,84.0,78.33439753827241,5.6656024617275875
2022-08-20,CROISSANT,109.0,107.48352125665399,1.5164787433460134
2022-08-21,CROISSANT,179.0,161.3265958328004,17.673404167199607
2022-08-22,CROISSANT,84.0,78.43755216394351,5.562447836056492
2022-08-23,CROISSANT,49.0,71.73272980741726,-22.732729807417257
2022-08-24,CROISSANT,59.0,70.61046479685602,-11.610464796856022
2022-08-25,CROISSANT,51.0,73.39062669156107,-22.390626691561067
2022-08-26,CROISSANT,52.0,79.51469839052703,-27.51469839052703
2022-08-27,CROISSANT,49.0,109.09954704472919,-60.09954704472919
2022-08-28,CROISSANT,130.0,163.74695915040868,-33.746959150408685
2022-08-29,CROISSANT,47.0,79.61182444899639,-32.61182444899639
2022-08-30,CROISSANT,38.0,72.80433376812586,-34.80433376812586
2022-08-31,CROISSANT,34.0,71.66305705855724,-37.66305705855724
2022-09-02,CROISSANT,31.0,46.539752361191375,-15.539752361191375
2022-09-03,CROISSANT,48.0,77.82660159542827,-29.826601595428272
2022-09-04,CROISSANT,76.0,139.11655392823863,-63.11655392823863
2022-09-05,CROISSANT,48.0,47.17066220341566,0.8293377965843405
2022-09-06,CROISSANT,17.0,37.1718639227686,-20.1718639227686
2022-09-07,CROISSANT,19.0,35.396504687881745,-16.396504687881745
2022-09-08,CROISSANT,25.0,42.88430716160253,-17.88430716160253
2022-09-09,CROISSANT,37.0,47.33122751892389,-10.331227518923889
2022-09-10,CROISSANT,53.0,79.14694667733761,-26.14694667733761
2022-09-11,CROISSANT,113.0,141.47099005389182,-28.470990053891825
2022-09-12,CROISSANT,28.0,47.967062347177354,-19.967062347177354
2022-09-13,CROISSANT,18.0,37.797940529591834,-19.797940529591834
2022-09-14,CROISSANT,21.0,35.99124833598763,-14.991248335987628
2022-09-15,CROISSANT,21.0,43.60313788320067,-22.603137883200667
2022-09-16,CROISSANT,28.0,48.122702676422016,-20.122702676422016
2022-09-17,CROISSANT,57.0,80.46729175933004,-23.46729175933004
2022-09-18,CROISSANT,81.0,143.82542617968258,-62.82542617968258
2022-09-20,CROISSANT,13.0,38.42401713624478,-25.424017136244778
2022-09-21,CROISSANT,19.0,36.585991984302176,-17.585991984302176
2022-09-22,CROISSANT,29.0,44.321968604933424,-15.321968604933424
2022-09-23,CROISSANT,28.0,48.914177834039585,-20.914177834039585
2022-09-24,CROISSANT,43.0,81.78763684132612,-38.78763684132612
2022-09-25,CROISSANT,91.0,146.17986230533572,-55.17986230533572
2022-09-26,CROISSANT,26.0,49.55986263500123,-23.55986263500123
2022-09-27,CROISSANT,25.0,39.05009374306945,-14.050093743069453
2022-09-28,CROISSANT,20.0,37.18073563249286,-17.180735632492862
2022-09-29,CROISSANT,27.0,45.04079932653089,-18.040799326530887
2022-09-30,CROISSANT,38.0,49.70565299155168,-11.70565299155168
2022-02-01,DEMI BAGUETTE,3.0,2.0096143076226327,0.9903856923773673
2022-02-03,DEMI BAGUETTE,2.0,1.760479226900403,0.23952077309959696
2022-02-05,DEMI BAGUETTE,2.0,2.0350466731885724,-0.03504667318857235
2022-02-06,DEMI BAGUETTE,2.0,2.748291052599835,-0.7482910525998352
2022-02-07,DEMI BAGUETTE,3.0,2.028094067064303,0.9719059329356972
2022-02-10,DEMI BAGUETTE,4.0,1.7571297232140282,2.242870276785972
2022-02-11,DEMI BAGUETTE,1.0,1.7181525196107377,-0.7181525196107377
2022-02-12,DEMI BAGUETTE,1.0,2.0311726690773484,-1.0311726690773484
2022-02-13,DEMI BAGUETTE,2.0,2.7430578620397523,-0.7430578620397523
2022-02-14,DEMI BAGUETTE,2.0,2.0242311972297466,-0.024231197229746648
2022-02-15,DEMI BAGUETTE,1.0,2.001971441613955,-1.001971441613955
2022-02-17,DEMI BAGUETTE,4.0,1.7537802195236973,2.2462197804763027
2022-02-18,DEMI BAGUETTE,4.0,1.7148764235202374,2.2851235764797626
2022-02-19,DEMI BAGUETTE,2.0,2.0272986649656213,-0.027298664965621278
2022-02-20,DEMI BAGUETTE,1.0,2.737824671479669,-1.737824671479669
2022-02-21,DEMI BAGUETTE,1.0,2.020368327394658,-1.020368327394658
2022-02-24,DEMI BAGUETTE,1.0,1.750430715835683,-0.7504307158356831
2022-02-25,DEMI BAGUETTE,2.0,1.711600327430657,0.28839967256934296
2022-02-26,DEMI BAGUETTE,3.0,2.023424660850967,0.9765753391490328
2022-02-27,DEMI BAGUETTE,2.0,2.732591480919796,-0.7325914809197962
2022-03-01,DEMI BAGUETTE,4.0,1.9943285756063989,2.005671424393601
2022-03-02,DEMI BAGUETTE,2.0,1.9876132522969072,0.012386747703092782
2022-03-03,DEMI BAGUETTE,2.0,1.8458733527644404,0.15412664723555958
2022-03-04,DEMI BAGUETTE,4.0,1.7727934098506597,2.2272065901493403
2022-03-05,DEMI BAGUETTE,1.0,2.058916317343178,-1.058916317343178
2022-03-06,DEMI BAGUETTE,2.0,2.7240354557570496,-0.7240354557570496
2022-03-07,DEMI BAGUETTE,2.0,2.051044831023007,-0.05104483102300694
2022-03-08,DEMI BAGUETTE,2.0,2.069301320572437,-0.06930132057243688
2022-03-09,DEMI BAGUETTE,2.0,2.030932061848241,-0.030932061848241155
2022-03-10,DEMI BAGUETTE,1.0,1.844289362630867,-0.844289362630867
2022-03-11,DEMI BAGUETTE,2.0,1.7712719449321135,0.22872805506788652
2022-03-16,DEMI BAGUETTE,1.0,2.029187985373923,-1.0291879853739232
2022-03-17,DEMI BAGUETTE,1.0,1.8427053724972948,-0.8427053724972948
2022-03-19,DEMI BAGUETTE,1.0,2.0553818354968483,-1.0553818354968483
2022-03-20,DEMI BAGUETTE,2.0,2.719358609728585,-0.7193586097285851
2022-03-22,DEMI BAGUETTE,2.0,2.0657477038644947,-0.06574770386449469
2022-03-24,DEMI BAGUETTE,2.0,1.8411213823648689,0.15887861763513111
2022-03-26,DEMI BAGUETTE,2.0,2.0536145945707083,-0.053614594570708274
2022-03-27,DEMI BAGUETTE,2.0,2.717020186714465,-0.717020186714465
2022-03-28,DEMI BAGUETTE,3.0,2.0457620818460818,0.9542379181539182
2022-03-29,DEMI BAGUETTE,2.0,2.0639708955113525,-0.06397089551135249
2022-03-30,DEMI BAGUETTE,3.0,2.0256998324251723,0.9743001675748277
2022-03-31,DEMI BAGUETTE,3.0,1.8395373922324414,1.1604626077675586
2022-04-01,DEMI BAGUETTE,2.0,1.7667075501718896,0.23329244982811037
2022-04-02,DEMI BAGUETTE,1.0,1.974947877100114,-0.9749478771001141
2022-04-03,DEMI BAGUETTE,1.0,2.6335909349485376,-1.6335909349485376
2022-04-04,DEMI BAGUETTE,1.0,2.0157310817185525,-1.0157310817185525
2022-04-05,DEMI BAGUETTE,3.0,2.0177026314128446,0.9822973685871554
2022-04-06,DEMI BAGUETTE,1.0,1.9826993249398774,-0.9826993249398774
2022-04-07,DEMI BAGUETTE,3.0,1.796582638072215,1.203417361927785
2022-04-08,DEMI BAGUETTE,1.0,1.7708414940697539,-0.7708414940697539
2022-04-09,DEMI BAGUETTE,2.0,1.9718148366795427,0.028185163320457285
2022-04-10,DEMI BAGUETTE,1.0,2.62941208177089,-1.62941208177089
2022-04-11,DEMI BAGUETTE,2.0,2.0125318931221683,-0.012531893122168292
2022-04-13,DEMI BAGUETTE,2.0,1.97955113382451,0.02044886617549002
2022-04-16,DEMI BAGUETTE,2.0,1.9686817962584786,0.03131820374152139
2022-04-18,DEMI BAGUETTE,3.0,1.9570858514032827,1.0429141485967173
2022-04-19,DEMI BAGUETTE,1.0,2.0112965436324193,-1.0112965436324193
2022-04-20,DEMI BAGUETTE,1.0,1.9764029427068672,-0.9764029427068672
2022-04-21,DEMI BAGUETTE,2.0,1.790876005013567,0.20912399498643297
2022-04-22,DEMI BAGUETTE,2.0,1.7652153482367214,0.23478465176327856
2022-04-23,DEMI BAGUETTE,2.0,1.9655487558379028,0.034451244162097217
2022-04-24,DEMI BAGUETTE,3.0,2.621054375415448,0.37894562458455194
2022-04-25,DEMI BAGUETTE,1.0,2.0061335159304403,-1.0061335159304403
2022-04-27,DEMI BAGUETTE,3.0,1.9732547515903611,1.0267452484096389
2022-04-28,DEMI BAGUETTE,1.0,1.788022688484708,-0.7880226884847079
2022-04-29,DEMI BAGUETTE,2.0,1.7624022753195943,0.23759772468040574
2022-04-30,DEMI BAGUETTE,2.0,1.962415715416835,0.037584284583165095
2022-05-02,DEMI BAGUETTE,1.0,1.903644931658014,-0.903644931658014
2022-05-03,DEMI BAGUETTE,1.0,1.9062297944228472,-0.9062297944228472
2022-05-07,DEMI BAGUETTE,3.0,1.8620652893709408,1.1379347106290592
2022-05-08,DEMI BAGUETTE,4.0,2.435753059122947,1.564246940877053
2022-05-09,DEMI BAGUETTE,2.0,1.8956922672163052,0.10430773278369476
2022-05-10,DEMI BAGUETTE,1.0,1.898261576031637,-0.898261576031637
2022-05-12,DEMI BAGUETTE,3.0,1.7040572681366115,1.2959427318633885
2022-05-13,DEMI BAGUETTE,1.0,1.6640535269839627,-0.6640535269839627
2022-05-14,DEMI BAGUETTE,3.0,1.8542630460997551,1.1457369539002449
2022-05-15,DEMI BAGUETTE,4.0,2.431108753874814,1.5688912461251858
2022-05-16,DEMI BAGUETTE,2.0,1.8877396027745983,0.11226039722540171
2022-05-17,DEMI BAGUETTE,1.0,1.8902933576389085,-0.8902933576389085
2022-05-19,DEMI BAGUETTE,1.0,1.696895660381604,-0.6968956603816041
2022-05-20,DEMI BAGUETTE,1.0,1.6570558408690532,-0.6570558408690532
2022-05-22,DEMI BAGUETTE,2.0,2.420873145378201,-0.42087314537820086
2022-05-25,DEMI BAGUETTE,4.0,1.8312542239280065,2.1687457760719937
2022-05-26,DEMI BAGUETTE,1.0,1.657061403872219,-0.6570614038722189
2022-05-27,DEMI BAGUETTE,1.0,1.65005815475497,-0.65005815475497
2022-05-28,DEMI BAGUETTE,2.0,1.838658559557375,0.161341440442625
2022-05-29,DEMI BAGUETTE,7.0,2.410637536881627,4.589362463118373
2022-06-02,DEMI BAGUETTE,1.0,1.8117128337647268,-0.8117128337647268
2022-06-03,DEMI BAGUETTE,1.0,1.7360748618889097,-0.7360748618889097
2022-06-04,DEMI BAGUETTE,1.0,2.002153698191816,-1.0021536981918162
2022-06-05,DEMI BAGUETTE,5.0,2.694204964382748,2.305795035617252
2022-06-06,DEMI BAGUETTE,5.0,1.973253793137239,3.026746206862761
2022-06-07,DEMI BAGUETTE,1.0,1.974493991838961,-0.974493991838961
2022-06-08,DEMI BAGUETTE,2.0,2.0027023209680253,-0.0027023209680252513
2022-06-09,DEMI BAGUETTE,2.0,1.8110030618334287,0.18899693816657126
2022-06-12,DEMI BAGUETTE,2.0,2.693149282627038,-0.6931492826270378
2022-06-14,DEMI BAGUETTE,3.0,1.973720230861435,1.026279769138565
2022-06-15,DEMI BAGUETTE,2.0,2.0019174618239726,-0.001917461823972566
2022-06-16,DEMI BAGUETTE,3.0,1.8102932899021307,1.1897067100978693
2022-06-17,DEMI BAGUETTE,2.0,1.7347145070353451,0.26528549296465487
2022-06-18,DEMI BAGUETTE,3.0,2.0005847612694914,0.9994152387305086
2022-06-19,DEMI BAGUETTE,2.0,2.692093600871571,-0.692093600871571
2022-06-20,DEMI BAGUETTE,2.0,1.9881781214146066,0.011821878585393408
2022-06-21,DEMI BAGUETTE,2.0,1.9729464698823471,0.02705353011765288
2022-06-22,DEMI BAGUETTE,3.0,2.0011326026818725,0.9988673973181275
2022-06-23,DEMI BAGUETTE,2.0,1.8095835179719744,0.19041648202802564
2022-06-24,DEMI BAGUETTE,1.0,1.7340343296085634,-0.7340343296085634
2022-06-25,DEMI BAGUETTE,1.0,1.999800292805815,-0.999800292805815
2022-06-26,DEMI BAGUETTE,4.0,2.6910379191158613,1.3089620808841387
2022-06-27,DEMI BAGUETTE,6.0,1.9873984304869459,4.012601569513054
2022-06-28,DEMI BAGUETTE,3.0,1.9721727089050725,1.0278272910949275
2022-06-30,DEMI BAGUETTE,2.0,1.808873746042257,0.19112625395774296
2022-07-02,DEMI BAGUETTE,4.0,2.8269577421919085,1.1730422578080915
2022-07-03,DEMI BAGUETTE,2.0,3.5514645480062326,-1.5514645480062326
2022-07-04,DEMI BAGUETTE,1.0,2.9289634492034162,-1.9289634492034162
2022-07-05,DEMI BAGUETTE,1.0,2.836189968290096,-1.8361899682900962
2022-07-06,DEMI BAGUETTE,2.0,2.876870172956509,-0.8768701729565089
2022-07-07,DEMI BAGUETTE,5.0,2.6619021477490166,2.3380978522509834
2022-07-08,DEMI BAGUETTE,1.0,2.560849259850859,-1.5608492598508592
2022-07-09,DEMI BAGUETTE,1.0,2.8266326203578296,-1.8266326203578296
2022-07-10,DEMI BAGUETTE,5.0,3.5510560956184953,1.4489439043815047
2022-07-11,DEMI BAGUETTE,2.0,2.9286265848625312,-0.9286265848625312
2022-07-12,DEMI BAGUETTE,4.0,2.835863768600487,1.164136231399513
2022-07-14,DEMI BAGUETTE,4.0,2.677104618985402,1.322895381014598
2022-07-15,DEMI BAGUETTE,2.0,2.560554713497636,-0.5605547134976359
2022-07-16,DEMI BAGUETTE,1.0,2.8263074985208614,-1.8263074985208614
2022-07-17,DEMI BAGUETTE,4.0,3.5506476432307577,0.44935235676924234
2022-07-18,DEMI BAGUETTE,1.0,2.9282897205189813,-1.9282897205189813
2022-07-19,DEMI BAGUETTE,4.0,2.8355375689108127,1.1644624310891873
2022-07-20,DEMI BAGUETTE,1.0,2.876208405172421,-1.876208405172421
2022-07-21,DEMI BAGUETTE,3.0,2.6612898190971626,0.33871018090283744
2022-07-22,DEMI BAGUETTE,2.0,2.5602601671447385,-0.5602601671447385
2022-07-23,DEMI BAGUETTE,2.0,2.825982376687159,-0.825982376687159
2022-07-24,DEMI BAGUETTE,2.0,3.5502391908428583,-1.5502391908428583
2022-07-25,DEMI BAGUETTE,2.0,2.927952856176475,-0.9279528561764749
2022-07-26,DEMI BAGUETTE,6.0,2.835211369221204,3.164788630778796
2022-07-27,DEMI BAGUETTE,2.0,2.875877521280062,-0.8758775212800618
2022-07-28,DEMI BAGUETTE,4.0,2.6609836547722265,1.3390163452277735
2022-07-29,DEMI BAGUETTE,4.0,2.559965620791515,1.4400343792084849
2022-07-30,DEMI BAGUETTE,4.0,2.8256572548530805,1.1743427451469195
2022-07-31,DEMI BAGUETTE,5.0,3.5332154836649527,1.4667845163350473
2022-08-03,DEMI BAGUETTE,1.0,2.786413376070297,-1.7864133760702972
2022-08-04,DEMI BAGUETTE,2.0,2.712572921068497,-0.7125729210684968
2022-08-05,DEMI BAGUETTE,3.0,2.5326112581974543,0.46738874180254575
2022-08-06,DEMI BAGUETTE,4.0,2.7845744892885067,1.2154255107114933
2022-08-07,DEMI BAGUETTE,1.0,3.5311262410262816,-2.5311262410262816
2022-08-08,DEMI BAGUETTE,4.0,2.837245021517714,1.162754978482286
2022-08-09,DEMI BAGUETTE,4.0,2.8694288827633,1.1305711172367001
2022-08-10,DEMI BAGUETTE,2.0,2.784765310923821,-0.7847653109238211
2022-08-11,DEMI BAGUETTE,4.0,2.7109683943704477,1.2890316056295523
2022-08-12,DEMI BAGUETTE,1.0,2.531113054861263,-1.531113054861263
2022-08-13,DEMI BAGUETTE,2.0,2.7829270941888797,-0.7829270941888797
2022-08-14,DEMI BAGUETTE,4.0,3.5290369983873613,0.4709630016126387
2022-08-15,DEMI BAGUETTE,2.0,2.7769683575663975,-0.7769683575663975
2022-08-16,DEMI BAGUETTE,2.0,2.8677308560257546,-0.8677308560257546
2022-08-18,DEMI BAGUETTE,3.0,2.7093638676726246,0.2906361323273754
2022-08-19,DEMI BAGUETTE,1.0,2.52961485152661,-1.5296148515266101
2022-08-20,DEMI BAGUETTE,4.0,2.7812796990901187,1.2187203009098813
2022-08-21,DEMI BAGUETTE,4.0,3.5269477557487923,0.47305224425120773
2022-08-22,DEMI BAGUETTE,4.0,2.8338873424431053,1.1661126575568947
2022-08-23,DEMI BAGUETTE,5.0,2.866032829289699,2.133967170710301
2022-08-25,DEMI BAGUETTE,4.0,2.7077593409745737,1.2922406590254263
2022-08-27,DEMI BAGUETTE,4.0,2.7796323039896236,1.2203676960103764
2022-08-28,DEMI BAGUETTE,6.0,3.524858513110224,2.475141486889776
2022-08-29,DEMI BAGUETTE,3.0,2.8322085029049915,0.1677914970950085
2022-08-30,DEMI BAGUETTE,5.0,2.964712949318073,2.035287050681927
2022-08-31,DEMI BAGUETTE,4.0,2.7907545208953914,1.2092454791046086
2022-09-02,DEMI BAGUETTE,2.0,1.7626145685481451,0.23738543145185487
2022-09-03,DEMI BAGUETTE,2.0,2.082367746692353,-0.08236774669235292
2022-09-04,DEMI BAGUETTE,3.0,2.8092271057361304,0.19077289426386956
2022-09-05,DEMI BAGUETTE,2.0,2.1220915849536155,-0.1220915849536155
2022-09-06,DEMI BAGUETTE,3.0,2.1672594375724183,0.8327405624275817
2022-09-07,DEMI BAGUETTE,1.0,1.9932483018854252,-0.9932483018854252
2022-09-08,DEMI BAGUETTE,3.0,1.999226951692399,1.000773048307601
2022-09-09,DEMI BAGUETTE,1.0,1.7629371105397516,-0.7629371105397516
2022-09-10,DEMI BAGUETTE,4.0,2.082748790564117,1.9172512094358831
2022-09-11,DEMI BAGUETTE,4.0,2.80974114116125,1.19025885883875
2022-09-12,DEMI BAGUETTE,4.0,2.1224798774252096,1.8775201225747904
2022-09-13,DEMI BAGUETTE,1.0,2.167655984325964,-1.1676559843259642
2022-09-14,DEMI BAGUETTE,4.0,1.99361300002275,2.00638699997725
2022-09-15,DEMI BAGUETTE,3.0,1.9995927341634225,1.0004072658365775
2022-09-16,DEMI BAGUETTE,2.0,1.7632596525286723,0.23674034747132766
2022-09-17,DEMI BAGUETTE,1.0,2.083129834436978,-1.0831298344369782
2022-09-18,DEMI BAGUETTE,1.0,2.8102551765874715,-1.8102551765874715
2022-09-20,DEMI BAGUETTE,4.0,2.1680525310784042,1.8319474689215958
2022-09-21,DEMI BAGUETTE,1.0,1.9939776981614519,-0.9939776981614519
2022-09-22,DEMI BAGUETTE,2.0,1.999958516635769,4.148336423104304e-05
2022-09-23,DEMI BAGUETTE,3.0,1.7635821945189365,1.2364178054810635
2022-09-24,DEMI BAGUETTE,3.0,2.08351087830984,0.9164891216901601
2022-09-25,DEMI BAGUETTE,3.0,2.81076921201259,0.18923078798741022
2022-09-26,DEMI BAGUETTE,4.0,2.123256462370509,1.876743537629491
2022-09-27,DEMI BAGUETTE,2.0,2.1684490778319496,-0.16844907783194962
2022-09-28,DEMI BAGUETTE,4.0,1.9943423962991123,2.0056576037008877
2022-01-04,FICELLE,2.0,2.839284207319992,-0.839284207319992
2022-01-06,FICELLE,3.0,2.65260509796615,0.3473949020338498
2022-01-07,FICELLE,4.0,2.8896582842437946,1.1103417157562054
2022-01-08,FICELLE,3.0,3.171800921827335,-0.17180092182733508
2022-01-09,FICELLE,4.0,4.222386841659283,-0.2223868416592829
2022-01-10,FICELLE,1.0,2.829089190146926,-1.829089190146926
2022-01-11,FICELLE,4.0,2.670201351380877,1.3297986486191231
2022-01-13,FICELLE,3.0,2.4919049574816814,0.5080950425183186
2022-01-14,FICELLE,1.0,2.7130686784498046,-1.7130686784498046
2022-01-15,FICELLE,1.0,2.976262249125478,-1.9762622491254782
2022-01-16,FICELLE,5.0,3.9597676009529614,1.0402323990470386
2022-01-17,FICELLE,4.0,2.651551228579494,1.348448771420506
2022-01-18,FICELLE,6.0,2.5011184954416037,3.4988815045583963
2022-01-20,FICELLE,3.0,2.3312048169972956,0.6687951830027044
2022-01-21,FICELLE,5.0,2.5364790726537425,2.4635209273462575
2022-01-22,FICELLE,4.0,2.780723576424541,1.219276423575459
2022-01-23,FICELLE,4.0,3.697148360246814,0.30285163975318596
2022-01-24,FICELLE,6.0,2.4740132670164456,3.5259867329835544
2022-01-25,FICELLE,1.0,2.332035639499096,-1.3320356394990962
2022-01-27,FICELLE,5.0,2.1705046765149447,2.8294953234850553
2022-01-28,FICELLE,4.0,2.359889466859403,1.640110533140597
2022-01-29,FICELLE,4.0,2.58518490372341,1.4148150962765902
2022-01-30,FICELLE,5.0,3.434529119541208,1.565470880458792
2022-01-31,FICELLE,4.0,2.296475305448831,1.7035246945511688
2022-02-01,FICELLE,2.0,2.1629527835597284,-0.16295278355972842
2022-02-03,FICELLE,5.0,2.4358826286081654,2.5641173713918346
2022-02-04,FICELLE,2.0,2.6519088524750702,-0.6519088524750702
2022-02-05,FICELLE,1.0,2.8861906202024232,-1.8861906202024232
2022-02-06,FICELLE,3.0,3.8493359516559713,-0.8493359516559713
2022-02-08,FICELLE,2.0,2.44614222134787,-0.44614222134786985
2022-02-10,FICELLE,5.0,2.298889082283371,2.701110917716629
2022-02-11,FICELLE,5.0,2.5015580782813545,2.4984419217186455
2022-02-12,FICELLE,5.0,2.7212210273610182,2.2787789726389818
2022-02-13,FICELLE,4.0,3.6275032947304497,0.37249670526955025
2022-02-14,FICELLE,4.0,2.448872536130372,1.5511274638696282
2022-02-15,FICELLE,5.0,2.3028139988563234,2.6971860011436766
2022-02-17,FICELLE,5.0,2.161895535953856,2.838104464046144
2022-02-18,FICELLE,4.0,2.3512073040860355,1.6487926959139645
2022-02-19,FICELLE,2.0,2.5562514345185994,-0.5562514345185994
2022-02-20,FICELLE,5.0,3.405670637804942,1.594329362195058
2022-02-21,FICELLE,3.0,2.2977968506090587,0.7022031493909413
2022-02-22,FICELLE,5.0,2.15948577636426,2.84051422363574
2022-02-24,FICELLE,4.0,2.0249019896282183,1.9750980103717817
2022-02-25,FICELLE,5.0,2.2008565298922687,2.7991434701077313
2022-02-26,FICELLE,4.0,2.391281841673286,1.608718158326714
2022-02-27,FICELLE,5.0,3.1838379808801087,1.8161620191198913
2022-02-28,FICELLE,3.0,2.1467211650893736,0.8532788349106264
2022-03-01,FICELLE,2.0,2.016157553873593,-0.016157553873592967
2022-03-03,FICELLE,1.0,1.8879084433013218,-0.8879084433013218
2022-03-04,FICELLE,3.0,2.0505057556970985,0.9494942443029015
2022-03-05,FICELLE,3.0,2.8746432859415028,0.12535671405849724
2022-03-06,FICELLE,3.0,3.88965520950269,-0.8896552095026902
2022-03-07,FICELLE,3.0,2.6115865569034833,0.3884134430965167
2022-03-08,FICELLE,3.0,2.460386181046849,0.5396138189531512
2022-03-09,FICELLE,1.0,2.3508394227540412,-1.3508394227540412
2022-03-10,FICELLE,1.0,2.349838471307383,-1.349838471307383
2022-03-11,FICELLE,2.0,2.550952277946441,-0.5509522779464411
2022-03-12,FICELLE,5.0,2.747978937952661,2.252021062047339
2022-03-13,FICELLE,5.0,3.7171810989202423,1.2828189010797577
2022-03-14,FICELLE,3.0,2.495046014077074,0.504953985922926
2022-03-15,FICELLE,2.0,2.3498884538255376,-0.34988845382553757
2022-03-17,FICELLE,2.0,2.2429337595602044,-0.24293375956020435
2022-03-18,FICELLE,1.0,2.4341387996477346,-1.4341387996477346
2022-03-19,FICELLE,3.0,2.621314589962807,0.378685410037193
2022-03-20,FICELLE,5.0,3.544706988337801,1.455293011662199
2022-03-21,FICELLE,3.0,2.3785054712469704,0.6214945287530296
2022-03-22,FICELLE,2.0,2.2393907266009836,-0.2393907266009836
2022-03-23,FICELLE,1.0,2.1383201319258105,-1.1383201319258105
2022-03-24,FICELLE,1.0,2.136029047815014,-1.136029047815014
2022-03-25,FICELLE,4.0,2.3173253213495486,1.6826746786504514
2022-03-26,FICELLE,5.0,2.4946502419698784,2.5053497580301216
2022-03-27,FICELLE,5.0,3.372232877755376,1.6277671222446242
2022-03-28,FICELLE,5.0,2.26196492841691,2.73803507158309
2022-03-29,FICELLE,2.0,2.1288929993796066,-0.12889299937960663
2022-03-30,FICELLE,2.0,2.0320604865107716,-0.032060486510771646
2022-03-31,FICELLE,2.0,2.0291243360696867,-0.029124336069686674
2022-04-01,FICELLE,4.0,2.2005118430524804,1.7994881569475196
2022-04-02,FICELLE,3.0,2.3679858939792986,0.6320141060207014
2022-04-03,FICELLE,5.0,3.199758767172962,1.8002412328270379
2022-04-04,FICELLE,1.0,2.3751531600419247,-1.3751531600419247
2022-04-05,FICELLE,2.0,2.2184016249072385,-0.21840162490723847
2022-04-06,FICELLE,1.0,2.1005121985380866,-1.1005121985380866
2022-04-07,FICELLE,3.0,2.1072952548849004,0.8927047451150996
2022-04-08,FICELLE,4.0,2.3066040912527646,1.6933959087472354
2022-04-09,FICELLE,5.0,2.499817915873182,2.500182084126818
2022-04-10,FICELLE,6.0,3.375832953592273,2.624167046407727
2022-04-11,FICELLE,4.0,2.2665532885073176,1.7334467114926824
2022-04-12,FICELLE,1.0,2.1163020484751094,-1.1163020484751094
2022-04-13,FICELLE,5.0,2.003198535072363,2.996801464927637
2022-04-14,FICELLE,5.0,2.009016900508138,2.990983099491862
2022-04-15,FICELLE,5.0,2.198309019115837,2.801690980884163
2022-04-16,FICELLE,6.0,2.38165894465624,3.61834105534376
2022-04-17,FICELLE,4.0,3.2151825713827606,0.7848174286172394
2022-04-18,FICELLE,10.0,2.048885631399456,7.951114368600544
2022-04-19,FICELLE,5.0,2.0142024720430216,2.9857975279569784
2022-04-20,FICELLE,4.0,1.9058848716029195,2.0941151283970805
2022-04-21,FICELLE,5.0,1.9107385461319757,3.0892614538680245
2022-04-22,FICELLE,6.0,2.090013946980696,3.909986053019304
2022-04-23,FICELLE,5.0,2.2634999734400316,2.7365000265599684
2022-04-24,FICELLE,6.0,3.054532189173279,2.945467810826721
2022-04-25,FICELLE,2.0,2.0493535454399345,-0.04935354543993453
2022-04-26,FICELLE,3.0,1.9121028956114914,1.0878971043885086
2022-04-27,FICELLE,1.0,1.8085712081352536,-0.8085712081352536
2022-04-28,FICELLE,3.0,1.8124601917569345,1.1875398082430655
2022-04-29,FICELLE,2.0,1.981718874843862,0.01828112515613789
2022-04-30,FICELLE,5.0,2.145341002222981,2.854658997777019
2022-05-01,FICELLE,6.0,2.9153041317841746,3.0846958682158254
2022-05-02,FICELLE,5.0,1.9407536739091034,3.0592463260908964
2022-05-03,FICELLE,1.0,1.8100033191794616,-0.8100033191794616
2022-05-05,FICELLE,7.0,2.413563361978305,4.586436638021695
2022-05-06,FICELLE,4.0,2.655725362271472,1.3442746377285282
2022-05-07,FICELLE,5.0,2.8889175967504963,2.1110824032495037
2022-05-08,FICELLE,6.0,3.926819416559589,2.073180583440411
2022-05-09,FICELLE,4.0,2.6346712197633377,1.3653287802366623
2022-05-10,FICELLE,3.0,2.4230049331774146,0.5769950668225854
2022-05-12,FICELLE,2.0,2.3425756958733417,-0.3425756958733417
2022-05-13,FICELLE,5.0,2.5772856524077343,2.4227143475922657
2022-05-14,FICELLE,7.0,2.8032287440598305,4.1967712559401695
2022-05-15,FICELLE,6.0,3.7543805256175813,2.2456194743824187
2022-05-16,FICELLE,6.0,2.555855694632518,3.444144305367482
2022-05-17,FICELLE,4.0,2.3502102610217706,1.6497897389782294
2022-05-18,FICELLE,5.0,2.276627385283873,2.723372614716127
2022-05-19,FICELLE,2.0,2.27158802976638,-0.27158802976637997
2022-05-20,FICELLE,3.0,2.498845942544055,0.501154057455945
2022-05-21,FICELLE,5.0,2.717539891369914,2.282460108630086
2022-05-22,FICELLE,10.0,3.6391135951200138,6.360886404879986
2022-05-23,FICELLE,4.0,2.4770401695043742,1.5229598304956258
2022-05-24,FICELLE,5.0,2.277415588869389,2.722584411130611
2022-05-25,FICELLE,6.0,2.2057984411693137,3.7942015588306863
2022-05-26,FICELLE,5.0,2.6512442568829733,2.3487557431170267
2022-05-28,FICELLE,6.0,2.631851038678419,3.368148961321581
2022-05-29,FICELLE,9.0,3.523846664623066,5.476153335376933
2022-05-30,FICELLE,2.0,2.3982246443744164,-0.3982246443744164
2022-05-31,FICELLE,6.0,2.204620916716938,3.795379083283062
2022-06-01,FICELLE,4.0,2.134969497052877,1.865030502947123
2022-06-02,FICELLE,6.0,2.129612697553153,3.870387302446847
2022-06-03,FICELLE,6.0,3.660812129351754,2.339187870648246
2022-06-04,FICELLE,7.0,4.0618726624988035,2.9381273375011965
2022-06-05,FICELLE,10.0,5.486867922591544,4.513132077408456
2022-06-06,FICELLE,11.0,3.8333911428579097,7.166608857142091
2022-06-07,FICELLE,8.0,3.3964247824956124,4.603575217504387
2022-06-08,FICELLE,6.0,3.331605789404961,2.668394210595039
2022-06-09,FICELLE,4.0,3.323745199101731,0.6762548008982692
2022-06-10,FICELLE,5.0,3.660931814563777,1.339068185436223
2022-06-11,FICELLE,5.0,4.062005459210876,0.9379945407891244
2022-06-12,FICELLE,9.0,5.487047306502944,3.5129526934970556
2022-06-13,FICELLE,7.0,3.673571791953766,3.326428208046234
2022-06-14,FICELLE,4.0,3.396535821852443,0.6034641781475569
2022-06-15,FICELLE,1.0,3.3317147091205497,-2.3317147091205497
2022-06-16,FICELLE,3.0,3.323853861325792,-0.3238538613257922
2022-06-17,FICELLE,4.0,3.661051499771249,0.3389485002287511
2022-06-18,FICELLE,6.0,4.062138255921737,1.9378617440782628
2022-06-19,FICELLE,6.0,5.487226690415391,0.5127733095846088
2022-06-20,FICELLE,5.0,3.6736918887123733,1.3263081112876267
2022-06-21,FICELLE,5.0,3.3966468612037444,1.6033531387962556
2022-06-22,FICELLE,1.0,3.33182362884054,-2.33182362884054
2022-06-23,FICELLE,1.0,3.3239625235527446,-2.3239625235527446
2022-06-24,FICELLE,1.0,3.6611711849809967,-2.6611711849809967
2022-06-25,FICELLE,4.0,4.062271052628661,-0.062271052628661394
2022-06-26,FICELLE,6.0,5.487406074326792,0.5125939256732082
2022-06-27,FICELLE,4.0,3.673811985470981,0.326188014529019
2022-06-28,FICELLE,6.0,3.3967579005598334,2.6032420994401666
2022-06-29,FICELLE,5.0,3.331932548556129,1.668067451443871
2022-06-30,FICELLE,2.0,3.324071185777927,-1.3240711857779268
2022-07-01,FICELLE,6.0,7.07957023035223,-1.07957023035223
2022-07-02,FICELLE,6.0,7.480699172545687,-1.4806991725456866
2022-07-03,FICELLE,10.0,10.145787264835196,-0.14578726483519588
2022-07-04,FICELLE,10.0,8.138769812045085,1.8612301879549147
2022-07-05,FICELLE,9.0,7.839391564308355,1.1606084356916453
2022-07-06,FICELLE,9.0,7.643897324438726,1.3561026755612744
2022-07-07,FICELLE,3.0,7.644999342706576,-4.644999342706576
2022-07-08,FICELLE,10.0,8.060231691903702,1.9397683080962977
2022-07-09,FICELLE,7.0,8.563659338818702,-1.5636593388187023
2022-07-10,FICELLE,7.0,10.22314627858159,-3.2231462785815896
2022-07-11,FICELLE,8.0,8.200758313936774,-0.2007583139367739
2022-07-12,FICELLE,10.0,7.89903497206665,2.1009650279333503
2022-07-13,FICELLE,9.0,7.7019902390960615,1.2980097609039385
2022-07-14,FICELLE,10.0,8.453827023459667,1.5461729765403334
2022-07-15,FICELLE,10.0,8.121355983925007,1.8786440160749933
2022-07-16,FICELLE,10.0,8.62853106602549,1.3714689339745103
2022-07-17,FICELLE,10.0,10.300505292327983,-0.3005052923279834
2022-07-18,FICELLE,10.0,8.262746815820728,1.7372531841792718
2022-07-19,FICELLE,3.0,7.958678379826108,-4.958678379826108
2022-07-20,FICELLE,10.0,7.760083153746688,2.239916846253312
2022-07-21,FICELLE,10.0,7.761075898039987,2.238924101960013
2022-07-22,FICELLE,9.0,8.182480275946503,0.817519724053497
2022-07-23,FICELLE,10.0,8.693402793239713,1.3065972067602871
2022-07-24,FICELLE,11.0,10.377864306074395,0.6221356939256051
2022-07-25,FICELLE,8.0,8.32473531770766,-0.32473531770765973
2022-07-26,FICELLE,9.0,8.01832178758439,0.9816782124156092
2022-07-27,FICELLE,8.0,7.818176068399345,0.1818239316006549
2022-07-28,FICELLE,8.0,7.81911417571009,0.18088582428991007
2022-07-29,FICELLE,9.0,8.243604567967761,0.7563954320322388
2022-07-30,FICELLE,10.0,8.758274520452437,1.2417254795475632
2022-07-31,FICELLE,10.0,10.45522331982078,-0.4552233198207798
2022-08-01,FICELLE,10.0,8.386723819591568,1.6132761804084321
2022-08-02,FICELLE,10.0,8.305572933581164,1.694427066418836
2022-08-03,FICELLE,10.0,8.147762143784162,1.8522378562158384
2022-08-04,FICELLE,9.0,8.05175176937495,0.9482482306250493
2022-08-05,FICELLE,10.0,8.619350631670397,1.3806493683296033
2022-08-06,FICELLE,10.0,9.13454454348435,0.8654554565156491
2022-08-07,FICELLE,10.0,10.849542846895543,-0.8495428468955435
2022-08-08,FICELLE,10.0,8.71036448167759,1.2896355183224095
2022-08-09,FICELLE,9.0,8.382017328822414,0.617982671177586
2022-08-10,FICELLE,9.0,8.222655576339436,0.7773444236605638
2022-08-11,FICELLE,10.0,8.12566562554322,1.8743343744567795
2022-08-12,FICELLE,14.0,8.698371330742248,5.301628669257752
2022-08-13,FICELLE,10.0,9.218178915196415,0.7818210848035854
2022-08-14,FICELLE,10.0,10.948749697840507,-0.9487496978405066
2022-08-15,FICELLE,10.0,12.443689175419902,-2.4436891754199017
2022-08-16,FICELLE,11.0,8.458461724057603,2.541538275942397
2022-08-17,FICELLE,6.0,8.29754900889473,-2.2975490088947303
2022-08-18,FICELLE,13.0,8.199579481709167,4.800420518290833
2022-08-19,FICELLE,9.0,8.777392029819696,0.2226079701803041
2022-08-20,FICELLE,9.0,9.301813286909848,-0.301813286909848
2022-08-21,FICELLE,12.0,11.047956548785189,0.952043451214811
2022-08-22,FICELLE,5.0,8.869449621635793,-3.869449621635793
2022-08-23,FICELLE,4.0,8.534906119300057,-4.534906119300057
2022-08-24,FICELLE,11.0,8.37244244145004,2.6275575585499595
2022-08-25,FICELLE,12.0,8.273493337877502,3.726506662122498
2022-08-26,FICELLE,7.0,8.856412728894421,-1.856412728894421
2022-08-27,FICELLE,11.0,9.385447658620583,1.614552341379417
2022-08-28,FICELLE,10.0,11.14716339972987,-1.1471633997298696
2022-08-29,FICELLE,6.0,8.948992191613486,-2.9489921916134865
2022-08-30,FICELLE,3.0,8.611350514538275,-5.611350514538275
2022-08-31,FICELLE,1.0,8.44733587400165,-7.44733587400165
2022-09-02,FICELLE,7.0,4.6026766679800994,2.3973233320199006
2022-09-03,FICELLE,4.0,5.090408258764025,-1.0904082587640254
2022-09-04,FICELLE,6.0,6.757309369622257,-0.7573093696222566
2022-09-05,FICELLE,2.0,4.5588103292845075,-2.5588103292845075
2022-09-06,FICELLE,4.0,4.220150542390535,-0.22015054239053544
2022-09-07,FICELLE,2.0,4.072990168894765,-2.0729901688947647
2022-09-08,FICELLE,6.0,4.1681822316400385,1.8318177683599615
2022-09-09,FICELLE,5.0,4.635033334657351,0.3649666653426493
2022-09-10,FICELLE,10.0,5.126157760047475,4.873842239952525
2022-09-11,FICELLE,10.0,6.80471781102867,3.19528218897133
2022-09-12,FICELLE,5.0,4.590762350599867,0.40923764940013285
2022-09-13,FICELLE,3.0,4.249699361617781,-1.2496993616177807
2022-09-14,FICELLE,5.0,4.101480097296464,0.8985199027035362
2022-09-15,FICELLE,1.0,4.197308908396527,-3.1973089083965274
2022-09-16,FICELLE,1.0,4.667390001328914,-3.667390001328914
2022-09-17,FICELLE,8.0,5.16190726133254,2.83809273866746
2022-09-18,FICELLE,5.0,6.852126252436622,-1.852126252436622
2022-09-20,FICELLE,3.0,4.279248180839343,-1.2792481808393434
2022-09-21,FICELLE,3.0,4.129970025703497,-1.1299700257034972
2022-09-22,FICELLE,4.0,4.226435585156591,-0.22643558515659112
2022-09-23,FICELLE,6.0,4.699746668003344,1.3002533319966556
2022-09-24,FICELLE,6.0,5.1976567626176395,0.8023432373823605
2022-09-25,FICELLE,5.0,6.899534693843041,-1.8995346938430409
2022-09-26,FICELLE,6.0,4.654666393237504,1.3453336067624964
2022-09-27,FICELLE,4.0,4.308797000066604,-0.3087970000666038
2022-09-28,FICELLE,2.0,4.158459954106947,-2.158459954106947
2022-09-29,FICELLE,4.0,4.2555622619130755,-0.2555622619130755
2022-09-30,FICELLE,7.0,4.732103334675146,2.2678966653248542
2022-01-28,FINANCIER X5,2.0,2.623186361271641,-0.6231863612716411
2022-01-29,FINANCIER X5,1.0,2.6827921643791717,-1.6827921643791717
2022-01-30,FINANCIER X5,1.0,2.451164069732891,-1.451164069732891
2022-01-31,FINANCIER X5,2.0,1.9745938581446238,0.025406141855376152
2022-02-01,FINANCIER X5,3.0,2.637962778176064,0.36203722182393605
2022-02-03,FINANCIER X5,2.0,2.9573899295772716,-0.9573899295772716
2022-02-04,FINANCIER X5,5.0,2.6253180002253687,2.3746819997746313
2022-02-06,FINANCIER X5,1.0,2.4531554585469117,-1.4531554585469117
2022-02-07,FINANCIER X5,1.0,1.976197882881834,-0.9761978828818341
2022-02-08,FINANCIER X5,2.0,2.6401054297164834,-0.6401054297164834
2022-02-10,FINANCIER X5,1.0,2.9597914744176443,-1.9597914744176443
2022-02-11,FINANCIER X5,2.0,2.6274496391790287,-0.6274496391790287
2022-02-12,FINANCIER X5,3.0,2.687151809249799,0.3128481907502012
2022-02-13,FINANCIER X5,6.0,2.4551468473605387,3.5448531526394613
2022-02-14,FINANCIER X5,2.0,1.9778019076188618,0.022198092381138235
2022-02-15,FINANCIER X5,1.0,2.6422480812536095,-1.6422480812536095
2022-02-17,FINANCIER X5,3.0,2.9621930192551944,0.037806980744805596
2022-02-18,FINANCIER X5,2.0,2.6295812781321337,-0.6295812781321337
2022-02-19,FINANCIER X5,2.0,2.689331631685112,-0.6893316316851119
2022-02-20,FINANCIER X5,2.0,2.4571382361741643,-0.45713823617416427
2022-02-21,FINANCIER X5,1.0,1.9794059323560722,-0.9794059323560722
2022-02-22,FINANCIER X5,1.0,2.6443907327940286,-1.6443907327940286
2022-02-24,FINANCIER X5,1.0,2.9645945640936917,-1.9645945640936917
2022-02-25,FINANCIER X5,3.0,2.631712917085794,0.3682870829142062
2022-02-26,FINANCIER X5,1.0,2.6915114541204948,-1.6915114541204948
2022-02-27,FINANCIER X5,4.0,2.3040756377171694,1.6959243622828306
2022-02-28,FINANCIER X5,2.0,1.8461505028292318,0.15384949717076823
2022-03-01,FINANCIER X5,1.0,2.396165551418702,-1.3961655514187021
2022-03-02,FINANCIER X5,1.0,2.82512245514722,-1.8251224551472198
2022-03-03,FINANCIER X5,4.0,2.6486886302826043,1.3513113697173957
2022-03-04,FINANCIER X5,1.0,2.462251365575013,-1.4622513655750131
2022-03-05,FINANCIER X5,4.0,2.4477491904545485,1.5522508095454515
2022-03-06,FINANCIER X5,1.0,2.301346584845192,-1.301346584845192
2022-03-08,FINANCIER X5,2.0,2.3933264622446133,-0.3933264622446133
2022-03-11,FINANCIER X5,2.0,2.4593324926543096,-0.45933249265430964
2022-03-12,FINANCIER X5,2.0,2.4448470176371053,-0.4448470176371053
2022-03-13,FINANCIER X5,1.0,2.2986175319731377,-1.2986175319731377
2022-03-14,FINANCIER X5,2.0,1.8417764320332952,0.15822356796670478
2022-03-15,FINANCIER X5,4.0,2.3904873730708727,1.6095126269291273
2022-03-16,FINANCIER X5,2.0,2.818426646978669,-0.818426646978669
2022-03-17,FINANCIER X5,2.0,2.642409924074482,-0.642409924074482
2022-03-19,FINANCIER X5,1.0,2.4419448448193712,-1.4419448448193712
2022-03-20,FINANCIER X5,3.0,2.2958884791010843,0.7041115208989157
2022-03-22,FINANCIER X5,3.0,2.387648283896434,0.6123517161035661
2022-03-23,FINANCIER X5,2.0,2.815078742894701,-0.8150787428947011
2022-03-24,FINANCIER X5,1.0,2.639270570970934,-1.6392705709709339
2022-03-25,FINANCIER X5,3.0,2.4534947468115447,0.5465052531884553
2022-03-26,FINANCIER X5,1.0,2.4390426720016776,-1.4390426720016776
2022-03-27,FINANCIER X5,11.0,2.2931594262291095,8.70684057377089
2022-03-29,FINANCIER X5,1.0,2.4283884536975133,-1.4283884536975133
2022-03-30,FINANCIER X5,3.0,2.791407226523759,0.20859277347624117
2022-03-31,FINANCIER X5,1.0,2.7328551997045745,-1.7328551997045745
2022-04-01,FINANCIER X5,1.0,2.4784477801927935,-1.4784477801927935
2022-04-02,FINANCIER X5,5.0,2.4644736896369936,2.5355263103630064
2022-04-04,FINANCIER X5,1.0,1.8924119494967597,-0.8924119494967597
2022-04-05,FINANCIER X5,2.0,2.4285098219314625,-0.4285098219314625
2022-04-07,FINANCIER X5,1.0,2.732991782909526,-1.7329917829095258
2022-04-09,FINANCIER X5,1.0,2.4645968578571686,-1.4645968578571686
2022-04-10,FINANCIER X5,3.0,2.4200428739586606,0.5799571260413394
2022-04-14,FINANCIER X5,1.0,2.733128366114477,-1.7331283661144772
2022-04-15,FINANCIER X5,3.0,2.4786955151805334,0.5213044848194666
2022-04-16,FINANCIER X5,5.0,2.464720026076766,2.535279973923234
2022-04-17,FINANCIER X5,1.0,2.42016381472918,-1.4201638147291802
2022-04-18,FINANCIER X5,5.0,1.9571557824838084,3.0428442175161914
2022-04-19,FINANCIER X5,3.0,2.428752558404504,0.5712474415954958
2022-04-20,FINANCIER X5,2.0,2.7918257581045403,-0.7918257581045403
2022-04-21,FINANCIER X5,6.0,2.7332649493209322,3.2667350506790678
2022-04-22,FINANCIER X5,4.0,2.4788193826756646,1.5211806173243354
2022-04-23,FINANCIER X5,6.0,2.4648431942969404,3.5351568057030596
2022-04-24,FINANCIER X5,3.0,2.420284755500332,0.5797152444996678
2022-04-26,FINANCIER X5,1.0,2.428873926638454,-1.4288739266384538
2022-04-27,FINANCIER X5,1.0,2.791965268631664,-1.7919652686316638
2022-04-29,FINANCIER X5,1.0,2.4791751168595093,-1.4791751168595093
2022-04-30,FINANCIER X5,2.0,2.537705809304884,-0.5377058093048839
2022-05-01,FINANCIER X5,1.0,2.3542639956730635,-1.3542639956730635
2022-05-03,FINANCIER X5,3.0,2.39201517853416,0.6079848214658399
2022-05-05,FINANCIER X5,7.0,2.6663749686271343,4.333625031372866
2022-05-06,FINANCIER X5,4.0,2.477632525688664,1.522367474311336
2022-05-08,FINANCIER X5,1.0,2.3524528440476113,-1.3524528440476113
2022-05-10,FINANCIER X5,2.0,2.3905262905988818,-0.3905262905988818
2022-05-11,FINANCIER X5,5.0,2.7631294100309245,2.2368705899690755
2022-05-12,FINANCIER X5,2.0,2.664715012746332,-0.6647150127463322
2022-05-13,FINANCIER X5,1.0,2.4760899345166933,-1.4760899345166933
2022-05-14,FINANCIER X5,6.0,2.5345475083450975,3.4654524916549025
2022-05-15,FINANCIER X5,1.0,2.4196850368041614,-1.4196850368041614
2022-05-17,FINANCIER X5,1.0,2.3890374026630705,-1.3890374026630705
2022-05-19,FINANCIER X5,1.0,2.6630550568649594,-1.6630550568649594
2022-05-20,FINANCIER X5,5.0,2.474547343344723,2.525452656655277
2022-05-21,FINANCIER X5,1.0,2.5329683578657454,-1.5329683578657454
2022-05-22,FINANCIER X5,2.0,2.418177317218827,-0.4181773172188268
2022-05-23,FINANCIER X5,5.0,1.8936152200238698,3.10638477997613
2022-05-25,FINANCIER X5,6.0,2.759687192191756,3.240312807808244
2022-05-26,FINANCIER X5,8.0,2.7003454261901694,5.29965457380983
2022-05-27,FINANCIER X5,3.0,2.4730047521733156,0.5269952478266844
2022-05-28,FINANCIER X5,7.0,2.6829488869514098,4.31705111304859
2022-05-29,FINANCIER X5,3.0,2.4661557087149113,0.5338442912850887
2022-06-03,FINANCIER X5,1.0,2.609218061557705,-1.609218061557705
2022-06-04,FINANCIER X5,4.0,2.6842348848904964,1.3157651151095036
2022-06-05,FINANCIER X5,3.0,2.4673377118541566,0.5326622881458434
2022-06-06,FINANCIER X5,2.0,1.8781020938131008,0.12189790618689922
2022-06-08,FINANCIER X5,1.0,3.1383089390827847,-2.1383089390827847
2022-06-09,FINANCIER X5,2.0,2.922627010069461,-0.9226270100694611
2022-06-12,FINANCIER X5,6.0,2.46851971499329,3.53148028500671
2022-06-13,FINANCIER X5,1.0,1.8890324324807284,-0.8890324324807284
2022-06-14,FINANCIER X5,1.0,2.4724757628427225,-1.4724757628427225
2022-06-15,FINANCIER X5,5.0,3.139812069179819,1.8601879308201812
2022-06-17,FINANCIER X5,2.0,2.61171834850141,-0.6117183485014102
2022-06-18,FINANCIER X5,4.0,2.6868068807684704,1.3131931192315296
2022-06-19,FINANCIER X5,1.0,2.4697017181350107,-1.4697017181350107
2022-06-20,FINANCIER X5,3.0,1.8899368974224713,1.1100631025775287
2022-06-21,FINANCIER X5,1.0,2.473659498314673,-1.4736594983146731
2022-06-23,FINANCIER X5,2.0,2.925426471905429,-0.9254264719054288
2022-06-25,FINANCIER X5,5.0,2.688092878707294,2.311907121292706
2022-06-26,FINANCIER X5,5.0,2.470883721274145,2.529116278725855
2022-06-27,FINANCIER X5,3.0,2.0283188396729943,0.9716811603270057
2022-06-28,FINANCIER X5,1.0,2.463051224097721,-1.463051224097721
2022-06-29,FINANCIER X5,1.0,3.0603780004696244,-2.0603780004696244
2022-06-30,FINANCIER X5,1.0,2.8832222013463675,-1.8832222013463675
2022-07-02,FINANCIER X5,3.0,4.2683020870980135,-1.2683020870980135
2022-07-03,FINANCIER X5,10.0,4.033975461706351,5.966024538293649
2022-07-05,FINANCIER X5,3.0,3.9236628722635865,-0.9236628722635865
2022-07-06,FINANCIER X5,2.0,4.521516984883306,-2.5215169848833057
2022-07-07,FINANCIER X5,2.0,4.344381408220939,-2.344381408220939
2022-07-08,FINANCIER X5,4.0,4.07729491108743,-0.0772949110874297
2022-07-09,FINANCIER X5,3.0,4.271095949776905,-1.271095949776905
2022-07-10,FINANCIER X5,2.0,4.036615696506644,-2.0366156965066438
2022-07-11,FINANCIER X5,7.0,3.490792570313037,3.509207429686963
2022-07-14,FINANCIER X5,4.0,4.318875732358811,-0.31887573235881117
2022-07-15,FINANCIER X5,2.0,4.079962251464198,-2.079962251464198
2022-07-16,FINANCIER X5,3.0,4.273889812455307,-1.273889812455307
2022-07-17,FINANCIER X5,1.0,4.0392559313069345,-3.0392559313069345
2022-07-20,FINANCIER X5,11.0,4.527433986104666,6.472566013895334
2022-07-21,FINANCIER X5,1.0,4.350066072813804,-3.350066072813804
2022-07-25,FINANCIER X5,3.0,3.4953585986991325,-0.49535859869913246
2022-07-26,FINANCIER X5,1.0,3.931365537673369,-2.931365537673369
2022-07-27,FINANCIER X5,1.0,4.239151046735019,-3.239151046735019
2022-07-29,FINANCIER X5,3.0,3.7266226443401957,-0.7266226443401957
2022-07-30,FINANCIER X5,3.0,3.925637995470538,-0.925637995470538
2022-08-01,FINANCIER X5,4.0,3.2820670043632045,0.7179329956367955
2022-08-02,FINANCIER X5,4.0,3.5450889193642654,0.4549110806357346
2022-08-03,FINANCIER X5,4.0,4.238155200224626,-0.2381552002246261
2022-08-04,FINANCIER X5,3.0,3.965275863533297,-0.965275863533297
2022-08-05,FINANCIER X5,2.0,3.7257471404425466,-1.7257471404425466
2022-08-06,FINANCIER X5,6.0,3.924715705492852,2.075284294507148
2022-08-07,FINANCIER X5,5.0,3.7260081918713808,1.2739918081286192
2022-08-08,FINANCIER X5,6.0,3.281295863286528,2.718704136713472
2022-08-11,FINANCIER X5,6.0,3.9643441046657215,2.0356558953342785
2022-08-12,FINANCIER X5,1.0,3.7248716365455454,-2.7248716365455454
2022-08-13,FINANCIER X5,6.0,3.923793415515166,2.076206584484834
2022-08-14,FINANCIER X5,3.0,3.7251325678415235,-0.7251325678415235
2022-08-15,FINANCIER X5,3.0,3.2738017339213448,-0.27380173392134477
2022-08-16,FINANCIER X5,4.0,3.5434229841825315,0.45657701581746846
2022-08-17,FINANCIER X5,3.0,4.236163507203721,-1.2361635072037211
2022-08-19,FINANCIER X5,1.0,3.7239961326484203,-2.7239961326484203
2022-08-20,FINANCIER X5,12.0,3.9228711255371875,8.077128874462812
2022-08-21,FINANCIER X5,2.0,3.724256943811401,-1.724256943811401
2022-08-22,FINANCIER X5,2.0,3.279753581134312,-1.2797535811343121
2022-08-24,FINANCIER X5,3.0,4.235167660693269,-1.2351676606932687
2022-08-25,FINANCIER X5,1.0,3.9624805869326822,-2.9624805869326822
2022-08-26,FINANCIER X5,1.0,3.635931693912174,-2.635931693912174
2022-08-27,FINANCIER X5,1.0,4.044123880397425,-3.044123880397425
2022-08-28,FINANCIER X5,6.0,3.712546288935012,2.287453711064988
2022-08-29,FINANCIER X5,2.0,3.325978536760777,-1.3259785367607768
2022-08-30,FINANCIER X5,2.0,3.5636391602758812,-1.5636391602758812
2022-08-31,FINANCIER X5,3.0,4.111021410555431,-1.1110214105554306
2022-09-02,FINANCIER X5,2.0,2.4363495733664595,-0.4363495733664595
2022-09-03,FINANCIER X5,1.0,2.8445073037748965,-1.8445073037748965
2022-09-04,FINANCIER X5,1.0,2.5130028282314036,-1.5130028282314036
2022-09-06,FINANCIER X5,1.0,2.364167154347629,-1.364167154347629
2022-09-09,FINANCIER X5,5.0,2.435995252027805,2.564004747972195
2022-09-10,FINANCIER X5,2.0,2.844093614957198,-0.844093614957198
2022-09-11,FINANCIER X5,1.0,2.5126373439280245,-1.5126373439280245
2022-09-12,FINANCIER X5,3.0,2.1262069094392695,0.8737930905607305
2022-09-13,FINANCIER X5,1.0,2.3638233020126305,-1.3638233020126305
2022-09-15,FINANCIER X5,1.0,2.7412103874513503,-1.7412103874513503
2022-09-16,FINANCIER X5,1.0,2.435640930689668,-1.4356409306896678
2022-09-17,FINANCIER X5,1.0,2.843679926139459,-1.8436799261394592
2022-09-18,FINANCIER X5,5.0,2.5122718596272637,2.4877281403727363
2022-09-21,FINANCIER X5,1.0,2.9106477695463373,-1.9106477695463373
2022-09-22,FINANCIER X5,1.0,2.7408116221250225,-1.7408116221250225
2022-09-24,FINANCIER X5,3.0,2.843266237321721,0.1567337626782792
2022-01-07,KOUIGN AMANN,2.0,2.973056513066759,-0.973056513066759
2022-01-08,KOUIGN AMANN,3.0,3.5993819554739592,-0.5993819554739592
2022-01-10,KOUIGN AMANN,2.0,2.7339244208800566,-0.7339244208800566
2022-01-11,KOUIGN AMANN,1.0,2.2590463343359706,-1.2590463343359706
2022-01-16,KOUIGN AMANN,3.0,4.255888615931051,-1.2558886159310507
2022-01-20,KOUIGN AMANN,3.0,2.8243936386262014,0.1756063613737986
2022-01-22,KOUIGN AMANN,3.0,3.4772372216824063,-0.47723722168240634
2022-01-27,KOUIGN AMANN,1.0,2.77503516081446,-1.77503516081446
2022-01-30,KOUIGN AMANN,7.0,4.108609435167436,2.891390564832564
2022-02-03,KOUIGN AMANN,2.0,2.7677704219263495,-0.7677704219263495
2022-02-07,KOUIGN AMANN,2.0,2.5835484769974717,-0.5835484769974717
2022-02-08,KOUIGN AMANN,3.0,2.1718082206376588,0.8281917793623412
2022-02-10,KOUIGN AMANN,1.0,2.7294421625739282,-1.7294421625739282
2022-02-11,KOUIGN AMANN,2.0,2.7952004855576713,-0.7952004855576713
2022-02-13,KOUIGN AMANN,3.0,4.024794616166819,-1.0247946161668189
2022-02-14,KOUIGN AMANN,1.0,2.547485965649901,-1.547485965649901
2022-02-15,KOUIGN AMANN,3.0,2.141432422019266,0.8585675779807338
2022-02-17,KOUIGN AMANN,1.0,2.6911139032177234,-1.6911139032177234
2022-02-18,KOUIGN AMANN,4.0,2.7558699132422793,1.2441300867577207
2022-02-20,KOUIGN AMANN,2.0,3.9679341386688107,-1.9679341386688107
2022-02-21,KOUIGN AMANN,1.0,2.511423454301334,-1.511423454301334
2022-02-22,KOUIGN AMANN,1.0,2.111056623402244,-1.111056623402244
2022-02-24,KOUIGN AMANN,1.0,2.6527856438634863,-1.6527856438634863
2022-02-25,KOUIGN AMANN,4.0,2.7165393409274046,1.2834606590725954
2022-02-26,KOUIGN AMANN,4.0,3.255757491262029,0.7442425087379712
2022-02-27,KOUIGN AMANN,3.0,3.911073661171478,-0.911073661171478
2022-02-28,KOUIGN AMANN,1.0,2.4753609429548202,-1.4753609429548202
2022-03-01,KOUIGN AMANN,1.0,2.080680824786449,-1.080680824786449
2022-03-04,KOUIGN AMANN,8.0,2.6772087686120143,5.322791231387986
2022-03-07,KOUIGN AMANN,1.0,2.312085937790395,-1.3120859377903948
2022-03-10,KOUIGN AMANN,5.0,2.438731520017867,2.561268479982133
2022-03-12,KOUIGN AMANN,6.0,3.0750409193057817,2.9249590806942183
2022-03-16,KOUIGN AMANN,1.0,2.58814205667642,-1.58814205667642
2022-03-17,KOUIGN AMANN,1.0,2.397590420742917,-1.397590420742917
2022-03-18,KOUIGN AMANN,4.0,2.5558561607005643,1.4441438392994357
2022-03-20,KOUIGN AMANN,5.0,3.6328841071638025,1.3671158928361975
2022-03-22,KOUIGN AMANN,1.0,1.88705905241903,-0.88705905241903
2022-03-26,KOUIGN AMANN,1.0,2.970787300177635,-1.9707873001776348
2022-03-27,KOUIGN AMANN,7.0,3.5700843380146425,3.4299156619853575
2022-03-28,KOUIGN AMANN,1.0,2.1959120569239055,-1.1959120569239055
2022-03-29,KOUIGN AMANN,3.0,1.8542765360519744,1.1457234639480256
2022-03-30,KOUIGN AMANN,4.0,2.4995375721005924,1.5004624278994076
2022-04-01,KOUIGN AMANN,1.0,2.467926942833333,-1.467926942833333
2022-04-02,KOUIGN AMANN,2.0,2.9186604906156286,-0.9186604906156286
2022-04-03,KOUIGN AMANN,3.0,3.5072845688655034,-0.5072845688655034
2022-04-05,KOUIGN AMANN,7.0,1.902405469764565,5.097594530235435
2022-04-06,KOUIGN AMANN,2.0,2.563936856925888,-0.563936856925888
2022-04-09,KOUIGN AMANN,3.0,2.998017022608841,0.0019829773911590465
2022-04-10,KOUIGN AMANN,3.0,3.6255275681518495,-0.6255275681518495
2022-04-13,KOUIGN AMANN,1.0,2.525975648233563,-1.5259756482335631
2022-04-16,KOUIGN AMANN,9.0,2.9533454404993877,6.046654559500612
2022-04-17,KOUIGN AMANN,6.0,3.571390605410886,2.428609394589114
2022-04-18,KOUIGN AMANN,1.0,2.1284391433177636,-1.1284391433177636
2022-04-19,KOUIGN AMANN,9.0,1.846190992818754,7.153809007181246
2022-04-20,KOUIGN AMANN,4.0,2.4880144395384542,1.5119855604615458
2022-04-21,KOUIGN AMANN,4.0,2.3089867307834604,1.6910132692165396
2022-04-22,KOUIGN AMANN,1.0,2.46427588588824,-1.4642758858882399
2022-04-23,KOUIGN AMANN,5.0,2.9086738583898386,2.0913261416101614
2022-04-24,KOUIGN AMANN,1.0,3.5172536426685737,-2.5172536426685737
2022-04-25,KOUIGN AMANN,3.0,2.12639567179695,0.8736043282030499
2022-04-26,KOUIGN AMANN,4.0,1.8180837543445152,2.1819162456554846
2022-04-27,KOUIGN AMANN,6.0,2.4500532308447056,3.5499467691552944
2022-04-28,KOUIGN AMANN,4.0,2.273680104483506,1.726319895516494
2022-04-29,KOUIGN AMANN,3.0,2.4265122473952596,0.5734877526047404
2022-04-30,KOUIGN AMANN,5.0,2.864002276280343,2.135997723719657
2022-05-01,KOUIGN AMANN,8.0,3.515776063476872,4.484223936523128
2022-05-02,KOUIGN AMANN,3.0,2.09359443114207,0.90640556885793
2022-05-05,KOUIGN AMANN,1.0,2.763205841847433,-1.7632058418474328
2022-05-06,KOUIGN AMANN,7.0,2.9395337817476044,4.060466218252396
2022-05-07,KOUIGN AMANN,4.0,3.5430160241780904,0.45698397582190964
2022-05-08,KOUIGN AMANN,7.0,3.9622889277608904,3.0377110722391096
2022-05-10,KOUIGN AMANN,4.0,2.3010251208148107,1.6989748791851893
2022-05-12,KOUIGN AMANN,2.0,2.7444341711749862,-0.7444341711749862
2022-05-13,KOUIGN AMANN,3.0,2.919544838853432,0.08045516114656781
2022-05-14,KOUIGN AMANN,2.0,3.5188999516265613,-1.5188999516265613
2022-05-15,KOUIGN AMANN,9.0,4.179787362386243,4.820212637613757
2022-05-16,KOUIGN AMANN,2.0,2.512429182583729,-0.512429182583729
2022-05-18,KOUIGN AMANN,2.0,2.94940340840873,-0.9494034084087302
2022-05-19,KOUIGN AMANN,2.0,2.7256625005011936,-0.7256625005011936
2022-05-20,KOUIGN AMANN,4.0,2.8995558959592618,1.1004441040407382
2022-05-21,KOUIGN AMANN,2.0,3.494783879075169,-1.494783879075169
2022-05-22,KOUIGN AMANN,2.0,4.151113958497603,-2.1511139584976027
2022-05-23,KOUIGN AMANN,7.0,2.4951769735754143,4.504823026424585
2022-05-24,KOUIGN AMANN,2.0,2.269608926938857,-0.2696089269388571
2022-05-25,KOUIGN AMANN,3.0,2.9291107964584158,0.07088920354158423
2022-05-26,KOUIGN AMANN,12.0,3.0284026769025694,8.97159732309743
2022-05-27,KOUIGN AMANN,16.0,2.879566953065914,13.120433046934085
2022-05-28,KOUIGN AMANN,14.0,3.4706678065234726,10.529332193476527
2022-05-29,KOUIGN AMANN,20.0,4.122440554612101,15.877559445387899
2022-05-30,KOUIGN AMANN,5.0,2.4779247645641926,2.5220752354358074
2022-06-01,KOUIGN AMANN,2.0,2.908818184506526,-0.9088181845065262
2022-06-03,KOUIGN AMANN,1.0,3.910031265835597,-2.910031265835597
2022-06-04,KOUIGN AMANN,2.0,4.493801711964879,-2.4938017119648794
2022-06-05,KOUIGN AMANN,8.0,5.3111608725184425,2.6888391274815575
2022-06-06,KOUIGN AMANN,12.0,3.696387616244041,8.303612383755958
2022-06-07,KOUIGN AMANN,4.0,2.968829539608777,1.0311704603912228
2022-06-08,KOUIGN AMANN,1.0,3.6566282004174284,-2.6566282004174284
2022-06-10,KOUIGN AMANN,2.0,3.918189487249065,-1.918189487249065
2022-06-11,KOUIGN AMANN,2.0,4.503175167691529,-2.503175167691529
2022-06-12,KOUIGN AMANN,2.0,5.32223592750749,-3.3222359275074904
2022-06-13,KOUIGN AMANN,4.0,3.264311029982276,0.735688970017724
2022-06-14,KOUIGN AMANN,5.0,2.975016581110793,2.024983418889207
2022-06-17,KOUIGN AMANN,2.0,3.926347708660133,-1.926347708660133
2022-06-18,KOUIGN AMANN,2.0,4.512548623417932,-2.512548623417932
2022-06-19,KOUIGN AMANN,6.0,5.333310982499614,0.6666890175003859
2022-06-21,KOUIGN AMANN,7.0,2.981203622610129,4.0187963773898705
2022-06-22,KOUIGN AMANN,2.0,3.6718644925194965,-1.6718644925194965
2022-06-24,KOUIGN AMANN,3.0,3.934505930072405,-0.934505930072405
2022-06-25,KOUIGN AMANN,1.0,4.521922079139809,-3.5219220791398094
2022-06-26,KOUIGN AMANN,7.0,5.344386037488667,1.6556139625113326
2022-06-27,KOUIGN AMANN,1.0,3.2778924197380785,-2.2778924197380785
2022-06-28,KOUIGN AMANN,2.0,2.987390664113761,-0.9873906641137609
2022-06-30,KOUIGN AMANN,2.0,3.5150234501610007,-1.5150234501610007
2022-07-01,KOUIGN AMANN,1.0,6.776559439260973,-5.776559439260973
2022-07-02,KOUIGN AMANN,1.0,7.366028528327197,-6.366028528327197
2022-07-03,KOUIGN AMANN,13.0,7.226833484477686,5.773166515522314
2022-07-04,KOUIGN AMANN,1.0,5.357978728294252,-4.357978728294252
2022-07-05,KOUIGN AMANN,2.0,5.0616259843960645,-3.0616259843960645
2022-07-06,KOUIGN AMANN,4.0,5.670428677896987,-1.6704286778969868
2022-07-07,KOUIGN AMANN,5.0,5.47084220706504,-0.47084220706504
2022-07-08,KOUIGN AMANN,2.0,5.772069712334391,-3.7720697123343907
2022-07-09,KOUIGN AMANN,4.0,6.287010287648484,-2.287010287648484
2022-07-10,KOUIGN AMANN,11.0,7.210231429142856,3.7897685708571442
2022-07-11,KOUIGN AMANN,2.0,5.345665913551794,-3.3456659135517937
2022-07-12,KOUIGN AMANN,2.0,5.04999037833018,-3.04999037833018
2022-07-13,KOUIGN AMANN,7.0,5.657389281273042,1.3426107187269576
2022-07-14,KOUIGN AMANN,7.0,5.215452864958763,1.7845471350412367
2022-07-15,KOUIGN AMANN,13.0,5.758787861400142,7.241212138599858
2022-07-16,KOUIGN AMANN,15.0,6.272538772922812,8.727461227077189
2022-07-17,KOUIGN AMANN,21.0,7.193629373808027,13.806370626191974
2022-07-18,KOUIGN AMANN,3.0,5.333353098801947,-2.333353098801947
2022-07-19,KOUIGN AMANN,7.0,5.0383547722629904,1.9616452277370096
2022-07-20,KOUIGN AMANN,5.0,5.64434988464472,-0.6443498846447202
2022-07-21,KOUIGN AMANN,9.0,5.445673061077464,3.554326938922536
2022-07-22,KOUIGN AMANN,6.0,5.745506010464926,0.2544939895350744
2022-07-23,KOUIGN AMANN,3.0,6.25806725820219,-3.25806725820219
2022-07-24,KOUIGN AMANN,17.0,7.17702731847177,9.822972681528231
2022-07-25,KOUIGN AMANN,17.0,5.321040284055192,11.678959715944808
2022-07-26,KOUIGN AMANN,4.0,5.026719166197109,-1.0267191661971093
2022-07-27,KOUIGN AMANN,6.0,5.631310488016288,0.36868951198371214
2022-07-28,KOUIGN AMANN,4.0,5.43308848808554,-1.4330884880855397
2022-07-29,KOUIGN AMANN,3.0,5.732224159530685,-2.732224159530685
2022-07-30,KOUIGN AMANN,14.0,6.243595743481308,7.756404256518692
2022-07-31,KOUIGN AMANN,21.0,7.1604252631369425,13.839574736863057
2022-08-01,KOUIGN AMANN,13.0,5.308727469305357,7.691272530694643
2022-08-02,KOUIGN AMANN,10.0,6.587473164175107,3.4125268358248926
2022-08-03,KOUIGN AMANN,2.0,7.155860534644907,-5.155860534644907
2022-08-04,KOUIGN AMANN,5.0,7.191981691169041,-2.1919816911690413
2022-08-05,KOUIGN AMANN,11.0,7.421065586534756,3.5789344134652437
2022-08-06,KOUIGN AMANN,11.0,8.174779279663499,2.8252207203365014
2022-08-07,KOUIGN AMANN,7.0,9.860004515546235,-2.860004515546235
2022-08-08,KOUIGN AMANN,10.0,7.128114080169657,2.8718859198303432
2022-08-09,KOUIGN AMANN,7.0,6.630888881782186,0.3691111182178144
2022-08-10,KOUIGN AMANN,5.0,7.2029779313779505,-2.2029779313779505
2022-08-11,KOUIGN AMANN,12.0,7.239292423649557,4.760707576350443
2022-08-12,KOUIGN AMANN,17.0,7.4698374592139025,9.530162540786097
2022-08-13,KOUIGN AMANN,22.0,8.228454228928483,13.771545771071517
2022-08-14,KOUIGN AMANN,30.0,9.92468385092491,20.075316149075093
2022-08-15,KOUIGN AMANN,24.0,7.478258509291291,16.52174149070871
2022-08-16,KOUIGN AMANN,4.0,6.67430459938356,-2.67430459938356
2022-08-17,KOUIGN AMANN,7.0,7.250095328111014,-0.25009532811101387
2022-08-18,KOUIGN AMANN,14.0,7.286603156129178,6.713396843870822
2022-08-19,KOUIGN AMANN,12.0,7.518609331897971,4.481390668102029
2022-08-20,KOUIGN AMANN,26.0,8.282129178194687,17.717870821805313
2022-08-21,KOUIGN AMANN,24.0,9.989363186303263,14.010636813696737
2022-08-22,KOUIGN AMANN,6.0,7.221544065606334,-1.2215440656063343
2022-08-23,KOUIGN AMANN,13.0,6.717720316989892,6.282279683010108
2022-08-24,KOUIGN AMANN,11.0,7.297212724844098,3.7027872751559023
2022-08-25,KOUIGN AMANN,3.0,7.333913888609743,-4.333913888609743
2022-08-26,KOUIGN AMANN,5.0,7.5673812045795525,-2.5673812045795525
2022-08-27,KOUIGN AMANN,3.0,8.335804127458493,-5.335804127458493
2022-08-28,KOUIGN AMANN,12.0,10.054042521681609,1.945957478318391
2022-08-29,KOUIGN AMANN,9.0,7.268259058321904,1.7317409416780958
2022-08-30,KOUIGN AMANN,8.0,6.761136034594116,1.2388639654058844
2022-08-31,KOUIGN AMANN,6.0,7.34433012157375,-1.3443301215737504
2022-09-02,KOUIGN AMANN,2.0,5.315471102881384,-3.315471102881384
2022-09-03,KOUIGN AMANN,3.0,6.541003890220956,-3.5410038902209564
2022-09-04,KOUIGN AMANN,11.0,8.946873427793294,2.053126572206706
2022-09-05,KOUIGN AMANN,2.0,5.096732007992527,-3.096732007992527
2022-09-06,KOUIGN AMANN,1.0,4.220813027937197,-3.220813027937197
2022-09-08,KOUIGN AMANN,8.0,4.9706477287050665,3.0293522712949335
2022-09-09,KOUIGN AMANN,4.0,5.405706359308733,-1.4057063593087333
2022-09-10,KOUIGN AMANN,10.0,6.651775114002763,3.3482248859972374
2022-09-11,KOUIGN AMANN,14.0,9.098022133475641,4.9019778665243585
2022-09-12,KOUIGN AMANN,3.0,5.182629020660222,-2.1826290206602224
2022-09-14,KOUIGN AMANN,4.0,4.660412150779499,-0.6604121507794991
2022-09-15,KOUIGN AMANN,2.0,5.05381906348547,-3.05381906348547
2022-09-16,KOUIGN AMANN,4.0,5.495941615728283,-1.4959416157282828
2022-09-17,KOUIGN AMANN,2.0,6.762546337786966,-4.762546337786966
2022-09-18,KOUIGN AMANN,11.0,9.249170839162435,1.750829160837565
2022-09-20,KOUIGN AMANN,4.0,4.362741004662479,-0.36274100466247905
2022-09-21,KOUIGN AMANN,2.0,4.737289879531887,-2.737289879531887
2022-09-22,KOUIGN AMANN,5.0,5.136990398270742,-0.13699039827074166
2022-09-23,KOUIGN AMANN,1.0,5.586176872151812,-4.586176872151812
2022-09-24,KOUIGN AMANN,9.0,6.873317561571298,2.126682438428702
2022-09-25,KOUIGN AMANN,7.0,9.400319544844798,-2.4003195448447983
2022-09-27,KOUIGN AMANN,1.0,4.433704993028868,-3.4337049930288677
2022-09-28,KOUIGN AMANN,1.0,4.814167608279463,-3.8141676082794627
2022-09-30,KOUIGN AMANN,2.0,5.676412128571051,-3.6764121285710507
2022-01-06,MOISSON,3.0,4.2149269843578505,-1.2149269843578505
2022-01-07,MOISSON,6.0,3.98900274870776,2.01099725129224
2022-01-08,MOISSON,7.0,4.1287182521148695,2.8712817478851305
2022-01-09,MOISSON,5.0,5.026985826997155,-0.026985826997155016
2022-01-10,MOISSON,4.0,3.766309737253056,0.23369026274694393
2022-01-11,MOISSON,6.0,3.7525407537857567,2.2474592462142433
2022-01-14,MOISSON,5.0,3.9316046784424463,1.0683953215575537
2022-01-16,MOISSON,4.0,4.9543535342804885,-0.9543535342804885
2022-01-17,MOISSON,1.0,3.711779741297144,-2.711779741297144
2022-01-18,MOISSON,4.0,3.6980975031455503,0.3019024968544497
2022-01-20,MOISSON,1.0,4.093877987286892,-3.0938779872868922
2022-01-21,MOISSON,3.0,3.874206608172805,-0.874206608172805
2022-01-22,MOISSON,3.0,4.009656616110207,-1.009656616110207
2022-01-23,MOISSON,2.0,4.881721241565588,-2.8817212415655877
2022-01-24,MOISSON,4.0,3.6572497453450725,0.3427502546549275
2022-01-25,MOISSON,6.0,3.6436542525033317,2.3563457474966683
2022-01-27,MOISSON,7.0,4.03335348875354,2.96664651124646
2022-01-28,MOISSON,5.0,3.816808537905278,1.183191462094722
2022-01-29,MOISSON,2.0,3.950125798108643,-1.950125798108643
2022-01-30,MOISSON,3.0,4.809088948849394,-1.8090889488493938
2022-01-31,MOISSON,1.0,3.6027197493891427,-2.6027197493891427
2022-02-01,MOISSON,1.0,3.5892110018631094,-2.5892110018631094
2022-02-03,MOISSON,2.0,3.823707274647574,-1.8237072746475742
2022-02-04,MOISSON,5.0,3.6404945540898246,1.3595054459101754
2022-02-05,MOISSON,1.0,3.7603724252694715,-2.7603724252694715
2022-02-06,MOISSON,6.0,4.534952208898862,1.4650477911011377
2022-02-07,MOISSON,2.0,3.378693466347344,-1.378693466347344
2022-02-08,MOISSON,5.0,3.4195022548580507,1.5804977451419493
2022-02-10,MOISSON,5.0,3.7563235790762395,1.2436764209237605
2022-02-11,MOISSON,3.0,3.5761776256653177,-0.5761776256653177
2022-02-12,MOISSON,5.0,3.6937695071868477,1.3062304928131523
2022-02-13,MOISSON,6.0,4.454426347130899,1.545573652869101
2022-02-14,MOISSON,4.0,3.3185463900263135,0.6814536099736865
2022-02-15,MOISSON,6.0,3.3584735018736,2.6415264981264
2022-02-17,MOISSON,4.0,3.68893988350027,0.3110601164997302
2022-02-18,MOISSON,6.0,3.5118606972388333,2.4881393027611667
2022-02-19,MOISSON,6.0,3.6271665891026093,2.3728334108973907
2022-02-20,MOISSON,6.0,4.373900485362962,1.6260995146370378
2022-02-21,MOISSON,7.0,3.2583993137052714,3.7416006862947286
2022-02-22,MOISSON,6.0,3.297444748889198,2.702555251110802
2022-02-24,MOISSON,6.0,3.6215561879282796,2.3784438120717204
2022-02-25,MOISSON,4.0,3.4475437688143282,0.5524562311856718
2022-02-26,MOISSON,5.0,3.560563671016018,1.439436328983982
2022-02-27,MOISSON,8.0,4.293374623598065,3.7066253764019352
2022-02-28,MOISSON,6.0,3.198252237384316,2.801747762615684
2022-03-01,MOISSON,5.0,3.2364159959056815,1.7635840040943185
2022-03-02,MOISSON,3.0,3.171960820162253,-0.17196082016225311
2022-03-03,MOISSON,7.0,3.554172492354911,3.445827507645089
2022-03-04,MOISSON,2.0,3.383226840387919,-1.3832268403879189
2022-03-05,MOISSON,2.0,3.9449329344757356,-1.9449329344757356
2022-03-06,MOISSON,7.0,4.752638286417545,2.247361713582455
2022-03-07,MOISSON,6.0,3.580717326224302,2.419282673775698
2022-03-08,MOISSON,6.0,3.6717206680695678,2.3282793319304322
2022-03-09,MOISSON,1.0,3.4695765686277875,-2.4695765686277875
2022-03-10,MOISSON,1.0,3.968992425609582,-2.968992425609582
2022-03-11,MOISSON,3.0,3.789918256461948,-0.7899182564619478
2022-03-12,MOISSON,1.0,3.893814738517989,-2.893814738517989
2022-03-13,MOISSON,4.0,4.690939682287229,-0.6909396822872287
2022-03-14,MOISSON,6.0,3.53414619469033,2.46585380530967
2022-03-15,MOISSON,5.0,3.6238770448196056,1.3761229551803944
2022-03-17,MOISSON,2.0,3.917082002515753,-1.9170820025157531
2022-03-18,MOISSON,1.0,3.740257154954584,-2.740257154954584
2022-03-19,MOISSON,5.0,3.8426965425583366,1.1573034574416634
2022-03-20,MOISSON,4.0,4.629241078156936,-0.6292410781569364
2022-03-21,MOISSON,4.0,3.487575063153096,0.5124249368469038
2022-03-22,MOISSON,4.0,3.5760334215678635,0.4239665784321365
2022-03-24,MOISSON,2.0,3.865171579424119,-1.865171579424119
2022-03-25,MOISSON,2.0,3.6905960534494144,-1.6905960534494144
2022-03-26,MOISSON,3.0,3.7915783465964146,-0.7915783465964146
2022-03-27,MOISSON,5.0,4.567542474027747,0.43245752597225273
2022-03-28,MOISSON,3.0,3.4410039316158794,-0.44100393161587936
2022-03-29,MOISSON,5.0,3.5281897983178903,1.4718102016821097
2022-03-31,MOISSON,2.0,3.8132611563324414,-1.8132611563324414
2022-04-01,MOISSON,5.0,3.640934951944311,1.359065048055689
2022-04-02,MOISSON,6.0,3.740460150634985,2.259539849365015
2022-04-03,MOISSON,2.0,4.505843869898552,-2.505843869898552
2022-04-04,MOISSON,4.0,3.358950539568943,0.641049460431057
2022-04-05,MOISSON,3.0,3.4363625549473427,-0.43636255494734266
2022-04-06,MOISSON,4.0,3.2179212361996026,0.7820787638003974
2022-04-07,MOISSON,3.0,3.611955505330323,-0.611955505330323
2022-04-08,MOISSON,2.0,3.478770618453767,-1.4787706184537668
2022-04-09,MOISSON,6.0,3.5864446834392583,2.4135553165607417
2022-04-10,MOISSON,6.0,4.300665965678814,1.6993340343211862
2022-04-11,MOISSON,6.0,3.308331872826995,2.691668127173005
2022-04-12,MOISSON,8.0,3.3844655804910566,4.615534419508943
2022-04-13,MOISSON,4.0,3.1692181523306173,0.8307818476693827
2022-04-14,MOISSON,5.0,3.5571702785453314,1.4428297214546686
2022-04-15,MOISSON,4.0,3.4258909254897434,0.5741090745102566
2022-04-16,MOISSON,8.0,3.5318096295815606,4.468190370418439
2022-04-17,MOISSON,2.0,4.235007744133308,-2.2350077441333083
2022-04-18,MOISSON,10.0,3.182147151721366,6.817852848278633
2022-04-19,MOISSON,4.0,3.3325686060347777,0.6674313939652223
2022-04-20,MOISSON,8.0,3.1205150684585674,4.879484931541432
2022-04-21,MOISSON,8.0,3.502385051760707,4.497614948239293
2022-04-22,MOISSON,5.0,3.3730112325294397,1.6269887674705603
2022-04-23,MOISSON,2.0,3.4771745757254395,-1.4771745757254395
2022-04-24,MOISSON,3.0,4.169349522589648,-1.1693495225896484
2022-04-25,MOISSON,2.0,3.2070945393430015,-1.2070945393430015
2022-04-26,MOISSON,4.0,3.280671631578797,0.7193283684212028
2022-04-27,MOISSON,5.0,3.071811984588022,1.928188015411978
2022-04-28,MOISSON,8.0,3.4475998249776154,4.552400175022385
2022-04-29,MOISSON,3.0,3.3201315395654505,-0.3201315395654505
2022-04-30,MOISSON,8.0,3.422539521867716,4.577460478132284
2022-05-01,MOISSON,4.0,4.804078789299516,-0.804078789299516
2022-05-02,MOISSON,8.0,3.156475872603645,4.843524127396355
2022-05-03,MOISSON,6.0,3.2287746571225293,2.7712253428774707
2022-05-05,MOISSON,5.0,4.046981565380641,0.9530184346193593
2022-05-06,MOISSON,3.0,3.834139558253881,-0.8341395582538809
2022-05-07,MOISSON,6.0,4.039472733539137,1.960527266460863
2022-05-08,MOISSON,6.0,5.8261180559516355,0.17388194404836455
2022-05-09,MOISSON,5.0,3.742772999186964,1.2572270008130362
2022-05-10,MOISSON,5.0,3.8290347214151708,1.1709652785848292
2022-05-11,MOISSON,6.0,3.6676339691284814,2.3323660308715186
2022-05-12,MOISSON,7.0,4.0158120554682295,2.9841879445317705
2022-05-13,MOISSON,1.0,3.80457681237556,-2.80457681237556
2022-05-14,MOISSON,5.0,4.008292442308676,0.9917075576913241
2022-05-15,MOISSON,6.0,4.706054571550138,1.2939454284498622
2022-05-16,MOISSON,4.0,3.7138190488608767,0.28618095113912334
2022-05-17,MOISSON,5.0,3.799380681879398,1.200619318120602
2022-05-18,MOISSON,6.0,3.639198441162133,2.360801558837867
2022-05-19,MOISSON,4.0,3.9846425455539936,0.015357454446006447
2022-05-20,MOISSON,4.0,3.775014066497261,0.22498593350273888
2022-05-21,MOISSON,2.0,3.9771121510798038,-1.9771121510798038
2022-05-22,MOISSON,6.0,4.669405699174976,1.330594300825024
2022-05-23,MOISSON,6.0,3.684865098537784,2.315134901462216
2022-05-24,MOISSON,8.0,3.7697266423449496,4.230273357655051
2022-05-25,MOISSON,6.0,3.6107629131971684,2.3892370868028316
2022-05-26,MOISSON,10.0,5.021212651851955,4.978787348148045
2022-05-27,MOISSON,10.0,3.745451320620855,6.254548679379145
2022-05-28,MOISSON,10.0,3.945931859847751,6.054068140152249
2022-05-29,MOISSON,7.0,4.632756826800203,2.367243173199797
2022-05-30,MOISSON,6.0,3.6559111482115125,2.3440888517884875
2022-05-31,MOISSON,4.0,3.7400726028104945,0.2599273971895055
2022-06-01,MOISSON,6.0,3.582327385230847,2.417672614769153
2022-06-02,MOISSON,3.0,3.9223035257262584,-0.9223035257262584
2022-06-03,MOISSON,6.0,4.523461610660148,1.4765383893398516
2022-06-04,MOISSON,8.0,4.828269887206795,3.171730112793205
2022-06-05,MOISSON,10.0,5.624701756999324,4.375298243000676
2022-06-06,MOISSON,8.0,4.717372661655852,3.282627338344148
2022-06-07,MOISSON,6.0,4.60564259811686,1.3943574018831404
2022-06-08,MOISSON,4.0,4.472044230845307,-0.4720442308453068
2022-06-09,MOISSON,1.0,4.797911644563847,-3.797911644563847
2022-06-10,MOISSON,2.0,4.54012527044007,-2.54012527044007
2022-06-11,MOISSON,5.0,4.846047053168158,0.15395294683184169
2022-06-12,MOISSON,6.0,5.645400411534878,0.3545995884651223
2022-06-13,MOISSON,5.0,4.503309827102577,0.4966901728974227
2022-06-14,MOISSON,6.0,4.622573358595744,1.3774266414042557
2022-06-15,MOISSON,5.0,4.48847524274958,0.5115247572504202
2022-06-16,MOISSON,6.0,4.815530698021087,1.184469301978913
2022-06-17,MOISSON,6.0,4.55678893021582,1.44321106978418
2022-06-18,MOISSON,8.0,4.863824219127767,3.1361757808722333
2022-06-19,MOISSON,4.0,5.666099066072118,-1.6660990660721184
2022-06-20,MOISSON,2.0,4.519812404471793,-2.519812404471793
2022-06-21,MOISSON,6.0,4.6395041190733695,1.3604958809266305
2022-06-22,MOISSON,1.0,4.504906254655413,-3.5049062546554133
2022-06-23,MOISSON,6.0,4.8331497514803345,1.1668502485196655
2022-06-24,MOISSON,6.0,4.5734525899936616,1.4265474100063384
2022-06-25,MOISSON,6.0,4.881601385086203,1.1183986149137972
2022-06-26,MOISSON,4.0,5.686797720607665,-1.6867977206076654
2022-06-27,MOISSON,5.0,4.536314981841006,0.4636850181589942
2022-06-28,MOISSON,3.0,4.656434879552465,-1.6564348795524646
2022-06-29,MOISSON,4.0,4.521337266559678,-0.5213372665596783
2022-06-30,MOISSON,8.0,4.850768804938722,3.1492311950612777
2022-07-01,MOISSON,4.0,6.923828823689266,-2.9238288236892664
2022-07-02,MOISSON,6.0,7.234301433317318,-1.2343014333173183
2022-07-03,MOISSON,4.0,8.19400025813664,-4.19400025813664
2022-07-04,MOISSON,8.0,6.9660054697862535,1.0339945302137465
2022-07-05,MOISSON,2.0,7.1229722298288705,-5.1229722298288705
2022-07-06,MOISSON,6.0,6.888028589671704,-0.8880285896717037
2022-07-07,MOISSON,3.0,7.332679206162966,-4.332679206162966
2022-07-08,MOISSON,7.0,7.0165014251730415,-0.01650142517304154
2022-07-09,MOISSON,6.0,7.438807061879179,-1.4388070618791788
2022-07-10,MOISSON,10.0,8.237906367013515,1.7620936329864847
2022-07-11,MOISSON,6.0,7.003303034276865,-1.0033030342768647
2022-07-12,MOISSON,7.0,7.161081080699464,-0.16108108069946425
2022-07-13,MOISSON,10.0,6.92485231620401,3.07514768379599
2022-07-14,MOISSON,12.0,8.13660667684832,3.86339332315168
2022-07-15,MOISSON,11.0,7.053954765746284,3.946045234253716
2022-07-16,MOISSON,10.0,7.478484368978682,2.521515631021318
2022-07-17,MOISSON,8.0,8.281812475890373,-0.28181247589037284
2022-07-18,MOISSON,4.0,7.0406005987645,-3.0406005987644997
2022-07-19,MOISSON,5.0,7.199189931569915,-2.199189931569915
2022-07-20,MOISSON,7.0,6.961676042733367,0.03832395726663318
2022-07-21,MOISSON,5.0,7.4110210743297165,-2.4110210743297165
2022-07-22,MOISSON,7.0,7.091408106321311,-0.09140810632131124
2022-07-23,MOISSON,6.0,7.518161676083478,-1.5181616760834782
2022-07-24,MOISSON,10.0,8.325718584770243,1.674281415229757
2022-07-25,MOISSON,9.0,7.077898163251038,1.9221018367489622
2022-07-26,MOISSON,6.0,7.237298782440508,-1.237298782440508
2022-07-27,MOISSON,2.0,6.998499769262688,-4.998499769262688
2022-07-28,MOISSON,7.0,7.450192008415249,-0.4501920084152493
2022-07-29,MOISSON,7.0,7.128861446894525,-0.1288614468945246
2022-07-30,MOISSON,9.0,7.557838983186108,1.442161016813892
2022-07-31,MOISSON,10.0,8.369624693647092,1.6303753063529083
2022-08-01,MOISSON,13.0,7.115195727738664,5.884804272261336
2022-08-02,MOISSON,6.0,7.012039569166504,-1.0120395691665038
2022-08-03,MOISSON,10.0,6.8324241174809,3.1675758825191
2022-08-04,MOISSON,6.0,7.206675177900601,-1.2066751779006006
2022-08-05,MOISSON,7.0,7.034278677519569,-0.03427867751956892
2022-08-06,MOISSON,10.0,7.39052992758724,2.60947007241276
2022-08-07,MOISSON,5.0,8.137101318127867,-3.1371013181278666
2022-08-08,MOISSON,10.0,6.9931369791602265,3.0068630208397735
2022-08-09,MOISSON,10.0,7.033330382417804,2.9666696175821956
2022-08-10,MOISSON,10.0,6.853160565652702,3.1468394343472976
2022-08-11,MOISSON,10.0,7.228538001171706,2.7714619988282942
2022-08-12,MOISSON,11.0,7.055609258791182,3.944390741208818
2022-08-13,MOISSON,10.0,7.412931092666265,2.5870689073337347
2022-08-14,MOISSON,10.0,8.161754713310781,1.8382452866892187
2022-08-15,MOISSON,10.0,7.580373745865767,2.419626254134233
2022-08-16,MOISSON,10.0,7.054621195667802,2.945378804332198
2022-08-17,MOISSON,8.0,6.873897013824509,1.126102986175491
2022-08-18,MOISSON,10.0,7.250400824441655,2.7495991755583447
2022-08-19,MOISSON,6.0,7.0769398400655055,-1.0769398400655055
2022-08-20,MOISSON,5.0,7.435332257747029,-2.435332257747029
2022-08-21,MOISSON,10.0,8.186408108494792,1.813591891505208
2022-08-22,MOISSON,9.0,7.03549358125892,1.9645064187410801
2022-08-23,MOISSON,10.0,7.075912008919204,2.924087991080796
2022-08-24,MOISSON,7.0,6.894633461996318,0.10536653800368168
2022-08-25,MOISSON,5.0,7.272263647712772,-2.272263647712772
2022-08-26,MOISSON,8.0,7.098270421337797,0.901729578662203
2022-08-27,MOISSON,4.0,7.45773342282432,-3.4577334228243197
2022-08-28,MOISSON,10.0,8.211061503678806,1.7889384963211938
2022-08-29,MOISSON,6.0,7.0566718823063,-1.0566718823062997
2022-08-30,MOISSON,6.0,7.097202822169855,-1.097202822169855
2022-08-31,MOISSON,3.0,6.915369910166699,-3.9153699101666994
2022-09-02,MOISSON,6.0,5.0803225067982805,0.9196774932017195
2022-09-03,MOISSON,7.0,5.419864931434136,1.5801350685658644
2022-09-04,MOISSON,8.0,6.272311556052733,1.727688443947267
2022-09-05,MOISSON,3.0,5.060085372559286,-2.0600853725592856
2022-09-06,MOISSON,8.0,5.10763739298417,2.89236260701583
2022-09-07,MOISSON,6.0,4.848946634281532,1.151053365718468
2022-09-08,MOISSON,2.0,5.273558964099706,-3.2735589640997063
2022-09-09,MOISSON,2.0,5.108829327723083,-3.1088293277230834
2022-09-10,MOISSON,6.0,5.450252641626424,0.5497473583735761
2022-09-11,MOISSON,6.0,6.307450557897245,-0.30745055789724507
2022-09-12,MOISSON,6.0,5.088410521819255,0.911589478180745
2022-09-13,MOISSON,5.0,5.136205881443923,-0.13620588144392265
2022-09-14,MOISSON,3.0,4.876046536806661,-1.876046536806661
2022-09-15,MOISSON,5.0,5.303008437056797,-0.30300843705679714
2022-09-16,MOISSON,1.0,5.137336148643338,-4.137336148643338
2022-09-17,MOISSON,6.0,5.480640351820656,0.5193596481793437
2022-09-18,MOISSON,5.0,6.3425895597447335,-1.3425895597447335
2022-09-20,MOISSON,6.0,5.1647743699021165,0.8352256300978835
2022-09-21,MOISSON,3.0,4.903146439334883,-1.9031464393348827
2022-09-22,MOISSON,5.0,5.3324579100160765,-0.3324579100160765
2022-09-23,MOISSON,4.0,5.165842969565876,-1.165842969565876
2022-09-24,MOISSON,6.0,5.511028062014912,0.4889719379850881
2022-09-25,MOISSON,6.0,6.377728561589241,-0.3777285615892412
2022-09-26,MOISSON,6.0,5.145060820342824,0.8549391796571761
2022-09-27,MOISSON,6.0,5.193342858361872,0.8066571416381283
2022-09-28,MOISSON,4.0,4.930246341861449,-0.9302463418614488
2022-09-29,MOISSON,6.0,5.361907382973166,0.6380926170268344
2022-09-30,MOISSON,5.0,5.194349790487722,-0.19434979048772227
2022-01-06,PAIN,3.0,4.5103784908158255,-1.5103784908158255
2022-01-07,PAIN,5.0,4.189557334621954,0.8104426653780461
2022-01-09,PAIN,3.0,5.029060638018543,-2.029060638018543
2022-01-10,PAIN,2.0,4.208355819599643,-2.2083558195996433
2022-01-11,PAIN,4.0,4.1989219620492335,-0.19892196204923351
2022-01-13,PAIN,2.0,4.516054844563089,-2.5160548445630893
2022-01-14,PAIN,4.0,4.1948289841547926,-0.19482898415479255
2022-01-15,PAIN,2.0,4.486263062561639,-2.4862630625616386
2022-01-17,PAIN,5.0,4.213648268919163,0.7863517310808366
2022-01-18,PAIN,4.0,4.204201598774939,-0.20420159877493926
2022-01-20,PAIN,4.0,4.521731198310351,-0.5217311983103512
2022-01-21,PAIN,4.0,4.200100633684935,-0.2001006336849347
2022-01-22,PAIN,5.0,4.4918999458695055,0.5081000541304945
2022-01-23,PAIN,4.0,5.04171205455156,-1.0417120545515601
2022-01-24,PAIN,2.0,4.218940718241113,-2.2189407182411127
2022-01-25,PAIN,5.0,4.209481235500143,0.7905187644998568
2022-01-27,PAIN,3.0,4.527407552058806,-1.527407552058806
2022-01-28,PAIN,4.0,4.205372283216421,-0.20537228321642065
2022-01-29,PAIN,4.0,4.497536829177376,-0.49753682917737585
2022-01-30,PAIN,4.0,5.048037762817611,-1.0480377628176107
2022-01-31,PAIN,3.0,4.2242331675606355,-1.2242331675606355
2022-02-01,PAIN,10.0,4.214760872225849,5.785239127774151
2022-02-03,PAIN,5.0,4.35190495345631,0.6480950465436903
2022-02-05,PAIN,3.0,4.385545208808202,-1.3855452088082023
2022-02-06,PAIN,3.0,4.906112635833533,-1.9061126358335327
2022-02-07,PAIN,3.0,4.062746647968436,-1.062746647968436
2022-02-08,PAIN,5.0,4.2615700647493915,0.7384299352506085
2022-02-10,PAIN,4.0,4.355020544842895,-0.3550205448428949
2022-02-11,PAIN,5.0,4.138821629476444,0.8611783705235556
2022-02-12,PAIN,4.0,4.388684241657482,-0.38868424165748205
2022-02-14,PAIN,13.0,4.065654037365021,8.934345962634978
2022-02-15,PAIN,13.0,4.264619424743247,8.735380575256752
2022-02-17,PAIN,13.0,4.358136136225464,8.641863863774535
2022-02-18,PAIN,11.0,4.141782249098671,6.858217750901329
2022-02-19,PAIN,5.0,4.391823274505394,0.608176725494606
2022-02-20,PAIN,10.0,4.913135194447335,5.086864805552665
2022-02-21,PAIN,2.0,4.068561426761829,-2.0685614267618293
2022-02-22,PAIN,3.0,4.267668784737616,-1.2676687847376158
2022-02-24,PAIN,5.0,4.3612517276110045,0.6387482723889955
2022-02-25,PAIN,3.0,4.144742868722481,-1.1447428687224814
2022-02-26,PAIN,5.0,4.394962307351266,0.6050376926487342
2022-02-27,PAIN,4.0,4.91664647375757,-0.9166464737575701
2022-02-28,PAIN,3.0,4.071468816158191,-1.0714688161581911
2022-03-01,PAIN,3.0,4.270718144732466,-1.2707181447324656
2022-03-02,PAIN,6.0,4.171141796699886,1.828858203300114
2022-03-03,PAIN,2.0,4.364367318996106,-2.3643673189961056
2022-03-04,PAIN,5.0,4.147703488344705,0.852296511655295
2022-03-05,PAIN,4.0,4.620785295738694,-0.6207852957386937
2022-03-06,PAIN,4.0,5.227394041449003,-1.2273940414490028
2022-03-07,PAIN,3.0,4.379966997124743,-1.3799669971247432
2022-03-08,PAIN,5.0,4.638277263650499,0.3617227363495008
2022-03-09,PAIN,4.0,4.474177143676576,-0.4741771436765756
2022-03-10,PAIN,2.0,4.724328412917281,-2.7243284129172807
2022-03-11,PAIN,3.0,4.512173219895024,-1.5121732198950237
2022-03-12,PAIN,2.0,4.631578699380959,-2.6315786993809587
2022-03-13,PAIN,3.0,5.239600311430538,-2.2396003114305376
2022-03-14,PAIN,1.0,4.390191064990582,-3.3901910649905824
2022-03-15,PAIN,5.0,4.649100690643761,0.35089930935623936
2022-03-16,PAIN,1.0,4.484614163534826,-3.4846141635348262
2022-03-18,PAIN,4.0,4.5226918635081885,-0.5226918635081885
2022-03-19,PAIN,2.0,4.642372103021685,-2.6423721030216853
2022-03-20,PAIN,1.0,5.251806581412068,-4.251806581412068
2022-03-21,PAIN,4.0,4.400415132854469,-0.4004151328544694
2022-03-22,PAIN,3.0,4.659924117635673,-1.659924117635673
2022-03-23,PAIN,5.0,4.4950511833930795,0.5049488166069205
2022-03-24,PAIN,2.0,4.746362177641359,-2.746362177641359
2022-03-25,PAIN,4.0,4.533210507123082,-0.5332105071230817
2022-03-26,PAIN,4.0,4.653165506660579,-0.6531655066605788
2022-03-27,PAIN,5.0,5.264012851394536,-0.26401285139453634
2022-03-28,PAIN,5.0,4.410639200718355,0.5893607992816454
2022-03-29,PAIN,1.0,4.670747544628937,-3.670747544628937
2022-03-30,PAIN,2.0,4.5054882032503665,-2.5054882032503665
2022-03-31,PAIN,2.0,4.757379060004294,-2.7573790600042942
2022-04-01,PAIN,5.0,4.543729150738092,0.45627084926190786
2022-04-02,PAIN,4.0,4.6639589102997485,-0.6639589102997485
2022-04-03,PAIN,5.0,5.276219121377007,-0.2762191213770073
2022-04-04,PAIN,1.0,4.046199069223895,-3.0461990692238947
2022-04-05,PAIN,2.0,4.279086699560628,-2.2790866995606276
2022-04-07,PAIN,4.0,4.309827371108306,-0.30982737110830616
2022-04-08,PAIN,3.0,4.197257854835072,-1.1972578548350716
2022-04-09,PAIN,5.0,4.244245088943032,0.7557549110569681
2022-04-10,PAIN,5.0,4.78578835252544,0.2142116474745599
2022-04-11,PAIN,3.0,4.047342000744447,-1.0473420007444467
2022-04-12,PAIN,2.0,4.280295366173091,-2.2802953661730907
2022-04-13,PAIN,5.0,4.064080380146304,0.9359196198536957
2022-04-14,PAIN,5.0,4.311044622464922,0.6889553775350779
2022-04-15,PAIN,5.0,4.198443264653111,0.8015567353468889
2022-04-16,PAIN,8.0,4.245443720763224,3.754556279236776
2022-04-17,PAIN,3.0,4.787139868909844,-1.7871398689098443
2022-04-18,PAIN,5.0,4.046836213905426,0.9531637860945743
2022-04-19,PAIN,3.0,4.281504032785554,-1.2815040327855538
2022-04-20,PAIN,4.0,4.065227945838887,-0.06522794583888736
2022-04-21,PAIN,6.0,4.3122618738220275,1.6877381261779725
2022-04-22,PAIN,4.0,4.1996286744743925,-0.19962867447439248
2022-04-23,PAIN,4.0,4.246642352584813,-0.24664235258481337
2022-04-24,PAIN,3.0,4.788491385295873,-1.788491385295873
2022-04-25,PAIN,4.0,4.0496278637854175,-0.0496278637854175
2022-04-26,PAIN,4.0,4.282712699397968,-0.28271269939796806
2022-04-27,PAIN,5.0,4.066375511532787,0.9336244884672134
2022-04-28,PAIN,3.0,4.3134791251803195,-1.3134791251803195
2022-04-29,PAIN,2.0,4.20081408429243,-2.20081408429243
2022-04-30,PAIN,6.0,4.247840984405007,1.7521590155949927
2022-05-01,PAIN,4.0,4.815769081907484,-0.8157690819074839
2022-05-02,PAIN,4.0,4.050770795307494,-0.05077079530749362
2022-05-03,PAIN,2.0,4.28392136601043,-2.2839213660104303
2022-05-06,PAIN,3.0,4.090881847357062,-1.0908818473570623
2022-05-07,PAIN,3.0,4.26708946419014,-1.26708946419014
2022-05-08,PAIN,6.0,4.778192596266803,1.2218074037331972
2022-05-09,PAIN,4.0,3.9337365458321956,0.06626345416780444
2022-05-10,PAIN,3.0,4.096912575571084,-1.0969125755710838
2022-05-11,PAIN,2.0,4.065632080518953,-2.065632080518953
2022-05-12,PAIN,5.0,4.259723700814911,0.7402762991850889
2022-05-13,PAIN,2.0,4.090164785906716,-2.0901647859067163
2022-05-14,PAIN,4.0,4.266341497837264,-0.2663414978372636
2022-05-15,PAIN,3.0,4.669582581632572,-1.6695825816325716
2022-05-16,PAIN,4.0,3.9330469774583086,0.06695302254169144
2022-05-17,PAIN,4.0,4.09619438510288,-0.09619438510287992
2022-05-19,PAIN,4.0,4.258976932086634,-0.2589769320866342
2022-05-20,PAIN,6.0,4.089447724456371,1.9105522755436288
2022-05-21,PAIN,2.0,4.265593531485503,-2.2655935314855027
2022-05-22,PAIN,5.0,4.6687638993651195,0.3312361006348805
2022-05-23,PAIN,5.0,3.9323574090864226,1.0676425909135774
2022-05-24,PAIN,4.0,4.095476194635535,-0.09547619463553492
2022-05-25,PAIN,5.0,4.064206630853224,0.9357933691467757
2022-05-26,PAIN,9.0,4.303571770675224,4.696428229324776
2022-05-27,PAIN,10.0,4.088730663007332,5.911269336992668
2022-05-28,PAIN,2.0,4.26484556513151,-2.26484556513151
2022-05-29,PAIN,10.0,4.667945217098384,5.332054782901616
2022-05-30,PAIN,2.0,3.931667840712383,-1.9316678407123828
2022-05-31,PAIN,4.0,4.094758004168187,-0.09475800416818725
2022-06-01,PAIN,1.0,4.063493906019911,-3.063493906019911
2022-06-02,PAIN,5.0,4.257483394630857,0.7425166053691434
2022-06-03,PAIN,4.0,4.181806410224589,-0.18180641022458932
2022-06-04,PAIN,4.0,4.216648611191922,-0.21664861119192214
2022-06-05,PAIN,6.0,4.806358747139681,1.1936412528603189
2022-06-06,PAIN,6.0,3.9651106352826595,2.0348893647173405
2022-06-07,PAIN,4.0,4.092460637343323,-0.092460637343323
2022-06-08,PAIN,3.0,3.9059108849726836,-0.9059108849726836
2022-06-09,PAIN,1.0,4.376578163952949,-3.3765781639529493
2022-06-10,PAIN,3.0,4.182122369542185,-1.182122369542185
2022-06-11,PAIN,5.0,4.216967199596932,0.7830328004030678
2022-06-12,PAIN,3.0,4.806721887104574,-1.8067218871045743
2022-06-13,PAIN,6.0,3.9413348019785737,2.0586651980214263
2022-06-14,PAIN,5.0,4.092769832727223,0.9072301672727772
2022-06-15,PAIN,5.0,3.906205982881415,1.0937940171185851
2022-06-16,PAIN,2.0,4.376908817970365,-2.3769088179703646
2022-06-17,PAIN,1.0,4.1824383288559535,-3.1824383288559535
2022-06-18,PAIN,5.0,4.217285788000292,0.7827142119997079
2022-06-19,PAIN,3.0,4.807085027070766,-1.807085027070766
2022-06-20,PAIN,2.0,3.941632560153377,-1.9416325601533768
2022-06-21,PAIN,5.0,4.093079028109823,0.9069209718901767
2022-06-22,PAIN,4.0,3.9065010807912817,0.09349891920871833
2022-06-23,PAIN,5.0,4.37723947198958,0.6227605280104198
2022-06-24,PAIN,3.0,4.182754288171635,-1.182754288171635
2022-06-25,PAIN,5.0,4.217604376403796,0.7823956235962042
2022-06-26,PAIN,4.0,4.807448167035659,-0.807448167035659
2022-06-27,PAIN,2.0,3.94193031832818,-1.94193031832818
2022-06-28,PAIN,2.0,4.0933882234936165,-2.0933882234936165
2022-06-29,PAIN,3.0,3.9067961787000116,-0.9067961787000116
2022-06-30,PAIN,3.0,4.377570126007213,-1.377570126007213
2022-07-01,PAIN,3.0,4.01206122284592,-1.0120612228459196
2022-07-02,PAIN,6.0,4.046912094906537,1.9530879050934633
2022-07-03,PAIN,6.0,4.388426894116677,1.6115731058833234
2022-07-04,PAIN,6.0,3.6081656266497406,2.3918343733502594
2022-07-05,PAIN,1.0,3.7989046404245412,-2.7989046404245412
2022-07-06,PAIN,6.0,3.687215253516814,2.312784746483186
2022-07-07,PAIN,3.0,3.921846837587265,-0.9218468375872648
2022-07-08,PAIN,5.0,3.801680379976052,1.1983196200239479
2022-07-09,PAIN,6.0,3.9577469329241453,2.0422530670758547
2022-07-10,PAIN,5.0,4.385272728270068,0.6147272717299321
2022-07-11,PAIN,7.0,3.605572004441261,3.394427995558739
2022-07-12,PAIN,3.0,3.7961736307216953,-0.7961736307216953
2022-07-13,PAIN,7.0,3.684564264389836,3.315435735610164
2022-07-14,PAIN,5.0,3.0289332636585353,1.9710667363414647
2022-07-15,PAIN,5.0,3.7989465325183525,1.2010534674816475
2022-07-16,PAIN,5.0,3.9549005631719862,1.0450994368280138
2022-07-17,PAIN,6.0,4.382118562423462,1.6178814375765382
2022-07-18,PAIN,4.0,3.602978382231093,0.3970216177689072
2022-07-19,PAIN,6.0,3.7934426210184937,2.2065573789815063
2022-07-20,PAIN,4.0,3.6819132752607144,0.31808672473928556
2022-07-22,PAIN,3.0,3.7962126850617364,-0.7962126850617364
2022-07-23,PAIN,56.0,3.9520541934225832,52.04794580657742
2022-07-24,PAIN,5.0,4.378964396578428,0.6210356034215723
2022-07-25,PAIN,1.0,3.6003847600206194,-2.6003847600206194
2022-07-26,PAIN,7.0,3.7907116113156487,3.2092883886843513
2022-07-27,PAIN,2.0,3.6792622861317907,-1.6792622861317907
2022-07-28,PAIN,4.0,3.913386923608398,0.0866130763916022
2022-07-29,PAIN,5.0,3.7934788376040394,1.2065211623959606
2022-07-30,PAIN,7.0,3.949207823671917,3.050792176328083
2022-07-31,PAIN,7.0,4.375810230731822,2.6241897692681784
2022-08-01,PAIN,9.0,3.5977911378104506,5.40220886218955
2022-08-02,PAIN,1.0,5.6569176152131355,-4.6569176152131355
2022-08-03,PAIN,2.0,5.429804476171981,-3.429804476171981
2022-08-04,PAIN,3.0,5.886316503565595,-2.8863165035655953
2022-08-05,PAIN,7.0,5.685879869001721,1.3141201309982788
2022-08-06,PAIN,8.0,6.793135654282257,1.2068643457177428
2022-08-07,PAIN,8.0,6.463971264060661,1.5360287359393388
2022-08-08,PAIN,9.0,5.659092679596636,3.340907320403364
2022-08-09,PAIN,8.0,5.730918371694306,2.2690816283056936
2022-08-10,PAIN,4.0,5.5007017691390026,-1.5007017691390026
2022-08-11,PAIN,5.0,5.963031406426788,-0.9630314064267882
2022-08-12,PAIN,7.0,5.759844821367102,1.2401551786328984
2022-08-13,PAIN,3.0,6.881340462938968,-3.881340462938968
2022-08-14,PAIN,5.0,6.547746673495928,-1.5477466734959284
2022-08-15,PAIN,6.0,5.762085456321898,0.2379145436781016
2022-08-16,PAIN,5.0,5.804919128178505,-0.8049191281785051
2022-08-17,PAIN,4.0,5.57159906210602,-1.5715990621060199
2022-08-18,PAIN,8.0,6.0397463092880574,1.9602536907119426
2022-08-19,PAIN,6.0,5.833809773736125,0.16619022626387459
2022-08-20,PAIN,4.0,6.969545271597329,-2.9695452715973287
2022-08-21,PAIN,6.0,6.631522082933151,-0.6315220829331514
2022-08-22,PAIN,5.0,5.805509374727399,-0.8055093747273991
2022-08-23,PAIN,5.0,5.8789198846589175,-0.8789198846589175
2022-08-25,PAIN,4.0,6.11646121214925,-2.1164612121492503
2022-08-26,PAIN,3.0,5.907774726104195,-2.9077747261041953
2022-08-27,PAIN,5.0,7.057750080252393,-2.0577500802523927
2022-08-28,PAIN,6.0,6.715297492370376,-0.7152974923703761
2022-08-29,PAIN,2.0,5.878717722289475,-3.8787177222894753
2022-08-30,PAIN,2.0,5.9529206411416045,-3.9529206411416045
2022-08-31,PAIN,3.0,5.7133936480408645,-2.7133936480408645
2022-09-03,PAIN,2.0,5.666189431870752,-3.6661894318707517
2022-09-04,PAIN,1.0,5.516985772151165,-4.516985772151165
2022-09-05,PAIN,1.0,4.710424713790765,-3.710424713790765
2022-09-06,PAIN,1.0,4.6913689658816695,-3.6913689658816695
2022-09-07,PAIN,3.0,4.418971115584995,-1.418971115584995
2022-09-08,PAIN,5.0,4.949122804792288,0.050877195207712056
2022-09-10,PAIN,2.0,5.706709515260593,-3.7067095152605933
2022-09-11,PAIN,6.0,5.556398605370706,0.4436013946292938
2022-09-12,PAIN,3.0,4.744041242206779,-1.7440412422067793
2022-09-13,PAIN,3.0,4.724815401364707,-1.7248154013647072
2022-09-14,PAIN,2.0,4.4504434761047404,-2.4504434761047404
2022-09-16,PAIN,4.0,4.851914489290227,-0.8519144892902268
2022-09-17,PAIN,3.0,5.747229598652032,-2.747229598652032
2022-09-18,PAIN,6.0,5.595811438595949,0.4041885614040508
2022-09-20,PAIN,4.0,4.758261836849962,-0.7582618368499618
2022-09-21,PAIN,3.0,4.481915836624622,-1.481915836624622
2022-09-22,PAIN,1.0,5.019547460966593,-4.019547460966593
2022-09-23,PAIN,2.0,4.886156760383188,-2.886156760383188
2022-09-24,PAIN,2.0,5.7877496820434935,-3.7877496820434935
2022-09-26,PAIN,3.0,4.811274299041504,-1.8112742990415036
2022-09-28,PAIN,6.0,4.513388197144908,1.4866118028550916
2022-09-30,PAIN,2.0,4.9203990314738935,-2.9203990314738935
2022-01-04,PAIN AU CHOCOLAT,6.0,20.546893397864057,-14.546893397864057
2022-01-06,PAIN AU CHOCOLAT,23.0,19.61390217564219,3.3860978243578117
2022-01-07,PAIN AU CHOCOLAT,12.0,24.936050365030543,-12.936050365030543
2022-01-08,PAIN AU CHOCOLAT,19.0,35.36322047099448,-16.363220470994477
2022-01-09,PAIN AU CHOCOLAT,33.0,53.874980651722,-20.874980651721998
2022-01-10,PAIN AU CHOCOLAT,14.0,19.894603731577142,-5.894603731577142
2022-01-11,PAIN AU CHOCOLAT,17.0,20.1368136561266,-3.1368136561265985
2022-01-13,PAIN AU CHOCOLAT,7.0,19.22019825383705,-12.22019825383705
2022-01-14,PAIN AU CHOCOLAT,19.0,24.434077151172243,-5.434077151172243
2022-01-15,PAIN AU CHOCOLAT,22.0,34.64929082316827,-12.649290823168272
2022-01-16,PAIN AU CHOCOLAT,52.0,52.78418077333992,-0.7841807733399193
2022-01-17,PAIN AU CHOCOLAT,10.0,19.490631768433833,-9.490631768433833
2022-01-18,PAIN AU CHOCOLAT,14.0,19.726733914388046,-5.726733914388046
2022-01-20,PAIN AU CHOCOLAT,23.0,18.826494332032517,4.173505667967483
2022-01-21,PAIN AU CHOCOLAT,30.0,23.932103937277237,6.067896062722763
2022-01-22,PAIN AU CHOCOLAT,12.0,33.935361175368996,-21.935361175368996
2022-01-23,PAIN AU CHOCOLAT,38.0,51.693380894973174,-13.693380894973174
2022-01-24,PAIN AU CHOCOLAT,7.0,19.086659805391932,-12.086659805391932
2022-01-25,PAIN AU CHOCOLAT,23.0,19.31665417258408,3.68334582741592
2022-01-27,PAIN AU CHOCOLAT,23.0,18.432790410275764,4.567209589724236
2022-01-28,PAIN AU CHOCOLAT,29.0,23.430130723424167,5.569869276575833
2022-01-29,PAIN AU CHOCOLAT,29.0,33.221431527568235,-4.221431527568235
2022-01-30,PAIN AU CHOCOLAT,47.0,50.60258101663253,-3.602581016632527
2022-01-31,PAIN AU CHOCOLAT,12.0,18.68268784224755,-6.6826878422475495
2022-02-01,PAIN AU CHOCOLAT,12.0,18.906574430844707,-6.906574430844707
2022-02-03,PAIN AU CHOCOLAT,17.0,16.18462048826735,0.815379511732651
2022-02-04,PAIN AU CHOCOLAT,8.0,20.49972845575766,-12.499728455757658
2022-02-05,PAIN AU CHOCOLAT,19.0,28.78009652420181,-9.78009652420181
2022-02-06,PAIN AU CHOCOLAT,38.0,44.145596856331565,-6.145596856331565
2022-02-07,PAIN AU CHOCOLAT,14.0,16.048582641089148,-2.0485826410891477
2022-02-08,PAIN AU CHOCOLAT,23.0,16.264051290712167,6.7359487092878325
2022-02-10,PAIN AU CHOCOLAT,28.0,15.697367125464448,12.302632874535552
2022-02-11,PAIN AU CHOCOLAT,23.0,19.87989887752684,3.1201011224731587
2022-02-12,PAIN AU CHOCOLAT,17.0,27.906126773811202,-10.906126773811202
2022-02-13,PAIN AU CHOCOLAT,52.0,42.79917954202564,9.200820457974359
2022-02-14,PAIN AU CHOCOLAT,18.0,15.556967372860932,2.4430326271390683
2022-02-15,PAIN AU CHOCOLAT,46.0,15.763645742408915,30.236354257591085
2022-02-17,PAIN AU CHOCOLAT,26.0,15.210113762563441,10.789886237436559
2022-02-18,PAIN AU CHOCOLAT,46.0,19.260069299260852,26.739930700739148
2022-02-19,PAIN AU CHOCOLAT,28.0,27.03215702339648,0.9678429766035208
2022-02-20,PAIN AU CHOCOLAT,87.0,41.4527622277204,45.5472377722796
2022-02-21,PAIN AU CHOCOLAT,16.0,15.065352104622123,0.9346478953778767
2022-02-22,PAIN AU CHOCOLAT,20.0,15.263240194110141,4.736759805889859
2022-02-24,PAIN AU CHOCOLAT,34.0,14.722860399742165,19.277139600257833
2022-02-25,PAIN AU CHOCOLAT,37.0,18.64023972102925,18.35976027897075
2022-02-26,PAIN AU CHOCOLAT,38.0,26.158187272920834,11.841812727079166
2022-02-27,PAIN AU CHOCOLAT,68.0,40.106344913465314,27.893655086534686
2022-02-28,PAIN AU CHOCOLAT,15.0,14.573736836406496,0.4262631635935037
2022-03-01,PAIN AU CHOCOLAT,17.0,14.762834645837014,2.237165354162986
2022-03-02,PAIN AU CHOCOLAT,15.0,13.655677882561326,1.344322117438674
2022-03-03,PAIN AU CHOCOLAT,22.0,14.23560703689746,7.764392963102541
2022-03-04,PAIN AU CHOCOLAT,23.0,18.02041014276469,4.979589857235311
2022-03-05,PAIN AU CHOCOLAT,45.0,29.564610608270826,15.435389391729174
2022-03-06,PAIN AU CHOCOLAT,76.0,46.31825348219557,29.681746517804427
2022-03-07,PAIN AU CHOCOLAT,23.0,16.856834650509285,6.143165349490715
2022-03-08,PAIN AU CHOCOLAT,20.0,17.186660413070385,2.813339586929615
2022-03-09,PAIN AU CHOCOLAT,31.0,16.335283587687446,14.664716412312554
2022-03-10,PAIN AU CHOCOLAT,18.0,16.796304129654022,1.2036958703459781
2022-03-11,PAIN AU CHOCOLAT,12.0,20.966810583204104,-8.966810583204104
2022-03-12,PAIN AU CHOCOLAT,27.0,28.909187592389397,-1.9091875923893973
2022-03-13,PAIN AU CHOCOLAT,50.0,45.288153679670714,4.711846320329286
2022-03-14,PAIN AU CHOCOLAT,13.0,16.48075040283993,-3.4807504028399308
2022-03-15,PAIN AU CHOCOLAT,20.0,16.801991569341155,3.198008430658845
2022-03-16,PAIN AU CHOCOLAT,24.0,15.968497348268997,8.031502651731003
2022-03-17,PAIN AU CHOCOLAT,18.0,16.417952687703885,1.5820473122961154
2022-03-18,PAIN AU CHOCOLAT,28.0,20.492990089649055,7.507009910350945
2022-03-19,PAIN AU CHOCOLAT,31.0,28.253764576483224,2.746235423516776
2022-03-20,PAIN AU CHOCOLAT,80.0,44.25805387714632,35.74194612285368
2022-03-21,PAIN AU CHOCOLAT,26.0,16.10466615509251,9.89533384490749
2022-03-22,PAIN AU CHOCOLAT,17.0,16.41732272555255,0.5826772744474518
2022-03-23,PAIN AU CHOCOLAT,32.0,15.601711108849967,16.39828889115003
2022-03-24,PAIN AU CHOCOLAT,29.0,16.039601245795993,12.960398754204007
2022-03-25,PAIN AU CHOCOLAT,24.0,20.019169596093946,3.9808304039060545
2022-03-26,PAIN AU CHOCOLAT,42.0,27.59834156051112,14.40165843948888
2022-03-27,PAIN AU CHOCOLAT,65.0,43.22795407462791,21.77204592537209
2022-03-28,PAIN AU CHOCOLAT,11.0,15.728581907345594,-4.728581907345594
2022-03-29,PAIN AU CHOCOLAT,17.0,16.032653881822494,0.967346118177506
2022-03-30,PAIN AU CHOCOLAT,20.0,15.234924869412383,4.765075130587617
2022-03-31,PAIN AU CHOCOLAT,12.0,15.66124980388674,-3.66124980388674
2022-04-01,PAIN AU CHOCOLAT,33.0,19.54534910257578,13.45465089742422
2022-04-02,PAIN AU CHOCOLAT,25.0,26.94291854458359,-1.9429185445835913
2022-04-03,PAIN AU CHOCOLAT,32.0,42.19785427210973,-10.19785427210973
2022-04-04,PAIN AU CHOCOLAT,20.0,17.503889793562028,2.4961102064379723
2022-04-05,PAIN AU CHOCOLAT,22.0,18.181712615867532,3.818287384132468
2022-04-06,PAIN AU CHOCOLAT,8.0,17.387427081577513,-9.387427081577513
2022-04-07,PAIN AU CHOCOLAT,28.0,17.725859320643494,10.274140679356506
2022-04-08,PAIN AU CHOCOLAT,13.0,22.38728836937391,-9.387288369373909
2022-04-09,PAIN AU CHOCOLAT,32.0,31.000338863520863,0.999661136479137
2022-04-10,PAIN AU CHOCOLAT,46.0,49.1016307959042,-3.1016307959041995
2022-04-11,PAIN AU CHOCOLAT,21.0,17.266967025945156,3.7330329740548436
2022-04-12,PAIN AU CHOCOLAT,27.0,17.93513843720336,9.06486156279664
2022-04-13,PAIN AU CHOCOLAT,14.0,17.151167006703854,-3.1511670067038544
2022-04-14,PAIN AU CHOCOLAT,20.0,17.484532184080663,2.5154678159193367
2022-04-15,PAIN AU CHOCOLAT,31.0,22.081904675652087,8.918095324347913
2022-04-16,PAIN AU CHOCOLAT,81.0,30.57663938516889,50.42336061483111
2022-04-17,PAIN AU CHOCOLAT,105.0,48.42921764570479,56.57078235429521
2022-04-18,PAIN AU CHOCOLAT,85.0,26.940276168583488,58.05972383141651
2022-04-19,PAIN AU CHOCOLAT,47.0,17.68856425853935,29.31143574146065
2022-04-20,PAIN AU CHOCOLAT,26.0,16.914906931739782,9.085093068260218
2022-04-21,PAIN AU CHOCOLAT,43.0,17.243205047539348,25.756794952460652
2022-04-22,PAIN AU CHOCOLAT,43.0,21.776520981970165,21.223479018029835
2022-04-23,PAIN AU CHOCOLAT,36.0,30.152939906842274,5.847060093157726
2022-04-24,PAIN AU CHOCOLAT,67.0,47.75680449551753,19.243195504482472
2022-04-25,PAIN AU CHOCOLAT,27.0,16.79312149074331,10.20687850925669
2022-04-26,PAIN AU CHOCOLAT,28.0,17.441990079869235,10.558009920130765
2022-04-27,PAIN AU CHOCOLAT,25.0,16.678646856820336,8.321353143179664
2022-04-28,PAIN AU CHOCOLAT,19.0,17.00187791102333,1.9981220889766718
2022-04-29,PAIN AU CHOCOLAT,43.0,21.471137288249118,21.528862711750882
2022-04-30,PAIN AU CHOCOLAT,52.0,29.729240428489533,22.270759571510467
2022-05-01,PAIN AU CHOCOLAT,90.0,39.65590338216809,50.34409661783191
2022-05-02,PAIN AU CHOCOLAT,34.0,16.556198723223563,17.443801276776437
2022-05-03,PAIN AU CHOCOLAT,17.0,17.195415901205678,-0.19541590120567776
2022-05-05,PAIN AU CHOCOLAT,32.0,24.603100607851157,7.396899392148843
2022-05-06,PAIN AU CHOCOLAT,19.0,30.920662758937606,-11.920662758937606
2022-05-07,PAIN AU CHOCOLAT,37.0,42.867967589658804,-5.867967589658804
2022-05-08,PAIN AU CHOCOLAT,78.0,88.07220281843381,-10.072202818433809
2022-05-09,PAIN AU CHOCOLAT,21.0,24.093730672113143,-3.093730672113143
2022-05-10,PAIN AU CHOCOLAT,21.0,25.33405013408661,-4.33405013408661
2022-05-11,PAIN AU CHOCOLAT,21.0,23.603130867430046,-2.603130867430046
2022-05-12,PAIN AU CHOCOLAT,20.0,24.933404267768708,-4.933404267768708
2022-05-13,PAIN AU CHOCOLAT,25.0,31.334986865518417,-6.334986865518417
2022-05-14,PAIN AU CHOCOLAT,28.0,43.44128318916288,-15.441283189162881
2022-05-15,PAIN AU CHOCOLAT,77.0,69.36560482047005,7.634395179529946
2022-05-16,PAIN AU CHOCOLAT,22.0,24.414733293818234,-2.4147332938182338
2022-05-17,PAIN AU CHOCOLAT,11.0,25.670936432505457,-14.670936432505457
2022-05-18,PAIN AU CHOCOLAT,18.0,23.916404684290125,-5.916404684290125
2022-05-19,PAIN AU CHOCOLAT,29.0,25.263707927618068,3.736292072381932
2022-05-20,PAIN AU CHOCOLAT,25.0,31.74931097209828,-6.749310972098279
2022-05-21,PAIN AU CHOCOLAT,50.0,44.01459878870664,5.9854012112933574
2022-05-22,PAIN AU CHOCOLAT,66.0,70.27933351311867,-4.279333513118672
2022-05-23,PAIN AU CHOCOLAT,14.0,24.735735915623074,-10.735735915623074
2022-05-24,PAIN AU CHOCOLAT,21.0,26.007822731018404,-5.007822731018404
2022-05-25,PAIN AU CHOCOLAT,19.0,24.229678501180217,-5.229678501180217
2022-05-26,PAIN AU CHOCOLAT,75.0,55.65499932836615,19.345000671633848
2022-05-27,PAIN AU CHOCOLAT,108.0,32.16363507873846,75.83636492126155
2022-05-28,PAIN AU CHOCOLAT,97.0,44.58791438817185,52.41208561182815
2022-05-29,PAIN AU CHOCOLAT,157.0,71.19306220582205,85.80693779417795
2022-05-30,PAIN AU CHOCOLAT,28.0,25.05673853734948,2.9432614626505185
2022-05-31,PAIN AU CHOCOLAT,19.0,26.34470902953233,-7.3447090295323285
2022-06-01,PAIN AU CHOCOLAT,29.0,24.54295231800444,4.457047681995562
2022-06-02,PAIN AU CHOCOLAT,19.0,25.92431524734516,-6.9243152473451595
2022-06-03,PAIN AU CHOCOLAT,26.0,37.80039746151165,-11.80039746151165
2022-06-04,PAIN AU CHOCOLAT,44.0,51.97358615623419,-7.973586156234191
2022-06-05,PAIN AU CHOCOLAT,129.0,83.29436800362174,45.70563199637826
2022-06-06,PAIN AU CHOCOLAT,118.0,90.63177473454469,27.368225265455308
2022-06-07,PAIN AU CHOCOLAT,26.0,29.679965451882854,-3.679965451882854
2022-06-08,PAIN AU CHOCOLAT,16.0,28.0348562209042,-12.0348562209042
2022-06-09,PAIN AU CHOCOLAT,24.0,29.693408608079338,-5.693408608079338
2022-06-10,PAIN AU CHOCOLAT,21.0,38.565267259443836,-17.565267259443836
2022-06-11,PAIN AU CHOCOLAT,60.0,53.02221127025862,6.977788729741377
2022-06-12,PAIN AU CHOCOLAT,84.0,84.97009490029043,-0.9700949002904338
2022-06-13,PAIN AU CHOCOLAT,33.0,29.72179268456997,3.2782073154300306
2022-06-14,PAIN AU CHOCOLAT,27.0,30.27365827727506,-3.273658277275061
2022-06-15,PAIN AU CHOCOLAT,15.0,28.5940437477855,-13.594043747785499
2022-06-16,PAIN AU CHOCOLAT,29.0,30.283995027679705,-1.2839950276797047
2022-06-17,PAIN AU CHOCOLAT,15.0,39.33013705723397,-24.33013705723397
2022-06-18,PAIN AU CHOCOLAT,44.0,54.070836384238866,-10.070836384238866
2022-06-19,PAIN AU CHOCOLAT,91.0,86.64582179703609,4.354178202963908
2022-06-20,PAIN AU CHOCOLAT,28.0,30.306300474224248,-2.3063004742242477
2022-06-21,PAIN AU CHOCOLAT,40.0,30.867351102554903,9.132648897445097
2022-06-22,PAIN AU CHOCOLAT,30.0,29.15323127478905,0.8467687252109499
2022-06-23,PAIN AU CHOCOLAT,29.0,30.874581447365735,-1.8745814473657347
2022-06-24,PAIN AU CHOCOLAT,34.0,40.095006855096884,-6.095006855096884
2022-06-25,PAIN AU CHOCOLAT,34.0,55.119461498133255,-21.119461498133255
2022-06-26,PAIN AU CHOCOLAT,68.0,88.32154869370471,-20.321548693704713
2022-06-27,PAIN AU CHOCOLAT,20.0,30.890808263877716,-10.890808263877716
2022-06-28,PAIN AU CHOCOLAT,19.0,31.461043927955487,-12.461043927955487
2022-06-29,PAIN AU CHOCOLAT,16.0,29.712418801668434,-13.712418801668434
2022-06-30,PAIN AU CHOCOLAT,41.0,31.465167867000236,9.534832132999764
2022-07-01,PAIN AU CHOCOLAT,39.0,75.88373796532916,-36.88373796532916
2022-07-02,PAIN AU CHOCOLAT,38.0,91.28560841877079,-53.28560841877079
2022-07-03,PAIN AU CHOCOLAT,60.0,111.5614724221105,-51.5614724221105
2022-07-04,PAIN AU CHOCOLAT,26.0,57.81794849397941,-31.817948493979408
2022-07-05,PAIN AU CHOCOLAT,28.0,58.96796580397184,-30.967965803971843
2022-07-06,PAIN AU CHOCOLAT,37.0,56.85299445867388,-19.852994458673876
2022-07-07,PAIN AU CHOCOLAT,26.0,59.25996515196356,-33.25996515196356
2022-07-08,PAIN AU CHOCOLAT,33.0,66.26431394365736,-33.264313943657356
2022-07-09,PAIN AU CHOCOLAT,63.0,80.41116806185948,-17.411168061859485
2022-07-10,PAIN AU CHOCOLAT,106.0,113.07882038693424,-7.07882038693424
2022-07-11,PAIN AU CHOCOLAT,54.0,58.60280562990299,-4.6028056299029885
2022-07-12,PAIN AU CHOCOLAT,57.0,59.76688470725481,-2.7668847072548104
2022-07-13,PAIN AU CHOCOLAT,38.0,57.6217710295156,-19.6217710295156
2022-07-14,PAIN AU CHOCOLAT,81.0,71.80093246468712,9.199067535312878
2022-07-15,PAIN AU CHOCOLAT,131.0,67.15690359174309,63.84309640825691
2022-07-16,PAIN AU CHOCOLAT,112.0,81.49223752042374,30.507762479576257
2022-07-17,PAIN AU CHOCOLAT,138.0,114.5961683517574,23.4038316482426
2022-07-18,PAIN AU CHOCOLAT,86.0,59.38766276565633,26.61233723434367
2022-07-19,PAIN AU CHOCOLAT,52.0,60.565803610530224,-8.565803610530224
2022-07-20,PAIN AU CHOCOLAT,64.0,58.39054760019935,5.609452399800652
2022-07-21,PAIN AU CHOCOLAT,68.0,60.85952335654368,7.140476643456317
2022-07-22,PAIN AU CHOCOLAT,67.0,68.04949323983469,-1.049493239834689
2022-07-23,PAIN AU CHOCOLAT,83.0,82.57330697916709,0.42669302083291427
2022-07-24,PAIN AU CHOCOLAT,97.0,116.11351631660726,-19.11351631660726
2022-07-25,PAIN AU CHOCOLAT,76.0,60.172519901458855,15.827480098541145
2022-07-26,PAIN AU CHOCOLAT,39.0,61.36472251381248,-22.36472251381248
2022-07-27,PAIN AU CHOCOLAT,60.0,59.15932417092254,0.8406758290774619
2022-07-28,PAIN AU CHOCOLAT,54.0,61.65930245892041,-7.659302458920408
2022-07-29,PAIN AU CHOCOLAT,45.0,68.94208288791812,-23.94208288791812
2022-07-30,PAIN AU CHOCOLAT,102.0,83.65437643786184,18.345623562138158
2022-07-31,PAIN AU CHOCOLAT,163.0,117.63086428142965,45.36913571857035
2022-08-01,PAIN AU CHOCOLAT,84.0,60.95737703721042,23.04262296278958
2022-08-02,PAIN AU CHOCOLAT,79.0,59.993560545664806,19.006439454335194
2022-08-03,PAIN AU CHOCOLAT,47.0,58.05894456926121,-11.058944569261207
2022-08-04,PAIN AU CHOCOLAT,63.0,61.0075458195332,1.992454180466801
2022-08-05,PAIN AU CHOCOLAT,77.0,69.04037645327037,7.959623546729631
2022-08-06,PAIN AU CHOCOLAT,83.0,84.57141763327536,-1.5714176332753595
2022-08-07,PAIN AU CHOCOLAT,154.0,118.61187596279105,35.388124037208954
2022-08-08,PAIN AU CHOCOLAT,116.0,61.71803617202031,54.28196382797969
2022-08-09,PAIN AU CHOCOLAT,70.0,60.82945729497668,9.170542705023323
2022-08-10,PAIN AU CHOCOLAT,68.0,58.86627915125232,9.133720848747679
2022-08-11,PAIN AU CHOCOLAT,94.0,61.854200099211575,32.145799900788425
2022-08-12,PAIN AU CHOCOLAT,103.0,69.99661345558978,33.00338654441022
2022-08-13,PAIN AU CHOCOLAT,92.0,85.74045272062845,6.259547279371546
2022-08-14,PAIN AU CHOCOLAT,232.0,120.24822273966527,111.75177726033473
2022-08-15,PAIN AU CHOCOLAT,109.0,125.80534748060542,-16.80534748060542
2022-08-16,PAIN AU CHOCOLAT,62.0,61.66535404416976,0.3346459558302399
2022-08-17,PAIN AU CHOCOLAT,70.0,59.673613733244146,10.326386266755854
2022-08-18,PAIN AU CHOCOLAT,106.0,62.70085437883805,43.29914562116195
2022-08-19,PAIN AU CHOCOLAT,71.0,70.95285045805585,0.047149541944151
2022-08-20,PAIN AU CHOCOLAT,83.0,86.90948780803147,-3.9094878080314714
2022-08-21,PAIN AU CHOCOLAT,141.0,121.88456951655174,19.115430483448264
2022-08-22,PAIN AU CHOCOLAT,72.0,63.41758711479623,8.582412885203773
2022-08-23,PAIN AU CHOCOLAT,61.0,62.50125079347947,-1.5012507934794712
2022-08-24,PAIN AU CHOCOLAT,60.0,60.48094831523671,-0.48094831523670933
2022-08-25,PAIN AU CHOCOLAT,30.0,63.54750865851904,-33.54750865851904
2022-08-26,PAIN AU CHOCOLAT,57.0,71.90908746044539,-14.909087460445392
2022-08-27,PAIN AU CHOCOLAT,59.0,88.07852289533581,-29.07852289533581
2022-08-28,PAIN AU CHOCOLAT,76.0,123.52091629343792,-47.52091629343792
2022-08-29,PAIN AU CHOCOLAT,38.0,64.26736258613084,-26.267362586130844
2022-08-30,PAIN AU CHOCOLAT,37.0,63.337147542731834,-26.337147542731834
2022-08-31,PAIN AU CHOCOLAT,43.0,61.28828289714569,-18.28828289714569
2022-09-02,PAIN AU CHOCOLAT,26.0,44.01731912650472,-18.017319126504717
2022-09-03,PAIN AU CHOCOLAT,30.0,60.259392461078455,-30.259392461078455
2022-09-04,PAIN AU CHOCOLAT,39.0,100.48620025577527,-61.48620025577527
2022-09-05,PAIN AU CHOCOLAT,45.0,36.016698145102964,8.983301854897036
2022-09-06,PAIN AU CHOCOLAT,16.0,34.22703707644021,-18.22703707644021
2022-09-07,PAIN AU CHOCOLAT,31.0,31.695279257081836,-0.695279257081836
2022-09-08,PAIN AU CHOCOLAT,27.0,36.33467760753624,-9.334677607536243
2022-09-09,PAIN AU CHOCOLAT,40.0,44.671905393368824,-4.671905393368824
2022-09-10,PAIN AU CHOCOLAT,40.0,61.15361661081893,-21.15361661081893
2022-09-11,PAIN AU CHOCOLAT,92.0,101.97421887719565,-9.974218877195653
2022-09-12,PAIN AU CHOCOLAT,18.0,36.548914330145735,-18.548914330145735
2022-09-13,PAIN AU CHOCOLAT,26.0,34.73174214006968,-8.731742140069677
2022-09-14,PAIN AU CHOCOLAT,20.0,32.161669054453036,-12.161669054453036
2022-09-15,PAIN AU CHOCOLAT,25.0,36.86821368475767,-11.86821368475767
2022-09-16,PAIN AU CHOCOLAT,27.0,45.326491660059304,-18.326491660059304
2022-09-17,PAIN AU CHOCOLAT,36.0,62.04784076061755,-26.047840760617547
2022-09-18,PAIN AU CHOCOLAT,63.0,103.46223749871291,-40.46223749871291
2022-09-20,PAIN AU CHOCOLAT,14.0,35.23644720356016,-21.23644720356016
2022-09-21,PAIN AU CHOCOLAT,23.0,32.628058851972554,-9.628058851972554
2022-09-22,PAIN AU CHOCOLAT,23.0,37.40174976208155,-14.40174976208155
2022-09-23,PAIN AU CHOCOLAT,38.0,45.981077926838054,-7.981077926838054
2022-09-24,PAIN AU CHOCOLAT,38.0,62.94206491041831,-24.94206491041831
2022-09-25,PAIN AU CHOCOLAT,62.0,104.95025612013333,-42.95025612013333
2022-09-26,PAIN AU CHOCOLAT,22.0,37.61334670041957,-15.61334670041957
2022-09-27,PAIN AU CHOCOLAT,22.0,35.741152267190714,-13.741152267190714
2022-09-28,PAIN AU CHOCOLAT,17.0,33.094448649395325,-16.094448649395325
2022-09-29,PAIN AU CHOCOLAT,36.0,37.93528583930272,-1.935285839302722
2022-09-30,PAIN AU CHOCOLAT,32.0,46.63566419353903,-14.635664193539029
2022-01-06,PAIN AUX RAISINS,4.0,3.4288858370919817,0.5711141629080183
2022-01-07,PAIN AUX RAISINS,3.0,3.749193726089811,-0.7491937260898109
2022-01-08,PAIN AUX RAISINS,4.0,4.081319029804683,-0.08131902980468286
2022-01-09,PAIN AUX RAISINS,2.0,4.36303680253557,-2.3630368025355697
2022-01-10,PAIN AUX RAISINS,1.0,3.098371845636759,-2.098371845636759
2022-01-11,PAIN AUX RAISINS,1.0,3.429712001703508,-2.429712001703508
2022-01-13,PAIN AUX RAISINS,4.0,3.382457833859804,0.6175421661401961
2022-01-14,PAIN AUX RAISINS,4.0,3.698330284683805,0.30166971531619513
2022-01-15,PAIN AUX RAISINS,3.0,4.025842292157543,-1.0258422921575434
2022-01-16,PAIN AUX RAISINS,2.0,4.303615332129822,-2.303615332129822
2022-01-17,PAIN AUX RAISINS,3.0,3.0560919557284265,-0.05609195572842651
2022-01-18,PAIN AUX RAISINS,1.0,3.3828192837334363,-2.3828192837334363
2022-01-20,PAIN AUX RAISINS,3.0,3.33602983062764,-0.3360298306276399
2022-01-21,PAIN AUX RAISINS,3.0,3.6474668432770456,-0.6474668432770456
2022-01-22,PAIN AUX RAISINS,1.0,3.970365554511433,-2.970365554511433
2022-01-24,PAIN AUX RAISINS,1.0,3.0138120658227905,-2.0138120658227905
2022-01-27,PAIN AUX RAISINS,2.0,3.289601827397214,-1.289601827397214
2022-01-28,PAIN AUX RAISINS,3.0,3.5966034018718296,-0.5966034018718296
2022-01-29,PAIN AUX RAISINS,4.0,3.914888816865291,0.08511118313470911
2022-01-30,PAIN AUX RAISINS,1.0,4.184772391321722,-3.1847723913217223
2022-01-31,PAIN AUX RAISINS,3.0,2.971532175914437,0.02846782408556292
2022-02-01,PAIN AUX RAISINS,2.0,3.289033847790962,-1.2890338477909622
2022-02-03,PAIN AUX RAISINS,4.0,2.8922176285063457,1.1077823714936543
2022-02-04,PAIN AUX RAISINS,1.0,3.14518266961132,-2.14518266961132
2022-02-05,PAIN AUX RAISINS,3.0,3.390917264315655,-0.3909172643156551
2022-02-06,PAIN AUX RAISINS,4.0,3.6037430200418887,0.39625697995811127
2022-02-07,PAIN AUX RAISINS,1.0,2.5761350919733994,-1.5761350919733994
2022-02-08,PAIN AUX RAISINS,4.0,2.8113300442835283,1.1886699557164717
2022-02-11,PAIN AUX RAISINS,4.0,3.077096147686026,0.9229038523139739
2022-02-12,PAIN AUX RAISINS,1.0,3.317283393859905,-2.317283393859905
2022-02-13,PAIN AUX RAISINS,4.0,3.525244116743687,0.474755883256313
2022-02-14,PAIN AUX RAISINS,3.0,2.519845000619082,0.4801549993809182
2022-02-15,PAIN AUX RAISINS,4.0,2.749708449993069,1.250291550006931
2022-02-17,PAIN AUX RAISINS,3.0,2.7673829538584727,0.23261704614152734
2022-02-18,PAIN AUX RAISINS,1.0,3.0090096257595453,-2.0090096257595453
2022-02-19,PAIN AUX RAISINS,4.0,3.243649523403367,0.7563504765966331
2022-02-20,PAIN AUX RAISINS,4.0,3.4467452134455105,0.5532547865544895
2022-02-21,PAIN AUX RAISINS,2.0,2.4635549092643787,-0.4635549092643787
2022-02-22,PAIN AUX RAISINS,1.0,2.688086855703666,-1.688086855703666
2022-02-24,PAIN AUX RAISINS,4.0,2.70496561653565,1.2950343834643498
2022-02-25,PAIN AUX RAISINS,4.0,2.9409231038342245,1.0590768961657755
2022-02-26,PAIN AUX RAISINS,5.0,3.170015652945524,1.8299843470544759
2022-02-27,PAIN AUX RAISINS,4.0,3.3682463101500892,0.6317536898499108
2022-02-28,PAIN AUX RAISINS,3.0,2.4072648179104807,0.5927351820895193
2022-03-01,PAIN AUX RAISINS,1.0,2.6264652614151487,-1.6264652614151487
2022-03-02,PAIN AUX RAISINS,5.0,2.666555884743342,2.333444115256658
2022-03-05,PAIN AUX RAISINS,4.0,3.2421180896220956,0.7578819103779044
2022-03-06,PAIN AUX RAISINS,5.0,3.475005677486598,1.5249943225134022
2022-03-07,PAIN AUX RAISINS,4.0,2.474621887708599,1.525378112291401
2022-03-08,PAIN AUX RAISINS,3.0,2.6786027687978997,0.3213972312021003
2022-03-09,PAIN AUX RAISINS,2.0,2.8076766608082933,-0.8076766608082933
2022-03-10,PAIN AUX RAISINS,3.0,2.7135362022417673,0.2864637977582327
2022-03-11,PAIN AUX RAISINS,2.0,2.9360174587044536,-0.9360174587044536
2022-03-12,PAIN AUX RAISINS,2.0,3.1771107106383103,-1.1771107106383103
2022-03-13,PAIN AUX RAISINS,6.0,3.4051285361801518,2.5948714638198482
2022-03-14,PAIN AUX RAISINS,4.0,2.424717603694923,1.5752823963050768
2022-03-15,PAIN AUX RAISINS,4.0,2.624428848403172,1.3755711515968279
2022-03-16,PAIN AUX RAISINS,2.0,2.7507277212242744,-0.7507277212242744
2022-03-18,PAIN AUX RAISINS,3.0,2.8761182148409037,0.12388178515909631
2022-03-19,PAIN AUX RAISINS,4.0,3.112103331653923,0.8878966683460772
2022-03-20,PAIN AUX RAISINS,6.0,3.3352513948737235,2.6647486051262765
2022-03-21,PAIN AUX RAISINS,3.0,2.374813319679276,0.625186680320724
2022-03-22,PAIN AUX RAISINS,2.0,2.570254928006521,-0.5702549280065208
2022-03-24,PAIN AUX RAISINS,1.0,2.603137387699818,-1.6031373876998178
2022-03-25,PAIN AUX RAISINS,3.0,2.8162189709767396,0.18378102902326043
2022-03-26,PAIN AUX RAISINS,6.0,3.0470959526680765,2.9529040473319235
2022-03-27,PAIN AUX RAISINS,4.0,3.26537425356735,0.7346257464326502
2022-03-28,PAIN AUX RAISINS,1.0,2.324909035663637,-1.3249090356636368
2022-03-29,PAIN AUX RAISINS,1.0,2.5160810076117546,-1.5160810076117546
2022-03-30,PAIN AUX RAISINS,2.0,2.6368298420557377,-0.6368298420557377
2022-03-31,PAIN AUX RAISINS,4.0,2.547937980429418,1.4520620195705818
2022-04-01,PAIN AUX RAISINS,4.0,2.756319727114201,1.2436802728857992
2022-04-02,PAIN AUX RAISINS,4.0,2.982088573683158,1.017911426316842
2022-04-03,PAIN AUX RAISINS,7.0,3.1954971122609908,3.8045028877390092
2022-04-04,PAIN AUX RAISINS,1.0,2.4613803298875907,-1.4613803298875907
2022-04-05,PAIN AUX RAISINS,4.0,2.6494696566844325,1.3505303433155675
2022-04-06,PAIN AUX RAISINS,2.0,2.7589081188484785,-0.7589081188484785
2022-04-08,PAIN AUX RAISINS,2.0,2.906565683068665,-0.9065656830686648
2022-04-09,PAIN AUX RAISINS,6.0,3.1749666067463447,2.8250333932536553
2022-04-10,PAIN AUX RAISINS,2.0,3.448966527284648,-1.448966527284648
2022-04-11,PAIN AUX RAISINS,4.0,2.4168180068017517,1.5831819931982483
2022-04-12,PAIN AUX RAISINS,2.0,2.6013776664961683,-0.6013776664961683
2022-04-13,PAIN AUX RAISINS,4.0,2.708699455528301,1.291300544471699
2022-04-14,PAIN AUX RAISINS,3.0,2.641295625504935,0.3587043744950651
2022-04-15,PAIN AUX RAISINS,5.0,2.853393360495154,2.146606639504846
2022-04-16,PAIN AUX RAISINS,5.0,3.116732002831221,1.8832679971687791
2022-04-17,PAIN AUX RAISINS,9.0,3.3855400778938147,5.614459922106185
2022-04-18,PAIN AUX RAISINS,7.0,3.1522504531864888,3.8477495468135112
2022-04-19,PAIN AUX RAISINS,4.0,2.5532856763079037,1.4467143236920963
2022-04-21,PAIN AUX RAISINS,4.0,2.59220637593053,1.4077936240694702
2022-04-22,PAIN AUX RAISINS,5.0,2.800221037922147,2.199778962077853
2022-04-23,PAIN AUX RAISINS,6.0,3.058497398916739,2.941502601083261
2022-04-24,PAIN AUX RAISINS,6.0,3.3221136285031894,2.6778863714968106
2022-04-25,PAIN AUX RAISINS,3.0,2.3276933606311054,0.6723066393688946
2022-04-26,PAIN AUX RAISINS,1.0,2.5051936861185795,-1.5051936861185795
2022-04-27,PAIN AUX RAISINS,1.0,2.6082821288840794,-1.6082821288840794
2022-04-28,PAIN AUX RAISINS,5.0,2.543117126356728,2.456882873643272
2022-04-29,PAIN AUX RAISINS,5.0,2.747048715348667,2.252951284651333
2022-04-30,PAIN AUX RAISINS,4.0,3.0002627950015928,0.9997372049984072
2022-05-01,PAIN AUX RAISINS,6.0,2.861549014327635,3.138450985672365
2022-05-02,PAIN AUX RAISINS,5.0,2.2831310375478275,2.7168689624521725
2022-05-03,PAIN AUX RAISINS,3.0,2.4571016959303384,0.5428983040696616
2022-05-05,PAIN AUX RAISINS,5.0,3.0249830762835144,1.9750169237164856
2022-05-06,PAIN AUX RAISINS,4.0,3.280876291383227,0.719123708616773
2022-05-07,PAIN AUX RAISINS,6.0,3.5879532207086764,2.4120467792913236
2022-05-08,PAIN AUX RAISINS,5.0,3.838978868569031,1.161021131430969
2022-05-09,PAIN AUX RAISINS,4.0,2.721216605952179,1.2787833940478208
2022-05-10,PAIN AUX RAISINS,3.0,2.908451991478363,0.09154800852163714
2022-05-11,PAIN AUX RAISINS,4.0,3.02239306065751,0.9776069393424902
2022-05-12,PAIN AUX RAISINS,5.0,2.995044934469319,2.004955065530681
2022-05-13,PAIN AUX RAISINS,3.0,3.2483596104402026,-0.2483596104402026
2022-05-14,PAIN AUX RAISINS,4.0,3.552342688884617,0.4476573111153832
2022-05-15,PAIN AUX RAISINS,5.0,3.8666261838542457,1.1333738161457543
2022-05-16,PAIN AUX RAISINS,2.0,2.6941316528501815,-0.6941316528501815
2022-05-17,PAIN AUX RAISINS,3.0,2.8794622171459614,0.1205377828540386
2022-05-18,PAIN AUX RAISINS,2.0,2.9922246300096162,-0.9922246300096162
2022-05-19,PAIN AUX RAISINS,2.0,2.9651067926536046,-0.9651067926536046
2022-05-20,PAIN AUX RAISINS,5.0,3.2158429294971898,1.7841570705028102
2022-05-21,PAIN AUX RAISINS,2.0,3.516732157061336,-1.5167321570613361
2022-05-22,PAIN AUX RAISINS,5.0,3.8278095223714623,1.1721904776285377
2022-05-23,PAIN AUX RAISINS,2.0,2.6670466997501823,-0.6670466997501823
2022-05-24,PAIN AUX RAISINS,4.0,2.8504724428157346,1.1495275571842654
2022-05-25,PAIN AUX RAISINS,3.0,2.9620561993624213,0.03794380063757874
2022-05-26,PAIN AUX RAISINS,5.0,1.9084415128976229,3.091558487102377
2022-05-27,PAIN AUX RAISINS,9.0,3.183326248555443,5.816673751444557
2022-05-28,PAIN AUX RAISINS,7.0,3.481121625236487,3.518878374763513
2022-05-29,PAIN AUX RAISINS,6.0,3.788992860891115,2.211007139108885
2022-05-30,PAIN AUX RAISINS,3.0,2.6399617466486887,0.36003825335131134
2022-05-31,PAIN AUX RAISINS,5.0,2.8214826684854852,2.1785173315145148
2022-06-01,PAIN AUX RAISINS,2.0,2.931887768713811,-0.931887768713811
2022-06-02,PAIN AUX RAISINS,2.0,2.9052305090228208,-0.9052305090228208
2022-06-03,PAIN AUX RAISINS,5.0,3.606540796221427,1.3934592037785731
2022-06-04,PAIN AUX RAISINS,6.0,3.922252488755364,2.077747511244636
2022-06-05,PAIN AUX RAISINS,7.0,4.289943091732639,2.7100569082673607
2022-06-06,PAIN AUX RAISINS,5.0,3.0068538903914193,1.9931461096085807
2022-06-07,PAIN AUX RAISINS,5.0,3.1750727048807263,1.8249272951192737
2022-06-08,PAIN AUX RAISINS,1.0,3.2508002649963985,-2.2508002649963985
2022-06-09,PAIN AUX RAISINS,3.0,3.287572015799188,-0.2875720157991881
2022-06-10,PAIN AUX RAISINS,1.0,3.5954548650323095,-2.5954548650323095
2022-06-11,PAIN AUX RAISINS,3.0,3.910190813652228,-0.9101908136522279
2022-06-12,PAIN AUX RAISINS,6.0,4.276744899699568,1.723255100300432
2022-06-13,PAIN AUX RAISINS,4.0,2.946024868239359,1.053975131760641
2022-06-14,PAIN AUX RAISINS,4.0,3.1652958649595977,0.8347041350404023
2022-06-15,PAIN AUX RAISINS,6.0,3.2407858357744366,2.7592141642255634
2022-06-16,PAIN AUX RAISINS,3.0,3.277439848336494,-0.27743984833649415
2022-06-17,PAIN AUX RAISINS,2.0,3.5843689338400653,-1.5843689338400653
2022-06-18,PAIN AUX RAISINS,5.0,3.89812913854808,1.10187086145192
2022-06-19,PAIN AUX RAISINS,9.0,4.263546707669478,4.736453292330522
2022-06-20,PAIN AUX RAISINS,5.0,2.936929317272834,2.063070682727166
2022-06-21,PAIN AUX RAISINS,3.0,3.1555190250370964,-0.15551902503709636
2022-06-22,PAIN AUX RAISINS,4.0,3.2307714065550215,0.7692285934449785
2022-06-23,PAIN AUX RAISINS,1.0,3.2673076808755988,-2.2673076808755988
2022-06-24,PAIN AUX RAISINS,2.0,3.5732830026493776,-1.5732830026493776
2022-06-25,PAIN AUX RAISINS,5.0,3.886067463442948,1.1139325365570518
2022-06-26,PAIN AUX RAISINS,6.0,4.250348515636407,1.7496514843635929
2022-06-27,PAIN AUX RAISINS,4.0,2.92783376630631,1.07216623369369
2022-06-28,PAIN AUX RAISINS,4.0,3.1457421851170704,0.8542578148829296
2022-06-29,PAIN AUX RAISINS,1.0,3.2207569773330658,-2.2207569773330658
2022-06-30,PAIN AUX RAISINS,3.0,3.257175513413395,-0.25717551341339506
2022-07-01,PAIN AUX RAISINS,5.0,5.326173205413782,-0.3261732054137818
2022-07-02,PAIN AUX RAISINS,3.0,5.637197682452308,-2.6371976824523076
2022-07-03,PAIN AUX RAISINS,6.0,6.456794208456487,-0.4567942084564871
2022-07-04,PAIN AUX RAISINS,4.0,4.984178591200679,-0.9841785912006786
2022-07-05,PAIN AUX RAISINS,7.0,5.227467753353591,1.772532246646409
2022-07-06,PAIN AUX RAISINS,6.0,5.181631120345212,0.8183688796547877
2022-07-07,PAIN AUX RAISINS,3.0,5.284549684342111,-2.284549684342111
2022-07-08,PAIN AUX RAISINS,4.0,5.594546717540243,-1.5945467175402426
2022-07-09,PAIN AUX RAISINS,4.0,5.975872491830026,-1.9758724918300263
2022-07-10,PAIN AUX RAISINS,9.0,6.4521843730402155,2.5478156269597845
2022-07-11,PAIN AUX RAISINS,4.0,4.980619768372787,-0.9806197683727866
2022-07-12,PAIN AUX RAISINS,7.0,5.223734835466555,1.776265164533445
2022-07-13,PAIN AUX RAISINS,5.0,5.177930556744159,-0.17793055674415914
2022-07-14,PAIN AUX RAISINS,4.0,5.45423922250031,-1.45423922250031
2022-07-15,PAIN AUX RAISINS,6.0,5.590550446721561,0.40944955327843857
2022-07-16,PAIN AUX RAISINS,9.0,5.97160339850132,3.02839660149868
2022-07-17,PAIN AUX RAISINS,15.0,6.447574537623945,8.552425462376055
2022-07-18,PAIN AUX RAISINS,3.0,4.977060945541241,-1.9770609455412407
2022-07-19,PAIN AUX RAISINS,5.0,5.220001917578639,-0.22000191757863874
2022-07-20,PAIN AUX RAISINS,1.0,5.174229993139287,-4.174229993139287
2022-07-21,PAIN AUX RAISINS,7.0,5.2770007843366775,1.7229992156633225
2022-07-22,PAIN AUX RAISINS,7.0,5.586554175902427,1.4134458240975727
2022-07-23,PAIN AUX RAISINS,7.0,5.967334305176321,1.0326656948236792
2022-07-24,PAIN AUX RAISINS,9.0,6.442964702208688,2.5570352977913116
2022-07-25,PAIN AUX RAISINS,9.0,4.973502122710582,4.026497877289418
2022-07-26,PAIN AUX RAISINS,8.0,5.216268999691604,2.7837310003083964
2022-07-27,PAIN AUX RAISINS,7.0,5.170529429535531,1.8294705704644691
2022-07-28,PAIN AUX RAISINS,6.0,5.273226334336094,0.7267736656639059
2022-07-29,PAIN AUX RAISINS,4.0,5.582557905083749,-1.5825579050837488
2022-07-30,PAIN AUX RAISINS,4.0,5.9630652118499645,-1.9630652118499645
2022-07-31,PAIN AUX RAISINS,14.0,6.43835486679242,7.56164513320758
2022-08-01,PAIN AUX RAISINS,7.0,4.969943299879038,2.030056700120962
2022-08-02,PAIN AUX RAISINS,6.0,6.045266625196494,-0.04526662519649438
2022-08-03,PAIN AUX RAISINS,7.0,5.9331627733706656,1.0668372266293344
2022-08-04,PAIN AUX RAISINS,9.0,6.032286988995374,2.9677130110046264
2022-08-05,PAIN AUX RAISINS,8.0,6.391814499249146,1.6081855007508539
2022-08-06,PAIN AUX RAISINS,11.0,6.854831772874952,4.145168227125048
2022-08-07,PAIN AUX RAISINS,6.0,7.689187067232925,-1.6891870672329254
2022-08-08,PAIN AUX RAISINS,10.0,5.764898440194735,4.235101559805265
2022-08-09,PAIN AUX RAISINS,9.0,6.089477591911826,2.910522408088174
2022-08-10,PAIN AUX RAISINS,9.0,5.976508602805669,3.0234913971943307
2022-08-11,PAIN AUX RAISINS,11.0,6.076311042349264,4.923688957650736
2022-08-12,PAIN AUX RAISINS,11.0,6.438413825978274,4.561586174021726
2022-08-13,PAIN AUX RAISINS,11.0,6.90475471825287,4.09524528174713
2022-08-14,PAIN AUX RAISINS,16.0,7.74512832356755,8.254871676432451
2022-08-15,PAIN AUX RAISINS,12.0,6.871088710000133,5.128911289999867
2022-08-16,PAIN AUX RAISINS,9.0,6.133688558623313,2.866311441376687
2022-08-17,PAIN AUX RAISINS,5.0,6.019854432240683,-1.0198544322406828
2022-08-18,PAIN AUX RAISINS,9.0,6.12033509570103,2.87966490429897
2022-08-19,PAIN AUX RAISINS,7.0,6.485013152712999,0.514986847287001
2022-08-20,PAIN AUX RAISINS,12.0,6.954677663632693,5.045322336367307
2022-08-21,PAIN AUX RAISINS,5.0,7.801069579902819,-2.801069579902819
2022-08-22,PAIN AUX RAISINS,10.0,5.848694250324413,4.151305749675587
2022-08-23,PAIN AUX RAISINS,3.0,6.177899525337729,-3.177899525337729
2022-08-24,PAIN AUX RAISINS,7.0,6.063200261675708,0.9367997383242921
2022-08-25,PAIN AUX RAISINS,7.0,6.1643591490549685,0.8356408509450315
2022-08-26,PAIN AUX RAISINS,6.0,6.531612479444963,-0.5316124794449628
2022-08-27,PAIN AUX RAISINS,3.0,7.004600609008719,-4.004600609008719
2022-08-28,PAIN AUX RAISINS,8.0,7.857010836238084,0.14298916376191606
2022-08-29,PAIN AUX RAISINS,5.0,5.890592155387823,-0.8905921553878233
2022-08-30,PAIN AUX RAISINS,3.0,6.2221104920511365,-3.2221104920511365
2022-09-02,PAIN AUX RAISINS,5.0,4.709132682480005,0.29086731751999473
2022-09-03,PAIN AUX RAISINS,4.0,5.2490377316680705,-1.2490377316680705
2022-09-04,PAIN AUX RAISINS,6.0,6.082064637641417,-0.08206463764141692
2022-09-05,PAIN AUX RAISINS,5.0,4.153766933570173,0.8462330664298268
2022-09-06,PAIN AUX RAISINS,3.0,4.285861685577002,-1.285861685577002
2022-09-07,PAIN AUX RAISINS,4.0,4.181369310279659,-0.18136931027965897
2022-09-08,PAIN AUX RAISINS,3.0,4.45349632385349,-1.4534963238534901
2022-09-09,PAIN AUX RAISINS,4.0,4.75422282409584,-0.75422282409584
2022-09-10,PAIN AUX RAISINS,5.0,5.299228832064351,-0.299228832064351
2022-09-11,PAIN AUX RAISINS,7.0,6.140141776767425,0.8598582232325747
2022-09-12,PAIN AUX RAISINS,4.0,4.193376882039705,-0.19337688203970504
2022-09-13,PAIN AUX RAISINS,3.0,4.326675677946556,-1.3266756779465556
2022-09-14,PAIN AUX RAISINS,3.0,4.221134131457042,-1.2211341314570419
2022-09-15,PAIN AUX RAISINS,3.0,4.495791611701617,-1.495791611701617
2022-09-16,PAIN AUX RAISINS,2.0,4.799312965706408,-2.7993129657064078
2022-09-17,PAIN AUX RAISINS,3.0,5.349419932462577,-2.3494199324625766
2022-09-18,PAIN AUX RAISINS,7.0,6.198218915897997,0.8017810841020028
2022-09-20,PAIN AUX RAISINS,1.0,4.367489670312828,-3.3674896703128283
2022-09-21,PAIN AUX RAISINS,4.0,4.2608989526384,-0.26089895263840024
2022-09-22,PAIN AUX RAISINS,4.0,4.538086899552626,-0.538086899552626
2022-09-23,PAIN AUX RAISINS,3.0,4.844403107319638,-1.8444031073196383
2022-09-24,PAIN AUX RAISINS,6.0,5.399611032860842,0.6003889671391578
2022-09-25,PAIN AUX RAISINS,6.0,6.256296055024005,-0.25629605502400477
2022-09-27,PAIN AUX RAISINS,4.0,4.408303662682402,-0.40830366268240237
2022-09-28,PAIN AUX RAISINS,3.0,4.300663773817226,-1.3006637738172264
2022-09-29,PAIN AUX RAISINS,4.0,4.580382187400751,-0.5803821874007511
2022-09-30,PAIN AUX RAISINS,3.0,4.889493248930087,-1.889493248930087
2022-01-06,PAIN BANETTE,3.0,3.088049105331225,-0.0880491053312249
2022-01-08,PAIN BANETTE,4.0,3.63023364139985,0.36976635860014984
2022-01-09,PAIN BANETTE,4.0,3.9522835652338717,0.0477164347661283
2022-01-10,PAIN BANETTE,1.0,3.2496063889663014,-2.2496063889663014
2022-01-11,PAIN BANETTE,4.0,2.9648607159054374,1.0351392840945626
2022-01-13,PAIN BANETTE,2.0,3.0131977279956446,-1.0131977279956446
2022-01-14,PAIN BANETTE,3.0,3.1375078796479743,-0.13750787964797428
2022-01-15,PAIN BANETTE,2.0,3.541626582740771,-1.5416265827407711
2022-01-16,PAIN BANETTE,2.0,3.8554783367990675,-1.8554783367990675
2022-01-17,PAIN BANETTE,4.0,3.1697326951040137,0.8302673048959863
2022-01-18,PAIN BANETTE,4.0,2.891729136683081,1.108270863316919
2022-01-20,PAIN BANETTE,4.0,2.938346350660064,1.0616536493399358
2022-01-21,PAIN BANETTE,3.0,3.0592909202467538,-0.05929092024675375
2022-01-22,PAIN BANETTE,4.0,3.453019524083105,0.5469804759168948
2022-01-23,PAIN BANETTE,6.0,3.7586731083666938,2.2413268916333062
2022-01-24,PAIN BANETTE,1.0,3.0898590012435947,-2.0898590012435947
2022-01-25,PAIN BANETTE,3.0,2.8185975574610342,0.18140244253896576
2022-01-27,PAIN BANETTE,1.0,2.8634949733254778,-1.8634949733254778
2022-01-28,PAIN BANETTE,3.0,2.981073960846889,0.018926039153110974
2022-01-29,PAIN BANETTE,3.0,3.3644124654253686,-0.36441246542536865
2022-01-30,PAIN BANETTE,3.0,3.6618678799322075,-0.6618678799322075
2022-01-31,PAIN BANETTE,4.0,3.009985307381325,0.9900146926186748
2022-02-01,PAIN BANETTE,5.0,2.745465978238717,2.254534021761283
2022-02-03,PAIN BANETTE,5.0,2.775311168882863,2.224688831117137
2022-02-04,PAIN BANETTE,4.0,2.9055561752297434,1.0944438247702566
2022-02-05,PAIN BANETTE,3.0,3.277971295099586,-0.27797129509958607
2022-02-07,PAIN BANETTE,5.0,2.9123188595547966,2.0876811404452034
2022-02-08,PAIN BANETTE,5.0,2.7104562894478783,2.2895437105521217
2022-02-10,PAIN BANETTE,2.0,2.7027618859705145,-0.7027618859705145
2022-02-11,PAIN BANETTE,3.0,2.8293174559814607,0.17068254401853933
2022-02-12,PAIN BANETTE,5.0,3.191637180670105,1.8083628193298948
2022-02-13,PAIN BANETTE,1.0,3.4766984450117406,-2.4766984450117406
2022-02-14,PAIN BANETTE,1.0,2.8350336017489366,-1.8350336017489366
2022-02-15,PAIN BANETTE,5.0,2.638254209789766,2.361745790210234
2022-02-17,PAIN BANETTE,6.0,2.6302126030573456,3.3697873969426544
2022-02-18,PAIN BANETTE,5.0,2.7530787367318177,2.2469212632681823
2022-02-19,PAIN BANETTE,5.0,3.10530306623919,1.8946969337608102
2022-02-20,PAIN BANETTE,5.0,3.382288565886064,1.6177114341139358
2022-02-21,PAIN BANETTE,3.0,2.75774834394378,0.24225165605622
2022-02-22,PAIN BANETTE,4.0,2.5660521301299446,1.4339478698700554
2022-02-24,PAIN BANETTE,3.0,2.5576633201462355,0.44233667985376446
2022-02-25,PAIN BANETTE,4.0,2.6768400174835096,1.3231599825164904
2022-02-26,PAIN BANETTE,5.0,3.0189689518070493,1.9810310481929507
2022-02-27,PAIN BANETTE,5.0,3.2878786867640377,1.7121213132359623
2022-02-28,PAIN BANETTE,2.0,2.6804630861373084,-0.6804630861373084
2022-03-01,PAIN BANETTE,6.0,2.493850050470053,3.506149949529947
2022-03-02,PAIN BANETTE,5.0,1.9880072340897956,3.0119927659102044
2022-03-03,PAIN BANETTE,3.0,2.4851140372329388,0.5148859627670612
2022-03-04,PAIN BANETTE,3.0,2.6006012982339173,0.3993987017660827
2022-03-05,PAIN BANETTE,4.0,3.586247971511829,0.41375202848817105
2022-03-06,PAIN BANETTE,5.0,3.863635314196816,1.136364685803184
2022-03-07,PAIN BANETTE,1.0,3.1295908182437517,-2.1295908182437517
2022-03-08,PAIN BANETTE,4.0,3.0186969142208167,0.9813030857791833
2022-03-09,PAIN BANETTE,1.0,2.4007525890929564,-1.4007525890929564
2022-03-10,PAIN BANETTE,2.0,2.9711262956227604,-0.9711262956227604
2022-03-11,PAIN BANETTE,1.0,3.1132674746172952,-2.1132674746172952
2022-03-12,PAIN BANETTE,4.0,3.528753623947778,0.4712463760522221
2022-03-13,PAIN BANETTE,3.0,3.8015517339401628,-0.8015517339401628
2022-03-14,PAIN BANETTE,2.0,3.079186671515723,-1.079186671515723
2022-03-16,PAIN BANETTE,3.0,2.361908120537368,0.6380918794626318
2022-03-17,PAIN BANETTE,2.0,2.9229417351954012,-0.9229417351954012
2022-03-18,PAIN BANETTE,2.0,3.0626604779778233,-1.0626604779778233
2022-03-19,PAIN BANETTE,3.0,3.471259276382061,-0.4712592763820611
2022-03-20,PAIN BANETTE,1.0,3.7394681536835455,-2.7394681536835455
2022-03-21,PAIN BANETTE,2.0,3.0287825247854063,-1.0287825247854063
2022-03-22,PAIN BANETTE,2.0,2.921236423256019,-0.9212364232560191
2022-03-23,PAIN BANETTE,2.0,2.323063651981774,-0.3230636519817738
2022-03-24,PAIN BANETTE,3.0,2.8747571747692393,0.1252428252307607
2022-03-26,PAIN BANETTE,3.0,3.413764928815088,-0.413764928815088
2022-03-27,PAIN BANETTE,5.0,3.677384573428287,1.322615426571713
2022-03-28,PAIN BANETTE,3.0,2.9783783780551105,0.02162162194488948
2022-03-29,PAIN BANETTE,4.0,2.8725061777735275,1.1274938222264725
2022-03-30,PAIN BANETTE,1.0,2.284219183425946,-1.2842191834259462
2022-03-31,PAIN BANETTE,1.0,2.8265726143430387,-1.8265726143430387
2022-04-01,PAIN BANETTE,5.0,2.961446484700429,2.038553515299571
2022-04-02,PAIN BANETTE,1.0,3.3562705812478395,-2.3562705812478395
2022-04-03,PAIN BANETTE,5.0,3.6153009931730216,1.3846990068269784
2022-04-04,PAIN BANETTE,1.0,2.7653422869018134,-1.7653422869018134
2022-04-05,PAIN BANETTE,2.0,2.7036470947349382,-0.7036470947349382
2022-04-06,PAIN BANETTE,2.0,2.134683444197929,-0.134683444197929
2022-04-07,PAIN BANETTE,1.0,2.6249739945384603,-1.6249739945384603
2022-04-08,PAIN BANETTE,2.0,2.76788479326076,-0.7678847932607602
2022-04-09,PAIN BANETTE,5.0,3.1287012960247678,1.8712987039752322
2022-04-10,PAIN BANETTE,4.0,3.3773665633075445,0.6226334366924555
2022-04-11,PAIN BANETTE,5.0,2.7103857194196626,2.2896142805803374
2022-04-12,PAIN BANETTE,2.0,2.64976363864306,-0.6497636386430599
2022-04-13,PAIN BANETTE,3.0,2.0920179108048234,0.9079820891951766
2022-04-14,PAIN BANETTE,6.0,2.572358882426607,3.427641117573393
2022-04-15,PAIN BANETTE,5.0,2.7122458512978316,2.2877541487021684
2022-04-16,PAIN BANETTE,6.0,3.065628236975015,2.934371763024985
2022-04-18,PAIN BANETTE,7.0,2.916796636914465,4.083203363085535
2022-04-19,PAIN BANETTE,5.0,2.59588018255119,2.40411981744881
2022-04-20,PAIN BANETTE,7.0,2.0493523774104543,4.950647622589546
2022-04-21,PAIN BANETTE,6.0,2.519743770313693,3.480256229686307
2022-04-22,PAIN BANETTE,1.0,2.656606909336311,-1.6566069093363112
2022-04-23,PAIN BANETTE,3.0,3.0025551779267117,-0.0025551779267116714
2022-04-24,PAIN BANETTE,3.0,3.2408012109660205,-0.24080121096602047
2022-04-25,PAIN BANETTE,4.0,2.600472584454009,1.399527415545991
2022-04-26,PAIN BANETTE,3.0,2.541996726460648,0.4580032735393522
2022-04-27,PAIN BANETTE,2.0,2.006686844016706,-0.0066868440167060506
2022-04-28,PAIN BANETTE,2.0,2.4671286582029817,-0.46712865820298166
2022-04-29,PAIN BANETTE,4.0,2.600967967373424,1.3990320326265762
2022-04-30,PAIN BANETTE,7.0,2.9394821188769384,4.060517881123062
2022-05-01,PAIN BANETTE,7.0,2.9114395188623425,4.088560481137657
2022-05-02,PAIN BANETTE,4.0,2.545516016973048,1.454483983026952
2022-05-03,PAIN BANETTE,6.0,2.4881132703687703,3.5118867296312297
2022-05-05,PAIN BANETTE,5.0,2.9967834968690803,2.0032165031309197
2022-05-06,PAIN BANETTE,1.0,3.1740612753816095,-2.1740612753816095
2022-05-07,PAIN BANETTE,7.0,3.682987146521311,3.317012853478689
2022-05-08,PAIN BANETTE,6.0,2.9128990976535847,3.0871009023464153
2022-05-09,PAIN BANETTE,4.0,3.057935176623084,0.9420648233769162
2022-05-10,PAIN BANETTE,4.0,3.097524856126144,0.9024751438738559
2022-05-11,PAIN BANETTE,2.0,2.5099211891901034,-0.5099211891901034
2022-05-12,PAIN BANETTE,3.0,2.9708433058083,0.029156694191700083
2022-05-13,PAIN BANETTE,3.0,3.1465525493609903,-0.14655254936099027
2022-05-14,PAIN BANETTE,7.0,3.6510281297706624,3.3489718702293376
2022-05-15,PAIN BANETTE,6.0,3.873367712121111,2.126632287878889
2022-05-16,PAIN BANETTE,3.0,3.0313340791484875,-0.031334079148487515
2022-05-17,PAIN BANETTE,2.0,3.070545839124214,-1.0705458391242142
2022-05-18,PAIN BANETTE,4.0,2.488032884724361,1.511967115275639
2022-05-19,PAIN BANETTE,3.0,2.9449031147461517,0.05509688525384826
2022-05-20,PAIN BANETTE,3.0,3.1190438233403865,-0.11904382334038655
2022-05-21,PAIN BANETTE,3.0,3.6190691130217205,-0.6190691130217205
2022-05-22,PAIN BANETTE,7.0,3.839420010288754,3.160579989711246
2022-05-23,PAIN BANETTE,2.0,3.0047329816768347,-1.0047329816768347
2022-05-24,PAIN BANETTE,7.0,3.0435668221222305,3.9564331778777695
2022-05-25,PAIN BANETTE,7.0,2.466144580258557,4.5338554197414425
2022-05-26,PAIN BANETTE,10.0,6.414853874298525,3.585146125701475
2022-05-27,PAIN BANETTE,9.0,3.091535097321479,5.908464902678521
2022-05-28,PAIN BANETTE,9.0,3.587110096269371,5.412889903730629
2022-05-29,PAIN BANETTE,9.0,3.805472308457574,5.194527691542426
2022-05-30,PAIN BANETTE,2.0,2.97813188420146,-0.9781318842014599
2022-05-31,PAIN BANETTE,3.0,3.016587805120249,-0.016587805120249044
2022-06-01,PAIN BANETTE,4.0,2.4442562757920303,1.5557437242079697
2022-06-02,PAIN BANETTE,5.0,2.893022732620984,2.106977267379016
2022-06-03,PAIN BANETTE,3.0,3.649377119844256,-0.6493771198442562
2022-06-04,PAIN BANETTE,5.0,4.283880939173595,0.7161190608264052
2022-06-05,PAIN BANETTE,6.0,4.586678737390836,1.4133212626091636
2022-06-06,PAIN BANETTE,5.0,5.6198060189581325,-0.6198060189581325
2022-06-07,PAIN BANETTE,5.0,3.586481335292968,1.413518664707032
2022-06-08,PAIN BANETTE,3.0,2.9824451914804198,0.017554808519580245
2022-06-09,PAIN BANETTE,6.0,3.442035434175944,2.557964565824056
2022-06-10,PAIN BANETTE,4.0,3.646256760872494,0.35374323912750594
2022-06-11,PAIN BANETTE,4.0,4.28021760735657,-0.28021760735656986
2022-06-12,PAIN BANETTE,5.0,4.582755990865007,0.4172440091349934
2022-06-13,PAIN BANETTE,4.0,3.510480429758697,0.4895195702413031
2022-06-14,PAIN BANETTE,5.0,3.58341325561014,1.41658674438986
2022-06-15,PAIN BANETTE,5.0,2.979893526761192,2.020106473238808
2022-06-16,PAIN BANETTE,5.0,3.439090201851323,1.560909798148677
2022-06-17,PAIN BANETTE,5.0,3.6431364018967383,1.3568635981032617
2022-06-18,PAIN BANETTE,6.0,4.276554275537589,1.7234457244624108
2022-06-19,PAIN BANETTE,5.0,4.578833244342354,0.42116675565764616
2022-06-20,PAIN BANETTE,5.0,3.5074751619538405,1.4925248380461595
2022-06-21,PAIN BANETTE,4.0,3.58034517592624,0.41965482407375987
2022-06-22,PAIN BANETTE,6.0,2.977341862043925,3.022658137956075
2022-06-23,PAIN BANETTE,3.0,3.436144969528342,-0.43614496952834214
2022-06-24,PAIN BANETTE,4.0,3.640016042922977,0.35998395707702313
2022-06-25,PAIN BANETTE,5.0,4.272890943718602,0.7271090562813978
2022-06-26,PAIN BANETTE,4.0,4.574910497816526,-0.5749104978165258
2022-06-27,PAIN BANETTE,4.0,3.504469894148986,0.4955301058510142
2022-06-28,PAIN BANETTE,6.0,3.5772770962425255,2.4227229037574745
2022-06-29,PAIN BANETTE,5.0,2.9747901973246984,2.0252098026753016
2022-06-30,PAIN BANETTE,4.0,3.433199737203018,0.5668002627969821
2022-07-01,PAIN BANETTE,4.0,7.598265284292001,-3.598265284292001
2022-07-02,PAIN BANETTE,6.0,8.230111676684128,-2.2301116766841282
2022-07-03,PAIN BANETTE,5.0,8.824852820785905,-3.824852820785905
2022-07-04,PAIN BANETTE,5.0,7.690085920830402,-2.690085920830402
2022-07-05,PAIN BANETTE,4.0,7.827271885361951,-3.8272718853619514
2022-07-06,PAIN BANETTE,6.0,7.270933080301255,-1.2709330803012548
2022-07-07,PAIN BANETTE,3.0,7.651874008259239,-4.651874008259239
2022-07-08,PAIN BANETTE,6.0,7.808870447397172,-1.8088704473971724
2022-07-09,PAIN BANETTE,7.0,8.506175371094404,-1.506175371094404
2022-07-10,PAIN BANETTE,9.0,8.834619430812994,0.16538056918700583
2022-07-11,PAIN BANETTE,8.0,7.698595320278698,0.30140467972130214
2022-07-12,PAIN BANETTE,7.0,7.83593171785173,-0.8359317178517296
2022-07-13,PAIN BANETTE,8.0,7.278976126875733,0.7210238731242669
2022-07-14,PAIN BANETTE,8.0,7.538402346756263,0.4615976532437367
2022-07-15,PAIN BANETTE,7.0,7.817505826622276,-0.8175058266222761
2022-07-16,PAIN BANETTE,8.0,8.515580373817707,-0.5155803738177074
2022-07-17,PAIN BANETTE,8.0,8.844386040840078,-0.8443860408400781
2022-07-18,PAIN BANETTE,7.0,7.707104719724982,-0.707104719724982
2022-07-19,PAIN BANETTE,7.0,7.844591550342018,-0.8445915503420176
2022-07-20,PAIN BANETTE,8.0,7.2870191734481935,0.7129808265518065
2022-07-21,PAIN BANETTE,2.0,7.6688002140646105,-5.6688002140646105
2022-07-22,PAIN BANETTE,8.0,7.826141205846664,0.17385879415333605
2022-07-23,PAIN BANETTE,8.0,8.524985376545253,-0.5249853765452528
2022-07-24,PAIN BANETTE,8.0,8.854152650870244,-0.854152650870244
2022-07-25,PAIN BANETTE,5.0,7.715614119169696,-2.715614119169696
2022-07-26,PAIN BANETTE,8.0,7.853251382831796,0.1467486171682042
2022-07-27,PAIN BANETTE,6.0,7.295062220021771,-1.2950622200217712
2022-07-28,PAIN BANETTE,7.0,7.677263316968993,-0.6772633169689932
2022-07-29,PAIN BANETTE,8.0,7.834776585071762,0.16522341492823767
2022-07-30,PAIN BANETTE,9.0,8.53439037927081,0.46560962072918954
2022-07-31,PAIN BANETTE,10.0,8.863919260897326,1.136080739102674
2022-08-01,PAIN BANETTE,10.0,7.724123518615978,2.2758764813840218
2022-08-02,PAIN BANETTE,8.0,7.094875985640115,0.9051240143598847
2022-08-03,PAIN BANETTE,10.0,6.616237925498825,3.383762074501175
2022-08-04,PAIN BANETTE,9.0,6.887728628743644,2.112271371256356
2022-08-05,PAIN BANETTE,8.0,7.103058490056088,0.896941509943912
2022-08-06,PAIN BANETTE,10.0,7.724241801873965,2.2757581981260353
2022-08-07,PAIN BANETTE,8.0,8.003713824104075,-0.0037138241040750586
2022-08-08,PAIN BANETTE,9.0,6.987850365362451,2.0121496346375487
2022-08-09,PAIN BANETTE,9.0,7.074283502194242,1.925716497805758
2022-08-10,PAIN BANETTE,10.0,6.597026696789159,3.4029733032108407
2022-08-11,PAIN BANETTE,9.0,6.867720787096033,2.132279212903967
2022-08-12,PAIN BANETTE,9.0,7.082416580772797,1.9175834192272028
2022-08-13,PAIN BANETTE,10.0,7.701785374229596,2.298214625770404
2022-08-14,PAIN BANETTE,9.0,7.980435228721511,1.019564771278489
2022-08-15,PAIN BANETTE,10.0,8.186863630818795,1.8131363691812048
2022-08-16,PAIN BANETTE,8.0,7.053691018747939,0.9463089812520611
2022-08-17,PAIN BANETTE,8.0,6.5778154680794945,1.4221845319205055
2022-08-18,PAIN BANETTE,8.0,6.84771294544669,1.1522870545533097
2022-08-19,PAIN BANETTE,8.0,7.06177467149385,0.9382253285061504
2022-08-20,PAIN BANETTE,7.0,7.679328946586816,-0.679328946586816
2022-08-21,PAIN BANETTE,9.0,7.957156633340135,1.0428433666598647
2022-08-22,PAIN BANETTE,7.0,6.947185503877619,0.052814496122381094
2022-08-23,PAIN BANETTE,5.0,7.0330985353025515,-2.0330985353025515
2022-08-24,PAIN BANETTE,4.0,6.558604239369827,-2.558604239369827
2022-08-25,PAIN BANETTE,4.0,6.82770510379907,-2.8277051037990697
2022-08-26,PAIN BANETTE,7.0,7.041132762213216,-0.04113276221321627
2022-08-27,PAIN BANETTE,8.0,7.6568725189408555,0.3431274810591445
2022-08-28,PAIN BANETTE,8.0,7.93387803795876,0.06612196204124032
2022-08-29,PAIN BANETTE,5.0,6.926853073133429,-1.9268530731334286
2022-08-30,PAIN BANETTE,6.0,7.012506051856463,-1.0125060518564633
2022-08-31,PAIN BANETTE,5.0,6.539393010659241,-1.539393010659241
2022-09-02,PAIN BANETTE,6.0,3.5211118919939333,2.4788881080060667
2022-09-03,PAIN BANETTE,6.0,4.1745767182708775,1.8254232817291225
2022-09-04,PAIN BANETTE,4.0,4.431190995602642,-0.43119099560264207
2022-09-05,PAIN BANETTE,6.0,3.384663939624375,2.615336060375625
2022-09-06,PAIN BANETTE,5.0,3.4757998015457843,1.5242001984542157
2022-09-07,PAIN BANETTE,4.0,3.0398832530993327,0.9601167469006673
2022-09-08,PAIN BANETTE,4.0,3.2871730488900295,0.7128269511099705
2022-09-09,PAIN BANETTE,6.0,3.513174452917167,2.486825547082833
2022-09-10,PAIN BANETTE,5.0,4.165163179707457,0.8348368202925434
2022-09-11,PAIN BANETTE,6.0,4.421195580046196,1.578804419953804
2022-09-12,PAIN BANETTE,5.0,3.377026708921561,1.6229732910784391
2022-09-13,PAIN BANETTE,5.0,3.4679544009319803,1.5320455990680197
2022-09-14,PAIN BANETTE,5.0,3.033019568213392,1.9669804317866082
2022-09-15,PAIN BANETTE,5.0,3.2797486190870804,1.7202513809129196
2022-09-16,PAIN BANETTE,3.0,3.5052370138371063,-0.5052370138371063
2022-09-17,PAIN BANETTE,6.0,4.155749641145581,1.8442503588544188
2022-09-18,PAIN BANETTE,6.0,4.411200164493981,1.5887998355060189
2022-09-20,PAIN BANETTE,3.0,3.4601090003177446,-0.4601090003177446
2022-09-21,PAIN BANETTE,4.0,3.0261558833281446,0.9738441166718554
2022-09-22,PAIN BANETTE,3.0,3.2723241892855435,-0.27232418928554347
2022-09-23,PAIN BANETTE,5.0,3.4972995747586872,1.5027004252413128
2022-09-24,PAIN BANETTE,5.0,4.146336102583699,0.8536638974163013
2022-09-25,PAIN BANETTE,5.0,4.401204748937536,0.5987952510624641
2022-09-26,PAIN BANETTE,3.0,3.3617522475184884,-0.36175224751848845
2022-09-27,PAIN BANETTE,5.0,3.4522635997039406,1.5477364002960594
2022-09-28,PAIN BANETTE,6.0,3.019292198441997,2.980707801558003
2022-09-29,PAIN BANETTE,5.0,3.2648997594825944,1.7351002405174056
2022-09-30,PAIN BANETTE,3.0,3.48936213567752,-0.4893621356775202
2022-01-06,QUIM BREAD,3.0,2.8231665834179767,0.17683341658202334
2022-01-07,QUIM BREAD,3.0,3.5312410308534252,-0.5312410308534252
2022-01-08,QUIM BREAD,5.0,4.293639318425567,0.7063606815744334
2022-01-09,QUIM BREAD,2.0,4.1017367988121745,-2.1017367988121745
2022-01-11,QUIM BREAD,2.0,2.8445174866024976,-0.8445174866024976
2022-01-15,QUIM BREAD,3.0,4.266051660424089,-1.2660516604240888
2022-01-16,QUIM BREAD,4.0,4.0753579474108745,-0.07535794741087454
2022-01-18,QUIM BREAD,2.0,2.826190315390126,-0.826190315390126
2022-01-20,QUIM BREAD,4.0,2.786954022783396,1.2130459772166038
2022-01-21,QUIM BREAD,3.0,3.4859045109794895,-0.4859045109794895
2022-01-22,QUIM BREAD,3.0,4.238464002421062,-1.238464002421062
2022-01-23,QUIM BREAD,7.0,4.048979096006617,2.951020903993383
2022-01-25,QUIM BREAD,5.0,2.807863144176668,2.192136855823332
2022-01-27,QUIM BREAD,3.0,2.768847742465306,0.23115225753469382
2022-01-29,QUIM BREAD,1.0,4.210876344418043,-3.2108763444180433
2022-01-30,QUIM BREAD,4.0,4.022600244608557,-0.02260024460855714
2022-01-31,QUIM BREAD,1.0,3.3302835826468042,-2.3302835826468042
2022-02-01,QUIM BREAD,1.0,2.789535972964289,-1.789535972964289
2022-02-03,QUIM BREAD,3.0,2.6960840895292133,0.3039159104707867
2022-02-05,QUIM BREAD,6.0,3.970286984791901,2.029713015208099
2022-02-06,QUIM BREAD,1.0,3.8846249526813783,-2.8846249526813783
2022-02-07,QUIM BREAD,5.0,3.185069389574442,1.814930610425558
2022-02-08,QUIM BREAD,4.0,2.669889771203942,1.330110228796058
2022-02-10,QUIM BREAD,5.0,2.677499522043733,2.322500477956267
2022-02-11,QUIM BREAD,2.0,3.3120713522703418,-1.3120713522703418
2022-02-12,QUIM BREAD,5.0,3.9428651126600816,1.0571348873399184
2022-02-13,QUIM BREAD,3.0,3.8577682297445715,-0.8577682297445715
2022-02-14,QUIM BREAD,4.0,3.163027340380812,0.836972659619188
2022-02-15,QUIM BREAD,6.0,2.651394701572002,3.348605298427998
2022-02-17,QUIM BREAD,2.0,2.6589149545589996,-0.6589149545589996
2022-02-18,QUIM BREAD,5.0,3.2890593933958305,1.7109406066041695
2022-02-20,QUIM BREAD,1.0,3.830911506807755,-2.830911506807755
2022-02-21,QUIM BREAD,5.0,3.140985291185937,1.8590147088140632
2022-02-22,QUIM BREAD,1.0,2.632899631940927,-1.6328996319409268
2022-02-24,QUIM BREAD,2.0,2.6403303870729986,-0.6403303870729986
2022-02-25,QUIM BREAD,5.0,3.2660474345201176,1.7339525654798824
2022-02-26,QUIM BREAD,5.0,3.8880213683971747,1.1119786316028253
2022-02-27,QUIM BREAD,1.0,3.80405478386928,-2.80405478386928
2022-02-28,QUIM BREAD,2.0,3.118943241993562,-1.1189432419935619
2022-03-01,QUIM BREAD,4.0,2.6144045623105674,1.3855954376894326
2022-03-02,QUIM BREAD,3.0,3.198893433500928,-0.19889343350092803
2022-03-04,QUIM BREAD,4.0,3.243035475645574,0.7569645243544261
2022-03-05,QUIM BREAD,3.0,4.018631846569506,-1.0186318465695061
2022-03-07,QUIM BREAD,4.0,3.21678022549828,0.78321977450172
2022-03-08,QUIM BREAD,5.0,2.710208184454044,2.289791815545956
2022-03-09,QUIM BREAD,4.0,3.26657251387797,0.73342748612203
2022-03-10,QUIM BREAD,4.0,2.6715296463708396,1.3284703536291604
2022-03-11,QUIM BREAD,1.0,3.3463382704330553,-2.3463382704330553
2022-03-12,QUIM BREAD,3.0,3.995704138509565,-0.9957041385095651
2022-03-13,QUIM BREAD,1.0,3.7444777480515468,-2.7444777480515468
2022-03-15,QUIM BREAD,5.0,2.6947075922832466,2.3052924077167534
2022-03-16,QUIM BREAD,6.0,3.2478746098903306,2.7521253901096694
2022-03-18,QUIM BREAD,3.0,3.3271524090307594,-0.3271524090307594
2022-03-19,QUIM BREAD,2.0,3.9727764304512636,-1.9727764304512636
2022-03-20,QUIM BREAD,6.0,3.7229739722852497,2.2770260277147503
2022-03-21,QUIM BREAD,1.0,3.1800145686945505,-2.1800145686945505
2022-03-22,QUIM BREAD,6.0,2.679207000111484,3.320792999888516
2022-03-23,QUIM BREAD,1.0,3.2291767059026935,-2.2291767059026935
2022-03-24,QUIM BREAD,2.0,2.640920875491793,-0.6409208754917932
2022-03-25,QUIM BREAD,4.0,3.3079665476238347,0.6920334523761653
2022-03-27,QUIM BREAD,3.0,3.7014701965174357,-0.7014701965174357
2022-03-28,QUIM BREAD,1.0,3.161631740291555,-2.161631740291555
2022-03-31,QUIM BREAD,1.0,2.62561649005182,-1.62561649005182
2022-04-01,QUIM BREAD,3.0,3.2887806862201274,-0.2887806862201274
2022-04-04,QUIM BREAD,2.0,3.054084693150238,-1.0540846931502381
2022-04-05,QUIM BREAD,4.0,2.7043079488243125,1.2956920511756875
2022-04-06,QUIM BREAD,2.0,3.114817791953776,-1.1148177919537758
2022-04-07,QUIM BREAD,1.0,2.571179234632617,-1.5711792346326172
2022-04-08,QUIM BREAD,5.0,3.1947539086733916,1.8052460913266084
2022-04-10,QUIM BREAD,1.0,3.578106120181467,-2.578106120181467
2022-04-11,QUIM BREAD,5.0,3.0339047325864397,1.9660952674135603
2022-04-12,QUIM BREAD,1.0,2.6864222662018533,-1.6864222662018533
2022-04-13,QUIM BREAD,4.0,3.0941976073845754,0.9058023926154246
2022-04-14,QUIM BREAD,2.0,2.554141840580487,-0.554141840580487
2022-04-15,QUIM BREAD,2.0,3.1735644661898195,-1.1735644661898195
2022-04-16,QUIM BREAD,5.0,3.7714652644996263,1.2285347355003737
2022-04-17,QUIM BREAD,3.0,3.5543290075604244,-0.5543290075604244
2022-04-18,QUIM BREAD,1.0,3.0137247720235933,-2.0137247720235933
2022-04-19,QUIM BREAD,5.0,2.668536583579394,2.331463416420606
2022-04-21,QUIM BREAD,3.0,2.537104446528622,0.4628955534713781
2022-04-22,QUIM BREAD,1.0,3.1523750237010786,-2.1523750237010786
2022-04-24,QUIM BREAD,2.0,3.530551894936971,-1.5305518949369712
2022-04-25,QUIM BREAD,1.0,2.9935448114607484,-1.9935448114607484
2022-04-26,QUIM BREAD,3.0,2.650650900956162,0.34934909904383815
2022-04-27,QUIM BREAD,6.0,3.0529572382463996,2.9470427617536004
2022-04-29,QUIM BREAD,3.0,3.131185581217505,-0.13118558121750512
2022-04-30,QUIM BREAD,5.0,3.7210540968337544,1.2789459031662456
2022-05-02,QUIM BREAD,6.0,2.9733648508997264,3.0266351491002736
2022-05-03,QUIM BREAD,3.0,2.632765218333707,0.36723478166629286
2022-05-06,QUIM BREAD,4.0,3.1122716325971282,0.8877283674028718
2022-05-08,QUIM BREAD,7.0,3.3944252481503554,3.6055747518496446
2022-05-09,QUIM BREAD,2.0,2.976113841778944,-0.9761138417789441
2022-05-10,QUIM BREAD,6.0,2.6622664181072477,3.3377335818927523
2022-05-11,QUIM BREAD,2.0,3.1001774603719254,-1.1001774603719254
2022-05-12,QUIM BREAD,6.0,2.4916894981413966,3.5083105018586034
2022-05-13,QUIM BREAD,4.0,3.0919999966736187,0.9080000033263813
2022-05-14,QUIM BREAD,2.0,3.7132938388433407,-1.7132938388433407
2022-05-15,QUIM BREAD,2.0,3.441667260799665,-1.4416672607996648
2022-05-16,QUIM BREAD,5.0,2.956674799568088,2.043325200431912
2022-05-17,QUIM BREAD,1.0,2.6448610879553986,-1.6448610879553986
2022-05-18,QUIM BREAD,3.0,3.0798902135343393,-0.07989021353433934
2022-05-19,QUIM BREAD,4.0,2.4753688775947587,1.5246311224052413
2022-05-21,QUIM BREAD,1.0,3.688926080555011,-2.688926080555011
2022-05-22,QUIM BREAD,3.0,3.4190608054304823,-0.4190608054304823
2022-05-23,QUIM BREAD,3.0,2.9372357573579166,0.06276424264208336
2022-05-24,QUIM BREAD,2.0,2.6274557578043627,-0.6274557578043627
2022-05-25,QUIM BREAD,1.0,3.059602966695984,-2.059602966695984
2022-05-26,QUIM BREAD,8.0,2.696649070860472,5.303350929139528
2022-05-27,QUIM BREAD,5.0,3.051456724825396,1.948543275174604
2022-05-28,QUIM BREAD,2.0,3.66455832226934,-1.66455832226934
2022-05-29,QUIM BREAD,6.0,3.396454350064161,2.603545649935839
2022-05-30,QUIM BREAD,6.0,2.9177967151479693,3.0822032848520307
2022-05-31,QUIM BREAD,3.0,2.61005042765332,0.38994957234667993
2022-06-01,QUIM BREAD,1.0,3.0393157198578167,-2.0393157198578167
2022-06-02,QUIM BREAD,3.0,2.4427276365019264,0.5572723634980736
2022-06-04,QUIM BREAD,7.0,3.7264987170251573,3.2735012829748427
2022-06-05,QUIM BREAD,2.0,3.5392329163043046,-1.5392329163043046
2022-06-06,QUIM BREAD,8.0,3.0366412783730823,4.963358721626918
2022-06-07,QUIM BREAD,2.0,2.691647553058883,-0.6916475530588828
2022-06-08,QUIM BREAD,2.0,3.0322832011378162,-1.0322832011378162
2022-06-10,QUIM BREAD,1.0,3.158932168528543,-2.158932168528543
2022-06-12,QUIM BREAD,7.0,3.5201836229840824,3.4798163770159176
2022-06-13,QUIM BREAD,2.0,3.020284518619598,-1.0202845186195981
2022-06-14,QUIM BREAD,1.0,2.6771379245958826,-1.6771379245958826
2022-06-15,QUIM BREAD,2.0,3.015924740507868,-1.015924740507868
2022-06-16,QUIM BREAD,3.0,2.590178995962163,0.40982100403783717
2022-06-17,QUIM BREAD,1.0,3.141864158278666,-2.141864158278666
2022-06-18,QUIM BREAD,4.0,3.6864151009021278,0.31358489909787224
2022-06-19,QUIM BREAD,6.0,3.5011343296653186,2.4988656703346814
2022-06-21,QUIM BREAD,6.0,2.6626282961326595,3.3373717038673405
2022-06-22,QUIM BREAD,1.0,2.999566279878188,-1.999566279878188
2022-06-23,QUIM BREAD,1.0,2.5761188976022242,-1.5761188976022242
2022-06-24,QUIM BREAD,6.0,3.124796148027902,2.875203851972098
2022-06-25,QUIM BREAD,7.0,3.6663732928386197,3.3336267071613803
2022-06-26,QUIM BREAD,2.0,3.4820850363450813,-1.4820850363450813
2022-06-28,QUIM BREAD,4.0,2.6481186676701993,1.3518813323298007
2022-06-29,QUIM BREAD,3.0,2.9832078192482383,0.0167921807517617
2022-06-30,QUIM BREAD,3.0,2.5620587992429154,0.43794120075708465
2022-07-01,QUIM BREAD,2.0,5.067542917740065,-3.067542917740065
2022-07-02,QUIM BREAD,4.0,5.6046086169684335,-1.6046086169684335
2022-07-03,QUIM BREAD,2.0,5.4737910250283095,-3.4737910250283095
2022-07-04,QUIM BREAD,1.0,4.991110896263488,-3.9911108962634883
2022-07-05,QUIM BREAD,4.0,4.635141743958023,-0.6351417439580231
2022-07-06,QUIM BREAD,7.0,4.8961577223578825,2.1038422776421175
2022-07-07,QUIM BREAD,2.0,4.517017034628946,-2.517017034628946
2022-07-08,QUIM BREAD,3.0,5.02793497796736,-2.0279349779673597
2022-07-09,QUIM BREAD,6.0,5.651878119307957,0.34812188069204275
2022-07-10,QUIM BREAD,4.0,5.446289520972492,-1.446289520972492
2022-07-11,QUIM BREAD,3.0,4.966016469647652,-1.966016469647652
2022-07-12,QUIM BREAD,3.0,4.6118203166884495,-1.6118203166884495
2022-07-13,QUIM BREAD,2.0,4.871505289836755,-2.8715052898367546
2022-07-14,QUIM BREAD,6.0,4.2491207236500905,1.7508792763499095
2022-07-15,QUIM BREAD,5.0,5.0025825678083375,-0.0025825678083375436
2022-07-16,QUIM BREAD,7.0,5.623359050847747,1.3766409491522529
2022-07-17,QUIM BREAD,16.0,5.4187880169166736,10.581211983083326
2022-07-18,QUIM BREAD,12.0,4.94092204302944,7.05907795697056
2022-07-19,QUIM BREAD,10.0,4.588498889418496,5.411501110581504
2022-07-20,QUIM BREAD,9.0,4.846852857316077,4.153147142683923
2022-07-21,QUIM BREAD,4.0,4.471497417447835,-0.4714974174478348
2022-07-22,QUIM BREAD,4.0,4.977230157645625,-0.977230157645625
2022-07-23,QUIM BREAD,9.0,5.5948399823882085,3.4051600176117915
2022-07-24,QUIM BREAD,6.0,5.391286512859265,0.6087134871407347
2022-07-25,QUIM BREAD,5.0,4.915827616412308,0.08417238358769197
2022-07-26,QUIM BREAD,5.0,4.565177462148924,0.43482253785107616
2022-07-27,QUIM BREAD,6.0,4.8222004247957155,1.1777995752042845
2022-07-28,QUIM BREAD,3.0,4.448737608856703,-1.4487376088567032
2022-07-29,QUIM BREAD,9.0,4.9518777474866,4.0481222525134
2022-07-31,QUIM BREAD,8.0,5.363785008803451,2.6362149911965487
2022-08-01,QUIM BREAD,3.0,4.890733189794103,-1.890733189794103
2022-08-02,QUIM BREAD,2.0,4.967941734640617,-2.9679417346406174
2022-08-03,QUIM BREAD,3.0,5.258738503908799,-2.2587385039087993
2022-08-05,QUIM BREAD,5.0,5.3478017319616695,-0.3478017319616695
2022-08-06,QUIM BREAD,6.0,6.039515470922556,-0.039515470922555807
2022-08-07,QUIM BREAD,7.0,5.859921366018938,1.1400786339810622
2022-08-08,QUIM BREAD,4.0,5.274041531255787,-1.2740415312557873
2022-08-09,QUIM BREAD,3.0,4.952387075373927,-1.9523870753739274
2022-08-10,QUIM BREAD,6.0,5.242265990048572,0.7577340099514283
2022-08-11,QUIM BREAD,4.0,4.7814679181569355,-0.7814679181569355
2022-08-12,QUIM BREAD,8.0,5.331035230165588,2.668964769834412
2022-08-13,QUIM BREAD,3.0,6.0205718140378135,-3.0205718140378135
2022-08-14,QUIM BREAD,10.0,5.84153278764508,4.15846721235492
2022-08-15,QUIM BREAD,5.0,5.080309374367572,-0.08030937436757224
2022-08-16,QUIM BREAD,3.0,4.936832416106625,-1.9368324161066246
2022-08-17,QUIM BREAD,14.0,5.225793476188346,8.774206523811653
2022-08-18,QUIM BREAD,5.0,4.766436599898054,0.23356340010194643
2022-08-19,QUIM BREAD,13.0,5.314268728371957,7.685731271628043
2022-08-20,QUIM BREAD,11.0,6.001628157152156,4.998371842847844
2022-08-21,QUIM BREAD,4.0,5.823144209270354,-1.823144209270354
2022-08-22,QUIM BREAD,10.0,5.24092654027764,4.75907345972236
2022-08-23,QUIM BREAD,6.0,4.921277756839319,1.0787222431606809
2022-08-24,QUIM BREAD,4.0,5.209320962328121,-1.2093209623281211
2022-08-25,QUIM BREAD,5.0,4.751405281638385,0.24859471836161529
2022-08-26,QUIM BREAD,8.0,5.297502226579098,2.7024977734209017
2022-08-27,QUIM BREAD,3.0,5.98268450026832,-2.98268450026832
2022-08-28,QUIM BREAD,7.0,5.804755630895633,1.1952443691043673
2022-08-30,QUIM BREAD,7.0,4.905723097572324,2.0942769024276764
2022-08-31,QUIM BREAD,2.0,5.192848448467993,-3.192848448467993
2022-09-02,QUIM BREAD,4.0,3.388074572246866,0.6119254277531341
2022-09-03,QUIM BREAD,10.0,3.9641427287321673,6.035857271267833
2022-09-04,QUIM BREAD,5.0,3.8397213786024444,1.1602786213975556
2022-09-06,QUIM BREAD,5.0,2.8337666977979574,2.1662333022020426
2022-09-07,QUIM BREAD,3.0,3.207401088289025,-0.20740108828902493
2022-09-08,QUIM BREAD,1.0,2.6907531155688837,-1.6907531155688837
2022-09-09,QUIM BREAD,7.0,3.3807566099668724,3.6192433900331276
2022-09-10,QUIM BREAD,4.0,3.955577863866699,0.04442213613330104
2022-09-11,QUIM BREAD,7.0,3.8314227751579777,3.1685772248420223
2022-09-12,QUIM BREAD,1.0,3.2245646032447888,-2.2245646032447888
2022-09-14,QUIM BREAD,4.0,3.200462661274215,0.7995373387257851
2022-09-15,QUIM BREAD,4.0,2.6849305305654707,1.3150694694345293
2022-09-16,QUIM BREAD,1.0,3.373438647688727,-2.373438647688727
2022-09-17,QUIM BREAD,3.0,3.947012999000007,-0.9470129990000071
2022-09-20,QUIM BREAD,3.0,2.8215101645436285,0.17848983545637154
2022-09-22,QUIM BREAD,5.0,2.6791079455616162,2.3208920544383838
2022-09-24,QUIM BREAD,5.0,3.938448134133319,1.0615518658666812
2022-09-25,QUIM BREAD,2.0,3.8148255682692134,-1.8148255682692134
2022-09-26,QUIM BREAD,4.0,3.210591900718881,0.7894080992811192
2022-09-27,QUIM BREAD,4.0,2.815381897917132,1.1846181020828679
2022-09-28,QUIM BREAD,7.0,3.1865858072436652,3.8134141927563348
2022-09-30,QUIM BREAD,5.0,3.3588027231274005,1.6411972768725995
2022-01-06,SAND JB EMMENTAL,2.0,2.8740457526951237,-0.8740457526951237
2022-01-07,SAND JB EMMENTAL,2.0,3.0325975027553933,-1.0325975027553933
2022-01-10,SAND JB EMMENTAL,3.0,2.5979552205481187,0.40204477945188133
2022-01-11,SAND JB EMMENTAL,1.0,2.6171324070267428,-1.6171324070267428
2022-01-13,SAND JB EMMENTAL,6.0,2.821396745181901,3.178603254818099
2022-01-14,SAND JB EMMENTAL,6.0,2.976898257692976,3.023101742307024
2022-01-15,SAND JB EMMENTAL,3.0,1.9634008235851301,1.0365991764148699
2022-01-17,SAND JB EMMENTAL,7.0,2.5498604038838364,4.450139596116164
2022-01-18,SAND JB EMMENTAL,4.0,2.5685540987063824,1.4314459012936176
2022-01-20,SAND JB EMMENTAL,4.0,2.7687477376686744,1.2312522623313256
2022-01-21,SAND JB EMMENTAL,3.0,2.9211990126293528,0.07880098737064722
2022-01-24,SAND JB EMMENTAL,1.0,2.5017655872190727,-1.5017655872190727
2022-01-25,SAND JB EMMENTAL,2.0,2.519975790383815,-0.5199757903838149
2022-01-27,SAND JB EMMENTAL,1.0,2.7160987301554256,-1.7160987301554256
2022-01-28,SAND JB EMMENTAL,1.0,2.865499767565109,-1.865499767565109
2022-01-29,SAND JB EMMENTAL,3.0,1.8897315014717626,1.1102684985282374
2022-01-31,SAND JB EMMENTAL,3.0,2.4536707705547496,0.5463292294452504
2022-02-01,SAND JB EMMENTAL,1.0,2.471397482063433,-1.4713974820634328
2022-02-03,SAND JB EMMENTAL,5.0,3.006704382273479,1.9932956177265209
2022-02-04,SAND JB EMMENTAL,4.0,3.161441212259758,0.8385587877402418
2022-02-05,SAND JB EMMENTAL,1.0,2.0966690719529817,-1.0966690719529817
2022-02-07,SAND JB EMMENTAL,5.0,2.7508764316135035,2.2491235683864965
2022-02-08,SAND JB EMMENTAL,5.0,2.7101235628029583,2.2898764371970417
2022-02-10,SAND JB EMMENTAL,4.0,2.9750249841414558,1.0249750158585442
2022-02-11,SAND JB EMMENTAL,5.0,3.128081255028158,1.871918744971842
2022-02-12,SAND JB EMMENTAL,6.0,2.074511333382216,3.925488666617784
2022-02-13,SAND JB EMMENTAL,1.0,2.154360651392806,-1.154360651392806
2022-02-14,SAND JB EMMENTAL,3.0,2.7217169404857073,0.27828305951429266
2022-02-15,SAND JB EMMENTAL,4.0,2.6813524871316368,1.3186475128683632
2022-02-17,SAND JB EMMENTAL,4.0,2.943345586010387,1.0566544139896128
2022-02-18,SAND JB EMMENTAL,3.0,3.0947212977973413,-0.09472129779734129
2022-02-21,SAND JB EMMENTAL,3.0,2.692557449356436,0.30744255064356407
2022-02-22,SAND JB EMMENTAL,1.0,2.6525814114601927,-1.6525814114601927
2022-02-24,SAND JB EMMENTAL,6.0,2.9116661878790753,3.0883338121209247
2022-02-25,SAND JB EMMENTAL,1.0,3.061361340565759,-2.061361340565759
2022-02-28,SAND JB EMMENTAL,5.0,2.6633979582300698,2.3366020417699302
2022-03-01,SAND JB EMMENTAL,4.0,2.6238103357898575,1.3761896642101425
2022-03-02,SAND JB EMMENTAL,4.0,3.0017688651324375,0.9982311348675625
2022-03-04,SAND JB EMMENTAL,1.0,3.0280013833349475,-2.0280013833349475
2022-03-07,SAND JB EMMENTAL,4.0,3.154515319701241,0.845484680298759
2022-03-08,SAND JB EMMENTAL,3.0,3.0813013630949984,-0.08130136309499836
2022-03-09,SAND JB EMMENTAL,2.0,3.5386497363495555,-1.5386497363495555
2022-03-10,SAND JB EMMENTAL,2.0,3.453922445979028,-1.4539224459790279
2022-03-11,SAND JB EMMENTAL,3.0,3.4940386592531145,-0.4940386592531145
2022-03-12,SAND JB EMMENTAL,1.0,2.40675481298252,-1.4067548129825198
2022-03-14,SAND JB EMMENTAL,7.0,3.1490250665277255,3.8509749334722745
2022-03-15,SAND JB EMMENTAL,4.0,3.0759372009033665,0.9240627990966335
2022-03-16,SAND JB EMMENTAL,1.0,3.5324878551202517,-2.5324878551202517
2022-03-17,SAND JB EMMENTAL,1.0,3.447906604618394,-2.447906604618394
2022-03-18,SAND JB EMMENTAL,5.0,3.4879514311781694,1.5120485688218306
2022-03-20,SAND JB EMMENTAL,1.0,2.439406985603084,-1.439406985603084
2022-03-21,SAND JB EMMENTAL,3.0,3.1435348133561836,-0.14353481335618357
2022-03-22,SAND JB EMMENTAL,2.0,3.070573038709914,-1.070573038709914
2022-03-23,SAND JB EMMENTAL,6.0,3.5263259738909456,2.4736740261090544
2022-03-24,SAND JB EMMENTAL,3.0,3.4418907632573825,-0.4418907632573825
2022-03-25,SAND JB EMMENTAL,2.0,3.481864203105413,-1.4818642031054128
2022-03-28,SAND JB EMMENTAL,2.0,3.1380445601846394,-1.1380445601846394
2022-03-29,SAND JB EMMENTAL,3.0,3.0652088765182803,-0.06520887651828033
2022-03-30,SAND JB EMMENTAL,3.0,3.520164092660501,-0.5201640926605009
2022-03-31,SAND JB EMMENTAL,2.0,3.435874921896372,-1.4358749218963718
2022-04-01,SAND JB EMMENTAL,2.0,3.4757769750294893,-1.4757769750294893
2022-04-02,SAND JB EMMENTAL,1.0,2.394172714694258,-1.3941727146942582
2022-04-04,SAND JB EMMENTAL,3.0,2.948592285338957,0.05140771466104299
2022-04-05,SAND JB EMMENTAL,5.0,2.822408756512795,2.177591243487205
2022-04-06,SAND JB EMMENTAL,2.0,3.233237679470022,-1.233237679470022
2022-04-07,SAND JB EMMENTAL,3.0,3.109708939758425,-0.10970893975842522
2022-04-08,SAND JB EMMENTAL,1.0,3.193373721325529,-2.193373721325529
2022-04-10,SAND JB EMMENTAL,8.0,2.1850837232134914,5.814916276786509
2022-04-11,SAND JB EMMENTAL,3.0,2.934565943497905,0.06543405650209522
2022-04-12,SAND JB EMMENTAL,4.0,2.808973534820191,1.1910264651798088
2022-04-13,SAND JB EMMENTAL,1.0,3.2178363578397553,-2.2178363578397553
2022-04-14,SAND JB EMMENTAL,3.0,3.0948859524992494,-0.09488595249924936
2022-04-15,SAND JB EMMENTAL,3.0,3.178141558422951,-0.1781415584229511
2022-04-16,SAND JB EMMENTAL,1.0,2.1675153141681403,-1.1675153141681403
2022-04-18,SAND JB EMMENTAL,7.0,2.9205396016581604,4.07946039834184
2022-04-19,SAND JB EMMENTAL,4.0,2.79553831312759,1.2044616868724098
2022-04-20,SAND JB EMMENTAL,5.0,3.2024350362091556,1.7975649637908444
2022-04-21,SAND JB EMMENTAL,4.0,3.080062965239366,0.9199370347606339
2022-04-22,SAND JB EMMENTAL,4.0,3.162909395521049,0.8370906044789508
2022-04-23,SAND JB EMMENTAL,2.0,2.1571197522517807,-0.15711975225178065
2022-04-24,SAND JB EMMENTAL,1.0,2.164209891284628,-1.164209891284628
2022-04-25,SAND JB EMMENTAL,3.0,2.906513259818412,0.09348674018158798
2022-04-26,SAND JB EMMENTAL,4.0,2.7821030914352582,1.2178969085647418
2022-04-27,SAND JB EMMENTAL,6.0,3.1870337145787198,2.8129662854212802
2022-04-28,SAND JB EMMENTAL,2.0,3.065239977979674,-1.0652399779796742
2022-04-29,SAND JB EMMENTAL,2.0,3.147677232618462,-1.147677232618462
2022-04-30,SAND JB EMMENTAL,3.0,2.1467241903368857,0.8532758096631143
2022-05-01,SAND JB EMMENTAL,2.0,2.064542859036652,-0.06454285903665191
2022-05-02,SAND JB EMMENTAL,2.0,2.892486917976687,-0.892486917976687
2022-05-03,SAND JB EMMENTAL,5.0,2.7686678697426603,2.2313321302573397
2022-05-05,SAND JB EMMENTAL,4.0,3.211454575732019,0.7885454242679808
2022-05-06,SAND JB EMMENTAL,4.0,3.2873229661701475,0.7126770338298525
2022-05-08,SAND JB EMMENTAL,1.0,2.2018856333038763,-1.2018856333038763
2022-05-09,SAND JB EMMENTAL,7.0,3.072344310480296,3.927655689519704
2022-05-10,SAND JB EMMENTAL,5.0,3.0284494939413387,1.9715505060586613
2022-05-11,SAND JB EMMENTAL,3.0,3.319092264880549,-0.319092264880549
2022-05-12,SAND JB EMMENTAL,5.0,3.2012515797777295,1.7987484202222705
2022-05-13,SAND JB EMMENTAL,2.0,3.276874189155192,-1.2768741891551918
2022-05-14,SAND JB EMMENTAL,2.0,2.2125056644151755,-0.2125056644151755
2022-05-15,SAND JB EMMENTAL,3.0,2.185252907939488,0.8147470920605122
2022-05-16,SAND JB EMMENTAL,4.0,3.0625655236642855,0.9374344763357145
2022-05-17,SAND JB EMMENTAL,3.0,3.018806032591548,-0.018806032591547783
2022-05-18,SAND JB EMMENTAL,4.0,3.3085185026816784,0.6914814973183216
2022-05-19,SAND JB EMMENTAL,4.0,3.191048583823941,0.8089514161760589
2022-05-20,SAND JB EMMENTAL,4.0,3.266425412140235,0.7335745878597648
2022-05-21,SAND JB EMMENTAL,7.0,2.205447561934604,4.794552438065396
2022-05-22,SAND JB EMMENTAL,2.0,2.178278565931542,-0.1782785659315418
2022-05-23,SAND JB EMMENTAL,7.0,3.0527867368445047,3.9472132631554953
2022-05-24,SAND JB EMMENTAL,1.0,3.0091625712432246,-2.0091625712432246
2022-05-25,SAND JB EMMENTAL,2.0,3.2979447404832962,-1.2979447404832962
2022-05-27,SAND JB EMMENTAL,3.0,3.2559766351242527,-0.2559766351242527
2022-05-28,SAND JB EMMENTAL,3.0,2.19838945945674,0.8016105405432601
2022-05-29,SAND JB EMMENTAL,2.0,2.1713042239213536,-0.17130422392135358
2022-05-30,SAND JB EMMENTAL,8.0,3.043007950029682,4.956992049970318
2022-05-31,SAND JB EMMENTAL,4.0,2.999519109894897,1.000480890105103
2022-06-01,SAND JB EMMENTAL,5.0,3.287370978284787,1.712629021715213
2022-06-02,SAND JB EMMENTAL,3.0,3.170642591915535,-0.1706425919155352
2022-06-03,SAND JB EMMENTAL,11.0,3.5325199985584015,7.467480001441599
2022-06-04,SAND JB EMMENTAL,3.0,2.502904485326481,0.4970955146735192
2022-06-05,SAND JB EMMENTAL,2.0,2.6416085641052134,-0.6416085641052134
2022-06-06,SAND JB EMMENTAL,3.0,3.5205597366986763,-0.5205597366986763
2022-06-08,SAND JB EMMENTAL,1.0,3.689168460242467,-2.689168460242467
2022-06-09,SAND JB EMMENTAL,6.0,3.524627494640471,2.475372505359529
2022-06-10,SAND JB EMMENTAL,7.0,3.5330926260021305,3.4669073739978695
2022-06-12,SAND JB EMMENTAL,3.0,2.642036753476276,0.3579632465237239
2022-06-13,SAND JB EMMENTAL,2.0,3.521130385722458,-1.5211303857224578
2022-06-14,SAND JB EMMENTAL,6.0,3.2593235799447173,2.7406764200552827
2022-06-15,SAND JB EMMENTAL,3.0,3.68976641143328,-0.68976641143328
2022-06-16,SAND JB EMMENTAL,1.0,3.525198763323947,-2.525198763323947
2022-06-17,SAND JB EMMENTAL,3.0,3.5336652534484827,-0.5336652534484827
2022-06-18,SAND JB EMMENTAL,2.0,2.503715916605806,-0.5037159166058061
2022-06-19,SAND JB EMMENTAL,2.0,2.642464942842975,-0.6424649428429752
2022-06-20,SAND JB EMMENTAL,7.0,3.521701034746239,3.478298965253761
2022-06-21,SAND JB EMMENTAL,2.0,3.259851787238731,-1.259851787238731
2022-06-22,SAND JB EMMENTAL,5.0,3.690364362623296,1.309635637376704
2022-06-23,SAND JB EMMENTAL,3.0,3.5257700320067293,-0.5257700320067293
2022-06-24,SAND JB EMMENTAL,1.0,3.5342378808935235,-2.5342378808935235
2022-06-25,SAND JB EMMENTAL,4.0,2.504121632246659,1.495878367753341
2022-06-28,SAND JB EMMENTAL,7.0,3.260379994534354,3.739620005465646
2022-06-29,SAND JB EMMENTAL,2.0,3.690962313814108,-1.6909623138141079
2022-06-30,SAND JB EMMENTAL,4.0,3.526341300689701,0.4736586993102989
2022-07-01,SAND JB EMMENTAL,3.0,5.423175288369501,-2.4231752883695012
2022-07-02,SAND JB EMMENTAL,1.0,4.392935829171256,-3.3929358291712557
2022-07-03,SAND JB EMMENTAL,1.0,4.490458841894188,-3.4904588418941884
2022-07-04,SAND JB EMMENTAL,4.0,5.475361486194846,-1.4753614861948456
2022-07-05,SAND JB EMMENTAL,8.0,5.277984049655921,2.722015950344079
2022-07-06,SAND JB EMMENTAL,3.0,5.532834686926442,-2.532834686926442
2022-07-07,SAND JB EMMENTAL,3.0,5.4589552227041445,-2.4589552227041445
2022-07-08,SAND JB EMMENTAL,6.0,5.543119232903883,0.45688076709611725
2022-07-09,SAND JB EMMENTAL,3.0,4.440556631016587,-1.4405566310165874
2022-07-11,SAND JB EMMENTAL,2.0,5.479453321234035,-3.4794533212340353
2022-07-12,SAND JB EMMENTAL,4.0,5.281927959976356,-1.2819279599763558
2022-07-13,SAND JB EMMENTAL,10.0,5.536968590044452,4.463031409955548
2022-07-15,SAND JB EMMENTAL,6.0,5.547259936273854,0.4527400637261456
2022-07-16,SAND JB EMMENTAL,6.0,4.443873367514714,1.5561266324852863
2022-07-17,SAND JB EMMENTAL,1.0,4.497171158050719,-3.497171158050719
2022-07-18,SAND JB EMMENTAL,6.0,5.483545156274439,0.5164548437255609
2022-07-19,SAND JB EMMENTAL,7.0,5.285871870297818,1.714128129702182
2022-07-20,SAND JB EMMENTAL,1.0,5.541102493162362,-4.541102493162362
2022-07-21,SAND JB EMMENTAL,5.0,5.467111759033808,-0.4671117590338083
2022-07-22,SAND JB EMMENTAL,8.0,5.551400639645896,2.4485993603541036
2022-07-24,SAND JB EMMENTAL,1.0,4.500527316125954,-3.500527316125954
2022-07-25,SAND JB EMMENTAL,5.0,5.487636991317323,-0.48763699131732263
2022-07-27,SAND JB EMMENTAL,3.0,5.545236396279741,-2.5452363962797406
2022-07-28,SAND JB EMMENTAL,4.0,5.471190027198016,-1.4711900271980163
2022-07-29,SAND JB EMMENTAL,3.0,5.555541343015868,-2.555541343015868
2022-07-30,SAND JB EMMENTAL,8.0,4.45050684050411,3.5494931594958903
2022-07-31,SAND JB EMMENTAL,10.0,4.503883474204222,5.496116525795778
2022-08-01,SAND JB EMMENTAL,6.0,5.491728826357727,0.5082711736422727
2022-08-02,SAND JB EMMENTAL,7.0,5.008714478269373,1.9912855217306271
2022-08-03,SAND JB EMMENTAL,3.0,5.168238366070595,-2.168238366070595
2022-08-04,SAND JB EMMENTAL,4.0,5.102272916208231,-1.1022729162082312
2022-08-05,SAND JB EMMENTAL,4.0,5.2500931966633,-1.2500931966633004
2022-08-06,SAND JB EMMENTAL,4.0,4.2185306264691285,-0.21853062646912846
2022-08-08,SAND JB EMMENTAL,9.0,5.127959568206534,3.872040431793466
2022-08-09,SAND JB EMMENTAL,7.0,5.009069438569558,1.9909305614304422
2022-08-10,SAND JB EMMENTAL,2.0,5.168604627888061,-3.168604627888061
2022-08-11,SAND JB EMMENTAL,4.0,5.1026344995367365,-1.1026344995367365
2022-08-12,SAND JB EMMENTAL,11.0,5.2504652518243855,5.7495347481756145
2022-08-13,SAND JB EMMENTAL,2.0,4.2188295754838085,-2.2188295754838085
2022-08-15,SAND JB EMMENTAL,1.0,5.099309980597679,-4.099309980597679
2022-08-16,SAND JB EMMENTAL,4.0,5.009424398868581,-1.009424398868581
2022-08-17,SAND JB EMMENTAL,3.0,5.168970889705529,-2.1689708897055286
2022-08-18,SAND JB EMMENTAL,3.0,5.10299608286457,-2.1029960828645704
2022-08-19,SAND JB EMMENTAL,3.0,5.2508373069816106,-2.2508373069816106
2022-08-20,SAND JB EMMENTAL,4.0,4.219128524497133,-0.21912852449713327
2022-08-22,SAND JB EMMENTAL,5.0,5.128686346109076,-0.1286863461090757
2022-08-23,SAND JB EMMENTAL,2.0,5.009779359169755,-3.0097793591697553
2022-08-24,SAND JB EMMENTAL,1.0,5.1693371515229956,-4.1693371515229956
2022-08-25,SAND JB EMMENTAL,5.0,5.103357666193075,-0.10335766619307485
2022-08-26,SAND JB EMMENTAL,7.0,5.251209362139932,1.7487906378600684
2022-08-27,SAND JB EMMENTAL,4.0,4.21942747351317,-0.2194274735131696
2022-08-28,SAND JB EMMENTAL,8.0,4.152179733854106,3.8478202661458942
2022-08-29,SAND JB EMMENTAL,5.0,5.129049735062774,-0.1290497350627744
2022-08-30,SAND JB EMMENTAL,7.0,5.01013431946936,1.9898656805306398
2022-08-31,SAND JB EMMENTAL,2.0,5.169703413340485,-3.1697034133404847
2022-09-02,SAND JB EMMENTAL,2.0,3.5140121011455245,-1.5140121011455245
2022-09-03,SAND JB EMMENTAL,4.0,2.411232440227248,1.588767559772752
2022-09-04,SAND JB EMMENTAL,5.0,2.5094553387150205,2.4905446612849795
2022-09-05,SAND JB EMMENTAL,6.0,3.345270364145697,2.654729635854303
2022-09-06,SAND JB EMMENTAL,2.0,3.253909857076989,-1.253909857076989
2022-09-07,SAND JB EMMENTAL,1.0,3.1941327243771696,-2.1941327243771696
2022-09-08,SAND JB EMMENTAL,2.0,3.27417115766633,-1.2741711576663302
2022-09-09,SAND JB EMMENTAL,2.0,3.5109200458965755,-1.5109200458965755
2022-09-10,SAND JB EMMENTAL,2.0,2.409110477916113,-0.409110477916113
2022-09-11,SAND JB EMMENTAL,3.0,2.5072466594144305,0.4927533405855695
2022-09-12,SAND JB EMMENTAL,4.0,3.3423256779339794,0.6576743220660206
2022-09-13,SAND JB EMMENTAL,6.0,3.2510452310501203,2.7489547689498797
2022-09-14,SAND JB EMMENTAL,1.0,3.1913203703027238,-2.1913203703027238
2022-09-15,SAND JB EMMENTAL,4.0,3.2712879690979415,0.7287120309020585
2022-09-16,SAND JB EMMENTAL,3.0,3.5078279906486656,-0.5078279906486656
2022-09-17,SAND JB EMMENTAL,4.0,2.4069885156040827,1.5930114843959173
2022-09-20,SAND JB EMMENTAL,8.0,3.2481806050215485,4.751819394978451
2022-09-21,SAND JB EMMENTAL,4.0,3.188508016228925,0.811491983771075
2022-09-22,SAND JB EMMENTAL,8.0,3.268404780529514,4.731595219470486
2022-09-23,SAND JB EMMENTAL,4.0,3.504735935400239,0.4952640645997608
2022-09-26,SAND JB EMMENTAL,4.0,3.336436305508065,0.663563694491935
2022-09-27,SAND JB EMMENTAL,4.0,3.2453159789946793,0.7546840210053207
2022-09-28,SAND JB EMMENTAL,3.0,3.185695662154674,-0.18569566215467415
2022-09-29,SAND JB EMMENTAL,2.0,3.2655215919611247,-1.2655215919611247
2022-09-30,SAND JB EMMENTAL,7.0,3.501643880154443,3.498356119845557
2022-01-06,SANDWICH COMPLET,7.0,4.956493654610002,2.043506345389998
2022-01-07,SANDWICH COMPLET,5.0,4.559461143844378,0.44053885615562205
2022-01-10,SANDWICH COMPLET,7.0,3.9454356916505327,3.0545643083494673
2022-01-11,SANDWICH COMPLET,1.0,5.023336222431305,-4.023336222431305
2022-01-13,SANDWICH COMPLET,10.0,4.838162058126616,5.161837941873384
2022-01-14,SANDWICH COMPLET,6.0,4.450235801238938,1.5497641987610624
2022-01-15,SANDWICH COMPLET,1.0,2.8407364364065333,-1.8407364364065333
2022-01-17,SANDWICH COMPLET,14.0,3.849939356202736,10.150060643797264
2022-01-18,SANDWICH COMPLET,5.0,4.901328233381405,0.09867176661859478
2022-01-20,SANDWICH COMPLET,5.0,4.7198304616432205,0.2801695383567795
2022-01-21,SANDWICH COMPLET,6.0,4.341010458628638,1.658989541371362
2022-01-22,SANDWICH COMPLET,2.0,2.770768872496078,-0.770768872496078
2022-01-24,SANDWICH COMPLET,4.0,3.7544430207473862,0.24555697925261377
2022-01-25,SANDWICH COMPLET,4.0,4.779320244331993,-0.7793202443319931
2022-01-27,SANDWICH COMPLET,5.0,4.6014988651597815,0.39850113484021854
2022-01-28,SANDWICH COMPLET,6.0,4.231785116018475,1.7682148839815248
2022-01-29,SANDWICH COMPLET,3.0,2.700801308585674,0.29919869141432587
2022-01-31,SANDWICH COMPLET,1.0,3.658946685299653,-2.658946685299653
2022-02-01,SANDWICH COMPLET,1.0,4.6573122552820925,-3.6573122552820925
2022-02-03,SANDWICH COMPLET,3.0,4.844061628519056,-1.8440616285190563
2022-02-04,SANDWICH COMPLET,8.0,4.421231384379377,3.578768615620623
2022-02-05,SANDWICH COMPLET,3.0,2.7850347794040737,0.21496522059592627
2022-02-07,SANDWICH COMPLET,3.0,3.888716267489546,-0.8887162674895461
2022-02-08,SANDWICH COMPLET,3.0,4.77356370440811,-1.7735637044081098
2022-02-10,SANDWICH COMPLET,2.0,4.735592721258109,-2.735592721258109
2022-02-11,SANDWICH COMPLET,7.0,4.321912843424495,2.678087156575505
2022-02-12,SANDWICH COMPLET,3.0,2.7222703386080243,0.27772966139197575
2022-02-14,SANDWICH COMPLET,5.0,3.8005109556867804,1.1994890443132196
2022-02-15,SANDWICH COMPLET,6.0,4.664935962530243,1.335064037469757
2022-02-17,SANDWICH COMPLET,9.0,4.627123813998889,4.372876186001111
2022-02-18,SANDWICH COMPLET,1.0,4.222594302469723,-3.222594302469723
2022-02-19,SANDWICH COMPLET,1.0,2.659505897811961,-1.659505897811961
2022-02-21,SANDWICH COMPLET,4.0,3.7123056438842306,0.28769435611576943
2022-02-22,SANDWICH COMPLET,5.0,4.556308220652543,0.44369177934745707
2022-02-24,SANDWICH COMPLET,5.0,4.518654906739273,0.4813450932607273
2022-02-25,SANDWICH COMPLET,6.0,4.123275761514919,1.8767242384850809
2022-02-26,SANDWICH COMPLET,1.0,2.5967414570220706,-1.5967414570220706
2022-02-28,SANDWICH COMPLET,1.0,3.6241003320810874,-2.6241003320810874
2022-03-01,SANDWICH COMPLET,5.0,4.447680478774546,0.5523195212254537
2022-03-02,SANDWICH COMPLET,5.0,4.179445337169686,0.8205546628303138
2022-03-03,SANDWICH COMPLET,4.0,4.410185999478608,-0.4101859994786077
2022-03-04,SANDWICH COMPLET,5.0,4.023957220560225,0.9760427794397746
2022-03-05,SANDWICH COMPLET,4.0,2.7215975404379558,1.2784024595620442
2022-03-07,SANDWICH COMPLET,14.0,3.860570548393935,10.139429451606064
2022-03-08,SANDWICH COMPLET,6.0,4.730039116953627,1.2699608830463731
2022-03-09,SANDWICH COMPLET,1.0,4.545110415484088,-3.5451104154840882
2022-03-10,SANDWICH COMPLET,1.0,4.713580688475984,-3.713580688475984
2022-03-11,SANDWICH COMPLET,1.0,4.361788577466545,-3.3617885774665446
2022-03-12,SANDWICH COMPLET,4.0,2.67767014415511,1.32232985584489
2022-03-14,SANDWICH COMPLET,6.0,3.7979711097740063,2.2020288902259937
2022-03-15,SANDWICH COMPLET,4.0,4.6531631022099305,-0.6531631022099305
2022-03-16,SANDWICH COMPLET,9.0,4.471068082881507,4.528931917118493
2022-03-17,SANDWICH COMPLET,6.0,4.636614766351719,1.3633852336482812
2022-03-18,SANDWICH COMPLET,6.0,4.290400385602812,1.709599614397188
2022-03-21,SANDWICH COMPLET,1.0,3.73537167116096,-2.73537167116096
2022-03-23,SANDWICH COMPLET,6.0,4.397025750278928,1.602974249721072
2022-03-24,SANDWICH COMPLET,8.0,4.559648844227307,3.440351155772693
2022-03-25,SANDWICH COMPLET,3.0,4.219012193743745,-1.2190121937437448
2022-03-26,SANDWICH COMPLET,4.0,2.5898153515960347,1.4101846484039653
2022-03-28,SANDWICH COMPLET,5.0,3.6727722325478727,1.3272277674521273
2022-03-29,SANDWICH COMPLET,8.0,4.499411072722568,3.500588927277432
2022-03-30,SANDWICH COMPLET,4.0,4.322983417676811,-0.32298341767681116
2022-03-31,SANDWICH COMPLET,2.0,4.482682922102893,-2.482682922102893
2022-04-01,SANDWICH COMPLET,5.0,4.147624001879824,0.8523759981201762
2022-04-02,SANDWICH COMPLET,1.0,2.5458879553135114,-1.5458879553135114
2022-04-04,SANDWICH COMPLET,10.0,3.7898552054397405,6.210144794560259
2022-04-05,SANDWICH COMPLET,6.0,4.562873825953661,1.4371261740463392
2022-04-06,SANDWICH COMPLET,6.0,4.385994945159499,1.6140050548405007
2022-04-07,SANDWICH COMPLET,9.0,4.494511635888535,4.505488364111465
2022-04-08,SANDWICH COMPLET,5.0,4.15354048682253,0.8464595131774697
2022-04-09,SANDWICH COMPLET,2.0,2.550989938373563,-0.5509899383735628
2022-04-10,SANDWICH COMPLET,5.0,2.0794656299760645,2.9205343700239355
2022-04-11,SANDWICH COMPLET,3.0,3.7220296260647125,-0.7220296260647125
2022-04-12,SANDWICH COMPLET,5.0,4.481004518041318,0.5189954819586822
2022-04-13,SANDWICH COMPLET,7.0,4.307097052337384,2.692902947662616
2022-04-14,SANDWICH COMPLET,6.0,4.413453376643632,1.5865466233563676
2022-04-15,SANDWICH COMPLET,7.0,4.078438127420692,2.921561872579308
2022-04-16,SANDWICH COMPLET,2.0,2.5047446869151595,-0.5047446869151595
2022-04-19,SANDWICH COMPLET,9.0,4.399135210128976,4.600864789871024
2022-04-20,SANDWICH COMPLET,10.0,4.228199159515771,5.771800840484229
2022-04-21,SANDWICH COMPLET,5.0,4.3323951173976205,0.6676048826023795
2022-04-22,SANDWICH COMPLET,11.0,4.003335768022769,6.996664231977231
2022-04-23,SANDWICH COMPLET,1.0,2.458499435456467,-1.458499435456467
2022-04-25,SANDWICH COMPLET,4.0,3.58637846731466,0.41362153268533985
2022-04-26,SANDWICH COMPLET,9.0,4.317265902216506,4.682734097783494
2022-04-27,SANDWICH COMPLET,9.0,4.149301266693917,4.850698733306083
2022-04-28,SANDWICH COMPLET,11.0,4.251336858152384,6.748663141847616
2022-04-29,SANDWICH COMPLET,2.0,3.928233408620899,-1.928233408620899
2022-04-30,SANDWICH COMPLET,2.0,2.4122541839981437,-0.41225418399814373
2022-05-01,SANDWICH COMPLET,4.0,1.8846413514433138,2.115358648556686
2022-05-02,SANDWICH COMPLET,8.0,3.518552887933249,4.481447112066752
2022-05-03,SANDWICH COMPLET,6.0,4.235396594304163,1.764603405695837
2022-05-05,SANDWICH COMPLET,13.0,5.513242507220406,7.486757492779594
2022-05-06,SANDWICH COMPLET,4.0,5.062717771143719,-1.0627177711437188
2022-05-07,SANDWICH COMPLET,4.0,3.0563560705921855,0.9436439294078145
2022-05-09,SANDWICH COMPLET,11.0,4.624349857645749,6.375650142354251
2022-05-10,SANDWICH COMPLET,11.0,5.52970345324975,5.47029654675025
2022-05-11,SANDWICH COMPLET,4.0,5.475117490841992,-1.475117490841992
2022-05-12,SANDWICH COMPLET,9.0,5.483989091841793,3.516010908158207
2022-05-13,SANDWICH COMPLET,9.0,5.035834474679873,3.9641655253201273
2022-05-14,SANDWICH COMPLET,8.0,3.04011433918182,4.9598856608181805
2022-05-16,SANDWICH COMPLET,7.0,4.599738308352387,2.4002616916476134
2022-05-17,SANDWICH COMPLET,5.0,5.500251070536333,-0.5002510705363328
2022-05-18,SANDWICH COMPLET,5.0,5.445933639000798,-0.4459336390007982
2022-05-19,SANDWICH COMPLET,6.0,5.454735676463476,0.5452643235365242
2022-05-20,SANDWICH COMPLET,7.0,5.008951178216032,1.9910488217839681
2022-05-21,SANDWICH COMPLET,1.0,3.0238726077708513,-2.0238726077708513
2022-05-23,SANDWICH COMPLET,7.0,4.57512675905077,2.42487324094923
2022-05-24,SANDWICH COMPLET,10.0,5.470798687823409,4.529201312176591
2022-05-25,SANDWICH COMPLET,4.0,5.416749787159108,-1.416749787159108
2022-05-26,SANDWICH COMPLET,3.0,5.396540686591601,-2.3965406865916012
2022-05-27,SANDWICH COMPLET,7.0,4.982067881751699,2.017932118248301
2022-05-29,SANDWICH COMPLET,2.0,2.638468601573214,-0.638468601573214
2022-05-30,SANDWICH COMPLET,5.0,4.5505152097578865,0.4494847902421135
2022-05-31,SANDWICH COMPLET,22.0,5.441346305110485,16.558653694889514
2022-06-01,SANDWICH COMPLET,8.0,5.387565935317447,2.612434064682553
2022-06-02,SANDWICH COMPLET,3.0,5.396228845706071,-2.396228845706071
2022-06-03,SANDWICH COMPLET,4.0,5.757222192741307,-1.757222192741307
2022-06-04,SANDWICH COMPLET,9.0,3.452129124167841,5.547870875832158
2022-06-05,SANDWICH COMPLET,1.0,3.103569815582896,-2.103569815582896
2022-06-06,SANDWICH COMPLET,1.0,5.28990608404638,-4.28990608404638
2022-06-07,SANDWICH COMPLET,5.0,6.5384406776432344,-1.5384406776432344
2022-06-08,SANDWICH COMPLET,8.0,6.17520304240859,1.8247969575914098
2022-06-09,SANDWICH COMPLET,9.0,6.252494603243105,2.747505396756895
2022-06-10,SANDWICH COMPLET,7.0,5.762341925235704,1.2376580747642958
2022-06-11,SANDWICH COMPLET,3.0,3.4551986135953046,-0.45519861359530456
2022-06-12,SANDWICH COMPLET,5.0,3.106329030111575,1.8936709698884249
2022-06-13,SANDWICH COMPLET,4.0,5.3640866380415595,-1.3640866380415595
2022-06-14,SANDWICH COMPLET,6.0,6.544252172181054,-0.5442521721810536
2022-06-15,SANDWICH COMPLET,6.0,6.18069098737129,-0.18069098737128986
2022-06-16,SANDWICH COMPLET,5.0,6.258050532372121,-1.2580505323721214
2022-06-17,SANDWICH COMPLET,8.0,5.767461657730255,2.232538342269745
2022-06-18,SANDWICH COMPLET,3.0,3.458268103022975,-0.45826810302297494
2022-06-19,SANDWICH COMPLET,1.0,3.109088244634357,-2.109088244634357
2022-06-20,SANDWICH COMPLET,9.0,5.368850714148005,3.631149285851995
2022-06-21,SANDWICH COMPLET,8.0,6.550063666718233,1.4499363332817667
2022-06-22,SANDWICH COMPLET,5.0,6.186178932335578,-1.1861789323355776
2022-06-23,SANDWICH COMPLET,6.0,6.263606461501207,-0.26360646150120726
2022-06-24,SANDWICH COMPLET,4.0,5.772581390224724,-1.7725813902247243
2022-06-25,SANDWICH COMPLET,6.0,3.461337592458519,2.538662407541481
2022-06-26,SANDWICH COMPLET,1.0,3.1118474591630347,-2.1118474591630347
2022-06-27,SANDWICH COMPLET,2.0,5.373614790254452,-3.373614790254452
2022-06-28,SANDWICH COMPLET,12.0,6.555875161256008,5.444124838743992
2022-06-29,SANDWICH COMPLET,3.0,6.191666877298277,-3.1916668772982772
2022-06-30,SANDWICH COMPLET,10.0,6.269162390629093,3.730837609370907
2022-07-01,SANDWICH COMPLET,5.0,5.723814243497689,-0.7238142434976886
2022-07-02,SANDWICH COMPLET,1.0,3.410513381207198,-2.410513381207198
2022-07-03,SANDWICH COMPLET,2.0,3.0151721564819036,-1.0151721564819036
2022-07-04,SANDWICH COMPLET,6.0,5.268586309351532,0.7314136906484681
2022-07-05,SANDWICH COMPLET,6.0,6.589978569528428,-0.5899785695284283
2022-07-06,SANDWICH COMPLET,1.0,6.115796955895583,-5.115796955895583
2022-07-07,SANDWICH COMPLET,8.0,6.304220561391144,1.6957794386088558
2022-07-08,SANDWICH COMPLET,4.0,5.732452441537858,-1.7324524415378582
2022-07-09,SANDWICH COMPLET,5.0,3.479011560116709,1.5209884398832911
2022-07-10,SANDWICH COMPLET,1.0,3.018200147337909,-2.018200147337909
2022-07-11,SANDWICH COMPLET,3.0,5.273876535553705,-2.273876535553705
2022-07-12,SANDWICH COMPLET,3.0,6.596594666373745,-3.596594666373745
2022-07-13,SANDWICH COMPLET,7.0,6.121936111289599,0.8780638887104013
2022-07-15,SANDWICH COMPLET,9.0,5.738205138379796,3.2617948616202037
2022-07-16,SANDWICH COMPLET,13.0,3.482502357515792,9.517497642484209
2022-07-17,SANDWICH COMPLET,3.0,3.0212281381939166,-0.021228138193916557
2022-07-18,SANDWICH COMPLET,4.0,5.279166761765746,-1.2791667617657456
2022-07-19,SANDWICH COMPLET,3.0,6.60321076321894,-3.6032107632189403
2022-07-20,SANDWICH COMPLET,4.0,6.128075266683468,-2.128075266683468
2022-07-21,SANDWICH COMPLET,4.0,6.316875343975666,-2.316875343975666
2022-07-22,SANDWICH COMPLET,10.0,5.743957835228752,4.256042164771248
2022-07-23,SANDWICH COMPLET,4.0,3.4859931549066836,0.5140068450933164
2022-07-24,SANDWICH COMPLET,4.0,3.024256129050249,0.975743870949751
2022-07-25,SANDWICH COMPLET,3.0,5.284456987977597,-2.284456987977597
2022-07-26,SANDWICH COMPLET,5.0,6.609826860064256,-1.6098268600642562
2022-07-27,SANDWICH COMPLET,7.0,6.1342144220787205,0.8657855779212795
2022-07-28,SANDWICH COMPLET,3.0,6.323202735268074,-3.323202735268074
2022-07-29,SANDWICH COMPLET,11.0,5.74971053207069,5.25028946792931
2022-07-30,SANDWICH COMPLET,6.0,3.4894839522973777,2.5105160477026223
2022-07-31,SANDWICH COMPLET,7.0,3.02728411990626,3.97271588009374
2022-08-01,SANDWICH COMPLET,9.0,5.289747214189645,3.710252785810355
2022-08-02,SANDWICH COMPLET,16.0,6.544162140950555,9.455837859049446
2022-08-03,SANDWICH COMPLET,8.0,6.071286135065683,1.9287138649343172
2022-08-04,SANDWICH COMPLET,8.0,6.329717903918853,1.6702820960811469
2022-08-05,SANDWICH COMPLET,9.0,5.914960805747635,3.0850391942523654
2022-08-06,SANDWICH COMPLET,9.0,3.7150032853044705,5.284996714695529
2022-08-07,SANDWICH COMPLET,6.0,3.068611239686876,2.931388760313124
2022-08-08,SANDWICH COMPLET,9.0,5.338359765231386,3.6616402347686137
2022-08-09,SANDWICH COMPLET,13.0,6.552349787476592,6.447650212523408
2022-08-10,SANDWICH COMPLET,6.0,6.078880791274784,-0.0788807912747842
2022-08-11,SANDWICH COMPLET,7.0,6.337634421322623,0.6623655786773774
2022-08-12,SANDWICH COMPLET,9.0,5.922357268909796,3.0776427310902044
2022-08-13,SANDWICH COMPLET,7.0,3.7196479445167347,3.2803520554832653
2022-08-16,SANDWICH COMPLET,4.0,6.560537434002986,-2.5605374340029856
2022-08-17,SANDWICH COMPLET,1.0,6.0864754474838865,-5.0864754474838865
2022-08-18,SANDWICH COMPLET,5.0,6.345550938724624,-1.3455509387246236
2022-08-19,SANDWICH COMPLET,4.0,5.929753732065544,-1.929753732065544
2022-08-20,SANDWICH COMPLET,15.0,3.724292603729005,11.275707396270995
2022-08-22,SANDWICH COMPLET,8.0,5.351703499319517,2.648296500680483
2022-08-23,SANDWICH COMPLET,7.0,6.568725080529148,0.4312749194708516
2022-08-24,SANDWICH COMPLET,3.0,6.094070103692988,-3.094070103692988
2022-08-25,SANDWICH COMPLET,3.0,6.353467456128391,-3.3534674561283913
2022-08-26,SANDWICH COMPLET,5.0,5.937150195221359,-0.937150195221359
2022-08-27,SANDWICH COMPLET,11.0,3.7289372629412516,7.271062737058749
2022-08-28,SANDWICH COMPLET,5.0,3.080118719400035,1.9198812805999652
2022-08-29,SANDWICH COMPLET,6.0,5.358375366368273,0.6416246336317268
2022-08-30,SANDWICH COMPLET,12.0,6.576912727055363,5.423087272944637
2022-08-31,SANDWICH COMPLET,6.0,6.101664759902262,-0.10166475990226242
2022-09-02,SANDWICH COMPLET,3.0,6.35350854266029,-3.3535085426602897
2022-09-03,SANDWICH COMPLET,3.0,4.352307493787784,-1.3523074937877837
2022-09-04,SANDWICH COMPLET,3.0,3.3564319325580896,-0.3564319325580896
2022-09-05,SANDWICH COMPLET,8.0,5.780300497263974,2.2196995027360256
2022-09-06,SANDWICH COMPLET,6.0,7.216649158637163,-1.2166491586371633
2022-09-07,SANDWICH COMPLET,1.0,6.29366246745396,-5.29366246745396
2022-09-08,SANDWICH COMPLET,1.0,6.731286261696111,-5.731286261696111
2022-09-09,SANDWICH COMPLET,3.0,6.374804792815028,-3.374804792815028
2022-09-11,SANDWICH COMPLET,6.0,3.367671553077856,2.632328446922144
2022-09-12,SANDWICH COMPLET,2.0,5.799647625547247,-3.799647625547247
2022-09-13,SANDWICH COMPLET,6.0,7.240792316664017,-1.2407923166640167
2022-09-14,SANDWICH COMPLET,4.0,6.314707733561066,-2.3147077335610664
2022-09-15,SANDWICH COMPLET,7.0,6.753784143050638,0.24621585694936243
2022-09-16,SANDWICH COMPLET,5.0,6.396101042969209,-1.3961010429692093
2022-09-17,SANDWICH COMPLET,4.0,4.3814704254191685,-0.38147042541916854
2022-09-20,SANDWICH COMPLET,6.0,7.264935474692765,-1.2649354746927646
2022-09-21,SANDWICH COMPLET,4.0,6.3357529996650275,-2.3357529996650275
2022-09-22,SANDWICH COMPLET,2.0,6.776282024404967,-4.776282024404967
2022-09-23,SANDWICH COMPLET,5.0,6.417397293123661,-1.4173972931236607
2022-09-26,SANDWICH COMPLET,5.0,5.838341882102976,-0.8383418821029762
2022-09-27,SANDWICH COMPLET,10.0,7.289078632719616,2.710921367280384
2022-09-28,SANDWICH COMPLET,6.0,6.356798265769625,-0.35679826576962537
2022-09-29,SANDWICH COMPLET,8.0,6.7987799057595,1.2012200942405
2022-09-30,SANDWICH COMPLET,1.0,6.438693543283527,-5.438693543283527
2022-01-06,SEIGLE,2.0,2.564862201844493,-0.5648622018444929
2022-01-08,SEIGLE,1.0,3.0183345669264803,-2.0183345669264803
2022-01-09,SEIGLE,2.0,3.1127738285180353,-1.1127738285180353
2022-01-10,SEIGLE,1.0,2.5310047948791765,-1.5310047948791765
2022-01-11,SEIGLE,2.0,2.5642502244831036,-0.5642502244831036
2022-01-13,SEIGLE,1.0,2.5777550541826644,-1.5777550541826644
2022-01-14,SEIGLE,2.0,3.391540468062786,-1.3915404680627859
2022-01-16,SEIGLE,3.0,3.1283872448045082,-0.12838724480450825
2022-01-18,SEIGLE,1.0,2.5770938852048215,-1.5770938852048215
2022-01-20,SEIGLE,2.0,2.590647906520837,-0.5906479065208372
2022-01-21,SEIGLE,2.0,3.4084914229264136,-1.4084914229264136
2022-01-22,SEIGLE,2.0,3.0486357130128963,-1.0486357130128963
2022-01-23,SEIGLE,1.0,3.1440006610896227,-2.1440006610896227
2022-01-24,SEIGLE,2.0,2.5563772357957113,-0.5563772357957113
2022-01-27,SEIGLE,1.0,2.6035407588602872,-1.6035407588602872
2022-01-28,SEIGLE,2.0,3.4254423777907586,-1.4254423777907586
2022-01-29,SEIGLE,1.0,3.063786286056113,-2.063786286056113
2022-01-30,SEIGLE,2.0,3.1596140773774763,-1.1596140773774763
2022-01-31,SEIGLE,2.0,2.569063456253024,-0.5690634562530241
2022-02-01,SEIGLE,1.0,2.6027812066451377,-1.6027812066451377
2022-02-03,SEIGLE,1.0,2.241245727875341,-1.241245727875341
2022-02-04,SEIGLE,2.0,3.018117623356474,-1.0181176233564742
2022-02-05,SEIGLE,1.0,2.6942398585371485,-1.6942398585371485
2022-02-06,SEIGLE,3.0,2.7827710815770854,0.21722891842291459
2022-02-07,SEIGLE,1.0,2.21870192196859,-1.2187019219685902
2022-02-08,SEIGLE,1.0,2.2342627806507314,-1.2342627806507314
2022-02-10,SEIGLE,1.0,2.242333257101504,-1.242333257101504
2022-02-11,SEIGLE,1.0,3.0195820159373614,-2.0195820159373614
2022-02-12,SEIGLE,3.0,2.6955470148163005,0.30445298518369945
2022-02-13,SEIGLE,3.0,2.7841210967160412,0.21587890328395876
2022-02-14,SEIGLE,1.0,2.2197782137376567,-1.2197782137376567
2022-02-15,SEIGLE,3.0,2.2353465458835937,0.7646534541164063
2022-02-17,SEIGLE,2.0,2.243420786327107,-0.24342078632710695
2022-02-19,SEIGLE,2.0,2.6968541710955702,-0.6968541710955702
2022-02-20,SEIGLE,2.0,2.785471111854997,-0.7854711118549971
2022-02-21,SEIGLE,3.0,2.2208545055054496,0.7791454944945504
2022-02-24,SEIGLE,3.0,2.24450831555497,0.7554916844450301
2022-02-25,SEIGLE,1.0,3.0225108010985737,-2.0225108010985737
2022-02-26,SEIGLE,1.0,2.6981613273755456,-1.6981613273755456
2022-02-27,SEIGLE,3.0,2.7868211269930363,0.2131788730069637
2022-02-28,SEIGLE,1.0,2.2219307972757916,-1.2219307972757916
2022-03-01,SEIGLE,1.0,2.237514076349883,-1.2375140763498829
2022-03-02,SEIGLE,1.0,2.208320548480784,-1.208320548480784
2022-03-03,SEIGLE,3.0,2.2455958447800004,0.7544041552199996
2022-03-04,SEIGLE,1.0,3.023975193678898,-2.023975193678898
2022-03-05,SEIGLE,3.0,2.2593038904136415,0.7406961095863585
2022-03-07,SEIGLE,2.0,1.864753404682353,0.13524659531764693
2022-03-09,SEIGLE,2.0,1.8464440818437666,0.15355591815623337
2022-03-11,SEIGLE,1.0,2.454254283095281,-1.4542542830952812
2022-03-12,SEIGLE,3.0,2.2398655336276088,0.7601344663723912
2022-03-13,SEIGLE,3.0,2.3405383727935463,0.6594616272064537
2022-03-14,SEIGLE,1.0,1.8486701031612618,-0.8486701031612618
2022-03-15,SEIGLE,1.0,1.8708952191004244,-0.8708952191004244
2022-03-16,SEIGLE,1.0,1.8304793551343215,-0.8304793551343215
2022-03-17,SEIGLE,1.0,1.8852173154202299,-0.8852173154202299
2022-03-18,SEIGLE,1.0,2.4329817567616066,-1.4329817567616066
2022-03-19,SEIGLE,3.0,2.2204271768415254,0.7795728231584746
2022-03-20,SEIGLE,2.0,2.3202011275711474,-0.3202011275711474
2022-03-21,SEIGLE,1.0,1.8325868016394486,-0.8325868016394486
2022-03-22,SEIGLE,1.0,1.8545983060386506,-0.8545983060386506
2022-03-23,SEIGLE,2.0,1.8145146284248708,0.18548537157512923
2022-03-24,SEIGLE,2.0,1.868754674046225,0.13124532595377492
2022-03-25,SEIGLE,3.0,2.4117092304274457,0.5882907695725543
2022-03-26,SEIGLE,1.0,2.2009888200557923,-1.2009888200557923
2022-03-27,SEIGLE,3.0,2.2998638823482875,0.7001361176517125
2022-03-28,SEIGLE,1.0,1.8165035001176346,-0.8165035001176346
2022-03-29,SEIGLE,1.0,1.8383013929791368,-0.8383013929791368
2022-03-30,SEIGLE,1.0,1.7985499017151778,-0.7985499017151778
2022-04-01,SEIGLE,1.0,2.3904367040943293,-1.3904367040943293
2022-04-02,SEIGLE,3.0,2.181550463269659,0.8184495367303408
2022-04-03,SEIGLE,3.0,2.279526637125433,0.720473362874567
2022-04-05,SEIGLE,2.0,1.7979099846855555,0.20209001531444448
2022-04-07,SEIGLE,1.0,1.8274517423763124,-0.8274517423763124
2022-04-09,SEIGLE,3.0,2.193576019719914,0.8064239802800861
2022-04-10,SEIGLE,1.0,2.290626451628699,-1.290626451628699
2022-04-11,SEIGLE,3.0,1.7619915977844174,1.2380084022155826
2022-04-12,SEIGLE,1.0,1.786050330030737,-0.7860503300307371
2022-04-13,SEIGLE,2.0,1.7637031468677993,0.23629685313220072
2022-04-14,SEIGLE,1.0,1.8153744580314775,-0.8153744580314775
2022-04-15,SEIGLE,1.0,2.321804401379102,-1.3218044013791022
2022-04-16,SEIGLE,3.0,2.17905166363717,0.82094833636283
2022-04-17,SEIGLE,3.0,2.275445134102564,0.7245548658974359
2022-04-18,SEIGLE,3.0,1.7440913181431814,1.2559086818568186
2022-04-19,SEIGLE,3.0,1.7741906753759222,1.2258093246240778
2022-04-20,SEIGLE,1.0,1.7519807612347935,-0.7519807612347935
2022-04-21,SEIGLE,3.0,1.8032971736856256,1.1967028263143744
2022-04-22,SEIGLE,2.0,2.3063432565199093,-0.30634325651990935
2022-04-23,SEIGLE,1.0,2.164527307554525,-1.164527307554525
2022-04-24,SEIGLE,2.0,2.2602638165756606,-0.26026381657566056
2022-04-25,SEIGLE,2.0,1.7386139718679294,0.26138602813207057
2022-04-26,SEIGLE,3.0,1.7623310207213116,1.2376689792786884
2022-04-27,SEIGLE,2.0,1.7402583756028762,0.2597416243971238
2022-04-28,SEIGLE,3.0,1.7912198893417057,1.2087801106582943
2022-04-29,SEIGLE,2.0,2.2908821116607205,-0.29088211166072053
2022-04-30,SEIGLE,3.0,2.150002951471782,0.849997048528218
2022-05-01,SEIGLE,1.0,2.2450824990495284,-1.2450824990495284
2022-05-02,SEIGLE,3.0,1.726925158910537,1.273074841089463
2022-05-03,SEIGLE,1.0,1.7504713660665028,-0.7504713660665028
2022-05-05,SEIGLE,2.0,1.748831095301423,0.251168904698577
2022-05-06,SEIGLE,3.0,2.2363210784515695,0.7636789215484305
2022-05-07,SEIGLE,3.0,2.1102892338219066,0.8897107661780934
2022-05-08,SEIGLE,2.0,2.1485054547951026,-0.14850545479510258
2022-05-09,SEIGLE,1.0,1.7110240697828278,-0.7110240697828278
2022-05-10,SEIGLE,2.0,1.7069518705255704,0.2930481294744296
2022-05-11,SEIGLE,2.0,1.666013251558922,0.3339867484410779
2022-05-12,SEIGLE,3.0,1.7329824236248665,1.2670175763751335
2022-05-13,SEIGLE,1.0,2.216028287764983,-1.216028287764983
2022-05-14,SEIGLE,3.0,2.091115223880086,0.9088847761199141
2022-05-15,SEIGLE,3.0,2.156788252838432,0.8432117471615679
2022-05-16,SEIGLE,1.0,1.6954373052810763,-0.6954373052810763
2022-05-18,SEIGLE,3.0,1.6507969138592709,1.3492030861407291
2022-05-19,SEIGLE,3.0,1.7171337519475085,1.2828662480524915
2022-05-20,SEIGLE,3.0,2.1957354970783993,0.8042645029216007
2022-05-21,SEIGLE,3.0,2.071941213938341,0.9280587860616589
2022-05-22,SEIGLE,3.0,2.136986130123711,0.8630138698762888
2022-05-23,SEIGLE,1.0,1.6798505407794158,-0.6798505407794158
2022-05-24,SEIGLE,2.0,1.6758120092508872,0.32418799074911275
2022-05-25,SEIGLE,3.0,1.6355805761598399,1.3644194238401601
2022-05-26,SEIGLE,4.0,1.8024690818535276,2.197530918146472
2022-05-27,SEIGLE,3.0,2.175442706392294,0.8245572936077061
2022-05-28,SEIGLE,5.0,2.0527672039964457,2.9472327960035543
2022-05-29,SEIGLE,4.0,2.117184007410061,1.882815992589939
2022-05-30,SEIGLE,3.0,1.664263776278346,1.335736223721654
2022-05-31,SEIGLE,2.0,1.6602420786144443,0.3397579213855557
2022-06-01,SEIGLE,2.0,1.6203642384594814,0.3796357615405186
2022-06-02,SEIGLE,1.0,1.6854364085917424,-0.6854364085917424
2022-06-03,SEIGLE,2.0,2.455467922399484,-0.45546792239948397
2022-06-04,SEIGLE,6.0,2.3675726335902585,3.6324273664097415
2022-06-05,SEIGLE,3.0,2.4274262141394405,0.5725737858605595
2022-06-06,SEIGLE,3.0,1.8892899930112454,1.1107100069887546
2022-06-07,SEIGLE,2.0,1.8706172011721915,0.12938279882780845
2022-06-08,SEIGLE,1.0,1.8641372168225925,-0.8641372168225925
2022-06-09,SEIGLE,1.0,1.9378294193073358,-0.9378294193073358
2022-06-11,SEIGLE,5.0,2.3598708887586763,2.6401291112413237
2022-06-12,SEIGLE,1.0,2.41952609351146,-1.4195260935114602
2022-06-13,SEIGLE,2.0,1.8525155950683592,0.14748440493164083
2022-06-15,SEIGLE,1.0,1.8580618607397439,-0.8580618607397439
2022-06-16,SEIGLE,1.0,1.9315109533222825,-0.9315109533222825
2022-06-17,SEIGLE,2.0,2.439500004231713,-0.439500004231713
2022-06-18,SEIGLE,3.0,2.352169143926974,0.6478308560730262
2022-06-19,SEIGLE,1.0,2.411625972884556,-1.411625972884556
2022-06-20,SEIGLE,3.0,1.846464027186339,1.153535972813661
2022-06-22,SEIGLE,3.0,1.8519865046586061,1.1480134953413939
2022-06-23,SEIGLE,2.0,1.9251924873381,0.07480751266190011
2022-06-24,SEIGLE,2.0,2.4315160451478244,-0.4315160451478244
2022-06-25,SEIGLE,2.0,2.3444673990954787,-0.34446739909547874
2022-06-26,SEIGLE,2.0,2.403725852256572,-0.4037258522565721
2022-06-28,SEIGLE,2.0,1.8523362879903995,0.1476637120096005
2022-06-29,SEIGLE,2.0,1.845911148575762,0.154088851424238
2022-06-30,SEIGLE,2.0,1.9188740213520032,0.08112597864799675
2022-07-01,SEIGLE,2.0,3.9147763389024206,-1.9147763389024206
2022-07-02,SEIGLE,3.0,3.827308095939376,-0.8273080959393759
2022-07-03,SEIGLE,3.0,3.7038506185932603,-0.7038506185932603
2022-07-04,SEIGLE,5.0,3.201935992660184,1.798064007339816
2022-07-05,SEIGLE,3.0,3.193244338144641,-0.19324433814464115
2022-07-07,SEIGLE,1.0,3.23454516292932,-2.23454516292932
2022-07-08,SEIGLE,1.0,3.718649278796757,-2.718649278796757
2022-07-09,SEIGLE,5.0,3.71349718947756,1.2865028105224399
2022-07-10,SEIGLE,3.0,3.6879058980686303,-0.6879058980686303
2022-07-11,SEIGLE,2.0,3.1881434841031977,-1.1881434841031977
2022-07-12,SEIGLE,5.0,3.17948079975229,1.82051920024771
2022-07-13,SEIGLE,4.0,3.1642707299249415,0.8357292700750585
2022-07-14,SEIGLE,3.0,3.205590744832884,-0.2055907448328842
2022-07-15,SEIGLE,1.0,3.7025914748203195,-2.7025914748203195
2022-07-16,SEIGLE,3.0,3.6974517349898868,-0.6974517349898868
2022-07-17,SEIGLE,3.0,3.6719611775440013,-0.6719611775440013
2022-07-18,SEIGLE,4.0,3.1743509755447303,0.8256490244552697
2022-07-19,SEIGLE,1.0,3.165717261360051,-2.165717261360051
2022-07-20,SEIGLE,5.0,3.1505645578272077,1.8494354421727923
2022-07-21,SEIGLE,1.0,3.206627676056662,-2.206627676056662
2022-07-23,SEIGLE,5.0,3.6814062805021837,1.3185937194978163
2022-07-24,SEIGLE,5.0,3.656016457018829,1.3439835429811708
2022-07-25,SEIGLE,5.0,3.160558466987375,1.839441533012625
2022-07-28,SEIGLE,5.0,3.192668932620968,1.8073310673790322
2022-07-29,SEIGLE,4.0,3.670475866866429,0.329524133133571
2022-07-30,SEIGLE,5.0,3.665360826014416,1.3346391739855838
2022-07-31,SEIGLE,6.0,3.6400717364942032,2.3599282635057968
2022-08-01,SEIGLE,3.0,3.1467659584289125,-0.1467659584289125
2022-08-02,SEIGLE,4.0,3.1895811189429697,0.8104188810570303
2022-08-03,SEIGLE,5.0,3.2198679989762504,1.7801320010237496
2022-08-04,SEIGLE,4.0,3.2113858746143324,0.7886141253856676
2022-08-05,SEIGLE,4.0,3.6536112841961845,0.3463887158038155
2022-08-06,SEIGLE,5.0,3.720693291361848,1.2793067086381522
2022-08-07,SEIGLE,5.0,3.687543697679736,1.312456302320264
2022-08-08,SEIGLE,5.0,3.2172943587134526,1.7827056412865474
2022-08-09,SEIGLE,5.0,3.177672097451014,1.8223279025489858
2022-08-10,SEIGLE,5.0,3.207839478691577,1.792160521308423
2022-08-11,SEIGLE,5.0,3.1993826353409753,1.8006173646590247
2022-08-12,SEIGLE,5.0,3.6399478374632723,1.3600521625367277
2022-08-13,SEIGLE,5.0,3.7067715397596532,1.2932284602403468
2022-08-14,SEIGLE,5.0,3.6737386029754466,1.3262613970245534
2022-08-15,SEIGLE,5.0,3.2771043226765535,1.7228956773234465
2022-08-16,SEIGLE,5.0,3.165763075957787,1.8342369240422132
2022-08-17,SEIGLE,5.0,3.1958109584069003,1.8041890415930997
2022-08-18,SEIGLE,5.0,3.1873793960664027,1.8126206039335973
2022-08-19,SEIGLE,5.0,3.626284390732055,1.3737156092679448
2022-08-20,SEIGLE,5.0,3.692849788157408,1.307150211842592
2022-08-21,SEIGLE,5.0,3.659933508270833,1.340066491729167
2022-08-22,SEIGLE,3.0,3.1931922335399996,-0.1931922335399996
2022-08-23,SEIGLE,4.0,3.153854054465818,0.846145945534182
2022-08-24,SEIGLE,3.0,3.1837824381222233,-0.18378243812222328
2022-08-25,SEIGLE,2.0,3.1753761567930425,-1.1753761567930425
2022-08-26,SEIGLE,1.0,3.6126209440006067,-2.6126209440006067
2022-08-27,SEIGLE,4.0,3.6789280365552646,0.32107196344473543
2022-08-28,SEIGLE,5.0,3.646128413566222,1.3538715864337778
2022-08-29,SEIGLE,2.0,3.1811411709533135,-1.1811411709533135
2022-08-30,SEIGLE,2.0,3.141945032973227,-1.141945032973227
2022-08-31,SEIGLE,2.0,3.1717539178369396,-1.1717539178369396
2022-09-02,SEIGLE,2.0,2.3728547163315503,-0.3728547163315503
2022-09-03,SEIGLE,2.0,2.466539548222496,-0.4665395482224959
2022-09-04,SEIGLE,2.0,2.4394313955879396,-0.43943139558793964
2022-09-06,SEIGLE,2.0,1.9006522445265666,0.09934775547343344
2022-09-07,SEIGLE,2.0,1.8482147624973153,0.1517852375026847
2022-09-08,SEIGLE,2.0,1.9052007811358627,0.09479921886413734
2022-09-09,SEIGLE,2.0,2.36920830132859,-0.36920830132859006
2022-09-10,SEIGLE,2.0,2.46274833350539,-0.4627483335053899
2022-09-11,SEIGLE,2.0,2.435681024172079,-0.4356810241720792
2022-09-12,SEIGLE,2.0,1.9125788076507582,0.08742119234924184
2022-09-15,SEIGLE,2.0,1.9022691581211233,0.0977308418788767
2022-09-16,SEIGLE,2.0,2.3655618863247785,-0.3655618863247785
2022-09-17,SEIGLE,2.0,2.458957118788436,-0.4589571187884358
2022-09-18,SEIGLE,3.0,2.431930652757458,0.5680693472425422
2022-09-20,SEIGLE,2.0,1.8948055670416202,0.10519443295837982
2022-09-21,SEIGLE,1.0,1.8425281406986793,-0.8425281406986793
2022-09-22,SEIGLE,1.0,1.899337535106996,-0.8993375351069961
2022-09-23,SEIGLE,2.0,2.36191547132139,-0.3619154713213901
2022-09-24,SEIGLE,2.0,2.455165904071481,-0.45516590407148083
2022-09-25,SEIGLE,2.0,2.428180281341597,-0.4281802813415969
2022-09-26,SEIGLE,1.0,1.906687675801989,-0.9066876758019891
2022-09-27,SEIGLE,2.0,1.891882228299759,0.10811777170024106
2022-09-30,SEIGLE,2.0,2.3582690563163746,-0.3582690563163746
2022-01-04,SPECIAL BREAD,2.0,6.193010561739865,-4.193010561739865
2022-01-06,SPECIAL BREAD,7.0,5.932540873134696,1.0674591268653044
2022-01-07,SPECIAL BREAD,4.0,6.484210888372302,-2.484210888372302
2022-01-08,SPECIAL BREAD,4.0,7.776493737629429,-3.776493737629429
2022-01-09,SPECIAL BREAD,5.0,9.701932175717785,-4.7019321757177845
2022-01-10,SPECIAL BREAD,4.0,6.207910747864836,-2.207910747864836
2022-01-11,SPECIAL BREAD,9.0,6.157707605266656,2.8422923947333443
2022-01-13,SPECIAL BREAD,2.0,5.898667541980797,-3.898667541980797
2022-01-14,SPECIAL BREAD,4.0,6.4471574350893235,-2.4471574350893235
2022-01-15,SPECIAL BREAD,5.0,7.732019341138475,-2.732019341138475
2022-01-16,SPECIAL BREAD,6.0,9.646400671225583,-3.6464006712255834
2022-01-17,SPECIAL BREAD,13.0,6.172349095764306,6.827650904235694
2022-01-18,SPECIAL BREAD,6.0,6.122404648793416,-0.12240464879341584
2022-01-20,SPECIAL BREAD,6.0,5.864794210826918,0.13520578917308157
2022-01-21,SPECIAL BREAD,4.0,6.410103981803163,-2.4101039818031627
2022-01-22,SPECIAL BREAD,6.0,7.687544944650456,-1.6875449446504556
2022-01-23,SPECIAL BREAD,9.0,9.590869166735262,-0.5908691667352617
2022-01-24,SPECIAL BREAD,8.0,6.136787443674528,1.8632125563254718
2022-01-25,SPECIAL BREAD,8.0,6.087101692313751,1.9128983076862491
2022-01-27,SPECIAL BREAD,4.0,5.830920879677965,-1.830920879677965
2022-01-28,SPECIAL BREAD,6.0,6.37305052852138,-0.37305052852137965
2022-01-29,SPECIAL BREAD,9.0,7.643070548162387,1.3569294518376127
2022-01-30,SPECIAL BREAD,8.0,9.535337662247445,-1.5353376622474446
2022-01-31,SPECIAL BREAD,4.0,6.10122579157397,-2.1012257915739703
2022-02-01,SPECIAL BREAD,4.0,6.051798735840492,-2.0517987358404923
2022-02-03,SPECIAL BREAD,5.0,5.477590083691349,-0.47759008369134914
2022-02-04,SPECIAL BREAD,4.0,5.9151026058822715,-1.9151026058822715
2022-02-05,SPECIAL BREAD,7.0,7.109905549659833,-0.10990554965983268
2022-02-06,SPECIAL BREAD,8.0,8.825033878716056,-0.8250338787160558
2022-02-07,SPECIAL BREAD,5.0,5.844349415572915,-0.844349415572915
2022-02-08,SPECIAL BREAD,8.0,5.681424285864394,2.318575714135606
2022-02-10,SPECIAL BREAD,6.0,5.428386173838656,0.5716138261613439
2022-02-11,SPECIAL BREAD,3.0,5.861900351511656,-2.8619003515116557
2022-02-12,SPECIAL BREAD,10.0,7.045874596234376,2.954125403765624
2022-02-13,SPECIAL BREAD,14.0,8.745454302596231,5.254545697403769
2022-02-14,SPECIAL BREAD,7.0,5.791580127225665,1.2084198727743347
2022-02-15,SPECIAL BREAD,10.0,5.63005981318507,4.36994018681493
2022-02-17,SPECIAL BREAD,10.0,5.379182263975608,4.620817736024392
2022-02-18,SPECIAL BREAD,9.0,5.808698097137468,3.1913019028625316
2022-02-19,SPECIAL BREAD,13.0,6.981843642806517,6.018156357193483
2022-02-20,SPECIAL BREAD,9.0,8.665874726476428,0.334125273523572
2022-02-21,SPECIAL BREAD,8.0,5.738810838877335,2.2611891611226653
2022-02-22,SPECIAL BREAD,13.0,5.57869534050581,7.42130465949419
2022-02-24,SPECIAL BREAD,9.0,5.3299783541206605,3.6700216458793395
2022-02-25,SPECIAL BREAD,9.0,5.755495842766824,3.244504157233176
2022-02-26,SPECIAL BREAD,14.0,6.917812689370728,7.082187310629272
2022-02-27,SPECIAL BREAD,10.0,8.5862951503622,1.4137048496377993
2022-02-28,SPECIAL BREAD,10.0,5.686041550531241,4.313958449468759
2022-03-01,SPECIAL BREAD,10.0,5.5273308678292095,4.4726691321707905
2022-03-02,SPECIAL BREAD,5.0,5.3362239371262135,-0.33622393712621346
2022-03-03,SPECIAL BREAD,5.0,5.280774444263847,-0.2807744442638471
2022-03-04,SPECIAL BREAD,10.0,5.702293588392673,4.297706411607327
2022-03-05,SPECIAL BREAD,9.0,8.24691121613957,0.7530887838604308
2022-03-06,SPECIAL BREAD,15.0,10.042692530467585,4.957307469532415
2022-03-07,SPECIAL BREAD,9.0,6.691374932148462,2.308625067851538
2022-03-08,SPECIAL BREAD,4.0,6.6909176170576865,-2.6909176170576865
2022-03-09,SPECIAL BREAD,3.0,6.328947722164228,-3.3289477221642283
2022-03-10,SPECIAL BREAD,4.0,6.265003489495364,-2.2650034894953643
2022-03-12,SPECIAL BREAD,3.0,8.250884255221285,-5.250884255221285
2022-03-13,SPECIAL BREAD,7.0,10.047530373747438,-3.0475303737474384
2022-03-14,SPECIAL BREAD,7.0,6.694598131068523,0.3054018689314768
2022-03-15,SPECIAL BREAD,5.0,6.694140373916842,-1.6941403739168424
2022-03-16,SPECIAL BREAD,2.0,6.3319959223470725,-4.3319959223470725
2022-03-17,SPECIAL BREAD,4.0,6.268020684729807,-2.268020684729807
2022-03-18,SPECIAL BREAD,5.0,6.753312913283858,-1.7533129132838576
2022-03-19,SPECIAL BREAD,5.0,8.25485729429999,-3.25485729429999
2022-03-20,SPECIAL BREAD,8.0,10.052368217027292,-2.0523682170272917
2022-03-21,SPECIAL BREAD,6.0,6.697821329979417,-0.6978213299794174
2022-03-22,SPECIAL BREAD,6.0,6.697363130770444,-0.6973631307704444
2022-03-23,SPECIAL BREAD,2.0,6.335044122529918,-4.335044122529918
2022-03-24,SPECIAL BREAD,3.0,6.271037879968896,-3.2710378799688957
2022-03-25,SPECIAL BREAD,6.0,6.7565634868637625,-0.7565634868637625
2022-03-26,SPECIAL BREAD,8.0,8.258830333369707,-0.2588303333697066
2022-03-27,SPECIAL BREAD,10.0,10.057206060308324,-0.057206060308324425
2022-03-28,SPECIAL BREAD,6.0,6.701044528890311,-0.7010445288903107
2022-03-29,SPECIAL BREAD,7.0,6.700585887629601,0.29941411237039883
2022-03-30,SPECIAL BREAD,4.0,6.33809232271186,-2.3380923227118604
2022-03-31,SPECIAL BREAD,5.0,6.274055075207986,-1.2740550752079862
2022-04-01,SPECIAL BREAD,6.0,6.759814060449721,-0.7598140604497212
2022-04-02,SPECIAL BREAD,8.0,8.262803372445392,-0.26280337244539176
2022-04-03,SPECIAL BREAD,7.0,10.062043903589359,-3.062043903589359
2022-04-04,SPECIAL BREAD,3.0,6.068020043579959,-3.068020043579959
2022-04-05,SPECIAL BREAD,6.0,6.002166764332597,-0.002166764332597104
2022-04-07,SPECIAL BREAD,3.0,5.5606978499219455,-2.5606978499219455
2022-04-08,SPECIAL BREAD,4.0,6.065830025322512,-2.065830025322512
2022-04-09,SPECIAL BREAD,6.0,7.3656874884934345,-1.3656874884934345
2022-04-10,SPECIAL BREAD,8.0,9.058628605924074,-1.0586286059240742
2022-04-11,SPECIAL BREAD,8.0,6.03521132583943,1.9647886741605696
2022-04-12,SPECIAL BREAD,7.0,5.969689017774768,1.0303109822252319
2022-04-13,SPECIAL BREAD,5.0,5.392466028989706,-0.3924660289897064
2022-04-14,SPECIAL BREAD,11.0,5.530562303705601,5.469437696294399
2022-04-15,SPECIAL BREAD,10.0,6.03293150490152,3.96706849509848
2022-04-16,SPECIAL BREAD,17.0,7.325708109933455,9.674291890066545
2022-04-17,SPECIAL BREAD,12.0,9.009422149955654,2.990577850044346
2022-04-18,SPECIAL BREAD,15.0,11.946408086753037,3.0535919132469633
2022-04-19,SPECIAL BREAD,10.0,5.937211271216946,4.062788728783054
2022-04-20,SPECIAL BREAD,8.0,5.36310581165523,2.63689418834477
2022-04-21,SPECIAL BREAD,10.0,5.5004267574908,4.4995732425092
2022-04-22,SPECIAL BREAD,9.0,6.000032984483405,2.999967015516595
2022-04-23,SPECIAL BREAD,8.0,7.285728731376505,0.7142712686234951
2022-04-24,SPECIAL BREAD,10.0,8.960215693989936,1.0397843060100644
2022-04-25,SPECIAL BREAD,8.0,5.969593890359684,2.0304061096403156
2022-04-26,SPECIAL BREAD,8.0,5.904733524659787,2.095266475340213
2022-04-27,SPECIAL BREAD,8.0,5.333745594324594,2.6662544056754056
2022-04-28,SPECIAL BREAD,9.0,5.470291211278876,3.5297087887211243
2022-04-29,SPECIAL BREAD,6.0,5.967134464062446,0.032865535937554036
2022-04-30,SPECIAL BREAD,10.0,7.245749352816493,2.7542506471835067
2022-05-01,SPECIAL BREAD,11.0,6.972651486010397,4.027348513989603
2022-05-02,SPECIAL BREAD,8.0,5.936785172628057,2.063214827371943
2022-05-03,SPECIAL BREAD,8.0,5.872255778101976,2.1277442218980243
2022-05-05,SPECIAL BREAD,9.0,6.121615297426334,2.8783847025736664
2022-05-06,SPECIAL BREAD,10.0,6.568348874014681,3.4316511259853186
2022-05-07,SPECIAL BREAD,10.0,8.036384388299826,1.963615611700174
2022-05-08,SPECIAL BREAD,12.0,13.027745100437945,-1.0277451004379454
2022-05-09,SPECIAL BREAD,7.0,6.5220526127437255,0.4779473872562745
2022-05-10,SPECIAL BREAD,8.0,6.525416126413667,1.474583873586333
2022-05-11,SPECIAL BREAD,6.0,5.936805256372784,0.063194743627216
2022-05-12,SPECIAL BREAD,8.0,6.113603538349001,1.8863964616509987
2022-05-13,SPECIAL BREAD,3.0,6.559750837881368,-3.559750837881368
2022-05-14,SPECIAL BREAD,10.0,8.025862711036158,1.974137288963842
2022-05-15,SPECIAL BREAD,10.0,9.765162203640898,0.23483779635910196
2022-05-16,SPECIAL BREAD,8.0,6.513510386666337,1.4864896133336627
2022-05-17,SPECIAL BREAD,8.0,6.516867895560392,1.4831321044396084
2022-05-18,SPECIAL BREAD,8.0,5.929026644263927,2.070973355736073
2022-05-19,SPECIAL BREAD,8.0,6.105591779266959,1.894408220733041
2022-05-20,SPECIAL BREAD,8.0,6.551152801748063,1.4488471982519373
2022-05-21,SPECIAL BREAD,9.0,8.015341033775911,0.9846589662240888
2022-05-22,SPECIAL BREAD,10.0,9.752357956313613,0.24764204368638687
2022-05-23,SPECIAL BREAD,8.0,6.50496816059743,1.4950318394025697
2022-05-24,SPECIAL BREAD,5.0,6.5083196647119985,-1.5083196647119985
2022-05-25,SPECIAL BREAD,10.0,5.9212480321559555,4.0787519678440445
2022-05-26,SPECIAL BREAD,15.0,12.164777985977942,2.835222014022058
2022-05-27,SPECIAL BREAD,20.0,6.542554765619263,13.457445234380737
2022-05-28,SPECIAL BREAD,20.0,8.00481935650882,11.99518064349118
2022-05-29,SPECIAL BREAD,20.0,9.7395537089904,10.2604462910096
2022-05-30,SPECIAL BREAD,8.0,6.496425934520474,1.5035740654795262
2022-05-31,SPECIAL BREAD,8.0,6.499771433863602,1.500228566136398
2022-06-01,SPECIAL BREAD,6.0,5.913469420044027,0.0865305799559728
2022-06-02,SPECIAL BREAD,6.0,6.089568261104754,-0.08956826110475369
2022-06-03,SPECIAL BREAD,8.0,7.5674292399109495,0.4325707600890505
2022-06-04,SPECIAL BREAD,15.0,9.267520563633438,5.732479436366562
2022-06-05,SPECIAL BREAD,16.0,11.106471874563425,4.893528125436575
2022-06-06,SPECIAL BREAD,15.0,11.599424389987044,3.4005756100129556
2022-06-07,SPECIAL BREAD,8.0,7.371785387218749,0.6282146127812513
2022-06-08,SPECIAL BREAD,6.0,6.804061856007185,-0.804061856007185
2022-06-09,SPECIAL BREAD,5.0,6.913311705900175,-1.913311705900175
2022-06-10,SPECIAL BREAD,2.0,7.600651858397134,-5.600651858397134
2022-06-11,SPECIAL BREAD,5.0,9.308181441996384,-4.308181441996384
2022-06-12,SPECIAL BREAD,12.0,11.15517055539056,0.8448294446094398
2022-06-13,SPECIAL BREAD,7.0,7.449844299980857,-0.44984429998085673
2022-06-14,SPECIAL BREAD,6.0,7.404068100312899,-1.404068100312899
2022-06-15,SPECIAL BREAD,7.0,6.833839750374285,0.1661602496257153
2022-06-16,SPECIAL BREAD,7.0,6.943548826287598,0.056451173712401825
2022-06-17,SPECIAL BREAD,5.0,7.633874476873774,-2.633874476873774
2022-06-18,SPECIAL BREAD,7.0,9.348842320355837,-2.3488423203558373
2022-06-19,SPECIAL BREAD,12.0,11.203869236224461,0.7961307637755386
2022-06-20,SPECIAL BREAD,8.0,7.482346848393366,0.517653151606634
2022-06-21,SPECIAL BREAD,8.0,7.4363508134010825,0.5636491865989175
2022-06-22,SPECIAL BREAD,8.0,6.863617644749398,1.1363823552506016
2022-06-23,SPECIAL BREAD,4.0,6.973785946680154,-2.973785946680154
2022-06-24,SPECIAL BREAD,7.0,7.667097095355221,-0.6670970953552207
2022-06-25,SPECIAL BREAD,12.0,9.38950319870932,2.6104968012906795
2022-06-26,SPECIAL BREAD,12.0,11.252567917051591,0.7474320829484089
2022-06-27,SPECIAL BREAD,8.0,7.514849396805857,0.4851506031941426
2022-06-28,SPECIAL BREAD,6.0,7.4686335264950054,-1.4686335264950054
2022-06-29,SPECIAL BREAD,11.0,6.893395539116475,4.106604460883525
2022-06-30,SPECIAL BREAD,10.0,7.004023067069497,2.9959769329305033
2022-07-01,SPECIAL BREAD,9.0,14.96220251445259,-5.96220251445259
2022-07-02,SPECIAL BREAD,11.0,16.696522735654554,-5.696522735654554
2022-07-03,SPECIAL BREAD,15.0,17.583105966000762,-2.583105966000762
2022-07-04,SPECIAL BREAD,10.0,13.84358474345452,-3.843584743454519
2022-07-05,SPECIAL BREAD,7.0,13.803023942227838,-6.8030239422278385
2022-07-06,SPECIAL BREAD,7.0,13.380302881318489,-6.380302881318489
2022-07-07,SPECIAL BREAD,7.0,13.35875275508157,-6.35875275508157
2022-07-08,SPECIAL BREAD,10.0,13.873126397585928,-3.873126397585928
2022-07-09,SPECIAL BREAD,10.0,15.67974828014546,-5.679748280145461
2022-07-10,SPECIAL BREAD,21.0,17.63083847458145,3.3691615254185514
2022-07-11,SPECIAL BREAD,12.0,13.881151079391215,-1.8811510793912145
2022-07-12,SPECIAL BREAD,13.0,13.84046569652683,-0.8404656965268291
2022-07-13,SPECIAL BREAD,14.0,13.416583913237703,0.5834160867622966
2022-07-14,SPECIAL BREAD,20.0,17.881057733589785,2.1189422664102153
2022-07-15,SPECIAL BREAD,20.0,13.910714612607881,6.089285387392119
2022-07-16,SPECIAL BREAD,22.0,15.72221496700397,6.2777850329960305
2022-07-17,SPECIAL BREAD,17.0,17.678570983162125,-0.6785709831621247
2022-07-18,SPECIAL BREAD,15.0,13.918717415316728,1.0812825846832723
2022-07-19,SPECIAL BREAD,9.0,13.877907450825521,-4.877907450825521
2022-07-20,SPECIAL BREAD,15.0,13.452864945148184,1.5471350548518163
2022-07-21,SPECIAL BREAD,9.0,13.431169899912,-4.431169899912
2022-07-22,SPECIAL BREAD,12.0,13.948302827627526,-1.9483028276275256
2022-07-23,SPECIAL BREAD,15.0,15.764681653876124,-0.7646816538761243
2022-07-24,SPECIAL BREAD,13.0,17.726303491745785,-4.726303491745785
2022-07-25,SPECIAL BREAD,14.0,13.956283751243731,0.04371624875626878
2022-07-26,SPECIAL BREAD,15.0,13.915349205124505,1.084650794875495
2022-07-27,SPECIAL BREAD,7.0,13.489145977062043,-6.4891459770620425
2022-07-28,SPECIAL BREAD,9.0,13.467378472332262,-4.467378472332262
2022-07-29,SPECIAL BREAD,15.0,13.985891042649447,1.0141089573505528
2022-07-30,SPECIAL BREAD,15.0,15.807148340744844,-0.8071483407448437
2022-07-31,SPECIAL BREAD,18.0,17.774036000326443,0.22596399967355651
2022-08-01,SPECIAL BREAD,15.0,13.993850087169223,1.006149912830777
2022-08-02,SPECIAL BREAD,14.0,12.71506433344302,1.2849356665569793
2022-08-03,SPECIAL BREAD,15.0,12.209270227536981,2.7907297724630187
2022-08-04,SPECIAL BREAD,15.0,12.225200133009357,2.7747998669906426
2022-08-05,SPECIAL BREAD,11.0,12.932472436777573,-1.932472436777573
2022-08-06,SPECIAL BREAD,16.0,14.63015044811128,1.36984955188872
2022-08-07,SPECIAL BREAD,18.0,16.462781086657316,1.5372189133426843
2022-08-08,SPECIAL BREAD,15.0,12.883196880654092,2.1168031193459083
2022-08-09,SPECIAL BREAD,14.0,12.723279802609989,1.276720197390011
2022-08-10,SPECIAL BREAD,16.0,12.217158164465756,3.782841835534244
2022-08-11,SPECIAL BREAD,17.0,12.233097632740183,4.766902367259817
2022-08-12,SPECIAL BREAD,15.0,12.94082606466415,2.059173935335849
2022-08-13,SPECIAL BREAD,17.0,14.639599805678644,2.3604001943213557
2022-08-14,SPECIAL BREAD,19.0,16.473413127200555,2.526586872799445
2022-08-15,SPECIAL BREAD,15.0,14.353885124695067,0.6461148753049333
2022-08-16,SPECIAL BREAD,14.0,12.731495271771276,1.2685047282287236
2022-08-17,SPECIAL BREAD,16.0,12.22504610139453,3.774953898605469
2022-08-18,SPECIAL BREAD,12.0,12.240995132468147,-0.24099513246814652
2022-08-19,SPECIAL BREAD,16.0,12.949179692562245,3.050820307437755
2022-08-20,SPECIAL BREAD,14.0,14.649049163249162,-0.6490491632491615
2022-08-21,SPECIAL BREAD,14.0,16.484045167745055,-2.4840451677450552
2022-08-22,SPECIAL BREAD,11.0,12.89983587193357,-1.8998358719335702
2022-08-23,SPECIAL BREAD,10.0,12.739710740938627,-2.7397107409386265
2022-08-24,SPECIAL BREAD,10.0,12.232934038323313,-2.2329340383233127
2022-08-25,SPECIAL BREAD,12.0,12.248892632198979,-0.24889263219897906
2022-08-26,SPECIAL BREAD,7.0,12.957533320455923,-5.957533320455923
2022-08-27,SPECIAL BREAD,8.0,14.658498520813376,-6.658498520813376
2022-08-28,SPECIAL BREAD,12.0,16.494677208289556,-4.494677208289556
2022-08-29,SPECIAL BREAD,8.0,12.908155367569154,-4.9081553675691545
2022-08-30,SPECIAL BREAD,8.0,12.747926210102753,-4.747926210102753
2022-08-31,SPECIAL BREAD,3.0,12.240821975247838,-9.240821975247838
2022-09-02,SPECIAL BREAD,7.0,7.020717310993159,-0.020717310993158655
2022-09-03,SPECIAL BREAD,8.0,8.672228037950797,-0.6722280379507968
2022-09-04,SPECIAL BREAD,8.0,10.467542612041775,-2.4675426120417754
2022-09-05,SPECIAL BREAD,8.0,6.973649382775045,1.0263506172249546
2022-09-06,SPECIAL BREAD,4.0,6.803556562638314,-2.803556562638314
2022-09-07,SPECIAL BREAD,5.0,6.361653608373419,-1.3616536083734188
2022-09-08,SPECIAL BREAD,4.0,6.457871214850383,-2.4578712148503827
2022-09-09,SPECIAL BREAD,6.0,7.019779905145256,-1.0197799051452563
2022-09-10,SPECIAL BREAD,18.0,8.671070100373775,9.328929899626225
2022-09-11,SPECIAL BREAD,12.0,10.466144932909378,1.533855067090622
2022-09-12,SPECIAL BREAD,10.0,6.972718208142148,3.0272817918578516
2022-09-13,SPECIAL BREAD,4.0,6.802648082764682,-2.802648082764682
2022-09-14,SPECIAL BREAD,7.0,6.360804119653497,0.6391958803465032
2022-09-15,SPECIAL BREAD,6.0,6.457008861486967,-0.4570088614869672
2022-09-16,SPECIAL BREAD,7.0,7.018842499288692,-0.018842499288692416
2022-09-17,SPECIAL BREAD,11.0,8.669912162799918,2.3300878372000824
2022-09-18,SPECIAL BREAD,12.0,10.46474725378447,1.53525274621553
2022-09-20,SPECIAL BREAD,8.0,6.801739602885817,1.1982603971141828
2022-09-21,SPECIAL BREAD,10.0,6.359954630938732,3.6400453690612684
2022-09-22,SPECIAL BREAD,7.0,6.456146508128188,0.5438534918718121
2022-09-23,SPECIAL BREAD,8.0,7.017905093436458,0.9820949065635416
2022-09-24,SPECIAL BREAD,8.0,8.668754225226062,-0.6687542252260616
2022-09-25,SPECIAL BREAD,12.0,10.463349574652074,1.5366504253479256
2022-09-26,SPECIAL BREAD,7.0,6.970855858886354,0.029144141113645716
2022-09-27,SPECIAL BREAD,8.0,6.800831123012184,1.199168876987816
2022-09-28,SPECIAL BREAD,10.0,6.359105142219941,3.640894857780059
2022-09-29,SPECIAL BREAD,7.0,6.45528415476477,0.5447158452352303
2022-09-30,SPECIAL BREAD,10.0,7.016967687577684,2.983032312422316
2022-01-04,TRADITIONAL BAGUETTE,27.0,99.40546017705393,-72.40546017705393
2022-01-06,TRADITIONAL BAGUETTE,78.0,99.93081969314855,-21.93081969314855
2022-01-07,TRADITIONAL BAGUETTE,88.0,103.90577430356535,-15.905774303565352
2022-01-08,TRADITIONAL BAGUETTE,84.0,155.9568985193998,-71.9568985193998
2022-01-09,TRADITIONAL BAGUETTE,170.0,194.2601708293784,-24.26017082937841
2022-01-10,TRADITIONAL BAGUETTE,86.0,108.24572282648936,-22.245722826489356
2022-01-11,TRADITIONAL BAGUETTE,72.0,97.45426418646583,-25.454264186465835
2022-01-13,TRADITIONAL BAGUETTE,68.0,97.9582490509145,-29.958249050914503
2022-01-14,TRADITIONAL BAGUETTE,85.0,101.84894050876366,-16.84894050876366
2022-01-15,TRADITIONAL BAGUETTE,103.0,152.86094822064467,-49.86094822064467
2022-01-16,TRADITIONAL BAGUETTE,132.0,190.39288276157376,-58.39288276157376
2022-01-17,TRADITIONAL BAGUETTE,93.0,106.08464513111,-13.084645131109994
2022-01-18,TRADITIONAL BAGUETTE,74.0,95.50306819587605,-21.503068195876054
2022-01-20,TRADITIONAL BAGUETTE,82.0,95.9856784086819,-13.985678408681906
2022-01-21,TRADITIONAL BAGUETTE,80.0,99.79210671397537,-19.79210671397537
2022-01-22,TRADITIONAL BAGUETTE,128.0,149.76499792193854,-21.764997921938544
2022-01-23,TRADITIONAL BAGUETTE,132.0,186.52559469381248,-54.52559469381248
2022-01-24,TRADITIONAL BAGUETTE,85.0,103.92356743600752,-18.923567436007517
2022-01-25,TRADITIONAL BAGUETTE,81.0,93.55187220519728,-12.551872205197284
2022-01-27,TRADITIONAL BAGUETTE,101.0,94.01310776652538,6.98689223347462
2022-01-28,TRADITIONAL BAGUETTE,62.0,97.73527291925701,-35.735272919257014
2022-01-29,TRADITIONAL BAGUETTE,94.0,146.66904762322883,-52.669047623228835
2022-01-30,TRADITIONAL BAGUETTE,150.0,182.6583066261429,-32.65830662614289
2022-01-31,TRADITIONAL BAGUETTE,84.0,101.76248974062612,-17.762489740626123
2022-02-01,TRADITIONAL BAGUETTE,96.0,91.60067621460593,4.399323785394074
2022-02-03,TRADITIONAL BAGUETTE,81.0,79.68732662486262,1.3126733751373791
2022-02-04,TRADITIONAL BAGUETTE,79.0,81.25072943820562,-2.2507294382056244
2022-02-05,TRADITIONAL BAGUETTE,101.0,122.28095567039851,-21.280955670398512
2022-02-06,TRADITIONAL BAGUETTE,162.0,152.72373974851945,9.27626025148055
2022-02-07,TRADITIONAL BAGUETTE,101.0,86.08846552575781,14.911534474242188
2022-02-08,TRADITIONAL BAGUETTE,85.0,75.42741402386108,9.572585976138924
2022-02-10,TRADITIONAL BAGUETTE,95.0,76.87766132387023,18.122338676129772
2022-02-11,TRADITIONAL BAGUETTE,85.0,78.37143787283472,6.6285621271652815
2022-02-12,TRADITIONAL BAGUETTE,156.0,117.92562256249754,38.07437743750246
2022-02-13,TRADITIONAL BAGUETTE,193.0,147.2562934953428,45.74370650465721
2022-02-14,TRADITIONAL BAGUETTE,126.0,82.99069161074955,43.00930838925045
2022-02-15,TRADITIONAL BAGUETTE,142.0,72.69923901923006,69.30076098076994
2022-02-17,TRADITIONAL BAGUETTE,156.0,74.06799602268568,81.93200397731432
2022-02-18,TRADITIONAL BAGUETTE,153.0,75.4921463074103,77.5078536925897
2022-02-19,TRADITIONAL BAGUETTE,178.0,113.57028945455464,64.42971054544536
2022-02-20,TRADITIONAL BAGUETTE,278.0,141.78884724216837,136.21115275783163
2022-02-21,TRADITIONAL BAGUETTE,112.0,79.8929176957355,32.107082304264495
2022-02-22,TRADITIONAL BAGUETTE,132.0,69.97106401462732,62.028935985372684
2022-02-24,TRADITIONAL BAGUETTE,154.0,71.2583307216135,82.7416692783865
2022-02-25,TRADITIONAL BAGUETTE,143.0,72.61285474203643,70.38714525796357
2022-02-26,TRADITIONAL BAGUETTE,202.0,109.21495634641803,92.78504365358197
2022-02-27,TRADITIONAL BAGUETTE,274.0,136.32140098913501,137.67859901086499
2022-02-28,TRADITIONAL BAGUETTE,154.0,76.79514378074113,77.20485621925887
2022-03-01,TRADITIONAL BAGUETTE,148.0,67.24288901005424,80.75711098994576
2022-03-02,TRADITIONAL BAGUETTE,119.0,72.29340548034415,46.70659451965585
2022-03-03,TRADITIONAL BAGUETTE,122.0,68.44866542055641,53.55133457944359
2022-03-04,TRADITIONAL BAGUETTE,141.0,69.73356317661302,71.26643682338698
2022-03-05,TRADITIONAL BAGUETTE,199.0,138.7336289818493,60.26637101815069
2022-03-06,TRADITIONAL BAGUETTE,251.0,174.8289438405733,76.17105615942671
2022-03-07,TRADITIONAL BAGUETTE,141.0,98.68894210473843,42.31105789526157
2022-03-08,TRADITIONAL BAGUETTE,72.0,87.3504105935566,-15.350410593556603
2022-03-09,TRADITIONAL BAGUETTE,56.0,95.4208640290313,-39.42086402903131
2022-03-10,TRADITIONAL BAGUETTE,66.0,89.5363964769236,-23.5363964769236
2022-03-11,TRADITIONAL BAGUETTE,77.0,91.58692576868592,-14.586925768685916
2022-03-12,TRADITIONAL BAGUETTE,96.0,136.14622476436193,-40.14622476436193
2022-03-13,TRADITIONAL BAGUETTE,180.0,171.55964584920335,8.44035415079665
2022-03-14,TRADITIONAL BAGUETTE,87.0,96.83851745460517,-9.838517454605167
2022-03-15,TRADITIONAL BAGUETTE,74.0,85.70818537756186,-11.708185377561861
2022-03-16,TRADITIONAL BAGUETTE,50.0,93.62207969293615,-43.622079692936154
2022-03-17,TRADITIONAL BAGUETTE,66.0,87.84398290166997,-21.843982901669975
2022-03-18,TRADITIONAL BAGUETTE,77.0,89.8510658580999,-12.8510658580999
2022-03-19,TRADITIONAL BAGUETTE,130.0,133.5588205468299,-3.5588205468299066
2022-03-20,TRADITIONAL BAGUETTE,222.0,168.2903478578346,53.709652142165396
2022-03-21,TRADITIONAL BAGUETTE,94.0,94.98809280422506,-0.9880928042250616
2022-03-22,TRADITIONAL BAGUETTE,86.0,84.06596016148477,1.9340398385152326
2022-03-23,TRADITIONAL BAGUETTE,76.0,91.82329535684012,-15.82329535684012
2022-03-24,TRADITIONAL BAGUETTE,72.0,86.15156932648286,-14.151569326482857
2022-03-25,TRADITIONAL BAGUETTE,82.0,88.11520594744884,-6.1152059474488425
2022-03-26,TRADITIONAL BAGUETTE,166.0,130.97141632906596,35.02858367093404
2022-03-27,TRADITIONAL BAGUETTE,166.0,165.0210498664822,0.9789501335177988
2022-03-28,TRADITIONAL BAGUETTE,113.0,93.13766815384659,19.86233184615341
2022-03-29,TRADITIONAL BAGUETTE,100.0,82.42373494548869,17.57626505451131
2022-03-30,TRADITIONAL BAGUETTE,68.0,90.02451102069669,-22.024511020696693
2022-03-31,TRADITIONAL BAGUETTE,82.0,84.4591557512944,-2.4591557512944036
2022-04-01,TRADITIONAL BAGUETTE,79.0,86.37934603692369,-7.3793460369236925
2022-04-02,TRADITIONAL BAGUETTE,107.0,128.38401211149582,-21.38401211149582
2022-04-03,TRADITIONAL BAGUETTE,189.0,161.75175187513042,27.248248124869576
2022-04-04,TRADITIONAL BAGUETTE,93.0,92.68187891246025,0.3181210875397511
2022-04-05,TRADITIONAL BAGUETTE,82.0,82.87183077080603,-0.871830770806028
2022-04-06,TRADITIONAL BAGUETTE,70.0,88.39976698309044,-18.399766983090444
2022-04-07,TRADITIONAL BAGUETTE,87.0,83.58474076621773,3.4152592337822654
2022-04-08,TRADITIONAL BAGUETTE,63.0,86.72069125307792,-23.720691253077916
2022-04-09,TRADITIONAL BAGUETTE,119.0,129.55647770325623,-10.556477703256235
2022-04-10,TRADITIONAL BAGUETTE,181.0,164.53487270263275,16.465127297367246
2022-04-11,TRADITIONAL BAGUETTE,137.0,91.00433847736237,45.99566152263763
2022-04-12,TRADITIONAL BAGUETTE,107.0,81.36796347308741,25.632036526912586
2022-04-13,TRADITIONAL BAGUETTE,100.0,86.79141523296921,13.208584767030786
2022-04-14,TRADITIONAL BAGUETTE,103.0,82.06003099676056,20.93996900323944
2022-04-15,TRADITIONAL BAGUETTE,136.0,85.13464396834826,50.86535603165174
2022-04-16,TRADITIONAL BAGUETTE,307.0,127.18079348172851,179.81920651827147
2022-04-17,TRADITIONAL BAGUETTE,279.0,161.5098634863988,117.49013651360119
2022-04-18,TRADITIONAL BAGUETTE,376.0,149.75562995548978,226.24437004451022
2022-04-19,TRADITIONAL BAGUETTE,138.0,79.86409617536891,58.135903824631086
2022-04-20,TRADITIONAL BAGUETTE,162.0,85.18306348272323,76.81693651727677
2022-04-21,TRADITIONAL BAGUETTE,234.0,80.53532122738635,153.46467877261364
2022-04-22,TRADITIONAL BAGUETTE,155.0,83.54859668361932,71.45140331638068
2022-04-23,TRADITIONAL BAGUETTE,135.0,124.80510926024368,10.194890739756318
2022-04-24,TRADITIONAL BAGUETTE,204.0,158.48485427020032,45.515145729799684
2022-04-25,TRADITIONAL BAGUETTE,162.0,87.64925760719852,74.35074239280148
2022-04-26,TRADITIONAL BAGUETTE,109.0,78.36022887762124,30.63977112237876
2022-04-27,TRADITIONAL BAGUETTE,136.0,83.57471173253838,52.425288267461625
2022-04-28,TRADITIONAL BAGUETTE,126.0,79.010611457997,46.989388542003
2022-04-29,TRADITIONAL BAGUETTE,116.0,81.96254939889158,34.03745060110842
2022-04-30,TRADITIONAL BAGUETTE,276.0,122.42942503871285,153.57057496128715
2022-05-01,TRADITIONAL BAGUETTE,311.0,165.15799448407887,145.84200551592113
2022-05-02,TRADITIONAL BAGUETTE,212.0,85.97171717234082,126.02828282765918
2022-05-03,TRADITIONAL BAGUETTE,158.0,76.85636157990362,81.14363842009638
2022-05-05,TRADITIONAL BAGUETTE,152.0,112.78717205213007,39.212827947869926
2022-05-06,TRADITIONAL BAGUETTE,137.0,115.30558127905616,21.694418720943844
2022-05-07,TRADITIONAL BAGUETTE,191.0,173.89763929786042,17.102360702139578
2022-05-08,TRADITIONAL BAGUETTE,251.0,235.43675317431314,15.56324682568686
2022-05-09,TRADITIONAL BAGUETTE,157.0,124.82733547828744,32.17266452171256
2022-05-10,TRADITIONAL BAGUETTE,121.0,110.47916863384806,10.520831366151938
2022-05-11,TRADITIONAL BAGUETTE,96.0,116.84261708955334,-20.842617089553343
2022-05-12,TRADITIONAL BAGUETTE,91.0,113.63748753623682,-22.63748753623682
2022-05-13,TRADITIONAL BAGUETTE,90.0,116.17394809502575,-26.17394809502575
2022-05-14,TRADITIONAL BAGUETTE,175.0,175.20585569374413,-0.2058556937441267
2022-05-15,TRADITIONAL BAGUETTE,264.0,222.72352566517162,41.27647433482838
2022-05-16,TRADITIONAL BAGUETTE,134.0,125.76438626499946,8.235613735000541
2022-05-17,TRADITIONAL BAGUETTE,102.0,111.30762252181741,-9.307622521817407
2022-05-18,TRADITIONAL BAGUETTE,85.0,117.71785119173414,-32.71785119173414
2022-05-19,TRADITIONAL BAGUETTE,97.0,114.4878030202525,-17.4878030202525
2022-05-20,TRADITIONAL BAGUETTE,121.0,117.04231491099478,3.957685089005224
2022-05-21,TRADITIONAL BAGUETTE,155.0,176.5140720896931,-21.514072089693087
2022-05-22,TRADITIONAL BAGUETTE,222.0,224.38477208723748,-2.3847720872374794
2022-05-23,TRADITIONAL BAGUETTE,115.0,126.70143705202264,-11.70143705202264
2022-05-24,TRADITIONAL BAGUETTE,130.0,112.13607640988624,17.863923590113757
2022-05-25,TRADITIONAL BAGUETTE,197.0,118.59308529397795,78.40691470602205
2022-05-26,TRADITIONAL BAGUETTE,393.0,282.085849028695,110.91415097130499
2022-05-27,TRADITIONAL BAGUETTE,340.0,117.9106817270508,222.08931827294919
2022-05-28,TRADITIONAL BAGUETTE,445.0,177.82228848551335,267.17771151448665
2022-05-29,TRADITIONAL BAGUETTE,475.0,226.04601850945096,248.95398149054904
2022-05-30,TRADITIONAL BAGUETTE,159.0,127.63848783874674,31.36151216125326
2022-05-31,TRADITIONAL BAGUETTE,113.0,112.9645302979558,0.03546970204419608
2022-06-01,TRADITIONAL BAGUETTE,119.0,119.46831939614249,-0.4683193961424905
2022-06-02,TRADITIONAL BAGUETTE,113.0,116.18843398839361,-3.188433988393612
2022-06-03,TRADITIONAL BAGUETTE,142.0,137.83764558259924,4.162354417400763
2022-06-04,TRADITIONAL BAGUETTE,195.0,207.03791981625054,-12.037919816250536
2022-06-05,TRADITIONAL BAGUETTE,372.0,262.3998656261265,109.60013437387352
2022-06-06,TRADITIONAL BAGUETTE,335.0,300.7145941241712,34.285405875828815
2022-06-07,TRADITIONAL BAGUETTE,110.0,129.3958896351154,-19.395889635115395
2022-06-08,TRADITIONAL BAGUETTE,93.0,137.35508396106053,-44.35508396106053
2022-06-09,TRADITIONAL BAGUETTE,126.0,131.74156759456326,-5.741567594563264
2022-06-10,TRADITIONAL BAGUETTE,117.0,139.81054772290867,-22.810547722908666
2022-06-11,TRADITIONAL BAGUETTE,218.0,209.99525450394765,8.004745496052351
2022-06-12,TRADITIONAL BAGUETTE,244.0,266.14035893874455,-22.140358938744555
2022-06-13,TRADITIONAL BAGUETTE,119.0,149.05944193632791,-30.059441936327914
2022-06-14,TRADITIONAL BAGUETTE,130.0,131.23293777020857,-1.232937770208565
2022-06-15,TRADITIONAL BAGUETTE,136.0,139.30118268371362,-3.30118268371362
2022-06-16,TRADITIONAL BAGUETTE,115.0,133.60436150114265,-18.604361501142648
2022-06-17,TRADITIONAL BAGUETTE,120.0,141.78344986301926,-21.783449863019257
2022-06-18,TRADITIONAL BAGUETTE,221.0,212.952589191576,8.04741080842399
2022-06-19,TRADITIONAL BAGUETTE,282.0,269.8808522515751,12.119147748424894
2022-06-20,TRADITIONAL BAGUETTE,129.0,151.15021325475576,-22.150213254755755
2022-06-21,TRADITIONAL BAGUETTE,123.0,133.06998590520698,-10.069985905206977
2022-06-22,TRADITIONAL BAGUETTE,96.0,141.2472814064931,-45.2472814064931
2022-06-23,TRADITIONAL BAGUETTE,130.0,135.46715540783316,-5.467155407833161
2022-06-24,TRADITIONAL BAGUETTE,145.0,143.75635200323188,1.243647996768118
2022-06-25,TRADITIONAL BAGUETTE,228.0,215.9099238789014,12.090076121098605
2022-06-26,TRADITIONAL BAGUETTE,267.0,273.62134556419306,-6.621345564193064
2022-06-27,TRADITIONAL BAGUETTE,174.0,153.24098457318178,20.759015426818223
2022-06-28,TRADITIONAL BAGUETTE,130.0,134.9070340403393,-4.907034040339312
2022-06-29,TRADITIONAL BAGUETTE,137.0,143.19338012914443,-6.19338012914443
2022-06-30,TRADITIONAL BAGUETTE,148.0,137.3299493145394,10.670050685460609
2022-07-01,TRADITIONAL BAGUETTE,132.0,316.1792626649908,-184.1792626649908
2022-07-02,TRADITIONAL BAGUETTE,203.0,389.64692066233965,-186.64692066233965
2022-07-03,TRADITIONAL BAGUETTE,311.0,405.767937085307,-94.76793708530698
2022-07-04,TRADITIONAL BAGUETTE,186.0,292.72715414364524,-106.72715414364524
2022-07-05,TRADITIONAL BAGUETTE,175.0,274.19694167759127,-99.19694167759127
2022-07-06,TRADITIONAL BAGUETTE,189.0,281.75653816489347,-92.75653816489347
2022-07-07,TRADITIONAL BAGUETTE,219.0,278.7182224152888,-59.71822241528878
2022-07-08,TRADITIONAL BAGUETTE,200.0,282.2059356815065,-82.2059356815065
2022-07-09,TRADITIONAL BAGUETTE,345.0,351.52982999974097,-6.529829999740969
2022-07-10,TRADITIONAL BAGUETTE,398.0,409.56846887100534,-11.568468871005336
2022-07-11,TRADITIONAL BAGUETTE,275.0,295.4652518309267,-20.465251830926718
2022-07-12,TRADITIONAL BAGUETTE,244.0,276.75828971937324,-32.75828971937324
2022-07-13,TRADITIONAL BAGUETTE,272.0,284.38499485945835,-12.384994859458345
2022-07-14,TRADITIONAL BAGUETTE,464.0,344.7394105171424,119.2605894828576
2022-07-15,TRADITIONAL BAGUETTE,401.0,284.83158637438686,116.16841362561314
2022-07-16,TRADITIONAL BAGUETTE,511.0,354.79613045197203,156.20386954802797
2022-07-17,TRADITIONAL BAGUETTE,573.0,413.3690006567027,159.63099934329728
2022-07-18,TRADITIONAL BAGUETTE,373.0,298.20334951781166,74.79665048218834
2022-07-19,TRADITIONAL BAGUETTE,293.0,279.3196377611216,13.680362238878388
2022-07-20,TRADITIONAL BAGUETTE,256.0,287.0134515538361,-31.01345155383609
2022-07-21,TRADITIONAL BAGUETTE,308.0,283.9115269289083,24.0884730710917
2022-07-22,TRADITIONAL BAGUETTE,288.0,287.45723706716984,0.5427629328301578
2022-07-23,TRADITIONAL BAGUETTE,383.0,358.06243090464926,24.93756909535074
2022-07-24,TRADITIONAL BAGUETTE,478.0,417.1695324424666,60.83046755753338
2022-07-25,TRADITIONAL BAGUETTE,390.0,300.94144720472593,89.05855279527407
2022-07-26,TRADITIONAL BAGUETTE,321.0,281.880985802903,39.11901419709699
2022-07-27,TRADITIONAL BAGUETTE,272.0,289.6419082482295,-17.641908248229527
2022-07-28,TRADITIONAL BAGUETTE,314.0,286.5081791858276,27.4918208141724
2022-07-29,TRADITIONAL BAGUETTE,290.0,290.0828877600477,-0.08288776004769716
2022-07-30,TRADITIONAL BAGUETTE,410.0,361.3287313572519,48.67126864274809
2022-07-31,TRADITIONAL BAGUETTE,544.0,420.9700642281625,123.02993577183747
2022-08-01,TRADITIONAL BAGUETTE,421.0,303.6795448916081,117.32045510839191
2022-08-02,TRADITIONAL BAGUETTE,346.0,297.7407101752429,48.259289824757104
2022-08-03,TRADITIONAL BAGUETTE,401.0,301.47195245386325,99.52804754613675
2022-08-04,TRADITIONAL BAGUETTE,383.0,303.535926543671,79.464073456329
2022-08-05,TRADITIONAL BAGUETTE,355.0,308.47922696559846,46.52077303440154
2022-08-06,TRADITIONAL BAGUETTE,461.0,387.7067813554667,73.29321864453328
2022-08-07,TRADITIONAL BAGUETTE,613.0,451.79796639912735,161.20203360087265
2022-08-08,TRADITIONAL BAGUETTE,551.0,323.71702878783975,227.28297121216025
2022-08-09,TRADITIONAL BAGUETTE,457.0,301.26743660371926,155.73256339628074
2022-08-10,TRADITIONAL BAGUETTE,478.0,305.03684301010117,172.96315698989883
2022-08-11,TRADITIONAL BAGUETTE,462.0,307.11917039223584,154.88082960776416
2022-08-12,TRADITIONAL BAGUETTE,465.0,312.114695549784,152.88530445021598
2022-08-13,TRADITIONAL BAGUETTE,541.0,392.26827748062533,148.73172251937467
2022-08-14,TRADITIONAL BAGUETTE,707.0,457.1045969431883,249.8954030568117
2022-08-15,TRADITIONAL BAGUETTE,585.0,418.8249359192379,166.17506408076213
2022-08-16,TRADITIONAL BAGUETTE,417.0,304.7941630320732,112.20583696792681
2022-08-17,TRADITIONAL BAGUETTE,414.0,308.6017335663399,105.39826643366013
2022-08-18,TRADITIONAL BAGUETTE,498.0,310.7024142408034,187.29758575919658
2022-08-19,TRADITIONAL BAGUETTE,375.0,315.7501641343155,59.249835865684474
2022-08-20,TRADITIONAL BAGUETTE,452.0,396.82977360587984,55.170226394120164
2022-08-21,TRADITIONAL BAGUETTE,574.0,462.41122748729566,111.58877251270434
2022-08-22,TRADITIONAL BAGUETTE,369.0,331.3087807845291,37.69121921547088
2022-08-23,TRADITIONAL BAGUETTE,280.0,308.32088946052954,-28.320889460529543
2022-08-24,TRADITIONAL BAGUETTE,311.0,312.1666241225796,-1.1666241225796057
2022-08-25,TRADITIONAL BAGUETTE,273.0,314.2856580893716,-41.28565808937162
2022-08-26,TRADITIONAL BAGUETTE,221.0,319.38563271872545,-98.38563271872545
2022-08-27,TRADITIONAL BAGUETTE,289.0,401.3912697309468,-112.39126973094682
2022-08-28,TRADITIONAL BAGUETTE,367.0,467.7178580314023,-100.71785803140227
2022-08-29,TRADITIONAL BAGUETTE,195.0,335.1046567826615,-140.1046567826615
2022-08-30,TRADITIONAL BAGUETTE,183.0,311.8476158889446,-128.84761588894457
2022-08-31,TRADITIONAL BAGUETTE,155.0,315.73151467871406,-160.73151467871406
2022-09-02,TRADITIONAL BAGUETTE,129.0,170.4744298170311,-41.47442981703111
2022-09-03,TRADITIONAL BAGUETTE,214.0,260.83314322049785,-46.833143220497846
2022-09-04,TRADITIONAL BAGUETTE,258.0,336.81743458487347,-78.81743458487347
2022-09-05,TRADITIONAL BAGUETTE,157.0,188.42839459027076,-31.428394590270756
2022-09-06,TRADITIONAL BAGUETTE,105.0,161.21092140987287,-56.21092140987287
2022-09-07,TRADITIONAL BAGUETTE,123.0,166.44971576498983,-43.44971576498983
2022-09-08,TRADITIONAL BAGUETTE,115.0,173.19367864363355,-58.19367864363355
2022-09-09,TRADITIONAL BAGUETTE,134.0,172.9595505458923,-38.95955054589231
2022-09-10,TRADITIONAL BAGUETTE,181.0,264.6275818379897,-83.62758183798968
2022-09-11,TRADITIONAL BAGUETTE,292.0,341.7070838401907,-49.707083840190705
2022-09-12,TRADITIONAL BAGUETTE,160.0,191.15818778418722,-31.15818778418722
2022-09-13,TRADITIONAL BAGUETTE,106.0,163.54158705231077,-57.541587052310774
2022-09-14,TRADITIONAL BAGUETTE,119.0,168.85116018336984,-49.85116018336984
2022-09-15,TRADITIONAL BAGUETTE,122.0,175.68728175260568,-53.687281752605685
2022-09-16,TRADITIONAL BAGUETTE,131.0,175.44467127446867,-44.444671274468675
2022-09-17,TRADITIONAL BAGUETTE,191.0,268.4220204555993,-77.4220204555993
2022-09-18,TRADITIONAL BAGUETTE,246.0,346.5967330958405,-100.59673309584048
2022-09-20,TRADITIONAL BAGUETTE,124.0,165.87225269461578,-41.87225269461578
2022-09-21,TRADITIONAL BAGUETTE,108.0,171.2526046019868,-63.2526046019868
2022-09-22,TRADITIONAL BAGUETTE,101.0,178.18088486172434,-77.18088486172434
2022-09-23,TRADITIONAL BAGUETTE,120.0,177.92979200319076,-57.929792003190755
2022-09-24,TRADITIONAL BAGUETTE,198.0,272.216459073214,-74.21645907321403
2022-09-25,TRADITIONAL BAGUETTE,265.0,351.4863823511576,-86.4863823511576
2022-09-26,TRADITIONAL BAGUETTE,160.0,196.6177741725472,-36.6177741725472
2022-09-27,TRADITIONAL BAGUETTE,136.0,168.202918337055,-32.202918337054996
2022-09-28,TRADITIONAL BAGUETTE,115.0,173.6540490204839,-58.65404902048391
2022-09-29,TRADITIONAL BAGUETTE,148.0,180.67448797069508,-32.67448797069508
2022-09-30,TRADITIONAL BAGUETTE,141.0,180.41491273166085,-39.41491273166085
2022-02-03,CHAUSSON AUX POMMES,2.0,2.8652402620148822,-0.8652402620148822
2022-02-04,CHAUSSON AUX POMMES,1.0,3.037317031880916,-2.037317031880916
2022-02-05,CHAUSSON AUX POMMES,1.0,3.809481726684568,-2.809481726684568
2022-02-07,CHAUSSON AUX POMMES,3.0,2.6325745251781147,0.36742547482188526
2022-02-08,CHAUSSON AUX POMMES,4.0,2.8942896153744684,1.1057103846255316
2022-02-10,CHAUSSON AUX POMMES,3.0,2.8521219563455738,0.14787804365442625
2022-02-11,CHAUSSON AUX POMMES,2.0,3.0234017831141973,-1.0234017831141973
2022-02-13,CHAUSSON AUX POMMES,1.0,3.539549826272743,-2.539549826272743
2022-02-14,CHAUSSON AUX POMMES,1.0,2.620489847101253,-1.6204898471012532
2022-02-15,CHAUSSON AUX POMMES,3.0,2.8809948311953417,0.11900516880465828
2022-02-17,CHAUSSON AUX POMMES,1.0,2.8390036506747998,-1.8390036506747998
2022-02-18,CHAUSSON AUX POMMES,4.0,3.0094865343464927,0.9905134656535073
2022-02-19,CHAUSSON AUX POMMES,3.0,3.7745531351088886,-0.7745531351088886
2022-02-20,CHAUSSON AUX POMMES,5.0,3.5232375482442633,1.4767624517557367
2022-02-21,CHAUSSON AUX POMMES,5.0,2.6084051690251573,2.3915948309748427
2022-02-22,CHAUSSON AUX POMMES,1.0,2.867700047017376,-1.867700047017376
2022-02-24,CHAUSSON AUX POMMES,4.0,2.825885345005306,1.174114654994694
2022-02-25,CHAUSSON AUX POMMES,5.0,2.995571285579764,2.004428714420236
2022-02-26,CHAUSSON AUX POMMES,6.0,3.757088839319213,2.242911160680787
2022-02-27,CHAUSSON AUX POMMES,2.0,3.506925270222094,-1.5069252702220939
2022-02-28,CHAUSSON AUX POMMES,6.0,2.5963204909475426,3.4036795090524574
2022-03-02,CHAUSSON AUX POMMES,3.0,2.7088273609295825,0.29117263907041746
2022-03-03,CHAUSSON AUX POMMES,4.0,2.812767039335354,1.187232960664646
2022-03-05,CHAUSSON AUX POMMES,8.0,3.870259002696947,4.1297409973030526
2022-03-06,CHAUSSON AUX POMMES,4.0,3.6051819904578513,0.39481800954214874
2022-03-07,CHAUSSON AUX POMMES,2.0,2.802281182971795,-0.8022811829717948
2022-03-08,CHAUSSON AUX POMMES,1.0,2.993803183205625,-1.993803183205625
2022-03-09,CHAUSSON AUX POMMES,1.0,2.8224078187074504,-1.8224078187074504
2022-03-10,CHAUSSON AUX POMMES,2.0,2.9490737485192295,-0.9490737485192295
2022-03-11,CHAUSSON AUX POMMES,3.0,3.116573518359827,-0.11657351835982688
2022-03-12,CHAUSSON AUX POMMES,3.0,3.862871462368051,-0.8628714623680511
2022-03-13,CHAUSSON AUX POMMES,4.0,3.5982985514260366,0.4017014485739634
2022-03-14,CHAUSSON AUX POMMES,3.0,2.7969292771583327,0.20307072284166727
2022-03-15,CHAUSSON AUX POMMES,3.0,2.988083940806142,0.011916059193858075
2022-03-17,CHAUSSON AUX POMMES,2.0,2.9434368787504375,-0.9434368787504375
2022-03-18,CHAUSSON AUX POMMES,1.0,3.110614861894641,-2.110614861894641
2022-03-19,CHAUSSON AUX POMMES,6.0,3.8554839220381276,2.1445160779618724
2022-03-22,CHAUSSON AUX POMMES,2.0,2.9823646984075274,-0.9823646984075274
2022-03-24,CHAUSSON AUX POMMES,4.0,2.937800008982116,1.0621999910178839
2022-03-25,CHAUSSON AUX POMMES,3.0,3.104656205427381,-0.10465620542738119
2022-03-26,CHAUSSON AUX POMMES,6.0,3.848096381707053,2.151903618292947
2022-03-27,CHAUSSON AUX POMMES,1.0,3.584531673363433,-2.584531673363433
2022-03-28,CHAUSSON AUX POMMES,1.0,2.7862254655281133,-1.7862254655281133
2022-03-29,CHAUSSON AUX POMMES,3.0,2.9766454560080438,0.023354543991956245
2022-03-30,CHAUSSON AUX POMMES,3.0,2.8062279565263033,0.1937720434736967
2022-03-31,CHAUSSON AUX POMMES,1.0,2.932163139213794,-1.932163139213794
2022-04-01,CHAUSSON AUX POMMES,3.0,3.0986975489630253,-0.0986975489630253
2022-04-02,CHAUSSON AUX POMMES,3.0,3.840708841376115,-0.8407088413761148
2022-04-03,CHAUSSON AUX POMMES,3.0,3.3782223088628975,-0.37822230886289754
2022-04-04,CHAUSSON AUX POMMES,1.0,2.6126039201668556,-1.6126039201668556
2022-04-05,CHAUSSON AUX POMMES,1.0,2.777213145989238,-1.7772131459892382
2022-04-06,CHAUSSON AUX POMMES,3.0,2.6223159270730045,0.37768407292699546
2022-04-07,CHAUSSON AUX POMMES,2.0,2.7427709385262258,-0.7427709385262258
2022-04-08,CHAUSSON AUX POMMES,1.0,2.911046674167776,-1.911046674167776
2022-04-09,CHAUSSON AUX POMMES,4.0,3.7333137832431924,0.2666862167568076
2022-04-10,CHAUSSON AUX POMMES,2.0,3.3617419317695134,-1.3617419317695134
2022-04-11,CHAUSSON AUX POMMES,3.0,2.5998496601668797,0.4001503398331203
2022-04-12,CHAUSSON AUX POMMES,3.0,2.7636458316264485,0.2363541683735515
2022-04-13,CHAUSSON AUX POMMES,3.0,2.609496374027434,0.39050362597256605
2022-04-14,CHAUSSON AUX POMMES,5.0,2.7293531538757985,2.2706468461242015
2022-04-15,CHAUSSON AUX POMMES,3.0,2.896795715969046,0.10320428403095416
2022-04-16,CHAUSSON AUX POMMES,3.0,3.7150246458335228,-0.7150246458335228
2022-04-17,CHAUSSON AUX POMMES,1.0,3.3452615546720055,-2.3452615546720055
2022-04-19,CHAUSSON AUX POMMES,3.0,2.7500785172636566,0.2499214827363434
2022-04-20,CHAUSSON AUX POMMES,2.0,2.596676820982313,-0.5966768209823128
2022-04-21,CHAUSSON AUX POMMES,3.0,2.7159353692253285,0.2840646307746715
2022-04-22,CHAUSSON AUX POMMES,1.0,2.882544757768538,-1.882544757768538
2022-04-27,CHAUSSON AUX POMMES,4.0,2.583857267936969,1.4161427320630309
2022-04-28,CHAUSSON AUX POMMES,3.0,2.7025175845751375,0.29748241542486253
2022-04-29,CHAUSSON AUX POMMES,4.0,2.8682937995698157,1.1317062004301843
2022-04-30,CHAUSSON AUX POMMES,1.0,3.6784463710151107,-2.6784463710151107
2022-05-01,CHAUSSON AUX POMMES,8.0,3.4135074649803894,4.586492535019611
2022-05-02,CHAUSSON AUX POMMES,2.0,2.5615868801657586,-0.5615868801657586
2022-05-03,CHAUSSON AUX POMMES,6.0,2.709603660842289,3.290396339157711
2022-05-05,CHAUSSON AUX POMMES,6.0,2.7147987175004715,3.2852012824995285
2022-05-06,CHAUSSON AUX POMMES,2.0,2.824163412743086,-0.8241634127430859
2022-05-07,CHAUSSON AUX POMMES,3.0,3.6220718727222465,-0.6220718727222465
2022-05-09,CHAUSSON AUX POMMES,2.0,2.5222520062707776,-0.5222520062707776
2022-05-10,CHAUSSON AUX POMMES,1.0,2.6979644573026382,-1.6979644573026382
2022-05-13,CHAUSSON AUX POMMES,3.0,2.8120097392796954,0.18799026072030456
2022-05-14,CHAUSSON AUX POMMES,5.0,3.6064748436076015,1.3935251563923985
2022-05-15,CHAUSSON AUX POMMES,4.0,3.2877633714408345,0.7122366285591655
2022-05-16,CHAUSSON AUX POMMES,1.0,2.511377540169444,-1.5113775401694438
2022-05-17,CHAUSSON AUX POMMES,3.0,2.6863252537642692,0.3136747462357308
2022-05-18,CHAUSSON AUX POMMES,4.0,2.5242629877852165,1.4757370122147835
2022-05-19,CHAUSSON AUX POMMES,2.0,2.691447019849251,-0.6914470198492508
2022-05-20,CHAUSSON AUX POMMES,2.0,2.7998560658163063,-0.7998560658163063
2022-05-22,CHAUSSON AUX POMMES,6.0,3.2735358933173773,2.7264641066826227
2022-05-23,CHAUSSON AUX POMMES,6.0,2.5005030740707737,3.4994969259292263
2022-05-24,CHAUSSON AUX POMMES,4.0,2.674686050224619,1.325313949775381
2022-05-25,CHAUSSON AUX POMMES,3.0,2.513319187367832,0.486680812632168
2022-05-26,CHAUSSON AUX POMMES,4.0,2.9282435421039303,1.0717564578960697
2022-05-27,CHAUSSON AUX POMMES,5.0,2.7877023923536854,2.2122976076463146
2022-05-28,CHAUSSON AUX POMMES,5.0,3.5752807853783106,1.4247192146216894
2022-05-29,CHAUSSON AUX POMMES,7.0,3.25930841519681,3.74069158480319
2022-05-30,CHAUSSON AUX POMMES,3.0,2.4896286079684624,0.5103713920315376
2022-05-31,CHAUSSON AUX POMMES,2.0,2.663046846684972,-0.6630468466849719
2022-06-01,CHAUSSON AUX POMMES,1.0,2.5023753869506145,-1.5023753869506145
2022-06-02,CHAUSSON AUX POMMES,2.0,2.9292563148156576,-0.9292563148156576
2022-06-03,CHAUSSON AUX POMMES,4.0,3.0052849120804903,0.9947150879195097
2022-06-04,CHAUSSON AUX POMMES,4.0,3.8897815688602253,0.1102184311397747
2022-06-05,CHAUSSON AUX POMMES,5.0,3.62068386281435,1.3793161371856502
2022-06-06,CHAUSSON AUX POMMES,8.0,3.178891544361968,4.821108455638032
2022-06-07,CHAUSSON AUX POMMES,4.0,2.9139158277366755,1.0860841722633245
2022-06-08,CHAUSSON AUX POMMES,2.0,2.763891364546881,-0.7638913645468808
2022-06-09,CHAUSSON AUX POMMES,5.0,2.9263940995119193,2.0736059004880807
2022-06-10,CHAUSSON AUX POMMES,3.0,3.0023479982682817,-0.0023479982682816924
2022-06-11,CHAUSSON AUX POMMES,5.0,3.885979750183798,1.114020249816202
2022-06-12,CHAUSSON AUX POMMES,3.0,3.6171445623287397,-0.6171445623287397
2022-06-13,CHAUSSON AUX POMMES,2.0,2.705967270797516,-0.7059672707975162
2022-06-15,CHAUSSON AUX POMMES,3.0,2.761188465788402,0.23881153421159818
2022-06-16,CHAUSSON AUX POMMES,1.0,2.923531884208182,-1.9235318842081819
2022-06-17,CHAUSSON AUX POMMES,1.0,2.9994110844541924,-1.9994110844541924
2022-06-18,CHAUSSON AUX POMMES,2.0,3.8821779315061553,-1.8821779315061553
2022-06-19,CHAUSSON AUX POMMES,8.0,3.613605261847542,4.3863947381524575
2022-06-20,CHAUSSON AUX POMMES,2.0,2.7033191681222517,-0.7033191681222517
2022-06-21,CHAUSSON AUX POMMES,1.0,2.908217398766463,-1.908217398766463
2022-06-22,CHAUSSON AUX POMMES,4.0,2.758485567030015,1.2415144329699852
2022-06-23,CHAUSSON AUX POMMES,1.0,2.920669668904923,-1.9206696689049232
2022-06-24,CHAUSSON AUX POMMES,3.0,2.9964741706410405,0.003525829358959509
2022-06-25,CHAUSSON AUX POMMES,6.0,3.8783761128281777,2.1216238871718223
2022-06-26,CHAUSSON AUX POMMES,7.0,3.6100659613619337,3.3899340386380663
2022-06-27,CHAUSSON AUX POMMES,2.0,2.7006710654469877,-0.7006710654469877
2022-06-28,CHAUSSON AUX POMMES,4.0,2.905368184281301,1.094631815718699
2022-06-29,CHAUSSON AUX POMMES,2.0,2.7557826682715363,-0.7557826682715363
2022-06-30,CHAUSSON AUX POMMES,2.0,2.917807453601467,-0.9178074536014669
2022-07-01,CHAUSSON AUX POMMES,2.0,4.958532086448601,-2.958532086448601
2022-07-02,CHAUSSON AUX POMMES,8.0,5.905111018127889,2.094888981872111
2022-07-03,CHAUSSON AUX POMMES,7.0,5.730451835264729,1.269548164735271
2022-07-04,CHAUSSON AUX POMMES,1.0,4.740689318110917,-3.740689318110917
2022-07-05,CHAUSSON AUX POMMES,2.0,4.914353064523518,-2.9143530645235183
2022-07-06,CHAUSSON AUX POMMES,1.0,4.745625458234662,-3.745625458234662
2022-07-07,CHAUSSON AUX POMMES,2.0,4.88198941016027,-2.88198941016027
2022-07-08,CHAUSSON AUX POMMES,5.0,4.939787033060992,0.060212966939007906
2022-07-09,CHAUSSON AUX POMMES,1.0,5.902675052382951,-4.902675052382951
2022-07-10,CHAUSSON AUX POMMES,4.0,5.728087780292673,-1.7280877802926726
2022-07-11,CHAUSSON AUX POMMES,1.0,4.738733466985619,-3.738733466985619
2022-07-12,CHAUSSON AUX POMMES,6.0,4.912325445992824,1.087674554007176
2022-07-13,CHAUSSON AUX POMMES,5.0,4.743667339804332,0.25633266019566836
2022-07-14,CHAUSSON AUX POMMES,4.0,4.879974907109464,-0.8799749071094638
2022-07-15,CHAUSSON AUX POMMES,3.0,4.937748560247208,-1.9377485602472078
2022-07-16,CHAUSSON AUX POMMES,5.0,5.9002390866359855,-0.9002390866359855
2022-07-17,CHAUSSON AUX POMMES,11.0,5.725723725320618,5.274276274679382
2022-07-18,CHAUSSON AUX POMMES,10.0,4.736777615858972,5.263222384141028
2022-07-19,CHAUSSON AUX POMMES,4.0,4.910297827461075,-0.9102978274610747
2022-07-20,CHAUSSON AUX POMMES,3.0,4.741709221374001,-1.741709221374001
2022-07-21,CHAUSSON AUX POMMES,8.0,4.8779604040598015,3.1220395959401985
2022-07-22,CHAUSSON AUX POMMES,9.0,4.935710087431239,4.064289912568761
2022-07-24,CHAUSSON AUX POMMES,5.0,5.72335967035113,-0.7233596703511296
2022-07-25,CHAUSSON AUX POMMES,4.0,4.7348217647302695,-0.7348217647302695
2022-07-26,CHAUSSON AUX POMMES,6.0,4.9082702089303805,1.0917297910696195
2022-07-27,CHAUSSON AUX POMMES,1.0,4.739751102943942,-3.7397511029439423
2022-07-28,CHAUSSON AUX POMMES,5.0,4.875945901010137,0.12405409898986264
2022-07-29,CHAUSSON AUX POMMES,1.0,4.933671614617457,-3.933671614617457
2022-07-30,CHAUSSON AUX POMMES,3.0,5.895367155147392,-2.895367155147392
2022-07-31,CHAUSSON AUX POMMES,7.0,5.720995615379077,1.2790043846209231
2022-08-01,CHAUSSON AUX POMMES,10.0,4.2394195769551715,5.7605804230448285
2022-08-02,CHAUSSON AUX POMMES,1.0,4.519042963318575,-3.519042963318575
2022-08-03,CHAUSSON AUX POMMES,2.0,4.2630200457168215,-2.2630200457168215
2022-08-04,CHAUSSON AUX POMMES,4.0,4.459309462409992,-0.45930946240999226
2022-08-05,CHAUSSON AUX POMMES,9.0,4.568477519705286,4.431522480294714
2022-08-06,CHAUSSON AUX POMMES,3.0,5.37606135829459,-2.3760613582945904
2022-08-07,CHAUSSON AUX POMMES,5.0,5.339825408668315,-0.33982540866831457
2022-08-08,CHAUSSON AUX POMMES,15.0,4.232360614389603,10.767639385610398
2022-08-09,CHAUSSON AUX POMMES,3.0,4.511516615837377,-1.511516615837377
2022-08-10,CHAUSSON AUX POMMES,6.0,4.255918408031329,1.744081591968671
2022-08-11,CHAUSSON AUX POMMES,7.0,4.4518790637554275,2.5481209362445725
2022-08-12,CHAUSSON AUX POMMES,13.0,4.560863405503525,8.439136594496475
2022-08-13,CHAUSSON AUX POMMES,9.0,5.367099139826658,3.6329008601733417
2022-08-14,CHAUSSON AUX POMMES,4.0,5.330921477227546,-1.3309214772275464
2022-08-15,CHAUSSON AUX POMMES,1.0,4.344484552684774,-3.344484552684774
2022-08-16,CHAUSSON AUX POMMES,4.0,4.503990268356537,-0.5039902683565369
2022-08-17,CHAUSSON AUX POMMES,6.0,4.2488167703458375,1.7511832296541625
2022-08-18,CHAUSSON AUX POMMES,8.0,4.444448665100075,3.555551334899925
2022-08-19,CHAUSSON AUX POMMES,5.0,4.553249291306319,0.4467507086936813
2022-08-20,CHAUSSON AUX POMMES,5.0,5.358136921360297,-0.3581369213602974
2022-08-21,CHAUSSON AUX POMMES,5.0,5.322017545788123,-0.3220175457881229
2022-08-22,CHAUSSON AUX POMMES,1.0,4.218242689259111,-3.218242689259111
2022-08-23,CHAUSSON AUX POMMES,3.0,4.496463920874418,-1.496463920874418
2022-08-24,CHAUSSON AUX POMMES,7.0,4.241715132660346,2.758284867339654
2022-08-25,CHAUSSON AUX POMMES,6.0,4.437018266445508,1.5629817335544924
2022-08-26,CHAUSSON AUX POMMES,6.0,4.54563517710762,1.45436482289238
2022-08-27,CHAUSSON AUX POMMES,9.0,5.349174702890795,3.650825297109205
2022-08-28,CHAUSSON AUX POMMES,7.0,5.3131136143487,1.6868863856512997
2022-08-29,CHAUSSON AUX POMMES,2.0,4.211183726691858,-2.211183726691858
2022-08-31,CHAUSSON AUX POMMES,1.0,4.6652713595198785,-3.6652713595198785
2022-09-02,CHAUSSON AUX POMMES,3.0,3.1745754038937917,-0.17457540389379167
2022-09-03,CHAUSSON AUX POMMES,2.0,3.9747512721116482,-1.9747512721116482
2022-09-04,CHAUSSON AUX POMMES,8.0,3.8817068681897577,4.118293131810242
2022-09-05,CHAUSSON AUX POMMES,6.0,2.872692027954721,3.127307972045279
2022-09-07,CHAUSSON AUX POMMES,4.0,2.775797399852088,1.2242026001479118
2022-09-08,CHAUSSON AUX POMMES,1.0,3.0349086013697573,-2.0349086013697573
2022-09-09,CHAUSSON AUX POMMES,1.0,3.1743086910142564,-2.1743086910142564
2022-09-10,CHAUSSON AUX POMMES,4.0,3.9744173282127675,0.025582671787232503
2022-09-11,CHAUSSON AUX POMMES,6.0,3.8813807376217757,2.1186192623782243
2022-09-12,CHAUSSON AUX POMMES,5.0,2.872450669202433,2.127549330797567
2022-09-13,CHAUSSON AUX POMMES,3.0,2.8887829841976314,0.11121701580236865
2022-09-15,CHAUSSON AUX POMMES,3.0,3.034653604272511,-0.034653604272511185
2022-09-16,CHAUSSON AUX POMMES,4.0,3.1740419781327556,0.8259580218672444
2022-09-17,CHAUSSON AUX POMMES,4.0,3.974083384315018,0.02591661568498216
2022-09-18,CHAUSSON AUX POMMES,1.0,3.8810546070587604,-2.8810546070587604
2022-09-20,CHAUSSON AUX POMMES,5.0,2.8885402502039184,2.1114597497960816
2022-09-22,CHAUSSON AUX POMMES,3.0,3.034398607175904,-0.03439860717590415
2022-09-23,CHAUSSON AUX POMMES,1.0,3.1737752652522375,-2.1737752652522375
2022-09-24,CHAUSSON AUX POMMES,6.0,3.9737494404172677,2.0262505595827323
2022-09-25,CHAUSSON AUX POMMES,6.0,3.8807284764907783,2.1192715235092217
2022-09-26,CHAUSSON AUX POMMES,1.0,2.871967951700646,-1.871967951700646
2022-09-27,CHAUSSON AUX POMMES,1.0,2.8882975162095392,-1.8882975162095392
2022-09-28,CHAUSSON AUX POMMES,3.0,2.7750977295721007,0.22490227042789934
2022-09-29,CHAUSSON AUX POMMES,4.0,3.0341436100786585,0.9658563899213415
2022-02-03,BOISSON 33CL,4.0,2.19069647670581,1.80930352329419
2022-02-04,BOISSON 33CL,4.0,2.180206878334938,1.8197931216650618
2022-02-05,BOISSON 33CL,1.0,1.5757327700645694,-0.5757327700645694
2022-02-07,BOISSON 33CL,7.0,1.93368774959638,5.0663122504036195
2022-02-08,BOISSON 33CL,2.0,2.373878004620397,-0.3738780046203969
2022-02-10,BOISSON 33CL,1.0,2.0870026429099444,-1.0870026429099444
2022-02-11,BOISSON 33CL,1.0,2.076306989319209,-1.076306989319209
2022-02-12,BOISSON 33CL,2.0,1.5001249474871734,0.4998750525128266
2022-02-14,BOISSON 33CL,5.0,1.8396146218933536,3.160385378106646
2022-02-15,BOISSON 33CL,4.0,2.2575815451913273,1.7424184548086727
2022-02-17,BOISSON 33CL,7.0,1.983308809116399,5.016691190883601
2022-02-18,BOISSON 33CL,1.0,1.972407100303325,-0.972407100303325
2022-02-19,BOISSON 33CL,1.0,1.4245171249093287,-0.4245171249093287
2022-02-21,BOISSON 33CL,2.0,1.7455414941910294,0.25445850580897056
2022-02-22,BOISSON 33CL,2.0,2.1412850857613153,-0.14128508576131527
2022-02-24,BOISSON 33CL,1.0,1.8796149753224702,-0.8796149753224702
2022-02-25,BOISSON 33CL,3.0,1.8685072112876397,1.1314927887123603
2022-02-26,BOISSON 33CL,6.0,1.3489093023349383,4.651090697665062
2022-02-28,BOISSON 33CL,1.0,1.6514683664871497,-0.6514683664871497
2022-03-01,BOISSON 33CL,4.0,2.0249886263306656,1.9750113736693344
2022-03-02,BOISSON 33CL,2.0,1.5090370121790337,0.49096298782096626
2022-03-03,BOISSON 33CL,2.0,1.775921141527058,0.22407885847294207
2022-03-04,BOISSON 33CL,1.0,1.7646073222718168,-0.7646073222718168
2022-03-06,BOISSON 33CL,1.0,1.1154865009188861,-0.11548650091888613
2022-03-07,BOISSON 33CL,7.0,2.15243237814898,4.84756762185102
2022-03-08,BOISSON 33CL,5.0,2.6254880560094196,2.3745119439905804
2022-03-09,BOISSON 33CL,4.0,1.9473946871604573,2.0526053128395425
2022-03-10,BOISSON 33CL,3.0,2.3109645955554217,0.6890354044445783
2022-03-11,BOISSON 33CL,3.0,2.2728345968166614,0.7271654031833386
2022-03-12,BOISSON 33CL,1.0,1.6666946305488843,-0.6666946305488843
2022-03-14,BOISSON 33CL,7.0,2.0847194137578287,4.915280586242171
2022-03-15,BOISSON 33CL,5.0,2.5425204562247106,2.4574795437752894
2022-03-16,BOISSON 33CL,2.0,1.8855763270848687,0.11442367291513134
2022-03-17,BOISSON 33CL,3.0,2.2372708310673985,0.7627291689326015
2022-03-18,BOISSON 33CL,2.0,2.200025063804073,-0.2000250638040728
2022-03-19,BOISSON 33CL,7.0,1.6130571327208174,5.386942867279183
2022-03-20,BOISSON 33CL,6.0,1.0456167446416038,4.954383255358396
2022-03-21,BOISSON 33CL,6.0,2.0170064493709754,3.9829935506290246
2022-03-22,BOISSON 33CL,5.0,2.4595528564418045,2.5404471435581955
2022-03-23,BOISSON 33CL,4.0,1.8237579670093087,2.1762420329906913
2022-03-24,BOISSON 33CL,6.0,2.1635770665790868,3.8364229334209132
2022-03-25,BOISSON 33CL,1.0,2.1272155307928897,-1.1272155307928897
2022-03-26,BOISSON 33CL,3.0,1.5594196348966767,1.4405803651033233
2022-03-27,BOISSON 33CL,4.0,1.0106818665038038,2.9893181334961962
2022-03-28,BOISSON 33CL,5.0,1.9492934849840862,3.050706515015914
2022-03-29,BOISSON 33CL,6.0,2.376585256657153,3.623414743342847
2022-04-01,BOISSON 33CL,2.0,2.05440599778045,-0.054405997780449855
2022-04-02,BOISSON 33CL,1.0,1.5057821370680733,-0.5057821370680733
2022-04-04,BOISSON 33CL,6.0,2.839420224429764,3.160579775570236
2022-04-05,BOISSON 33CL,5.0,3.410436294396931,1.589563705603069
2022-04-06,BOISSON 33CL,1.0,2.539363008376473,-1.539363008376473
2022-04-07,BOISSON 33CL,4.0,2.924451972116544,1.075548027883456
2022-04-08,BOISSON 33CL,3.0,2.7909422288753007,0.20905777112469925
2022-04-09,BOISSON 33CL,1.0,2.157846309950133,-1.1578463099501328
2022-04-10,BOISSON 33CL,4.0,1.515007717095811,2.484992282904189
2022-04-11,BOISSON 33CL,3.0,2.7999315905822284,0.2000684094177716
2022-04-12,BOISSON 33CL,1.0,3.362911956569929,-2.362911956569929
2022-04-13,BOISSON 33CL,1.0,2.5039064696053495,-1.5039064696053495
2022-04-14,BOISSON 33CL,3.0,2.883536912648602,0.1164630873513981
2022-04-15,BOISSON 33CL,1.0,2.751816862324763,-1.751816862324763
2022-04-17,BOISSON 33CL,1.0,1.4936838774473167,-0.4936838774473167
2022-04-18,BOISSON 33CL,2.0,2.7211709773431667,-0.7211709773431667
2022-04-19,BOISSON 33CL,8.0,3.3153876187429256,4.684612381257074
2022-04-20,BOISSON 33CL,2.0,2.4684499308360555,-0.46844993083605546
2022-04-21,BOISSON 33CL,5.0,2.8426218531785725,2.1573781468214275
2022-04-22,BOISSON 33CL,1.0,2.71269149577618,-1.71269149577618
2022-04-24,BOISSON 33CL,1.0,1.4723600378011055,-0.47236003780110547
2022-04-25,BOISSON 33CL,3.0,2.720954322884386,0.2790456771156138
2022-04-26,BOISSON 33CL,1.0,3.2678632809172696,-2.2678632809172696
2022-04-27,BOISSON 33CL,9.0,2.432993392065871,6.567006607934129
2022-04-28,BOISSON 33CL,2.0,2.801706793710254,-0.8017067937102542
2022-04-29,BOISSON 33CL,2.0,2.673566129225639,-0.6735661292256392
2022-05-01,BOISSON 33CL,1.0,1.4775750938659638,-0.47757509386596375
2022-05-02,BOISSON 33CL,3.0,2.681465689030491,0.3185343109695089
2022-05-03,BOISSON 33CL,2.0,3.220338943090246,-1.2203389430902458
2022-05-05,BOISSON 33CL,5.0,2.9826458553880424,2.0173541446119576
2022-05-06,BOISSON 33CL,5.0,2.7914890021767325,2.2085109978232675
2022-05-09,BOISSON 33CL,3.0,2.881615543238798,0.11838445676120202
2022-05-10,BOISSON 33CL,2.0,3.378163009911814,-1.3781630099118138
2022-05-11,BOISSON 33CL,1.0,2.5836499167327585,-1.5836499167327585
2022-05-12,BOISSON 33CL,9.0,2.9525199025667654,6.047480097433235
2022-05-13,BOISSON 33CL,6.0,2.763253070303584,3.236746929696416
2022-05-14,BOISSON 33CL,2.0,2.1742585112362676,-0.17425851123626757
2022-05-15,BOISSON 33CL,1.0,1.536569723821998,-0.536569723821998
2022-05-16,BOISSON 33CL,3.0,2.8523410758292456,0.14765892417075444
2022-05-17,BOISSON 33CL,12.0,3.3437942143359694,8.656205785664032
2022-05-18,BOISSON 33CL,3.0,2.5573260889508798,0.44267391104912024
2022-05-19,BOISSON 33CL,5.0,2.9223939497460725,2.0776060502539275
2022-05-20,BOISSON 33CL,6.0,2.7350171384304423,3.2649828615695577
2022-05-21,BOISSON 33CL,2.0,2.1520086618911725,-0.15200866189117246
2022-05-24,BOISSON 33CL,3.0,3.3094254187574186,-0.3094254187574186
2022-05-25,BOISSON 33CL,3.0,2.531002261167071,0.46899773883292895
2022-05-26,BOISSON 33CL,2.0,2.892267996923452,-0.8922679969234522
2022-05-27,BOISSON 33CL,4.0,2.7067812065573307,1.2932187934426693
2022-05-28,BOISSON 33CL,1.0,2.129758812544855,-1.1297588125448552
2022-05-30,BOISSON 33CL,1.0,2.793792141005226,-1.793792141005226
2022-05-31,BOISSON 33CL,5.0,3.275056623178894,1.724943376821106
2022-06-01,BOISSON 33CL,7.0,2.5046784333843237,4.495321566615676
2022-06-02,BOISSON 33CL,3.0,2.8621420441027587,0.13785795589724126
2022-06-03,BOISSON 33CL,13.0,3.221507924127235,9.778492075872766
2022-06-04,BOISSON 33CL,6.0,2.4680362277543724,3.5319637722456276
2022-06-06,BOISSON 33CL,2.0,3.082541387581136,-1.082541387581136
2022-06-07,BOISSON 33CL,5.0,3.8773489652718918,1.1226510347281082
2022-06-08,BOISSON 33CL,3.0,2.9784721101305127,0.021527889869487282
2022-06-09,BOISSON 33CL,5.0,3.4310551616755265,1.5689448383244735
2022-06-10,BOISSON 33CL,3.0,3.2130265078488205,-0.2130265078488205
2022-06-12,BOISSON 33CL,1.0,1.7826969706116946,-0.7826969706116946
2022-06-13,BOISSON 33CL,2.0,3.2270217059140047,-1.2270217059140047
2022-06-14,BOISSON 33CL,3.0,3.867125504815356,-0.8671255048153559
2022-06-15,BOISSON 33CL,3.0,2.9706157716249044,0.029384228375095578
2022-06-16,BOISSON 33CL,9.0,3.4220016299077147,5.577998370092285
2022-06-17,BOISSON 33CL,1.0,3.204545091569934,-2.204545091569934
2022-06-18,BOISSON 33CL,3.0,2.4550359068312266,0.5449640931687734
2022-06-19,BOISSON 33CL,3.0,1.7779876390769471,1.2220123609230529
2022-06-20,BOISSON 33CL,7.0,3.218493698831443,3.781506301168557
2022-06-21,BOISSON 33CL,4.0,3.8569020443601607,0.1430979556398393
2022-06-22,BOISSON 33CL,3.0,2.9627594331193436,0.037240566880656356
2022-06-23,BOISSON 33CL,1.0,3.4129480981394766,-2.4129480981394766
2022-06-24,BOISSON 33CL,4.0,3.1960636752912857,0.8039363247087143
2022-06-25,BOISSON 33CL,1.0,2.4485357463751867,-1.4485357463751867
2022-06-26,BOISSON 33CL,2.0,1.7732783075436898,0.22672169245631024
2022-06-27,BOISSON 33CL,4.0,3.2099656917488772,0.7900343082511228
2022-06-28,BOISSON 33CL,3.0,3.846678583902211,-0.8466785839022108
2022-06-30,BOISSON 33CL,7.0,3.4038945663694635,3.5961054336305365
2022-07-01,BOISSON 33CL,8.0,4.954442209354093,3.0455577906459066
2022-07-02,BOISSON 33CL,4.0,4.208223935669911,-0.2082239356699107
2022-07-03,BOISSON 33CL,1.0,3.9759789485266426,-2.9759789485266426
2022-07-04,BOISSON 33CL,4.0,5.628367428022874,-1.628367428022874
2022-07-05,BOISSON 33CL,5.0,6.328061489843558,-1.3280614898435577
2022-07-06,BOISSON 33CL,7.0,5.310771851166311,1.6892281488336893
2022-07-07,BOISSON 33CL,6.0,5.943451577354768,0.056548422645231966
2022-07-08,BOISSON 33CL,8.0,5.716352391414329,2.283647608585671
2022-07-10,BOISSON 33CL,1.0,3.9870279903190347,-2.9870279903190347
2022-07-11,BOISSON 33CL,9.0,5.6440021658598125,3.3559978341401875
2022-07-12,BOISSON 33CL,7.0,6.345632897072291,0.6543671029277087
2022-07-13,BOISSON 33CL,6.0,5.325512658069953,0.674487341930047
2022-07-14,BOISSON 33CL,3.0,5.836635231016793,-2.8366352310167926
2022-07-15,BOISSON 33CL,3.0,5.7322063722663446,-2.7322063722663446
2022-07-16,BOISSON 33CL,10.0,4.771896274246325,5.228103725753675
2022-07-17,BOISSON 33CL,3.0,3.998077032111424,-0.9980770321114241
2022-07-18,BOISSON 33CL,10.0,5.659636903704902,4.340363096295098
2022-07-19,BOISSON 33CL,2.0,6.363204304302856,-4.363204304302856
2022-07-20,BOISSON 33CL,3.0,5.340253464975769,-2.3402534649757687
2022-07-21,BOISSON 33CL,6.0,5.976432299788579,0.023567700211421183
2022-07-22,BOISSON 33CL,3.0,5.7480603531214,-2.7480603531214003
2022-07-23,BOISSON 33CL,2.0,4.78508904288546,-2.7850890428854598
2022-07-25,BOISSON 33CL,4.0,5.675271641546623,-1.6752716415466233
2022-07-26,BOISSON 33CL,7.0,6.380775711531594,0.6192242884684056
2022-07-27,BOISSON 33CL,2.0,5.354994271882515,-3.354994271882515
2022-07-28,BOISSON 33CL,5.0,5.992922661005064,-0.9929226610050641
2022-07-29,BOISSON 33CL,7.0,5.763914333973414,1.236085666026586
2022-07-30,BOISSON 33CL,4.0,4.798281811523577,-0.7982818115235766
2022-07-31,BOISSON 33CL,8.0,4.020175115699202,3.9798248843007977
2022-08-01,BOISSON 33CL,8.0,5.6909063793917305,2.3090936206082695
2022-08-02,BOISSON 33CL,6.0,6.0736786736285175,-0.07367867362851754
2022-08-03,BOISSON 33CL,7.0,5.177251020621934,1.8227489793780656
2022-08-04,BOISSON 33CL,9.0,5.704248452566499,3.2957515474335013
2022-08-05,BOISSON 33CL,6.0,5.492161431566625,0.5078385684333746
2022-08-06,BOISSON 33CL,5.0,4.718660287489429,0.28133971251057144
2022-08-07,BOISSON 33CL,3.0,3.987831083114384,-0.9878310831143842
2022-08-08,BOISSON 33CL,5.0,5.5557617603887985,-0.5557617603887985
2022-08-09,BOISSON 33CL,15.0,6.064117116549029,8.935882883450972
2022-08-10,BOISSON 33CL,7.0,5.169098841495264,1.8309011585047363
2022-08-11,BOISSON 33CL,6.0,5.695264434263973,0.3047355657360269
2022-08-12,BOISSON 33CL,11.0,5.483509497243796,5.516490502756204
2022-08-13,BOISSON 33CL,6.0,4.711225194925651,1.2887748050743486
2022-08-15,BOISSON 33CL,1.0,5.261565726063774,-4.261565726063774
2022-08-16,BOISSON 33CL,5.0,6.0545555594726705,-1.0545555594726705
2022-08-17,BOISSON 33CL,3.0,5.160946662368596,-2.1609466623685956
2022-08-18,BOISSON 33CL,4.0,5.686280415959561,-1.686280415959561
2022-08-19,BOISSON 33CL,6.0,5.474857562918639,0.5251424370813611
2022-08-20,BOISSON 33CL,5.0,4.703790102362567,0.296209897637433
2022-08-21,BOISSON 33CL,1.0,3.975261172579291,-2.975261172579291
2022-08-23,BOISSON 33CL,2.0,6.044994002394988,-4.044994002394988
2022-08-24,BOISSON 33CL,3.0,5.152794483241929,-2.1527944832419292
2022-08-25,BOISSON 33CL,5.0,5.677296397657037,-0.6772963976570372
2022-08-26,BOISSON 33CL,4.0,5.466205628593487,-1.466205628593487
2022-08-27,BOISSON 33CL,4.0,4.696355009798107,-0.6963550097981068
2022-08-28,BOISSON 33CL,5.0,3.968976217312367,1.0310237826876332
2022-08-29,BOISSON 33CL,2.0,5.529487645337756,-3.529487645337756
2022-08-30,BOISSON 33CL,9.0,6.035432445317064,2.9645675546829358
2022-08-31,BOISSON 33CL,3.0,5.144642304116516,-2.144642304116516
2022-09-03,BOISSON 33CL,4.0,2.691462566831674,1.308537433168326
2022-09-04,BOISSON 33CL,1.0,1.8163848721847657,-0.8163848721847657
2022-09-06,BOISSON 33CL,1.0,4.147983775800272,-3.147983775800272
2022-09-07,BOISSON 33CL,5.0,3.093228291027335,1.906771708972665
2022-09-08,BOISSON 33CL,3.0,3.7272447859827733,-0.7272447859827733
2022-09-11,BOISSON 33CL,1.0,1.816111052430303,-0.816111052430303
2022-09-12,BOISSON 33CL,1.0,3.4559007513870643,-2.4559007513870643
2022-09-13,BOISSON 33CL,2.0,4.147358440917109,-2.1473584409171087
2022-09-14,BOISSON 33CL,2.0,3.0927619571891705,-1.0927619571891705
2022-09-15,BOISSON 33CL,8.0,3.7266828559709206,4.273317144029079
2022-09-16,BOISSON 33CL,4.0,3.5631876938403253,0.4368123061596747
2022-09-17,BOISSON 33CL,1.0,2.6906511091286873,-1.6906511091286873
2022-09-21,BOISSON 33CL,6.0,3.092295623347577,2.907704376652423
2022-09-22,BOISSON 33CL,4.0,3.726120925958536,0.27387907404146405
2022-09-23,BOISSON 33CL,7.0,3.5626504049656287,3.4373495950343713
2022-09-24,BOISSON 33CL,2.0,2.690245380277695,-0.6902453802776951
2022-09-26,BOISSON 33CL,3.0,3.454858618772148,-0.45485861877214795
2022-09-27,BOISSON 33CL,2.0,4.14610777115411,-2.14610777115411
2022-09-28,BOISSON 33CL,4.0,3.0918292895072037,0.9081707104927963
2022-09-29,BOISSON 33CL,8.0,3.725558995946683,4.274441004053317
2022-09-30,BOISSON 33CL,6.0,3.5621131160932027,2.4378868839067973
2022-02-03,FORMULE SANDWICH,11.0,6.447742032214669,4.552257967785331
2022-02-04,FORMULE SANDWICH,13.0,6.235163548377594,6.764836451622406
2022-02-05,FORMULE SANDWICH,1.0,3.1605634636854374,-2.1605634636854374
2022-02-07,FORMULE SANDWICH,5.0,6.676369666444993,-1.6763696664449927
2022-02-08,FORMULE SANDWICH,8.0,6.440558499084892,1.5594415009151081
2022-02-10,FORMULE SANDWICH,8.0,6.2095026829848745,1.7904973170151255
2022-02-11,FORMULE SANDWICH,11.0,6.003556287293229,4.996443712706771
2022-02-12,FORMULE SANDWICH,5.0,3.0425369588049245,1.9574630411950755
2022-02-13,FORMULE SANDWICH,1.0,2.776726868374045,-1.7767268683740451
2022-02-14,FORMULE SANDWICH,7.0,6.424361833465008,0.5756381665349917
2022-02-15,FORMULE SANDWICH,13.0,6.196133633366526,6.803866366633474
2022-02-17,FORMULE SANDWICH,16.0,5.971263333763284,10.028736666236716
2022-02-18,FORMULE SANDWICH,8.0,5.77194902621222,2.22805097378778
2022-02-19,FORMULE SANDWICH,3.0,2.9245104539280233,0.07548954607197667
2022-02-21,FORMULE SANDWICH,13.0,6.172354000483178,6.827645999516822
2022-02-22,FORMULE SANDWICH,6.0,5.951708767644473,0.04829123235552668
2022-02-24,FORMULE SANDWICH,7.0,5.7330239845367545,1.2669760154632455
2022-02-25,FORMULE SANDWICH,12.0,5.540341765128108,6.459658234871892
2022-02-26,FORMULE SANDWICH,1.0,2.806483949059492,-1.806483949059492
2022-02-28,FORMULE SANDWICH,13.0,5.92034616750452,7.07965383249548
2022-03-01,FORMULE SANDWICH,17.0,5.707283901922746,11.292716098077253
2022-03-02,FORMULE SANDWICH,15.0,5.658410295443715,9.341589704556284
2022-03-03,FORMULE SANDWICH,13.0,5.494784635309796,7.505215364690204
2022-03-04,FORMULE SANDWICH,14.0,5.308734504047103,8.691265495952898
2022-03-05,FORMULE SANDWICH,3.0,3.694886891031215,-0.6948868910312149
2022-03-07,FORMULE SANDWICH,16.0,7.9973457061776925,8.002654293822307
2022-03-08,FORMULE SANDWICH,14.0,7.796778913389754,6.203221086610246
2022-03-09,FORMULE SANDWICH,10.0,7.917244349190893,2.0827556508091067
2022-03-10,FORMULE SANDWICH,11.0,7.586608892662117,3.4133911073378833
2022-03-11,FORMULE SANDWICH,9.0,7.373332680543636,1.626667319456364
2022-03-13,FORMULE SANDWICH,2.0,3.2702580773931467,-1.2702580773931467
2022-03-14,FORMULE SANDWICH,19.0,7.844387138928462,11.155612861071539
2022-03-15,FORMULE SANDWICH,9.0,7.6472478549300025,1.3527521450699975
2022-03-16,FORMULE SANDWICH,12.0,7.764985778772645,4.235014221227355
2022-03-17,FORMULE SANDWICH,15.0,7.440306919366758,7.559693080633242
2022-03-18,FORMULE SANDWICH,5.0,7.230750778910054,-2.2307507789100542
2022-03-19,FORMULE SANDWICH,3.0,3.5543170065662872,-0.5543170065662872
2022-03-21,FORMULE SANDWICH,21.0,7.691428571692129,13.308571428307872
2022-03-22,FORMULE SANDWICH,21.0,7.497716796469106,13.502283203530894
2022-03-23,FORMULE SANDWICH,15.0,7.612727208354417,7.387272791645583
2022-03-24,FORMULE SANDWICH,9.0,7.2940049460683065,1.7059950539316935
2022-03-25,FORMULE SANDWICH,12.0,7.088168877283746,4.911831122716254
2022-03-27,FORMULE SANDWICH,2.0,3.143078104723995,-1.1430781047239948
2022-03-28,FORMULE SANDWICH,13.0,7.5384700044556805,5.4615299955443195
2022-03-29,FORMULE SANDWICH,8.0,7.348185738009395,0.6518142619906051
2022-03-30,FORMULE SANDWICH,9.0,7.4604686379370975,1.5395313620629025
2022-03-31,FORMULE SANDWICH,9.0,7.147702972769925,1.8522970272300752
2022-04-01,FORMULE SANDWICH,12.0,6.945586975645907,5.054413024354093
2022-04-02,FORMULE SANDWICH,3.0,3.413747122121083,-0.4137471221210829
2022-04-04,FORMULE SANDWICH,10.0,10.315431183824343,-0.31543118382434265
2022-04-05,FORMULE SANDWICH,21.0,9.981988373064189,11.018011626935811
2022-04-06,FORMULE SANDWICH,14.0,10.2204024798684,3.7795975201316008
2022-04-07,FORMULE SANDWICH,11.0,9.6341510408434,1.3658489591565992
2022-04-08,FORMULE SANDWICH,9.0,9.377893557367404,-0.37789355736740404
2022-04-09,FORMULE SANDWICH,6.0,4.543810953036637,1.4561890469633632
2022-04-10,FORMULE SANDWICH,5.0,4.186893703838373,0.8131062961616271
2022-04-11,FORMULE SANDWICH,16.0,10.32081820524766,5.67918179475234
2022-04-12,FORMULE SANDWICH,12.0,9.987200871973151,2.012799128026849
2022-04-13,FORMULE SANDWICH,15.0,10.225739078240483,4.774260921759517
2022-04-14,FORMULE SANDWICH,4.0,9.639181151946552,-5.639181151946552
2022-04-15,FORMULE SANDWICH,8.0,9.382789508047377,-1.3827895080473773
2022-04-16,FORMULE SANDWICH,5.0,4.546182979880776,0.4538170201192244
2022-04-18,FORMULE SANDWICH,4.0,6.819867922900163,-2.819867922900163
2022-04-19,FORMULE SANDWICH,17.0,9.992413370882115,7.007586629117885
2022-04-20,FORMULE SANDWICH,4.0,10.231075676616443,-6.2310756766164435
2022-04-21,FORMULE SANDWICH,11.0,9.6442112630455,1.3557887369544996
2022-04-22,FORMULE SANDWICH,7.0,9.387685458731086,-2.3876854587310863
2022-04-23,FORMULE SANDWICH,6.0,4.548555006718632,1.4514449932813678
2022-04-25,FORMULE SANDWICH,10.0,10.331592248101261,-0.331592248101261
2022-04-26,FORMULE SANDWICH,17.0,9.997625869796424,7.002374130203576
2022-04-27,FORMULE SANDWICH,13.0,10.236412274990467,2.7635877250095326
2022-04-28,FORMULE SANDWICH,11.0,9.649241374144298,1.3507586258557023
2022-04-29,FORMULE SANDWICH,16.0,9.392581409411067,6.607418590588933
2022-04-30,FORMULE SANDWICH,9.0,4.550927033562766,4.449072966437234
2022-05-01,FORMULE SANDWICH,6.0,2.5536600234654383,3.4463399765345617
2022-05-02,FORMULE SANDWICH,18.0,10.336979269511241,7.663020730488759
2022-05-03,FORMULE SANDWICH,13.0,10.002838368705387,2.997161631294613
2022-05-05,FORMULE SANDWICH,13.0,11.634953804219403,1.3650461957805966
2022-05-06,FORMULE SANDWICH,26.0,11.376601824036024,14.623398175963976
2022-05-07,FORMULE SANDWICH,2.0,5.465742603283388,-3.4657426032833882
2022-05-09,FORMULE SANDWICH,9.0,12.970437688899537,-3.970437688899537
2022-05-10,FORMULE SANDWICH,11.0,12.645114827968285,-1.6451148279682855
2022-05-11,FORMULE SANDWICH,6.0,12.597813502688002,-6.597813502688002
2022-05-12,FORMULE SANDWICH,14.0,11.790209666427833,2.209790333572167
2022-05-13,FORMULE SANDWICH,13.0,11.52812142091838,1.4718785790816202
2022-05-14,FORMULE SANDWICH,3.0,5.538400011124625,-2.538400011124625
2022-05-16,FORMULE SANDWICH,19.0,13.142204400126145,5.857795599873855
2022-05-17,FORMULE SANDWICH,16.0,12.812257100643759,3.187742899356241
2022-05-18,FORMULE SANDWICH,12.0,12.764016712108853,-0.7640167121088535
2022-05-19,FORMULE SANDWICH,11.0,11.945465528641638,-0.9454655286416376
2022-05-20,FORMULE SANDWICH,8.0,11.679641017800792,-3.679641017800792
2022-05-21,FORMULE SANDWICH,3.0,5.6110574189580475,-2.6110574189580475
2022-05-22,FORMULE SANDWICH,6.0,5.225871891848024,0.7741281081519764
2022-05-23,FORMULE SANDWICH,12.0,13.31397111132626,-1.3139711113262607
2022-05-24,FORMULE SANDWICH,14.0,12.979399373321069,1.020600626678931
2022-05-25,FORMULE SANDWICH,7.0,12.93021992152649,-5.93021992152649
2022-05-26,FORMULE SANDWICH,4.0,5.216335713921076,-1.216335713921076
2022-05-27,FORMULE SANDWICH,24.0,11.831160614675824,12.168839385324176
2022-05-28,FORMULE SANDWICH,8.0,5.6837148268069795,2.3162851731930205
2022-05-29,FORMULE SANDWICH,4.0,5.293416596518244,-1.2934165965182443
2022-05-30,FORMULE SANDWICH,16.0,13.485737822557073,2.5142621774429266
2022-05-31,FORMULE SANDWICH,15.0,13.146541645998358,1.853458354001642
2022-06-01,FORMULE SANDWICH,7.0,13.096423130946663,-6.096423130946663
2022-06-02,FORMULE SANDWICH,14.0,12.255977253063877,1.744022746936123
2022-06-03,FORMULE SANDWICH,7.0,12.494886118144043,-5.494886118144043
2022-06-04,FORMULE SANDWICH,10.0,5.757052761922862,4.242947238077138
2022-06-05,FORMULE SANDWICH,3.0,5.42496214477597,-2.4249621447759697
2022-06-06,FORMULE SANDWICH,4.0,6.910572730584634,-2.910572730584634
2022-06-07,FORMULE SANDWICH,10.0,13.487583266321316,-3.487583266321316
2022-06-08,FORMULE SANDWICH,10.0,12.743489597054245,-2.7434895970542446
2022-06-09,FORMULE SANDWICH,7.0,12.650069801479145,-5.650069801479145
2022-06-10,FORMULE SANDWICH,19.0,12.656975612543832,6.343024387456168
2022-06-11,FORMULE SANDWICH,4.0,5.831597789750727,-1.8315977897507274
2022-06-12,FORMULE SANDWICH,6.0,5.495077409144525,0.5049225908554753
2022-06-13,FORMULE SANDWICH,12.0,13.940578753321075,-1.9405787533210752
2022-06-14,FORMULE SANDWICH,15.0,13.661263031480265,1.3387369685197346
2022-06-15,FORMULE SANDWICH,12.0,12.907286343366437,-0.9072863433664367
2022-06-16,FORMULE SANDWICH,16.0,12.812367778117316,3.1876322218826836
2022-06-17,FORMULE SANDWICH,13.0,12.819065106956135,0.18093489304386523
2022-06-18,FORMULE SANDWICH,9.0,5.906142817585307,3.093857182414693
2022-06-19,FORMULE SANDWICH,6.0,5.565192673484009,0.4348073265159913
2022-06-20,FORMULE SANDWICH,13.0,14.118132013402784,-1.118132013402784
2022-06-21,FORMULE SANDWICH,7.0,13.834942796626553,-6.834942796626553
2022-06-22,FORMULE SANDWICH,6.0,13.07108308967798,-7.07108308967798
2022-06-23,FORMULE SANDWICH,9.0,12.974665754750907,-3.974665754750907
2022-06-24,FORMULE SANDWICH,12.0,12.981154601361983,-0.9811546013619825
2022-06-25,FORMULE SANDWICH,11.0,5.980687845434539,5.019312154565461
2022-06-27,FORMULE SANDWICH,22.0,14.29568527348462,7.7043147265153795
2022-06-28,FORMULE SANDWICH,8.0,14.0086225617752,-6.0086225617752
2022-06-29,FORMULE SANDWICH,14.0,13.23487983599021,0.7651201640097902
2022-06-30,FORMULE SANDWICH,16.0,13.136963731380229,2.863036268619771
2022-07-01,FORMULE SANDWICH,17.0,12.867564136299896,4.132435863700104
2022-07-02,FORMULE SANDWICH,3.0,5.779067223485966,-2.779067223485966
2022-07-04,FORMULE SANDWICH,14.0,13.667179003143048,0.33282099685695243
2022-07-05,FORMULE SANDWICH,10.0,13.182856552273964,-3.1828565522739645
2022-07-06,FORMULE SANDWICH,9.0,12.545200406776555,-3.545200406776555
2022-07-07,FORMULE SANDWICH,11.0,12.423608138048296,-1.4236081380482961
2022-07-08,FORMULE SANDWICH,10.0,12.637800714196805,-2.637800714196805
2022-07-09,FORMULE SANDWICH,5.0,5.914654750730228,-0.9146547507302278
2022-07-10,FORMULE SANDWICH,6.0,5.446563641369387,0.5534363586306128
2022-07-11,FORMULE SANDWICH,17.0,13.795971887903455,3.2040281120965446
2022-07-12,FORMULE SANDWICH,23.0,13.306918402391677,9.693081597608323
2022-07-13,FORMULE SANDWICH,11.0,12.663102863412433,-1.6631028634124334
2022-07-15,FORMULE SANDWICH,14.0,12.756255373317966,1.2437446266820338
2022-07-16,FORMULE SANDWICH,9.0,5.970018935561434,3.029981064438566
2022-07-17,FORMULE SANDWICH,7.0,5.497478170981715,1.502521829018285
2022-07-18,FORMULE SANDWICH,13.0,13.924764772682712,-0.9247647726827122
2022-07-19,FORMULE SANDWICH,8.0,13.430980252519932,-5.430980252519932
2022-07-20,FORMULE SANDWICH,15.0,12.781005320052397,2.2189946799476026
2022-07-21,FORMULE SANDWICH,10.0,12.656814448221754,-2.6568144482217537
2022-07-22,FORMULE SANDWICH,11.0,12.8747100324526,-1.8747100324525992
2022-07-23,FORMULE SANDWICH,1.0,6.025383120364057,-5.025383120364057
2022-07-25,FORMULE SANDWICH,11.0,14.053557657470586,-3.053557657470586
2022-07-26,FORMULE SANDWICH,25.0,13.555042102637662,11.444957897362338
2022-07-27,FORMULE SANDWICH,10.0,12.898907776693305,-2.8989077766933047
2022-07-28,FORMULE SANDWICH,15.0,12.773417603303555,2.226582396696445
2022-07-29,FORMULE SANDWICH,10.0,12.99316469157394,-2.9931646915739396
2022-07-30,FORMULE SANDWICH,11.0,6.080747305173998,4.919252694826002
2022-07-31,FORMULE SANDWICH,2.0,5.599307230193731,-3.599307230193731
2022-08-01,FORMULE SANDWICH,10.0,14.182350542249957,-4.1823505422499565
2022-08-02,FORMULE SANDWICH,16.0,13.725669581508997,2.2743304184910027
2022-08-03,FORMULE SANDWICH,13.0,12.763679958168426,0.23632004183157385
2022-08-04,FORMULE SANDWICH,16.0,12.758401907017545,3.2415980929824553
2022-08-05,FORMULE SANDWICH,11.0,12.848311075190706,-1.848311075190706
2022-08-06,FORMULE SANDWICH,14.0,6.086149604705135,7.913850395294865
2022-08-07,FORMULE SANDWICH,6.0,5.5140427437784565,0.4859572562215435
2022-08-08,FORMULE SANDWICH,14.0,14.186839795633244,-0.1868397956332437
2022-08-09,FORMULE SANDWICH,10.0,13.844084407960178,-3.844084407960178
2022-08-10,FORMULE SANDWICH,22.0,12.873659910176364,9.126340089823636
2022-08-11,FORMULE SANDWICH,10.0,12.868201222783778,-2.868201222783778
2022-08-12,FORMULE SANDWICH,8.0,12.958748377464703,-4.958748377464703
2022-08-13,FORMULE SANDWICH,15.0,6.138398777142325,8.861601222857676
2022-08-14,FORMULE SANDWICH,2.0,5.561322433792117,-3.5613224337921174
2022-08-15,FORMULE SANDWICH,5.0,17.041349715403946,-12.041349715403946
2022-08-16,FORMULE SANDWICH,12.0,13.962499234409934,-1.9624992344099343
2022-08-17,FORMULE SANDWICH,8.0,12.983639862184289,-4.983639862184289
2022-08-18,FORMULE SANDWICH,6.0,12.97800053854541,-6.978000538545411
2022-08-19,FORMULE SANDWICH,3.0,13.069185679711829,-10.069185679711829
2022-08-20,FORMULE SANDWICH,5.0,6.190647949572496,-1.1906479495724964
2022-08-21,FORMULE SANDWICH,4.0,5.6086021238000106,-1.6086021238000106
2022-08-22,FORMULE SANDWICH,8.0,14.429829852846028,-6.429829852846028
2022-08-23,FORMULE SANDWICH,15.0,14.080914060872244,0.9190859391277559
2022-08-24,FORMULE SANDWICH,13.0,13.093619814192186,-0.09361981419218601
2022-08-25,FORMULE SANDWICH,14.0,13.087799854311534,0.9122001456884661
2022-08-26,FORMULE SANDWICH,17.0,13.179622981965574,3.820377018034426
2022-08-27,FORMULE SANDWICH,1.0,6.242897122016581,-5.242897122016581
2022-08-28,FORMULE SANDWICH,14.0,5.655881813807953,8.344118186192047
2022-08-29,FORMULE SANDWICH,9.0,14.551324881468474,-5.551324881468474
2022-08-30,FORMULE SANDWICH,16.0,14.19932888732272,1.8006711126772803
2022-08-31,FORMULE SANDWICH,10.0,13.2035997662025,-3.2035997662024993
2022-09-02,FORMULE SANDWICH,14.0,12.469653504899467,1.5303464951005328
2022-09-03,FORMULE SANDWICH,6.0,6.1928638099231135,-0.19286380992311347
2022-09-04,FORMULE SANDWICH,3.0,5.739952889042228,-2.739952889042228
2022-09-05,FORMULE SANDWICH,12.0,13.614368544466096,-1.614368544466096
2022-09-06,FORMULE SANDWICH,5.0,13.59493674591451,-8.59493674591451
2022-09-07,FORMULE SANDWICH,10.0,12.851817419681629,-2.8518174196816286
2022-09-08,FORMULE SANDWICH,10.0,12.553500426242705,-2.553500426242705
2022-09-09,FORMULE SANDWICH,4.0,12.546920561905496,-8.546920561905496
2022-09-10,FORMULE SANDWICH,6.0,6.231203380698772,-0.2312033806987719
2022-09-11,FORMULE SANDWICH,2.0,5.775457120570425,-3.775457120570425
2022-09-12,FORMULE SANDWICH,10.0,13.698505288759526,-3.6985052887595256
2022-09-13,FORMULE SANDWICH,6.0,13.678879292533233,-7.678879292533233
2022-09-14,FORMULE SANDWICH,12.0,12.931101607874561,-0.9311016078745613
2022-09-15,FORMULE SANDWICH,6.0,12.63087607491491,-6.6308760749149105
2022-09-16,FORMULE SANDWICH,10.0,12.624187618923266,-2.6241876189232656
2022-09-17,FORMULE SANDWICH,6.0,6.26954295146799,-0.2695429514679901
2022-09-20,FORMULE SANDWICH,5.0,13.762821839149824,-8.762821839149824
2022-09-21,FORMULE SANDWICH,12.0,13.010385796062014,-1.010385796062014
2022-09-22,FORMULE SANDWICH,8.0,12.708251723582835,-4.708251723582835
2022-09-23,FORMULE SANDWICH,5.0,12.701454675935075,-7.701454675935075
2022-09-24,FORMULE SANDWICH,5.0,6.3078825222371036,-1.3078825222371036
2022-09-26,FORMULE SANDWICH,6.0,13.866778777323168,-7.866778777323168
2022-09-27,FORMULE SANDWICH,13.0,13.846764385768514,-0.8467643857685143
2022-09-28,FORMULE SANDWICH,9.0,13.089669984251266,-4.089669984251266
2022-09-29,FORMULE SANDWICH,3.0,12.785627372255073,-9.785627372255073
2022-09-30,FORMULE SANDWICH,9.0,12.778721732966,-3.778721732966
2022-02-03,CROISSANT AMANDES,1.0,3.0930314529215037,-2.0930314529215037
2022-02-04,CROISSANT AMANDES,3.0,3.4185316772718166,-0.4185316772718166
2022-02-06,CROISSANT AMANDES,3.0,3.1703969857828707,-0.17039698578287066
2022-02-07,CROISSANT AMANDES,2.0,3.3748370062690656,-1.3748370062690656
2022-02-08,CROISSANT AMANDES,3.0,3.398167438671928,-0.39816743867192805
2022-02-10,CROISSANT AMANDES,1.0,3.070459685711683,-2.070459685711683
2022-02-11,CROISSANT AMANDES,3.0,3.3935584982527724,-0.39355849825277245
2022-02-13,CROISSANT AMANDES,4.0,3.147188047192784,0.8528119528072158
2022-02-14,CROISSANT AMANDES,1.0,3.3501055976421,-2.3501055976421
2022-02-15,CROISSANT AMANDES,3.0,3.373238963278537,-0.3732389632785371
2022-02-17,CROISSANT AMANDES,5.0,3.047887918502923,1.9521120814970772
2022-02-18,CROISSANT AMANDES,2.0,3.368585319234096,-1.368585319234096
2022-02-19,CROISSANT AMANDES,2.0,3.312387554975055,-1.312387554975055
2022-02-20,CROISSANT AMANDES,5.0,3.123979108602692,1.876020891397308
2022-02-22,CROISSANT AMANDES,1.0,3.348310487884802,-2.348310487884802
2022-02-24,CROISSANT AMANDES,4.0,3.0253161512937092,0.9746838487062908
2022-02-25,CROISSANT AMANDES,3.0,3.343612140215046,-0.34361214021504605
2022-02-26,CROISSANT AMANDES,7.0,3.287804966050762,3.712195033949238
2022-02-27,CROISSANT AMANDES,4.0,3.1007701700115065,0.8992298299884935
2022-02-28,CROISSANT AMANDES,2.0,3.300642780388158,-1.300642780388158
2022-03-01,CROISSANT AMANDES,6.0,3.323382012491227,2.676617987508773
2022-03-02,CROISSANT AMANDES,2.0,3.1993623287917754,-1.1993623287917754
2022-03-03,CROISSANT AMANDES,2.0,3.002744384084128,-1.002744384084128
2022-03-04,CROISSANT AMANDES,3.0,3.2560305303867603,-0.25603053038676027
2022-03-05,CROISSANT AMANDES,5.0,3.2576297527021234,1.7423702472978766
2022-03-06,CROISSANT AMANDES,4.0,3.0991210254893793,0.9008789745106207
2022-03-07,CROISSANT AMANDES,2.0,3.169358425923876,-1.169358425923876
2022-03-08,CROISSANT AMANDES,6.0,3.2492173826152593,2.7507826173847407
2022-03-09,CROISSANT AMANDES,2.0,3.1467577348209947,-1.1467577348209947
2022-03-10,CROISSANT AMANDES,2.0,2.9549824481524944,-0.9549824481524944
2022-03-11,CROISSANT AMANDES,6.0,3.232465665535032,2.767534334464968
2022-03-12,CROISSANT AMANDES,3.0,3.234028912897708,-0.234028912897708
2022-03-13,CROISSANT AMANDES,6.0,3.0766452862372855,2.9233547137627145
2022-03-14,CROISSANT AMANDES,1.0,3.1463494660868205,-2.1463494660868205
2022-03-15,CROISSANT AMANDES,4.0,3.225604171773399,0.7743958282266008
2022-03-16,CROISSANT AMANDES,1.0,3.123865367740887,-2.123865367740887
2022-03-17,CROISSANT AMANDES,1.0,2.9334628635696545,-1.9334628635696545
2022-03-18,CROISSANT AMANDES,3.0,3.208900800683667,-0.2089008006836668
2022-03-19,CROISSANT AMANDES,2.0,3.210428073093562,-1.2104280730935622
2022-03-20,CROISSANT AMANDES,7.0,3.054169546985188,3.945830453014812
2022-03-21,CROISSANT AMANDES,4.0,3.1233405062505253,0.8766594937494747
2022-03-22,CROISSANT AMANDES,1.0,3.2019909609311656,-2.2019909609311656
2022-03-23,CROISSANT AMANDES,5.0,3.100973000660781,1.899026999339219
2022-03-24,CROISSANT AMANDES,4.0,2.9119432789867523,1.0880567210132477
2022-03-25,CROISSANT AMANDES,1.0,3.1853359358312288,-2.1853359358312288
2022-03-26,CROISSANT AMANDES,3.0,3.186827233289926,-0.18682723328992612
2022-03-27,CROISSANT AMANDES,4.0,3.031693807732797,0.9683061922672032
2022-03-28,CROISSANT AMANDES,3.0,3.1003315464142283,-0.10033154641422826
2022-03-29,CROISSANT AMANDES,2.0,3.1783777500893047,-1.1783777500893047
2022-03-30,CROISSANT AMANDES,2.0,3.078080633581647,-1.078080633581647
2022-03-31,CROISSANT AMANDES,3.0,2.890423694403849,0.10957630559615117
2022-04-01,CROISSANT AMANDES,5.0,3.161771070979684,1.8382289290203162
2022-04-02,CROISSANT AMANDES,7.0,3.1632263934860374,3.8367736065139626
2022-04-03,CROISSANT AMANDES,3.0,2.9868524853023453,0.013147514697654739
2022-04-04,CROISSANT AMANDES,3.0,2.9800936083176417,0.019906391682358304
2022-04-05,CROISSANT AMANDES,1.0,3.130861026941813,-2.130861026941813
2022-04-06,CROISSANT AMANDES,2.0,2.8968234038636824,-0.8968234038636824
2022-04-07,CROISSANT AMANDES,3.0,2.8251757837135734,0.17482421628642664
2022-04-08,CROISSANT AMANDES,2.0,3.11579799603585,-1.11579799603585
2022-04-09,CROISSANT AMANDES,3.0,3.1790971221856212,-0.17909712218562124
2022-04-10,CROISSANT AMANDES,7.0,2.958210005617234,4.041789994382766
2022-04-11,CROISSANT AMANDES,4.0,2.951476739868885,1.0485232601311152
2022-04-12,CROISSANT AMANDES,4.0,3.1007550884232304,0.8992449115767696
2022-04-13,CROISSANT AMANDES,2.0,2.868929622098801,-0.868929622098801
2022-04-14,CROISSANT AMANDES,4.0,2.7979344307532394,1.2020655692467606
2022-04-15,CROISSANT AMANDES,4.0,3.0857129184281376,0.9142870815718624
2022-04-16,CROISSANT AMANDES,7.0,3.148358449611079,3.851641550388921
2022-04-17,CROISSANT AMANDES,3.0,2.9295675259313523,0.07043247406864772
2022-04-18,CROISSANT AMANDES,4.0,0.7502038532152399,3.2497961467847603
2022-04-19,CROISSANT AMANDES,3.0,3.070649149904649,-0.0706491499046491
2022-04-20,CROISSANT AMANDES,5.0,2.8410358403337748,2.1589641596662252
2022-04-21,CROISSANT AMANDES,3.0,2.7706930777922665,0.22930692220773352
2022-04-22,CROISSANT AMANDES,2.0,3.055627840819448,-1.0556278408194482
2022-04-23,CROISSANT AMANDES,8.0,3.117619777036636,4.882380222963365
2022-04-24,CROISSANT AMANDES,5.0,2.9009250462456007,2.0990749537543993
2022-04-25,CROISSANT AMANDES,3.0,2.894243002971327,0.10575699702867292
2022-04-26,CROISSANT AMANDES,4.0,3.040543211386214,0.9594567886137861
2022-04-27,CROISSANT AMANDES,5.0,2.813142058568826,2.186857941431174
2022-04-28,CROISSANT AMANDES,3.0,2.7434517248320356,0.2565482751679644
2022-04-29,CROISSANT AMANDES,1.0,3.0255427632117406,-2.0255427632117406
2022-04-30,CROISSANT AMANDES,5.0,3.086881104462098,1.913118895537902
2022-05-01,CROISSANT AMANDES,5.0,2.0388886662719368,2.9611113337280632
2022-05-02,CROISSANT AMANDES,4.0,2.8656261345218246,1.1343738654781754
2022-05-03,CROISSANT AMANDES,6.0,3.448524142452753,2.551475857547247
2022-05-05,CROISSANT AMANDES,3.0,3.1364022204495288,-0.13640222044952877
2022-05-06,CROISSANT AMANDES,6.0,3.426021826199307,2.573978173800693
2022-05-07,CROISSANT AMANDES,4.0,3.648546947292085,0.35145305270791516
2022-05-08,CROISSANT AMANDES,7.0,3.3879376095232927,3.6120623904767073
2022-05-09,CROISSANT AMANDES,4.0,3.3127635229045995,0.6872364770954005
2022-05-10,CROISSANT AMANDES,4.0,3.439546410637738,0.560453589362262
2022-05-11,CROISSANT AMANDES,5.0,3.332182741371599,1.6678172586284008
2022-05-12,CROISSANT AMANDES,4.0,3.1282309748320722,0.8717690251679278
2022-05-13,CROISSANT AMANDES,4.0,3.417092713476549,0.5829072865234508
2022-05-14,CROISSANT AMANDES,3.0,3.6390343338901743,-0.6390343338901743
2022-05-15,CROISSANT AMANDES,2.0,3.3791011742511237,-1.3791011742511237
2022-05-16,CROISSANT AMANDES,4.0,3.3041199364429694,0.6958800635570306
2022-05-17,CROISSANT AMANDES,6.0,3.430568678822762,2.569431321177238
2022-05-18,CROISSANT AMANDES,5.0,3.323482000511324,1.6765179994886759
2022-05-19,CROISSANT AMANDES,4.0,3.120059729214719,0.8799402707852808
2022-05-20,CROISSANT AMANDES,5.0,3.4081636007537877,1.5918363992462123
2022-05-21,CROISSANT AMANDES,6.0,3.6295217204881522,2.3704782795118478
2022-05-22,CROISSANT AMANDES,7.0,3.370264738978875,3.629735261021125
2022-05-23,CROISSANT AMANDES,3.0,3.2954763499808477,-0.2954763499808477
2022-05-24,CROISSANT AMANDES,4.0,3.421590947007746,0.5784090529922539
2022-05-25,CROISSANT AMANDES,2.0,3.3147812596498816,-1.3147812596498816
2022-05-26,CROISSANT AMANDES,2.0,5.356873685406491,-3.356873685406491
2022-05-27,CROISSANT AMANDES,8.0,3.3992344880309076,4.600765511969092
2022-05-28,CROISSANT AMANDES,4.0,3.6200091070863523,0.37999089291364774
2022-05-29,CROISSANT AMANDES,6.0,3.3614283037078003,2.6385716962921997
2022-05-30,CROISSANT AMANDES,6.0,3.2868327635192522,2.7131672364807478
2022-05-31,CROISSANT AMANDES,6.0,3.412613215192731,2.587386784807269
2022-06-01,CROISSANT AMANDES,3.0,3.306080518788507,-0.30608051878850695
2022-06-03,CROISSANT AMANDES,1.0,3.6936094594436066,-2.6936094594436066
2022-06-04,CROISSANT AMANDES,3.0,3.8233436269052574,-0.8233436269052574
2022-06-05,CROISSANT AMANDES,9.0,3.7436695344901985,5.2563304655098015
2022-06-06,CROISSANT AMANDES,6.0,3.832893919971538,2.167106080028462
2022-06-07,CROISSANT AMANDES,4.0,3.6969647051646093,0.3030352948353907
2022-06-10,CROISSANT AMANDES,2.0,3.690110999578235,-1.690110999578235
2022-06-11,CROISSANT AMANDES,1.0,3.819721797229595,-2.819721797229595
2022-06-12,CROISSANT AMANDES,2.0,3.740122699602481,-1.7401226996024808
2022-06-13,CROISSANT AMANDES,2.0,3.528367409112608,-1.528367409112608
2022-06-14,CROISSANT AMANDES,3.0,3.6934611710815926,-0.6934611710815926
2022-06-15,CROISSANT AMANDES,4.0,3.492015309951695,0.5079846900483052
2022-06-16,CROISSANT AMANDES,3.0,3.276151628104575,-0.27615162810457505
2022-06-17,CROISSANT AMANDES,1.0,3.6866125397123657,-2.6866125397123657
2022-06-18,CROISSANT AMANDES,3.0,3.816099967553888,-0.816099967553888
2022-06-19,CROISSANT AMANDES,11.0,3.736575864715673,7.2634241352843265
2022-06-20,CROISSANT AMANDES,3.0,3.5250209327383537,-0.5250209327383537
2022-06-21,CROISSANT AMANDES,2.0,3.6899576369976663,-1.6899576369976663
2022-06-23,CROISSANT AMANDES,5.0,3.2730431019760737,1.7269568980239263
2022-06-24,CROISSANT AMANDES,4.0,3.6831140798467437,0.31688592015325634
2022-06-25,CROISSANT AMANDES,1.0,3.8124781378782897,-2.8124781378782897
2022-06-26,CROISSANT AMANDES,7.0,3.733029029827955,3.266970970172045
2022-06-27,CROISSANT AMANDES,5.0,3.521674456364099,1.478325543635901
2022-06-28,CROISSANT AMANDES,3.0,3.6864541029146487,-0.6864541029146487
2022-06-29,CROISSANT AMANDES,2.0,3.485389517931693,-1.4853895179316932
2022-06-30,CROISSANT AMANDES,2.0,3.26993457584685,-1.2699345758468499
2022-07-01,CROISSANT AMANDES,4.0,5.170683980829743,-1.1706839808297431
2022-07-02,CROISSANT AMANDES,8.0,4.993435890990107,3.0065641090098927
2022-07-03,CROISSANT AMANDES,8.0,5.075953169176015,2.9240468308239853
2022-07-05,CROISSANT AMANDES,4.0,4.909801672897754,-0.9098016728977543
2022-07-06,CROISSANT AMANDES,8.0,4.7180957048641545,3.2819042951358455
2022-07-07,CROISSANT AMANDES,2.0,4.5419139048172354,-2.5419139048172354
2022-07-08,CROISSANT AMANDES,5.0,4.838782308827679,0.16121769117232088
2022-07-09,CROISSANT AMANDES,6.0,4.986196586261829,1.013803413738171
2022-07-10,CROISSANT AMANDES,4.0,5.068592709430729,-1.068592709430729
2022-07-11,CROISSANT AMANDES,6.0,4.728587056810413,1.2714129431895866
2022-07-12,CROISSANT AMANDES,4.0,4.9026791926739355,-0.9026791926739355
2022-07-13,CROISSANT AMANDES,3.0,4.711249907178768,-1.7112499071787681
2022-07-14,CROISSANT AMANDES,7.0,5.665737203002188,1.3342627969978116
2022-07-15,CROISSANT AMANDES,10.0,4.831758487142858,5.168241512857142
2022-07-16,CROISSANT AMANDES,9.0,4.978957281533095,4.021042718466905
2022-07-17,CROISSANT AMANDES,10.0,5.061232249685443,4.938767750314557
2022-07-18,CROISSANT AMANDES,9.0,4.721718918356982,4.278281081643018
2022-07-19,CROISSANT AMANDES,1.0,4.895556712450045,-3.8955567124500448
2022-07-20,CROISSANT AMANDES,8.0,4.704404109492036,3.295595890507964
2022-07-21,CROISSANT AMANDES,4.0,4.5287308445438015,-0.5287308445438015
2022-07-22,CROISSANT AMANDES,8.0,4.824734665457056,3.175265334542944
2022-07-23,CROISSANT AMANDES,5.0,4.971717976805103,0.02828202319489659
2022-07-24,CROISSANT AMANDES,5.0,5.05387178994013,-0.0538717899401302
2022-07-25,CROISSANT AMANDES,8.0,4.714850779904169,3.285149220095831
2022-07-26,CROISSANT AMANDES,5.0,4.888434232226226,0.11156576777377403
2022-07-27,CROISSANT AMANDES,10.0,4.6975583118069,5.3024416881931
2022-07-28,CROISSANT AMANDES,4.0,4.522139314407749,-0.5221393144077489
2022-07-29,CROISSANT AMANDES,5.0,4.817710843772236,0.18228915622776398
2022-07-30,CROISSANT AMANDES,8.0,4.964478672076823,3.0355213279231767
2022-07-31,CROISSANT AMANDES,4.0,5.046511330194844,-1.0465113301948437
2022-08-01,CROISSANT AMANDES,9.0,5.5122280631243346,3.4877719368756654
2022-08-02,CROISSANT AMANDES,8.0,5.515793299602805,2.484206700397195
2022-08-03,CROISSANT AMANDES,8.0,5.504630943377092,2.4953690566229083
2022-08-04,CROISSANT AMANDES,11.0,5.144720364705439,5.855279635294561
2022-08-05,CROISSANT AMANDES,2.0,5.619247910923608,-3.619247910923608
2022-08-06,CROISSANT AMANDES,7.0,5.817318274871407,1.1826817251285933
2022-08-07,CROISSANT AMANDES,10.0,5.868540050182246,4.131459949817754
2022-08-08,CROISSANT AMANDES,5.0,5.517952744878593,-0.5179527448785928
2022-08-09,CROISSANT AMANDES,4.0,5.521520834251835,-1.5215208342518354
2022-08-10,CROISSANT AMANDES,6.0,5.510346039382504,0.48965396061749633
2022-08-11,CROISSANT AMANDES,9.0,5.150060997127683,3.8499390028723166
2022-08-12,CROISSANT AMANDES,4.0,5.625080276077929,-1.625080276077929
2022-08-13,CROISSANT AMANDES,9.0,5.823355327321145,3.1766446726788553
2022-08-14,CROISSANT AMANDES,13.0,5.8746293564184615,7.1253706435815385
2022-08-15,CROISSANT AMANDES,6.0,9.994741081233423,-3.994741081233423
2022-08-16,CROISSANT AMANDES,4.0,5.527248368899337,-1.527248368899337
2022-08-17,CROISSANT AMANDES,11.0,5.516061135387914,5.483938864612086
2022-08-18,CROISSANT AMANDES,3.0,5.155401629549659,-2.155401629549659
2022-08-19,CROISSANT AMANDES,7.0,5.630912641234186,1.3690873587658139
2022-08-20,CROISSANT AMANDES,9.0,5.829392379770528,3.1706076202294717
2022-08-21,CROISSANT AMANDES,9.0,5.880718662654052,3.1192813373459476
2022-08-22,CROISSANT AMANDES,7.0,5.529402108389121,1.470597891610879
2022-08-23,CROISSANT AMANDES,5.0,5.532975903548245,-0.5329759035482446
2022-08-24,CROISSANT AMANDES,3.0,5.521776231393324,-2.521776231393324
2022-08-25,CROISSANT AMANDES,6.0,5.160742261971904,0.8392577380280963
2022-08-26,CROISSANT AMANDES,8.0,5.6367450063904565,2.3632549936095435
2022-08-27,CROISSANT AMANDES,7.0,5.835429432220622,1.1645705677793776
2022-08-28,CROISSANT AMANDES,4.0,5.8868079688896415,-1.8868079688896415
2022-08-29,CROISSANT AMANDES,7.0,5.535126790144925,1.4648732098550754
2022-08-30,CROISSANT AMANDES,9.0,5.53870343819651,3.46129656180349
2022-08-31,CROISSANT AMANDES,2.0,6.3377317318729,-4.3377317318729
2022-09-02,CROISSANT AMANDES,5.0,4.17738373966401,0.8226162603359901
2022-09-03,CROISSANT AMANDES,5.0,4.516149351095064,0.48385064890493634
2022-09-04,CROISSANT AMANDES,6.0,4.738364308475392,1.2616356915246083
2022-09-05,CROISSANT AMANDES,8.0,4.2150058658404745,3.7849941341595255
2022-09-06,CROISSANT AMANDES,3.0,4.11543384129622,-1.1154338412962197
2022-09-07,CROISSANT AMANDES,2.0,4.221157496802251,-2.2211574968022507
2022-09-08,CROISSANT AMANDES,4.0,3.8401520449330158,0.15984795506698424
2022-09-09,CROISSANT AMANDES,6.0,4.197900480275773,1.8020995197242273
2022-09-11,CROISSANT AMANDES,5.0,4.761603630096102,0.23839636990389756
2022-09-12,CROISSANT AMANDES,8.0,4.23566390053397,3.76433609946603
2022-09-13,CROISSANT AMANDES,3.0,4.135589754407764,-1.1355897544077642
2022-09-15,CROISSANT AMANDES,7.0,3.858933445629209,3.141066554370791
2022-09-16,CROISSANT AMANDES,4.0,4.2184172208874875,-0.2184172208874875
2022-09-17,CROISSANT AMANDES,6.0,4.560479346031489,1.4395206539685113
2022-09-18,CROISSANT AMANDES,6.0,4.78484295171691,1.21515704828309
2022-09-20,CROISSANT AMANDES,5.0,4.155745667517704,0.8442543324822962
2022-09-21,CROISSANT AMANDES,5.0,4.2624760067911724,0.7375239932088276
2022-09-22,CROISSANT AMANDES,5.0,3.8777148463257802,1.1222851536742198
2022-09-23,CROISSANT AMANDES,7.0,4.238933961499232,2.7610660385007684
2022-09-24,CROISSANT AMANDES,7.0,4.582644343499537,2.4173556565004626
2022-09-25,CROISSANT AMANDES,3.0,4.808082273337626,-1.808082273337626
2022-09-26,CROISSANT AMANDES,3.0,4.276979969922383,-1.2769799699223832
2022-09-27,CROISSANT AMANDES,4.0,4.175901580629253,-0.17590158062925276
2022-09-28,CROISSANT AMANDES,2.0,4.283135261785027,-2.283135261785027
2022-09-29,CROISSANT AMANDES,1.0,3.8964962470219726,-2.8964962470219726
2022-02-03,PAIN CHOCO AMANDES,1.0,2.594477382600229,-1.5944773826002292
2022-02-04,PAIN CHOCO AMANDES,2.0,3.12104642464501,-1.12104642464501
2022-02-05,PAIN CHOCO AMANDES,4.0,2.906258794586895,1.0937412054131048
2022-02-06,PAIN CHOCO AMANDES,1.0,3.5540121221738423,-2.5540121221738423
2022-02-07,PAIN CHOCO AMANDES,1.0,2.7605418784494318,-1.7605418784494318
2022-02-08,PAIN CHOCO AMANDES,1.0,2.9519752485768516,-1.9519752485768516
2022-02-10,PAIN CHOCO AMANDES,1.0,2.56378495891767,-1.5637849589176702
2022-02-11,PAIN CHOCO AMANDES,1.0,3.0840622358828544,-2.0840622358828544
2022-02-12,PAIN CHOCO AMANDES,1.0,2.8717614259115107,-1.8717614259115107
2022-02-13,PAIN CHOCO AMANDES,4.0,3.5117542469436134,0.4882457530563866
2022-02-14,PAIN CHOCO AMANDES,4.0,2.7276626656681806,1.2723373343318194
2022-02-15,PAIN CHOCO AMANDES,2.0,2.9167560589362447,-0.9167560589362447
2022-02-17,PAIN CHOCO AMANDES,2.0,2.5330925352311944,-0.5330925352311944
2022-02-18,PAIN CHOCO AMANDES,2.0,3.047078047119301,-1.0470780471193009
2022-02-19,PAIN CHOCO AMANDES,2.0,2.837264057235596,-0.837264057235596
2022-02-20,PAIN CHOCO AMANDES,2.0,3.4694963717133773,-1.4694963717133773
2022-02-21,PAIN CHOCO AMANDES,1.0,2.6947834528856,-1.6947834528855998
2022-02-22,PAIN CHOCO AMANDES,2.0,2.881536869295258,-0.8815368692952581
2022-02-25,PAIN CHOCO AMANDES,4.0,3.0100938583571364,0.9899061416428636
2022-02-26,PAIN CHOCO AMANDES,4.0,2.8027666885586813,1.1972333114413187
2022-02-27,PAIN CHOCO AMANDES,10.0,3.4272384964823766,6.572761503517624
2022-03-01,PAIN CHOCO AMANDES,5.0,2.846317679656199,2.153682320343801
2022-03-04,PAIN CHOCO AMANDES,3.0,2.9731096695936063,0.02689033040639366
2022-03-05,PAIN CHOCO AMANDES,3.0,2.7505407792816583,0.2494592207183417
2022-03-06,PAIN CHOCO AMANDES,5.0,3.3895468588815083,1.6104531411184917
2022-03-07,PAIN CHOCO AMANDES,4.0,2.567780697284687,1.4322193027153132
2022-03-08,PAIN CHOCO AMANDES,3.0,2.777538164744474,0.2224618352555261
2022-03-09,PAIN CHOCO AMANDES,1.0,2.6518494412552274,-1.6518494412552274
2022-03-10,PAIN CHOCO AMANDES,1.0,2.3880741466902426,-1.3880741466902426
2022-03-11,PAIN CHOCO AMANDES,5.0,2.8864597075269733,2.1135402924730267
2022-03-12,PAIN CHOCO AMANDES,5.0,2.7190106606416826,2.2809893393583174
2022-03-13,PAIN CHOCO AMANDES,3.0,3.3506279240795624,-0.35062792407956245
2022-03-14,PAIN CHOCO AMANDES,4.0,2.538248878984707,1.461751121015293
2022-03-15,PAIN CHOCO AMANDES,3.0,2.7455413740733667,0.25445862592663326
2022-03-16,PAIN CHOCO AMANDES,3.0,2.621250207470663,0.3787497925293368
2022-03-17,PAIN CHOCO AMANDES,1.0,2.360473072860547,-1.3604730728605472
2022-03-18,PAIN CHOCO AMANDES,2.0,2.85304317842481,-0.85304317842481
2022-03-19,PAIN CHOCO AMANDES,1.0,2.687480542001299,-1.6874805420012988
2022-03-20,PAIN CHOCO AMANDES,4.0,3.3117089892776077,0.6882910107223923
2022-03-21,PAIN CHOCO AMANDES,1.0,2.5087170606836002,-1.5087170606836002
2022-03-22,PAIN CHOCO AMANDES,3.0,2.7135445833982916,0.28645541660170837
2022-03-23,PAIN CHOCO AMANDES,1.0,2.5906509736860897,-1.5906509736860897
2022-03-24,PAIN CHOCO AMANDES,6.0,2.3328719990327493,3.6671280009672507
2022-03-25,PAIN CHOCO AMANDES,1.0,2.8196266493226654,-1.8196266493226654
2022-03-26,PAIN CHOCO AMANDES,5.0,2.6559504233597155,2.3440495766402845
2022-03-27,PAIN CHOCO AMANDES,3.0,3.2727900544750934,-0.2727900544750934
2022-03-28,PAIN CHOCO AMANDES,1.0,2.4791852423824894,-1.4791852423824894
2022-03-29,PAIN CHOCO AMANDES,4.0,2.6815477927271596,1.3184522072728404
2022-03-30,PAIN CHOCO AMANDES,2.0,2.560051739901787,-0.560051739901787
2022-03-31,PAIN CHOCO AMANDES,2.0,2.305270925204918,-0.30527092520491816
2022-04-01,PAIN CHOCO AMANDES,6.0,2.7862101202217864,3.2137898797782136
2022-04-02,PAIN CHOCO AMANDES,5.0,2.6244203047189516,2.3755796952810484
2022-04-03,PAIN CHOCO AMANDES,5.0,3.233871119672586,1.7661288803274142
2022-04-04,PAIN CHOCO AMANDES,2.0,2.660762102272229,-0.660762102272229
2022-04-05,PAIN CHOCO AMANDES,3.0,2.8497157729506486,0.1502842270493514
2022-04-06,PAIN CHOCO AMANDES,2.0,2.5729448772347148,-0.5729448772347148
2022-04-07,PAIN CHOCO AMANDES,6.0,2.4334288223732012,3.5665711776267988
2022-04-09,PAIN CHOCO AMANDES,1.0,2.822914103388175,-1.8229141033881748
2022-04-10,PAIN CHOCO AMANDES,4.0,3.48428923668408,0.5157107633159201
2022-04-11,PAIN CHOCO AMANDES,3.0,2.636532040947337,0.36346795905266305
2022-04-12,PAIN CHOCO AMANDES,1.0,2.8237312131881334,-1.8237312131881334
2022-04-13,PAIN CHOCO AMANDES,2.0,2.5494533968533046,-0.5494533968533046
2022-04-14,PAIN CHOCO AMANDES,1.0,2.4111821336896293,-1.4111821336896293
2022-04-15,PAIN CHOCO AMANDES,5.0,2.9429450789717735,2.0570549210282265
2022-04-16,PAIN CHOCO AMANDES,3.0,2.797039108724003,0.20296089127599704
2022-04-17,PAIN CHOCO AMANDES,1.0,3.4523101645505396,-2.4523101645505396
2022-04-18,PAIN CHOCO AMANDES,1.0,2.894490217151029,-1.894490217151029
2022-04-19,PAIN CHOCO AMANDES,6.0,2.797746653425628,3.202253346574372
2022-04-20,PAIN CHOCO AMANDES,1.0,2.5259619164674243,-1.5259619164674243
2022-04-21,PAIN CHOCO AMANDES,3.0,2.388935445005916,0.6110645549940839
2022-04-22,PAIN CHOCO AMANDES,2.0,2.915756261170051,-0.9157562611700509
2022-04-23,PAIN CHOCO AMANDES,5.0,2.771164114060488,2.228835885939512
2022-04-24,PAIN CHOCO AMANDES,3.0,3.4203310924163546,-0.4203310924163546
2022-04-25,PAIN CHOCO AMANDES,4.0,2.5880719183000855,1.4119280816999145
2022-04-26,PAIN CHOCO AMANDES,1.0,2.771762093663635,-1.771762093663635
2022-04-28,PAIN CHOCO AMANDES,3.0,2.366688756324406,0.6333112436755939
2022-04-29,PAIN CHOCO AMANDES,2.0,2.8885674433667363,-0.8885674433667363
2022-04-30,PAIN CHOCO AMANDES,2.0,2.7452891193963063,-0.7452891193963063
2022-05-01,PAIN CHOCO AMANDES,2.0,3.588483473274343,-1.588483473274343
2022-05-02,PAIN CHOCO AMANDES,3.0,2.5638418569776737,0.43615814302232625
2022-05-03,PAIN CHOCO AMANDES,5.0,2.745777533901144,2.254222466098856
2022-05-05,PAIN CHOCO AMANDES,1.0,2.477617878309339,-1.477617878309339
2022-05-06,PAIN CHOCO AMANDES,1.0,2.9600719319734923,-1.9600719319734923
2022-05-07,PAIN CHOCO AMANDES,2.0,2.84716567137815,-0.8471656713781499
2022-05-08,PAIN CHOCO AMANDES,4.0,3.052041016055933,0.947958983944067
2022-05-09,PAIN CHOCO AMANDES,2.0,2.6131384820962293,-0.6131384820962293
2022-05-10,PAIN CHOCO AMANDES,5.0,2.8516290233381416,2.1483709766618584
2022-05-11,PAIN CHOCO AMANDES,2.0,2.5902062817269806,-0.5902062817269806
2022-05-12,PAIN CHOCO AMANDES,3.0,2.4620105439456967,0.5379894560543033
2022-05-13,PAIN CHOCO AMANDES,4.0,2.9414086648196753,1.0585913351803247
2022-05-14,PAIN CHOCO AMANDES,1.0,2.8291980950533477,-1.8291980950533477
2022-05-15,PAIN CHOCO AMANDES,2.0,3.371511467775113,-1.3715114677751128
2022-05-16,PAIN CHOCO AMANDES,5.0,2.5966179911822436,2.4033820088177564
2022-05-17,PAIN CHOCO AMANDES,1.0,2.8335844772518355,-1.8335844772518355
2022-05-18,PAIN CHOCO AMANDES,1.0,2.573801137408521,-1.573801137408521
2022-05-19,PAIN CHOCO AMANDES,5.0,2.446403209580137,2.553596790419863
2022-05-20,PAIN CHOCO AMANDES,3.0,2.922745397665867,0.07725460233413317
2022-05-21,PAIN CHOCO AMANDES,6.0,2.811230518729223,3.188769481270777
2022-05-22,PAIN CHOCO AMANDES,3.0,3.350080342441815,-0.3500803424418151
2022-05-23,PAIN CHOCO AMANDES,5.0,2.580097500268179,2.419902499731821
2022-05-24,PAIN CHOCO AMANDES,3.0,2.815539931168917,0.18446006883108312
2022-05-25,PAIN CHOCO AMANDES,5.0,2.5573959930896426,2.4426040069103574
2022-05-26,PAIN CHOCO AMANDES,7.0,3.2370712319957677,3.7629287680042323
2022-05-27,PAIN CHOCO AMANDES,9.0,2.904082130513492,6.095917869486508
2022-05-28,PAIN CHOCO AMANDES,2.0,2.793262942403743,-0.793262942403743
2022-05-29,PAIN CHOCO AMANDES,10.0,3.3286492171093127,6.671350782890688
2022-05-30,PAIN CHOCO AMANDES,8.0,2.5635770093552335,5.4364229906447665
2022-05-31,PAIN CHOCO AMANDES,2.0,2.7974953850859823,-0.7974953850859823
2022-06-01,PAIN CHOCO AMANDES,1.0,2.5409908487687938,-1.5409908487687938
2022-06-03,PAIN CHOCO AMANDES,1.0,3.259731446386845,-2.259731446386845
2022-06-04,PAIN CHOCO AMANDES,2.0,3.0575981743011353,-1.0575981743011353
2022-06-05,PAIN CHOCO AMANDES,8.0,3.748509555641499,4.251490444358501
2022-06-06,PAIN CHOCO AMANDES,5.0,2.959749292146731,2.040250707853269
2022-06-07,PAIN CHOCO AMANDES,5.0,3.0696160240950663,1.9303839759049337
2022-06-08,PAIN CHOCO AMANDES,1.0,2.7332032047696426,-1.7332032047696426
2022-06-09,PAIN CHOCO AMANDES,2.0,2.671256172375509,-0.671256172375509
2022-06-10,PAIN CHOCO AMANDES,4.0,3.2519414051899007,0.7480585948100993
2022-06-11,PAIN CHOCO AMANDES,1.0,3.0502886917285688,-2.0502886917285688
2022-06-12,PAIN CHOCO AMANDES,1.0,3.739545321537282,-2.739545321537282
2022-06-13,PAIN CHOCO AMANDES,5.0,2.952668890630429,2.047331109369571
2022-06-14,PAIN CHOCO AMANDES,4.0,3.062270285686227,0.937729714313773
2022-06-16,PAIN CHOCO AMANDES,1.0,2.6648593545171138,-1.6648593545171138
2022-06-18,PAIN CHOCO AMANDES,1.0,3.0429792091553427,-2.0429792091553427
2022-06-19,PAIN CHOCO AMANDES,5.0,3.7305810874330874,1.2694189125669126
2022-06-20,PAIN CHOCO AMANDES,7.0,2.9455884891141273,4.054411510885872
2022-06-21,PAIN CHOCO AMANDES,4.0,3.0549245472725106,0.9450754527274894
2022-06-22,PAIN CHOCO AMANDES,2.0,2.7201173584010436,-0.7201173584010436
2022-06-23,PAIN CHOCO AMANDES,1.0,2.6584625366607986,-1.6584625366607986
2022-06-24,PAIN CHOCO AMANDES,1.0,3.2363613227914314,-2.2363613227914314
2022-06-26,PAIN CHOCO AMANDES,5.0,3.721616853328868,1.278383146671132
2022-06-27,PAIN CHOCO AMANDES,3.0,2.938508087597825,0.061491912402174886
2022-06-28,PAIN CHOCO AMANDES,6.0,3.0475788088626756,2.9524211911373244
2022-06-29,PAIN CHOCO AMANDES,2.0,2.713574435214376,-0.713574435214376
2022-06-30,PAIN CHOCO AMANDES,1.0,2.652065718801852,-1.6520657188018522
2022-07-02,PAIN CHOCO AMANDES,6.0,4.450410986210843,1.5495890137891566
2022-07-03,PAIN CHOCO AMANDES,6.0,5.284022455376374,0.7159775446236258
2022-07-04,PAIN CHOCO AMANDES,4.0,4.509134402297227,-0.5091344022972271
2022-07-05,PAIN CHOCO AMANDES,3.0,4.615355357404633,-1.615355357404633
2022-07-07,PAIN CHOCO AMANDES,2.0,4.050985150353463,-2.050985150353463
2022-07-08,PAIN CHOCO AMANDES,2.0,4.6800458684919795,-2.6800458684919795
2022-07-09,PAIN CHOCO AMANDES,2.0,4.4736741930697725,-2.4736741930697725
2022-07-10,PAIN CHOCO AMANDES,4.0,5.274537867848917,-1.2745378678489168
2022-07-11,PAIN CHOCO AMANDES,1.0,4.501038628752879,-3.5010386287528794
2022-07-12,PAIN CHOCO AMANDES,1.0,4.607066747091287,-3.607066747091287
2022-07-15,PAIN CHOCO AMANDES,11.0,4.671634608156737,6.328365391843263
2022-07-16,PAIN CHOCO AMANDES,4.0,4.465631771436688,-0.465631771436688
2022-07-17,PAIN CHOCO AMANDES,8.0,5.2650532803214585,2.7349467196785415
2022-07-18,PAIN CHOCO AMANDES,1.0,4.492942855206065,-3.4929428552060653
2022-07-19,PAIN CHOCO AMANDES,1.0,4.598778136779449,-3.5987781367794494
2022-07-20,PAIN CHOCO AMANDES,8.0,4.093275958158926,3.9067240418410742
2022-07-21,PAIN CHOCO AMANDES,5.0,4.036427538999684,0.9635724610003162
2022-07-22,PAIN CHOCO AMANDES,5.0,4.663223347821772,0.3367766521782283
2022-07-23,PAIN CHOCO AMANDES,3.0,4.457589349805576,-1.457589349805576
2022-07-24,PAIN CHOCO AMANDES,4.0,5.255568692793499,-1.2555686927934993
2022-07-25,PAIN CHOCO AMANDES,4.0,4.484847081661799,-0.48484708166179935
2022-07-26,PAIN CHOCO AMANDES,5.0,4.590489526466107,0.409510473533893
2022-07-27,PAIN CHOCO AMANDES,3.0,4.085896539935333,-1.0858965399353329
2022-07-28,PAIN CHOCO AMANDES,5.0,4.0291487333250915,0.9708512666749085
2022-07-29,PAIN CHOCO AMANDES,4.0,4.654812087486538,-0.6548120874865377
2022-07-30,PAIN CHOCO AMANDES,4.0,4.449546928173642,-0.4495469281736417
2022-07-31,PAIN CHOCO AMANDES,11.0,5.246084105266039,5.753915894733961
2022-08-01,PAIN CHOCO AMANDES,6.0,4.47675130811499,1.5232486918850103
2022-08-02,PAIN CHOCO AMANDES,2.0,4.4636512520592015,-2.4636512520592015
2022-08-03,PAIN CHOCO AMANDES,3.0,4.115432927373448,-1.1154329273734476
2022-08-04,PAIN CHOCO AMANDES,7.0,4.058806867618598,2.941193132381402
2022-08-05,PAIN CHOCO AMANDES,2.0,4.658453821914609,-2.658453821914609
2022-08-06,PAIN CHOCO AMANDES,12.0,4.3321554989098585,7.6678445010901415
2022-08-07,PAIN CHOCO AMANDES,1.0,5.348140772596451,-4.348140772596451
2022-08-08,PAIN CHOCO AMANDES,6.0,4.4181673967437955,1.5818326032562045
2022-08-09,PAIN CHOCO AMANDES,1.0,4.456054500144657,-3.456054500144657
2022-08-10,PAIN CHOCO AMANDES,11.0,4.108427109877052,6.891572890122948
2022-08-11,PAIN CHOCO AMANDES,7.0,4.05189576555245,2.94810423444755
2022-08-12,PAIN CHOCO AMANDES,5.0,4.650519745665493,0.349480254334507
2022-08-13,PAIN CHOCO AMANDES,3.0,4.324775364150232,-1.3247753641502316
2022-08-14,PAIN CHOCO AMANDES,6.0,5.339027616877712,0.6609723831222878
2022-08-15,PAIN CHOCO AMANDES,1.0,4.806648606706967,-3.8066486067069674
2022-08-16,PAIN CHOCO AMANDES,5.0,4.448457748225155,0.551542251774845
2022-08-17,PAIN CHOCO AMANDES,12.0,4.101421292380654,7.898578707619346
2022-08-18,PAIN CHOCO AMANDES,5.0,4.04498466348328,0.9550153365167198
2022-08-19,PAIN CHOCO AMANDES,5.0,4.642585669419181,0.35741433058081906
2022-08-20,PAIN CHOCO AMANDES,15.0,4.317395229391338,10.682604770608663
2022-08-21,PAIN CHOCO AMANDES,5.0,5.32991446115846,-0.32991446115846035
2022-08-22,PAIN CHOCO AMANDES,4.0,4.403106741923671,-0.40310674192367113
2022-08-23,PAIN CHOCO AMANDES,3.0,4.440860996312001,-1.4408609963120007
2022-08-24,PAIN CHOCO AMANDES,4.0,4.094415474884254,-0.09441547488425428
2022-08-25,PAIN CHOCO AMANDES,6.0,4.038073561417123,1.9619264385828767
2022-08-26,PAIN CHOCO AMANDES,6.0,4.634651593171035,1.3653484068289652
2022-08-27,PAIN CHOCO AMANDES,4.0,4.310015094630976,-0.3100150946309759
2022-08-29,PAIN CHOCO AMANDES,6.0,4.395576414514339,1.6044235854856614
2022-08-30,PAIN CHOCO AMANDES,6.0,4.433264244394978,1.5667357556050217
2022-09-02,PAIN CHOCO AMANDES,2.0,3.3215623307237627,-1.3215623307237627
2022-09-03,PAIN CHOCO AMANDES,1.0,3.1831569882755266,-2.1831569882755266
2022-09-04,PAIN CHOCO AMANDES,6.0,3.942928623929111,2.057071376070889
2022-09-06,PAIN CHOCO AMANDES,2.0,3.067752442989871,-1.067752442989871
2022-09-07,PAIN CHOCO AMANDES,1.0,2.9881573772462238,-1.9881573772462238
2022-09-09,PAIN CHOCO AMANDES,5.0,3.3201336569087823,1.6798663430912177
2022-09-10,PAIN CHOCO AMANDES,3.0,3.1817877613744545,-0.18178776137445452
2022-09-11,PAIN CHOCO AMANDES,4.0,3.9412324789595328,0.05876752104046723
2022-09-12,PAIN CHOCO AMANDES,8.0,3.076706431450984,4.923293568549016
2022-09-13,PAIN CHOCO AMANDES,2.0,3.0664326137532423,-1.0664326137532423
2022-09-14,PAIN CHOCO AMANDES,1.0,2.9868717129164977,-1.9868717129164977
2022-09-15,PAIN CHOCO AMANDES,2.0,2.8349369331465244,-0.8349369331465244
2022-09-16,PAIN CHOCO AMANDES,2.0,3.3187049830913664,-1.3187049830913664
2022-09-17,PAIN CHOCO AMANDES,6.0,3.1804185344737106,2.8195814655262894
2022-09-18,PAIN CHOCO AMANDES,2.0,3.939536333989209,-1.939536333989209
2022-09-20,PAIN CHOCO AMANDES,1.0,3.0651127845126216,-2.0651127845126216
2022-09-21,PAIN CHOCO AMANDES,3.0,2.9855860485891763,0.014413951410823689
2022-09-22,PAIN CHOCO AMANDES,3.0,2.8337165923457603,0.16628340765423966
2022-09-23,PAIN CHOCO AMANDES,3.0,3.3172763092751674,-0.31727630927516737
2022-09-24,PAIN CHOCO AMANDES,2.0,3.1790493075729676,-1.1790493075729676
2022-09-25,PAIN CHOCO AMANDES,7.0,3.9378401890196306,3.0621598109803694
2022-09-26,PAIN CHOCO AMANDES,1.0,3.0740580918685025,-2.0740580918685025
2022-09-27,PAIN CHOCO AMANDES,3.0,3.0637929552759915,-0.06379295527599149
2022-09-28,PAIN CHOCO AMANDES,1.0,2.9843003842597144,-1.9843003842597144
2022-09-29,PAIN CHOCO AMANDES,7.0,2.8324962515431324,4.167503748456868
2022-09-30,PAIN CHOCO AMANDES,7.0,3.315847635457893,3.684152364542107
2022-02-03,TARTELETTE,7.0,4.045382804623175,2.9546171953768248
2022-02-04,TARTELETTE,5.0,4.391815846824475,0.6081841531755252
2022-02-05,TARTELETTE,14.0,4.869577903606085,9.130422096393914
2022-02-06,TARTELETTE,7.0,11.207675099994194,-4.207675099994194
2022-02-07,TARTELETTE,6.0,4.209543334410824,1.7904566655891756
2022-02-08,TARTELETTE,7.0,3.6519110968970283,3.3480889031029717
2022-02-10,TARTELETTE,5.0,3.9034699717380597,1.0965300282619403
2022-02-11,TARTELETTE,6.0,4.236974091148799,1.7630259088512013
2022-02-12,TARTELETTE,6.0,4.697022636217765,1.3029773637822348
2022-02-13,TARTELETTE,17.0,10.808506379096155,6.191493620903845
2022-02-14,TARTELETTE,5.0,4.058850964177103,0.9411490358228969
2022-02-17,TARTELETTE,5.0,3.7615571388211166,1.2384428611788834
2022-02-18,TARTELETTE,11.0,4.082132335464117,6.917867664535883
2022-02-19,TARTELETTE,13.0,4.524467368824637,8.475532631175362
2022-02-20,TARTELETTE,29.0,10.409337658198078,18.590662341801924
2022-02-21,TARTELETTE,2.0,3.9081585939374612,-1.9081585939374612
2022-02-24,TARTELETTE,12.0,3.619644305927749,8.38035569407225
2022-02-25,TARTELETTE,13.0,3.9272905797884032,9.072709420211597
2022-02-26,TARTELETTE,14.0,4.351912101413184,9.648087898586816
2022-02-27,TARTELETTE,40.0,10.010168937298934,29.989831062701064
2022-02-28,TARTELETTE,8.0,3.7574662237101566,4.242533776289843
2022-03-01,TARTELETTE,6.0,3.2577040367630365,2.7422959632369635
2022-03-02,TARTELETTE,5.0,3.753265165411446,1.2467348345885538
2022-03-03,TARTELETTE,6.0,3.4777314730299054,2.5222685269700946
2022-03-05,TARTELETTE,13.0,7.115486926989587,5.884513073010413
2022-03-06,TARTELETTE,28.0,16.03919000697182,11.960809993028182
2022-03-07,TARTELETTE,1.0,5.91323008718284,-4.91323008718284
2022-03-08,TARTELETTE,10.0,5.252451864416257,4.747548135583743
2022-03-09,TARTELETTE,9.0,6.415194009776394,2.5848059902236056
2022-03-10,TARTELETTE,9.0,5.7055750812207675,3.2944249187792325
2022-03-12,TARTELETTE,9.0,7.073717565476325,1.9262824345236753
2022-03-13,TARTELETTE,16.0,15.944957662498124,0.05504233750187559
2022-03-15,TARTELETTE,3.0,5.221541133955465,-2.2215411339554647
2022-03-16,TARTELETTE,5.0,6.377408763790059,-1.3774087637900587
2022-03-17,TARTELETTE,9.0,5.671941163064793,3.328058836935207
2022-03-18,TARTELETTE,4.0,6.196999875669434,-2.1969998756694338
2022-03-19,TARTELETTE,9.0,7.031948203956878,1.968051796043122
2022-03-20,TARTELETTE,11.0,15.850725318024416,-4.850725318024416
2022-03-21,TARTELETTE,5.0,5.843689717362514,-0.8436897173625137
2022-03-22,TARTELETTE,4.0,5.190630403463937,-1.1906304034639366
2022-03-23,TARTELETTE,5.0,6.339623517803649,-1.3396235178036493
2022-03-24,TARTELETTE,5.0,5.638307244925983,-0.6383072449259828
2022-03-25,TARTELETTE,5.0,6.160221267406966,-1.1602212674069659
2022-03-26,TARTELETTE,10.0,6.990178842408711,3.009821157591289
2022-03-27,TARTELETTE,11.0,15.756492973548758,-4.756492973548758
2022-03-28,TARTELETTE,8.0,5.808919532437398,2.1910804675626023
2022-03-29,TARTELETTE,2.0,5.15971967300304,-3.15971967300304
2022-03-30,TARTELETTE,4.0,6.301838271805563,-2.301838271805563
2022-03-31,TARTELETTE,6.0,5.604673326787043,0.3953266732129572
2022-04-01,TARTELETTE,7.0,6.12344265914864,0.8765573408513596
2022-04-02,TARTELETTE,8.0,6.948409480883346,1.0515905191166537
2022-04-03,TARTELETTE,7.0,15.662260629073112,-8.662260629073112
2022-04-04,TARTELETTE,3.0,5.738234016091349,-2.738234016091349
2022-04-05,TARTELETTE,14.0,5.074651747085284,8.925348252914716
2022-04-06,TARTELETTE,6.0,6.03241841597322,-0.03241841597322015
2022-04-07,TARTELETTE,7.0,5.592634041768228,1.4073659582317717
2022-04-08,TARTELETTE,10.0,6.016786709251736,3.983213290748264
2022-04-09,TARTELETTE,6.0,7.033993085104528,-1.0339930851045276
2022-04-10,TARTELETTE,11.0,15.492258084894845,-4.492258084894845
2022-04-11,TARTELETTE,5.0,5.702297707814891,-0.7022977078148909
2022-04-12,TARTELETTE,6.0,5.042842736020325,0.957157263979675
2022-04-14,TARTELETTE,10.0,5.557515311226863,4.442484688773137
2022-04-15,TARTELETTE,8.0,5.978970604793019,2.0210293952069813
2022-04-16,TARTELETTE,13.0,6.989744007171378,6.010255992828622
2022-04-17,TARTELETTE,6.0,15.394712531250834,-9.394712531250834
2022-04-18,TARTELETTE,16.0,5.49986979583819,10.50013020416181
2022-04-20,TARTELETTE,7.0,5.956725638173684,1.0432743618263158
2022-04-21,TARTELETTE,5.0,5.522396580696744,-0.5223965806967437
2022-04-22,TARTELETTE,12.0,5.94115450035533,6.05884549964467
2022-04-23,TARTELETTE,4.0,6.94549492924451,-2.94549492924451
2022-04-24,TARTELETTE,12.0,15.29716697760437,-3.2971669776043697
2022-04-25,TARTELETTE,2.0,5.630425091279454,-3.630425091279454
2022-04-26,TARTELETTE,3.0,4.97922471388958,-1.9792247138895798
2022-04-27,TARTELETTE,6.0,5.918879249273804,0.08112075072619618
2022-04-28,TARTELETTE,3.0,5.487277850171802,-2.487277850171802
2022-04-29,TARTELETTE,3.0,5.903338395896705,-2.9033383958967054
2022-04-30,TARTELETTE,12.0,6.901245851311232,5.098754148688768
2022-05-01,TARTELETTE,36.0,15.057001492507695,20.942998507492305
2022-05-02,TARTELETTE,4.0,5.594488783040474,-1.5944887830404744
2022-05-03,TARTELETTE,7.0,4.947415702824744,2.0525842971752564
2022-05-05,TARTELETTE,3.0,5.794419801014083,-2.794419801014083
2022-05-06,TARTELETTE,19.0,6.297927942020968,12.70207205797903
2022-05-07,TARTELETTE,7.0,7.270632776088925,-0.27063277608892466
2022-05-08,TARTELETTE,17.0,17.467077530867872,-0.46707753086787207
2022-05-09,TARTELETTE,3.0,5.829236491883627,-2.829236491883627
2022-05-11,TARTELETTE,9.0,6.219956787839617,2.7800432121603826
2022-05-12,TARTELETTE,1.0,5.769315863176821,-4.769315863176821
2022-05-13,TARTELETTE,5.0,6.270625690795038,-1.270625690795038
2022-05-14,TARTELETTE,11.0,7.239094204206952,3.7609057957930476
2022-05-15,TARTELETTE,25.0,15.771841195081446,9.228158804918554
2022-05-16,TARTELETTE,4.0,5.803919035212101,-1.8039190352121013
2022-05-18,TARTELETTE,12.0,6.192908796228873,5.807091203771127
2022-05-19,TARTELETTE,11.0,5.744211925322394,5.255788074677606
2022-05-20,TARTELETTE,4.0,6.243323439569191,-2.243323439569191
2022-05-21,TARTELETTE,6.0,7.207555632331597,-1.207555632331597
2022-05-22,TARTELETTE,12.0,15.70308519963368,-3.70308519963368
2022-05-23,TARTELETTE,1.0,5.778601578560955,-4.778601578560955
2022-05-24,TARTELETTE,8.0,5.274791933741807,2.725208066258193
2022-05-25,TARTELETTE,10.0,6.165860804629471,3.834139195370529
2022-05-26,TARTELETTE,11.0,6.276508332268324,4.723491667731676
2022-05-27,TARTELETTE,6.0,6.216021188356524,-0.21602118835652373
2022-05-28,TARTELETTE,12.0,7.1760170604429145,4.8239829395570855
2022-05-29,TARTELETTE,33.0,15.63432920419056,17.36567079580944
2022-05-30,TARTELETTE,11.0,5.753284121898103,5.246715878101897
2022-05-31,TARTELETTE,7.0,5.251667315963934,1.7483326840360656
2022-06-01,TARTELETTE,12.0,6.138812813012567,5.861187186987433
2022-06-02,TARTELETTE,6.0,5.69400404962489,0.3059959503751104
2022-06-03,TARTELETTE,4.0,6.882688116551648,-2.8826881165516482
2022-06-04,TARTELETTE,8.0,7.757870132028824,0.24212986797117608
2022-06-05,TARTELETTE,28.0,17.22432105479156,10.77567894520844
2022-06-06,TARTELETTE,18.0,10.895961863514465,7.104038136485535
2022-06-07,TARTELETTE,9.0,5.788647340228764,3.2113526597712356
2022-06-08,TARTELETTE,1.0,6.955248726139394,-5.955248726139394
2022-06-09,TARTELETTE,5.0,6.14008330745467,-1.1400833074546703
2022-06-10,TARTELETTE,11.0,6.888288810761562,4.111711189238438
2022-06-11,TARTELETTE,14.0,7.764182259963739,6.235817740036261
2022-06-12,TARTELETTE,12.0,17.238333854728776,-5.238333854728776
2022-06-13,TARTELETTE,2.0,5.888139625717671,-3.8881396257176712
2022-06-14,TARTELETTE,4.0,5.7933555842763065,-1.7933555842763065
2022-06-15,TARTELETTE,2.0,6.9609051777712265,-4.9609051777712265
2022-06-16,TARTELETTE,7.0,6.145076234528853,0.8549237654711472
2022-06-17,TARTELETTE,9.0,6.893889504941388,2.106110495058612
2022-06-18,TARTELETTE,10.0,7.770494387891284,2.2295056121087162
2022-06-19,TARTELETTE,25.0,17.252346654670667,7.747653345329333
2022-06-20,TARTELETTE,5.0,5.892925456111826,-0.8929254561118256
2022-06-21,TARTELETTE,4.0,5.798063828292213,-1.7980638282922126
2022-06-22,TARTELETTE,8.0,6.966561629431869,1.0334383705681311
2022-06-23,TARTELETTE,3.0,6.1500691616227865,-3.1500691616227865
2022-06-24,TARTELETTE,5.0,6.89949019913627,-1.8994901991362703
2022-06-25,TARTELETTE,3.0,7.7768065157954585,-4.7768065157954585
2022-06-26,TARTELETTE,15.0,17.26635945460789,-2.2663594546078905
2022-06-27,TARTELETTE,5.0,5.897711286505974,-0.8977112865059738
2022-06-28,TARTELETTE,3.0,5.802772072342604,-2.802772072342604
2022-06-29,TARTELETTE,2.0,6.972218081063681,-4.972218081063681
2022-06-30,TARTELETTE,9.0,6.155062088710296,2.844937911289704
2022-07-01,TARTELETTE,4.0,9.363663193120065,-5.363663193120065
2022-07-02,TARTELETTE,10.0,10.241975820515822,-0.24197582051582245
2022-07-03,TARTELETTE,39.0,20.469167726254994,18.530832273745006
2022-07-04,TARTELETTE,3.0,8.659421333399456,-5.659421333399456
2022-07-05,TARTELETTE,5.0,8.561095790910986,-3.5610957909109864
2022-07-06,TARTELETTE,2.0,9.595566108723455,-7.595566108723455
2022-07-07,TARTELETTE,22.0,8.965142558424327,13.034857441575673
2022-07-08,TARTELETTE,5.0,9.677471200277388,-4.677471200277388
2022-07-09,TARTELETTE,15.0,10.740224344912336,4.2597756550876635
2022-07-10,TARTELETTE,23.0,20.509225136441817,2.4907748635581832
2022-07-11,TARTELETTE,8.0,8.676362766995616,-0.6763627669956165
2022-07-12,TARTELETTE,1.0,8.577840178917794,-7.5778401789177945
2022-07-13,TARTELETTE,11.0,9.614328543519596,1.385671456480404
2022-07-14,TARTELETTE,18.0,11.00245101022652,6.997548989773479
2022-07-15,TARTELETTE,10.0,9.696383220513143,0.30361677948685717
2022-07-16,TARTELETTE,16.0,10.761207372976873,5.238792627023127
2022-07-17,TARTELETTE,25.0,20.549282546628636,4.4507174533713645
2022-07-18,TARTELETTE,12.0,8.693304200548251,3.3066957994517487
2022-07-20,TARTELETTE,13.0,9.633090978273584,3.366909021726416
2022-07-21,TARTELETTE,19.0,9.000192273626105,9.999807726373895
2022-07-22,TARTELETTE,2.0,9.715295240758687,-7.715295240758687
2022-07-23,TARTELETTE,19.0,10.782190401081522,8.217809598918478
2022-07-24,TARTELETTE,21.0,20.589339956813,0.41066004318700067
2022-07-25,TARTELETTE,2.0,8.710245634121637,-6.710245634121637
2022-07-26,TARTELETTE,8.0,8.611328954928748,-0.611328954928748
2022-07-27,TARTELETTE,15.0,9.651853413035914,5.348146586964086
2022-07-28,TARTELETTE,16.0,9.017717131247583,6.982282868752417
2022-07-29,TARTELETTE,13.0,9.734207260994376,3.265792739005624
2022-07-30,TARTELETTE,24.0,10.803173429178015,13.196826570821985
2022-07-31,TARTELETTE,10.0,20.629397366999807,-10.629397366999807
2022-08-01,TARTELETTE,7.0,8.727187067674205,-1.7271870676742047
2022-08-02,TARTELETTE,23.0,9.606670501013019,13.393329498986981
2022-08-03,TARTELETTE,2.0,10.76960579084487,-8.76960579084487
2022-08-04,TARTELETTE,9.0,10.583602398940148,-1.5836023989401475
2022-08-05,TARTELETTE,6.0,10.815800474031679,-4.815800474031679
2022-08-06,TARTELETTE,6.0,12.42275475097411,-6.422754750974111
2022-08-07,TARTELETTE,21.0,22.554744030744754,-1.5547440307447538
2022-08-08,TARTELETTE,18.0,9.645390596835536,8.354609403164464
2022-08-09,TARTELETTE,15.0,9.63860863599359,5.36139136400641
2022-08-10,TARTELETTE,14.0,10.805393199190428,3.194606800809572
2022-08-11,TARTELETTE,4.0,10.61875503041741,-6.618755030417409
2022-08-12,TARTELETTE,5.0,10.851707296347671,-5.851707296347671
2022-08-13,TARTELETTE,10.0,12.463976868386252,-2.4639768683862524
2022-08-14,TARTELETTE,18.0,22.62955141396252,-4.6295514139625205
2022-08-15,TARTELETTE,9.0,13.967944207502772,-4.9679442075027715
2022-08-16,TARTELETTE,10.0,9.670546770939668,0.3294532290603325
2022-08-17,TARTELETTE,11.0,10.841180607536039,0.15881939246396115
2022-08-18,TARTELETTE,6.0,10.653907661887823,-4.653907661887823
2022-08-19,TARTELETTE,1.0,10.887614118687617,-9.887614118687617
2022-08-20,TARTELETTE,13.0,12.505198985808265,0.4948010141917347
2022-08-21,TARTELETTE,19.0,22.704358797180454,-3.704358797180454
2022-08-22,TARTELETTE,12.0,9.70934208416982,2.290657915830179
2022-08-23,TARTELETTE,10.0,9.70248490591647,0.29751509408352916
2022-08-24,TARTELETTE,9.0,10.876968015881696,-1.8769680158816957
2022-08-25,TARTELETTE,10.0,10.689060293365246,-0.6890602933652463
2022-08-26,TARTELETTE,3.0,10.923520941009992,-7.923520941009992
2022-08-27,TARTELETTE,12.0,12.546421103210617,-0.5464211032106174
2022-08-28,TARTELETTE,12.0,22.77916618039838,-10.77916618039838
2022-08-29,TARTELETTE,3.0,9.741317827828155,-6.741317827828155
2022-08-30,TARTELETTE,9.0,9.734423040879783,-0.7344230408797827
2022-08-31,TARTELETTE,1.0,10.912755424205583,-9.912755424205583
2022-09-02,TARTELETTE,7.0,6.620866800304562,0.37913319969543835
2022-09-03,TARTELETTE,6.0,8.415051942837618,-2.415051942837618
2022-09-04,TARTELETTE,8.0,17.827171061110953,-9.827171061110953
2022-09-05,TARTELETTE,6.0,6.398451595585306,-0.3984515955853061
2022-09-06,TARTELETTE,9.0,6.105252591690821,2.894747408309179
2022-09-07,TARTELETTE,7.0,6.961683772449601,0.038316227550398985
2022-09-08,TARTELETTE,4.0,6.682419906497348,-2.6824199064973477
2022-09-09,TARTELETTE,10.0,6.624229062418492,3.3757709375815077
2022-09-10,TARTELETTE,4.0,8.41932503253729,-4.419325032537291
2022-09-11,TARTELETTE,14.0,17.836222885848596,-3.8362228858485956
2022-09-12,TARTELETTE,8.0,6.401700201959232,1.5982997980407676
2022-09-13,TARTELETTE,1.0,6.108352110979978,-5.108352110979978
2022-09-14,TARTELETTE,4.0,6.965217829024261,-2.965217829024261
2022-09-15,TARTELETTE,2.0,6.6858119504871505,-4.6858119504871505
2022-09-16,TARTELETTE,4.0,6.627591324501411,-2.6275913245014113
2022-09-17,TARTELETTE,16.0,8.423598122245807,7.5764018777541935
2022-09-18,TARTELETTE,17.0,17.845274710593188,-0.8452747105931877
2022-09-22,TARTELETTE,7.0,6.689203994496074,0.31079600550392605
2022-09-23,TARTELETTE,3.0,6.630953586599843,-3.6309535865998432
2022-09-24,TARTELETTE,2.0,8.427871211954336,-6.427871211954336
2022-09-25,TARTELETTE,16.0,17.85432653533083,-1.8543265353308307
2022-09-26,TARTELETTE,3.0,6.40819741474064,-3.4081974147406404
2022-09-27,TARTELETTE,4.0,6.114551149528304,-2.114551149528304
2022-09-28,TARTELETTE,10.0,6.972285942217923,3.0277140577820774
2022-09-29,TARTELETTE,3.0,6.692596038485871,-3.6925960384858714
2022-09-30,TARTELETTE,3.0,6.634315848692475,-3.6343158486924754
2022-02-04,ECLAIR,3.0,4.432123510059322,-1.4321235100593217
2022-02-05,ECLAIR,9.0,5.735621310746737,3.264378689253263
2022-02-06,ECLAIR,11.0,11.705637590207125,-0.7056375902071252
2022-02-07,ECLAIR,4.0,3.6699989341302928,0.33000106586970723
2022-02-08,ECLAIR,2.0,3.8842331227543374,-1.8842331227543374
2022-02-11,ECLAIR,16.0,4.375360862133202,11.624639137866797
2022-02-12,ECLAIR,5.0,5.662029994842302,-0.6620299948423023
2022-02-13,ECLAIR,17.0,11.555171741541582,5.4448282584584184
2022-02-14,ECLAIR,1.0,3.6227374850577774,-2.6227374850577774
2022-02-15,ECLAIR,3.0,3.8341206212063126,-0.8341206212063126
2022-02-18,ECLAIR,14.0,4.318598214195641,9.681401785804358
2022-02-19,ECLAIR,8.0,5.588438678930343,2.411561321069657
2022-02-20,ECLAIR,4.0,11.4047058928761,-7.4047058928761
2022-02-25,ECLAIR,18.0,4.261835566269497,13.738164433730503
2022-02-26,ECLAIR,10.0,5.514847362998114,4.485152637001886
2022-02-27,ECLAIR,28.0,11.254240044221142,16.74575995577886
2022-02-28,ECLAIR,7.0,3.528214586912991,3.471785413087009
2022-03-01,ECLAIR,6.0,3.733895618124011,2.266104381875989
2022-03-02,ECLAIR,8.0,4.052414465733935,3.9475855342660653
2022-03-03,ECLAIR,1.0,4.430404198269582,-3.4304041982695823
2022-03-04,ECLAIR,1.0,4.205072918332209,-3.205072918332209
2022-03-05,ECLAIR,13.0,6.215663956499859,6.784336043500141
2022-03-06,ECLAIR,22.0,12.205967477329436,9.794032522670564
2022-03-07,ECLAIR,2.0,4.3807232826533955,-2.3807232826533955
2022-03-09,ECLAIR,1.0,4.820908488031393,-3.8209084880313933
2022-03-10,ECLAIR,4.0,5.094060186370643,-1.0940601863706432
2022-03-11,ECLAIR,2.0,4.910196317149221,-2.9101963171492207
2022-03-12,ECLAIR,2.0,6.155057946722349,-4.155057946722349
2022-03-13,ECLAIR,11.0,12.08678683053416,-1.0867868305341606
2022-03-14,ECLAIR,3.0,4.3378895856749065,-1.3378895856749065
2022-03-15,ECLAIR,1.0,4.102887744589964,-3.102887744589964
2022-03-16,ECLAIR,3.0,4.773638706982395,-1.7736387069823953
2022-03-18,ECLAIR,4.0,4.8619157979624426,-0.8619157979624426
2022-03-19,ECLAIR,8.0,6.094451936938429,1.9055480630615707
2022-03-20,ECLAIR,13.0,11.96760618373891,1.0323938162610897
2022-03-21,ECLAIR,1.0,4.295055888673289,-3.2950558886732892
2022-03-23,ECLAIR,4.0,4.726368925933308,-0.7263689259333077
2022-03-24,ECLAIR,2.0,4.994023907291963,-2.9940239072919628
2022-03-25,ECLAIR,4.0,4.813635278782522,-0.8136352787825221
2022-03-26,ECLAIR,5.0,6.033845927133717,-1.0338459271337168
2022-03-27,ECLAIR,8.0,11.848425536944596,-3.848425536944596
2022-03-28,ECLAIR,4.0,4.252222191671734,-0.2522221916717342
2022-03-29,ECLAIR,1.0,4.021746857259037,-3.0217468572590374
2022-04-01,ECLAIR,7.0,4.765354759606108,2.234645240393892
2022-04-02,ECLAIR,7.0,5.973239917343796,1.026760082656204
2022-04-03,ECLAIR,14.0,11.72924489015029,2.270755109849709
2022-04-05,ECLAIR,5.0,3.9526739562395137,1.0473260437604863
2022-04-06,ECLAIR,3.0,4.490240470086603,-1.4902404700866034
2022-04-07,ECLAIR,3.0,4.7905319885061015,-1.7905319885061015
2022-04-08,ECLAIR,3.0,4.836373169161834,-1.836373169161834
2022-04-09,ECLAIR,5.0,6.003255602289754,-1.0032556022897543
2022-04-10,ECLAIR,14.0,11.90197220186742,2.0980277981325806
2022-04-11,ECLAIR,1.0,3.9454121293308897,-2.9454121293308897
2022-04-13,ECLAIR,8.0,4.446385138555929,3.5536148614440712
2022-04-14,ECLAIR,3.0,4.743678393457042,-1.7436783934570421
2022-04-15,ECLAIR,6.0,4.789005043250014,1.2109949567499863
2022-04-16,ECLAIR,11.0,5.944376482568337,5.055623517431663
2022-04-17,ECLAIR,2.0,11.785075480080426,-9.785075480080426
2022-04-18,ECLAIR,16.0,5.150227451365106,10.849772548634894
2022-04-20,ECLAIR,1.0,4.402529807000016,-3.4025298070000156
2022-04-21,ECLAIR,15.0,4.696824798416037,10.303175201583963
2022-04-22,ECLAIR,13.0,4.741636917355637,8.258363082644362
2022-04-23,ECLAIR,8.0,5.8854973628533775,2.1145026371466225
2022-04-24,ECLAIR,13.0,11.668178758295427,1.3318212417045725
2022-04-25,ECLAIR,5.0,3.867802509956684,1.1321974900433158
2022-04-27,ECLAIR,11.0,4.358674475456587,6.641325524543413
2022-04-28,ECLAIR,2.0,4.649971203379817,-2.649971203379817
2022-04-29,ECLAIR,4.0,4.694268791443947,-0.6942687914439469
2022-04-30,ECLAIR,4.0,5.826618243131805,-1.8266182431318052
2022-05-01,ECLAIR,9.0,14.608310517961652,-5.608310517961652
2022-05-02,ECLAIR,7.0,3.828997700291727,3.171002299708273
2022-05-03,ECLAIR,6.0,3.798469028711895,2.201530971288105
2022-05-06,ECLAIR,3.0,4.745161117300767,-1.7451611173007668
2022-05-07,ECLAIR,6.0,5.886841007678496,0.11315899232150439
2022-05-08,ECLAIR,14.0,13.68087416564641,0.3191258343535903
2022-05-09,ECLAIR,7.0,3.6775249575088096,3.3224750424911904
2022-05-11,ECLAIR,5.0,4.447792925018035,0.5522070749819648
2022-05-12,ECLAIR,6.0,4.711427922320297,1.288572077679703
2022-05-13,ECLAIR,5.0,4.702231934924526,0.2977680650754744
2022-05-15,ECLAIR,18.0,11.465362164311198,6.534637835688802
2022-05-16,ECLAIR,1.0,3.6441251143087774,-2.6441251143087774
2022-05-17,ECLAIR,1.0,3.8616216027927184,-2.8616216027927184
2022-05-18,ECLAIR,1.0,4.407292295405786,-3.407292295405786
2022-05-20,ECLAIR,6.0,4.659302752548425,1.3406972474515753
2022-05-21,ECLAIR,2.0,5.780187385431098,-3.7801873854310983
2022-05-22,ECLAIR,14.0,11.360415012113355,2.6395849878866446
2022-05-26,ECLAIR,5.0,11.112712301867662,-6.112712301867662
2022-05-27,ECLAIR,3.0,4.616373570183165,-1.616373570183165
2022-05-28,ECLAIR,4.0,5.7268605742973895,-1.7268605742973895
2022-05-29,ECLAIR,27.0,11.255467859921382,15.744532140078618
2022-05-30,ECLAIR,6.0,3.5773254279301665,2.4226745720698335
2022-05-31,ECLAIR,3.0,3.790742228961178,-0.7907422289611779
2022-06-01,ECLAIR,6.0,4.326291036187174,1.6737089638128264
2022-06-03,ECLAIR,5.0,4.730879043311494,0.2691209566885062
2022-06-04,ECLAIR,5.0,5.856297489698864,-0.8562974896988642
2022-06-05,ECLAIR,17.0,11.83334053667826,5.166659463321739
2022-06-06,ECLAIR,11.0,10.986951649634443,0.013048350365556516
2022-06-07,ECLAIR,4.0,3.8686893329059537,0.13131066709404626
2022-06-09,ECLAIR,4.0,4.651315051614966,-0.651315051614966
2022-06-10,ECLAIR,1.0,4.693051011798213,-3.6930510117982127
2022-06-11,ECLAIR,1.0,5.809417079958991,-4.809417079958991
2022-06-12,ECLAIR,12.0,11.73850468025582,0.2614953197441796
2022-06-13,ECLAIR,6.0,3.684579977913856,2.315420022086144
2022-06-15,ECLAIR,7.0,4.284653060906163,2.7153469390938367
2022-06-16,ECLAIR,2.0,4.61386655166537,-2.61386655166537
2022-06-17,ECLAIR,3.0,4.655222980262109,-1.655222980262109
2022-06-18,ECLAIR,3.0,5.762536670212037,-2.762536670212037
2022-06-19,ECLAIR,19.0,11.643668823840294,7.356331176159706
2022-06-23,ECLAIR,10.0,4.576418051729156,5.423581948270844
2022-06-24,ECLAIR,2.0,4.617394948737337,-2.6173949487373367
2022-06-26,ECLAIR,16.0,11.548832967417864,4.451167032582136
2022-06-29,ECLAIR,8.0,4.2151807443065765,3.7848192556934235
2022-07-01,ECLAIR,8.0,5.6260675054247615,2.3739324945752385
2022-07-02,ECLAIR,5.0,6.71404154181316,-1.7140415418131596
2022-07-03,ECLAIR,22.0,13.509531290753518,8.490468709246482
2022-07-04,ECLAIR,3.0,5.10962306834349,-2.10962306834349
2022-07-05,ECLAIR,6.0,5.169026098643445,0.8309739013565549
2022-07-07,ECLAIR,9.0,6.0507388772029405,2.9492611227970595
2022-07-08,ECLAIR,5.0,6.020184564842319,-1.0201845648423191
2022-07-09,ECLAIR,6.0,7.148106730577318,-1.148106730577318
2022-07-10,ECLAIR,18.0,13.435620024734684,4.564379975265316
2022-07-11,ECLAIR,3.0,5.0816462198464905,-2.0816462198464905
2022-07-13,ECLAIR,5.0,5.857656297411543,-0.8576562974115429
2022-07-14,ECLAIR,11.0,11.061084600401097,-0.06108460040109698
2022-07-15,ECLAIR,6.0,5.987118640654992,0.012881359345008114
2022-07-16,ECLAIR,13.0,7.108814852408527,5.891185147591473
2022-07-17,ECLAIR,19.0,13.361708758715862,5.638291241284138
2022-07-18,ECLAIR,9.0,5.053669371320388,3.946330628679612
2022-07-19,ECLAIR,4.0,5.112377589911953,-1.1123775899119526
2022-07-20,ECLAIR,3.0,5.825356341484616,-2.825356341484616
2022-07-21,ECLAIR,9.0,5.984323501545285,3.015676498454715
2022-07-22,ECLAIR,2.0,5.9540527164750525,-3.9540527164750525
2022-07-23,ECLAIR,9.0,7.069522974268259,1.930477025731741
2022-07-24,ECLAIR,21.0,13.28779749269862,7.712202507301379
2022-07-25,ECLAIR,4.0,5.025692522804968,-1.0256925228049676
2022-07-26,ECLAIR,3.0,5.084053335547611,-2.084053335547611
2022-07-27,ECLAIR,10.0,5.79305638556118,4.20694361443882
2022-07-28,ECLAIR,13.0,5.951115813730152,7.048884186269848
2022-07-29,ECLAIR,7.0,5.92098679228786,1.0790132077121397
2022-07-30,ECLAIR,4.0,7.03023109612122,-3.03023109612122
2022-07-31,ECLAIR,16.0,13.213886226679826,2.7861137733201744
2022-08-01,ECLAIR,3.0,4.997715674278992,-1.997715674278992
2022-08-02,ECLAIR,5.0,5.638688572228285,-0.6386885722282853
2022-08-03,ECLAIR,5.0,6.352139277316807,-1.352139277316807
2022-08-04,ECLAIR,11.0,6.795905044642288,4.204094955357712
2022-08-05,ECLAIR,8.0,6.5797815685954255,1.4202184314045745
2022-08-06,ECLAIR,14.0,7.924244026972646,6.075755973027354
2022-08-07,ECLAIR,7.0,15.136965574048547,-8.136965574048547
2022-08-08,ECLAIR,6.0,5.495612323726956,0.5043876762730441
2022-08-09,ECLAIR,5.0,5.635623671406563,-0.6356236714065631
2022-08-10,ECLAIR,6.0,6.348686313294054,-0.34868631329405364
2022-08-11,ECLAIR,2.0,6.7922105667691515,-4.7922105667691515
2022-08-12,ECLAIR,2.0,6.576204304722951,-4.576204304722951
2022-08-13,ECLAIR,5.0,7.919935477626203,-2.919935477626203
2022-08-14,ECLAIR,23.0,15.128734703175958,7.871265296824042
2022-08-15,ECLAIR,12.0,9.362681591588487,2.637318408411513
2022-08-16,ECLAIR,4.0,5.632558770561641,-1.6325587705616407
2022-08-17,ECLAIR,3.0,6.345233349271296,-3.345233349271296
2022-08-18,ECLAIR,10.0,6.788516088890395,3.211483911109605
2022-08-20,ECLAIR,15.0,7.915626928288129,7.084373071711871
2022-08-21,ECLAIR,10.0,15.120503832304927,-5.120503832304927
2022-08-22,ECLAIR,4.0,5.489635275151476,-1.4896352751514756
2022-08-23,ECLAIR,5.0,5.629493869736841,-0.6294938697368408
2022-08-24,ECLAIR,5.0,6.341780385248531,-1.3417803852485308
2022-08-25,ECLAIR,4.0,6.784821611017234,-2.784821611017234
2022-08-26,ECLAIR,3.0,6.569049777000258,-3.5690497770002576
2022-08-27,ECLAIR,7.0,7.911318378933304,-0.9113183789333039
2022-08-28,ECLAIR,17.0,15.112272961433899,1.8877270385661014
2022-08-29,ECLAIR,6.0,5.4866467508556065,0.5133532491443935
2022-08-30,ECLAIR,1.0,5.626428968903517,-4.626428968903517
2022-08-31,ECLAIR,2.0,6.338327421210453,-4.338327421210453
2022-09-02,ECLAIR,3.0,4.96723017878769,-1.9672301787876902
2022-09-03,ECLAIR,6.0,6.436323999993684,-0.4363239999936841
2022-09-04,ECLAIR,10.0,13.356569954436067,-3.3565699544360665
2022-09-05,ECLAIR,6.0,4.035813359818271,1.9641866401817287
2022-09-06,ECLAIR,1.0,4.043124373881085,-3.043124373881085
2022-09-08,ECLAIR,5.0,5.252868551418426,-0.2528685514184259
2022-09-09,ECLAIR,1.0,4.9608516147303385,-3.9608516147303385
2022-09-10,ECLAIR,6.0,6.428057413535698,-0.42805741353569804
2022-09-11,ECLAIR,26.0,13.339412101168861,12.660587898831139
2022-09-14,ECLAIR,2.0,4.728906538983373,-2.728906538983373
2022-09-15,ECLAIR,2.0,5.246115758157889,-3.246115758157889
2022-09-16,ECLAIR,8.0,4.954473050647076,3.045526949352924
2022-09-17,ECLAIR,2.0,6.419790827085833,-4.419790827085833
2022-09-18,ECLAIR,12.0,13.322254247911381,-1.3222542479113812
2022-09-22,ECLAIR,1.0,5.239362964912525,-4.239362964912525
2022-09-24,ECLAIR,8.0,6.4115242406359405,1.5884757593640595
2022-09-25,ECLAIR,13.0,13.305096394644178,-0.3050963946441776
2022-09-27,ECLAIR,4.0,4.02753725707601,-0.027537257076009958
2022-09-28,ECLAIR,11.0,4.716734692739305,6.283265307260695
2022-09-29,ECLAIR,10.0,5.232610171651997,4.767389828348003
2022-09-30,ECLAIR,6.0,4.941715922502129,1.0582840774978708
