ds,article,y,unit_price
2021-01-02,BAGUETTE,46.0,0.9
2021-01-02,BANETTE,40.0,1.05
2021-01-02,BANETTINE,6.0,0.6
2021-01-02,BOULE 200G,6.0,1.1
2021-01-02,BOULE 400G,11.0,1.5
2021-01-02,BRIOCHE,2.0,5.0
2021-01-02,CAFE OU EAU,6.0,1.0
2021-01-02,CAMPAGNE,10.0,1.8
2021-01-02,CEREAL BAGUETTE,19.0,1.25
2021-01-02,COMPLET,10.0,1.5
2021-01-02,COOKIE,8.0,1.0
2021-01-02,COUPE,55.0,0.15
2021-01-02,CROISSANT,66.0,1.1
2021-01-02,DEMI BAGUETTE,1.0,0.45
2021-01-02,FICELLE,5.0,0.6
2021-01-02,FINANCIER X5,1.0,3.0
2021-01-02,KOUIGN AMANN,6.0,2.1
2021-01-02,MOISSON,10.0,2.0
2021-01-02,PAIN,6.0,1.15
2021-01-02,PAIN AU CHOCOLAT,48.0,1.2
2021-01-02,PAIN AUX RAISINS,6.0,1.4
2021-01-02,PAIN BANETTE,6.0,1.4
2021-01-02,QUIM BREAD,3.0,1.0
2021-01-02,SAND JB EMMENTAL,9.0,3.5
2021-01-02,SANDWICH COMPLET,2.0,4.5
2021-01-02,SEIGLE,5.0,1.8
2021-01-02,SPECIAL BREAD,8.0,2.4
2021-01-02,TRADITIONAL BAGUETTE,128.0,1.2
2021-01-03,BAGUETTE,35.0,0.9
2021-01-03,BANETTE,35.0,1.05
2021-01-03,BANETTINE,5.0,0.6
2021-01-03,BOULE 200G,3.0,1.1
2021-01-03,BOULE 400G,11.0,1.5
2021-01-03,BRIOCHE,3.0,5.0
2021-01-03,CAMPAGNE,9.0,1.8
2021-01-03,CEREAL BAGUETTE,16.0,1.25
2021-01-03,CHAUSSON AUX POMMES,4.0,1.3999999999999997
2021-01-03,COMPLET,6.0,1.5
2021-01-03,COOKIE,2.0,1.0
2021-01-03,COUPE,43.0,0.15
2021-01-03,CROISSANT,59.0,1.1
2021-01-03,DEMI BAGUETTE,4.0,0.45
2021-01-03,FICELLE,4.0,0.6
2021-01-03,KOUIGN AMANN,3.0,2.1
2021-01-03,MOISSON,6.0,2.0
2021-01-03,PAIN,4.0,1.15
2021-01-03,PAIN AU CHOCOLAT,45.0,1.2
2021-01-03,PAIN AUX RAISINS,4.0,1.3999999999999997
2021-01-03,PAIN BANETTE,5.0,1.4
2021-01-03,QUIM BREAD,7.0,1.0
2021-01-03,SEIGLE,1.0,1.8
2021-01-03,SPECIAL BREAD,7.0,2.4
2021-01-03,TRADITIONAL BAGUETTE,171.0,1.2
2021-01-04,BAGUETTE,30.0,0.9000000000000001
2021-01-04,BANETTE,24.0,1.05
2021-01-04,BANETTINE,3.0,0.6
2021-01-04,BOISSON 33CL,1.0,1.5
2021-01-04,BOULE 200G,4.0,1.1
2021-01-04,BOULE 400G,5.0,1.5
2021-01-04,BRIOCHE,1.0,5.0
2021-01-04,CAFE OU EAU,3.0,1.0
2021-01-04,CAMPAGNE,6.0,1.8
2021-01-04,CEREAL BAGUETTE,7.0,1.25
2021-01-04,COMPLET,4.0,1.5
2021-01-04,COOKIE,2.0,1.0
2021-01-04,COUPE,22.0,0.15
2021-01-04,CROISSANT,17.0,1.1
2021-01-04,FICELLE,1.0,0.6
2021-01-04,FORMULE SANDWICH,4.0,6.5
2021-01-04,KOUIGN AMANN,2.0,2.1
2021-01-04,MOISSON,1.0,2.0
2021-01-04,PAIN,3.0,1.15
2021-01-04,PAIN AU CHOCOLAT,17.0,1.2
2021-01-04,PAIN AUX RAISINS,2.0,1.4
2021-01-04,SAND JB EMMENTAL,1.0,3.5
2021-01-04,SANDWICH COMPLET,4.0,4.5
2021-01-04,SEIGLE,2.0,1.8
2021-01-04,SPECIAL BREAD,7.0,2.4
2021-01-04,TRADITIONAL BAGUETTE,128.0,1.2
2021-01-05,BAGUETTE,29.0,0.9
2021-01-05,BANETTE,26.0,1.05
2021-01-05,BANETTINE,2.0,0.6
2021-01-05,BOISSON 33CL,3.0,1.5
2021-01-05,BOULE 200G,2.0,1.1
2021-01-05,BOULE 400G,6.0,1.5
2021-01-05,BRIOCHE,2.0,5.0
2021-01-05,CAFE OU EAU,2.0,1.0
2021-01-05,CAMPAGNE,3.0,1.8
2021-01-05,CEREAL BAGUETTE,7.0,1.25
2021-01-05,COMPLET,2.0,1.5
2021-01-05,COOKIE,6.0,1.0
2021-01-05,COUPE,19.0,0.15
2021-01-05,CROISSANT,12.0,1.1
2021-01-05,CROISSANT AMANDES,2.0,1.4
2021-01-05,DEMI BAGUETTE,3.0,0.45
2021-01-05,FICELLE,4.0,0.6
2021-01-05,FORMULE SANDWICH,12.0,6.5
2021-01-05,KOUIGN AMANN,5.0,2.1
2021-01-05,MOISSON,6.0,2.0
2021-01-05,PAIN,3.0,1.15
2021-01-05,PAIN AU CHOCOLAT,6.0,1.2
2021-01-05,PAIN AUX RAISINS,4.0,1.3999999999999997
2021-01-05,PAIN BANETTE,5.0,1.4
2021-01-05,PAIN CHOCO AMANDES,3.0,1.5
2021-01-05,QUIM BREAD,4.0,1.0
2021-01-05,SAND JB EMMENTAL,1.0,3.5
2021-01-05,SANDWICH COMPLET,5.0,4.5
2021-01-05,SEIGLE,1.0,1.8
2021-01-05,SPECIAL BREAD,7.0,2.4
2021-01-05,TRADITIONAL BAGUETTE,99.0,1.2
2021-01-07,BAGUETTE,28.0,0.9
2021-01-07,BANETTE,21.0,1.05
2021-01-07,BANETTINE,3.0,0.6
2021-01-07,BOISSON 33CL,1.0,1.5
2021-01-07,BOULE 200G,5.0,1.1
2021-01-07,BOULE 400G,3.0,1.5
2021-01-07,BRIOCHE,1.0,5.0
2021-01-07,CAFE OU EAU,3.0,1.0
2021-01-07,CAMPAGNE,3.0,1.8
2021-01-07,CEREAL BAGUETTE,7.0,1.25
2021-01-07,CHAUSSON AUX POMMES,1.0,1.4
2021-01-07,COMPLET,4.0,1.5
2021-01-07,COOKIE,3.0,1.0
2021-01-07,COUPE,23.0,0.15
2021-01-07,CROISSANT,15.0,1.1
2021-01-07,CROISSANT AMANDES,3.0,1.3999999999999997
2021-01-07,DEMI BAGUETTE,1.0,0.45
2021-01-07,FICELLE,1.0,0.6
2021-01-07,FORMULE SANDWICH,8.0,6.5
2021-01-07,MOISSON,7.0,2.0
2021-01-07,PAIN,4.0,1.15
2021-01-07,PAIN AU CHOCOLAT,15.0,1.2
2021-01-07,PAIN AUX RAISINS,3.0,1.4
2021-01-07,PAIN BANETTE,2.0,1.4
2021-01-07,PAIN CHOCO AMANDES,1.0,1.5
2021-01-07,SANDWICH COMPLET,2.0,4.5
2021-01-07,SEIGLE,2.0,1.8
2021-01-07,SPECIAL BREAD,6.0,2.4
2021-01-07,TRADITIONAL BAGUETTE,109.0,1.2
2021-01-08,BAGUETTE,17.0,0.9
2021-01-08,BANETTE,20.0,1.05
2021-01-08,BANETTINE,7.0,0.6
2021-01-08,BOISSON 33CL,2.0,1.5
2021-01-08,BOULE 200G,3.0,1.1
2021-01-08,BOULE 400G,5.0,1.5
2021-01-08,BRIOCHE,1.0,5.0
2021-01-08,CAFE OU EAU,1.0,1.0
2021-01-08,CAMPAGNE,3.0,1.8
2021-01-08,CEREAL BAGUETTE,7.0,1.25
2021-01-08,CHAUSSON AUX POMMES,1.0,1.4
2021-01-08,COMPLET,5.0,1.5
2021-01-08,COOKIE,5.0,1.0
2021-01-08,COUPE,25.0,0.15
2021-01-08,CROISSANT,36.0,1.1
2021-01-08,DEMI BAGUETTE,3.0,0.45
2021-01-08,FICELLE,1.0,0.6
2021-01-08,FORMULE SANDWICH,6.0,6.5
2021-01-08,KOUIGN AMANN,2.0,2.1
2021-01-08,MOISSON,5.0,2.0
2021-01-08,PAIN,1.0,1.15
2021-01-08,PAIN AU CHOCOLAT,22.0,1.2
2021-01-08,PAIN AUX RAISINS,4.0,1.3999999999999997
2021-01-08,PAIN BANETTE,5.0,1.4
2021-01-08,PAIN CHOCO AMANDES,4.0,1.5
2021-01-08,QUIM BREAD,5.0,1.0
2021-01-08,SAND JB EMMENTAL,4.0,3.5
2021-01-08,SANDWICH COMPLET,6.0,4.5
2021-01-08,SEIGLE,2.0,1.8
2021-01-08,SPECIAL BREAD,6.0,2.4
2021-01-08,TRADITIONAL BAGUETTE,78.0,1.2
2021-01-09,BAGUETTE,25.0,0.9
2021-01-09,BANETTE,30.0,1.05
2021-01-09,BANETTINE,5.0,0.6
2021-01-09,BOISSON 33CL,1.0,1.5
2021-01-09,BOULE 200G,1.0,1.1
2021-01-09,BOULE 400G,6.0,1.5
2021-01-09,BRIOCHE,2.0,5.0
2021-01-09,CAFE OU EAU,4.0,1.0
2021-01-09,CAMPAGNE,5.0,1.8
2021-01-09,CEREAL BAGUETTE,10.0,1.25
2021-01-09,COMPLET,4.0,1.5
2021-01-09,COOKIE,2.0,1.0
2021-01-09,COUPE,32.0,0.15
2021-01-09,CROISSANT,33.0,1.1
2021-01-09,FICELLE,1.0,0.6
2021-01-09,FORMULE SANDWICH,3.0,6.5
2021-01-09,KOUIGN AMANN,1.0,2.1
2021-01-09,MOISSON,4.0,2.0
2021-01-09,PAIN,5.0,1.15
2021-01-09,PAIN AU CHOCOLAT,25.0,1.2
2021-01-09,PAIN AUX RAISINS,4.0,1.4
2021-01-09,PAIN BANETTE,6.0,1.3999999999999997
2021-01-09,QUIM BREAD,2.0,1.0
2021-01-09,SEIGLE,1.0,1.8
2021-01-09,SPECIAL BREAD,8.0,2.4
2021-01-09,TRADITIONAL BAGUETTE,135.0,1.2
2021-01-10,BAGUETTE,36.0,0.9
2021-01-10,BANETTE,35.0,1.05
2021-01-10,BANETTINE,6.0,0.6
2021-01-10,BOULE 200G,1.0,1.1
2021-01-10,BOULE 400G,7.0,1.5
2021-01-10,BRIOCHE,2.0,5.0
2021-01-10,CAMPAGNE,5.0,1.8
2021-01-10,CEREAL BAGUETTE,9.0,1.25
2021-01-10,CHAUSSON AUX POMMES,4.0,1.3999999999999997
2021-01-10,COMPLET,3.0,1.5
2021-01-10,COOKIE,4.0,1.0
2021-01-10,COUPE,22.0,0.15
2021-01-10,CROISSANT,48.0,1.1
2021-01-10,CROISSANT AMANDES,3.0,1.4
2021-01-10,DEMI BAGUETTE,2.0,0.45
2021-01-10,FICELLE,4.0,0.6
2021-01-10,KOUIGN AMANN,6.0,2.1
2021-01-10,MOISSON,1.0,2.0
2021-01-10,PAIN,2.0,1.15
2021-01-10,PAIN AU CHOCOLAT,42.0,1.2
2021-01-10,PAIN AUX RAISINS,3.0,1.4
2021-01-10,PAIN BANETTE,6.0,1.4
2021-01-10,PAIN CHOCO AMANDES,2.0,1.5
2021-01-10,QUIM BREAD,3.0,1.0
2021-01-10,SEIGLE,2.0,1.8
2021-01-10,SPECIAL BREAD,8.0,2.4
2021-01-10,TRADITIONAL BAGUETTE,140.0,1.2
2021-01-11,BAGUETTE,31.0,0.9
2021-01-11,BANETTE,21.0,1.05
2021-01-11,BANETTINE,3.0,0.6
2021-01-11,BOULE 200G,6.0,1.1
2021-01-11,BOULE 400G,7.0,1.5
2021-01-11,BRIOCHE,2.0,5.0
2021-01-11,CAMPAGNE,5.0,1.8
2021-01-11,CEREAL BAGUETTE,8.0,1.25
2021-01-11,CHAUSSON AUX POMMES,2.0,1.4
2021-01-11,COMPLET,1.0,1.5
2021-01-11,COOKIE,7.0,1.0
2021-01-11,COUPE,20.0,0.15
2021-01-11,CROISSANT,14.0,1.1
2021-01-11,CROISSANT AMANDES,4.0,1.4
2021-01-11,DEMI BAGUETTE,2.0,0.45
2021-01-11,FICELLE,2.0,0.6
2021-01-11,FORMULE SANDWICH,6.0,6.5
2021-01-11,KOUIGN AMANN,2.0,2.1
2021-01-11,PAIN,6.0,1.15
2021-01-11,PAIN AU CHOCOLAT,17.0,1.2
2021-01-11,PAIN AUX RAISINS,1.0,1.4
2021-01-11,PAIN BANETTE,2.0,1.4
2021-01-11,PAIN CHOCO AMANDES,1.0,1.5
2021-01-11,QUIM BREAD,4.0,1.0
2021-01-11,SAND JB EMMENTAL,5.0,3.5
2021-01-11,SANDWICH COMPLET,3.0,4.5
2021-01-11,SPECIAL BREAD,1.0,2.4
2021-01-11,TRADITIONAL BAGUETTE,88.0,1.2
2021-01-12,BAGUETTE,29.0,0.9
2021-01-12,BANETTE,18.0,1.05
2021-01-12,BANETTINE,5.0,0.6
2021-01-12,BOISSON 33CL,1.0,1.5
2021-01-12,BOULE 200G,3.0,1.1
2021-01-12,BOULE 400G,3.0,1.5
2021-01-12,CAFE OU EAU,6.0,1.0
2021-01-12,CAMPAGNE,2.0,1.8
2021-01-12,CEREAL BAGUETTE,4.0,1.25
2021-01-12,CHAUSSON AUX POMMES,4.0,1.4
2021-01-12,COMPLET,3.0,1.5
2021-01-12,COOKIE,6.0,1.0
2021-01-12,COUPE,16.0,0.15
2021-01-12,CROISSANT,24.0,1.1
2021-01-12,CROISSANT AMANDES,1.0,1.4
2021-01-12,DEMI BAGUETTE,2.0,0.45
2021-01-12,FICELLE,4.0,0.6
2021-01-12,FORMULE SANDWICH,5.0,6.5
2021-01-12,KOUIGN AMANN,1.0,2.1
2021-01-12,MOISSON,2.0,2.0
2021-01-12,PAIN,2.0,1.15
2021-01-12,PAIN AU CHOCOLAT,12.0,1.2
2021-01-12,PAIN AUX RAISINS,1.0,1.4
2021-01-12,PAIN CHOCO AMANDES,5.0,1.5
2021-01-12,QUIM BREAD,1.0,1.0
2021-01-12,SAND JB EMMENTAL,1.0,3.5
2021-01-12,SANDWICH COMPLET,5.0,4.5
2021-01-12,SEIGLE,2.0,1.8
2021-01-12,SPECIAL BREAD,4.0,2.4
2021-01-12,TRADITIONAL BAGUETTE,71.0,1.2
2021-01-14,BAGUETTE,24.0,0.9
2021-01-14,BANETTE,21.0,1.05
2021-01-14,BANETTINE,3.0,0.6
2021-01-14,BOULE 200G,2.0,1.1
2021-01-14,BOULE 400G,4.0,1.5
2021-01-14,BRIOCHE,1.0,5.0
2021-01-14,CAFE OU EAU,3.0,1.0
2021-01-14,CAMPAGNE,5.0,1.8
2021-01-14,CEREAL BAGUETTE,2.0,1.25
2021-01-14,CHAUSSON AUX POMMES,2.0,1.4
2021-01-14,COMPLET,3.0,1.5
2021-01-14,COOKIE,3.0,1.0
2021-01-14,COUPE,20.0,0.15
2021-01-14,CROISSANT,24.0,1.1
2021-01-14,CROISSANT AMANDES,3.0,1.4
2021-01-14,FICELLE,1.0,0.6
2021-01-14,FORMULE SANDWICH,7.0,6.5
2021-01-14,KOUIGN AMANN,5.0,2.1
2021-01-14,MOISSON,4.0,2.0
2021-01-14,PAIN,4.0,1.15
2021-01-14,PAIN AU CHOCOLAT,18.0,1.2
2021-01-14,PAIN AUX RAISINS,2.0,1.4
2021-01-14,PAIN BANETTE,6.0,1.4
2021-01-14,QUIM BREAD,1.0,1.0
2021-01-14,SAND JB EMMENTAL,1.0,3.5
2021-01-14,SANDWICH COMPLET,8.0,4.5
2021-01-14,SEIGLE,2.0,1.8
2021-01-14,SPECIAL BREAD,8.0,2.4
2021-01-14,TRADITIONAL BAGUETTE,77.0,1.2
2021-01-15,BAGUETTE,19.0,0.9000000000000001
2021-01-15,BANETTE,24.0,1.05
2021-01-15,BANETTINE,3.0,0.6
2021-01-15,BOULE 400G,3.0,1.5
2021-01-15,CAFE OU EAU,2.0,1.0
2021-01-15,CAMPAGNE,5.0,1.8
2021-01-15,CEREAL BAGUETTE,9.0,1.25
2021-01-15,CHAUSSON AUX POMMES,3.0,1.4
2021-01-15,COMPLET,4.0,1.5
2021-01-15,COOKIE,2.0,1.0
2021-01-15,COUPE,26.0,0.15
2021-01-15,CROISSANT,37.0,1.1
2021-01-15,CROISSANT AMANDES,3.0,1.3999999999999997
2021-01-15,DEMI BAGUETTE,1.0,0.45
2021-01-15,FORMULE SANDWICH,13.0,6.5
2021-01-15,KOUIGN AMANN,4.0,2.1
2021-01-15,MOISSON,5.0,2.0
2021-01-15,PAIN,1.0,1.15
2021-01-15,PAIN AU CHOCOLAT,26.0,1.2
2021-01-15,PAIN AUX RAISINS,4.0,1.3999999999999997
2021-01-15,PAIN BANETTE,1.0,1.4
2021-01-15,PAIN CHOCO AMANDES,2.0,1.5
2021-01-15,QUIM BREAD,4.0,1.0
2021-01-15,SAND JB EMMENTAL,5.0,3.5
2021-01-15,SANDWICH COMPLET,4.0,4.5
2021-01-15,SEIGLE,2.0,1.8
2021-01-15,SPECIAL BREAD,7.0,2.4
2021-01-15,TRADITIONAL BAGUETTE,85.0,1.2
2021-01-16,BAGUETTE,28.0,0.9
2021-01-16,BANETTE,22.0,1.05
2021-01-16,BANETTINE,6.0,0.6
2021-01-16,BOULE 200G,2.0,1.1
2021-01-16,BOULE 400G,2.0,1.5
2021-01-16,BRIOCHE,2.0,5.0
2021-01-16,CAFE OU EAU,1.0,1.0
2021-01-16,CAMPAGNE,5.0,1.8
2021-01-16,CEREAL BAGUETTE,14.0,1.25
2021-01-16,CHAUSSON AUX POMMES,4.0,1.3999999999999997
2021-01-16,COMPLET,3.0,1.5
2021-01-16,COOKIE,7.0,1.0
2021-01-16,COUPE,30.0,0.15
2021-01-16,CROISSANT,27.0,1.1
2021-01-16,DEMI BAGUETTE,2.0,0.45
2021-01-16,FICELLE,2.0,0.6
2021-01-16,FORMULE SANDWICH,1.0,6.5
2021-01-16,KOUIGN AMANN,1.0,2.1
2021-01-16,MOISSON,4.0,2.0
2021-01-16,PAIN,3.0,1.15
2021-01-16,PAIN AU CHOCOLAT,16.0,1.2
2021-01-16,PAIN AUX RAISINS,2.0,1.4
2021-01-16,PAIN BANETTE,5.0,1.4
2021-01-16,PAIN CHOCO AMANDES,4.0,1.5
2021-01-16,QUIM BREAD,4.0,1.0
2021-01-16,SEIGLE,2.0,1.8
2021-01-16,SPECIAL BREAD,10.0,2.4
2021-01-16,TRADITIONAL BAGUETTE,130.0,1.2
2021-01-17,BAGUETTE,37.0,0.9
2021-01-17,BANETTE,37.0,1.05
2021-01-17,BANETTINE,6.0,0.6
2021-01-17,BOISSON 33CL,1.0,1.5
2021-01-17,BOULE 200G,3.0,1.1
2021-01-17,BOULE 400G,7.0,1.5
2021-01-17,BRIOCHE,1.0,5.0
2021-01-17,CAMPAGNE,8.0,1.8
2021-01-17,CEREAL BAGUETTE,10.0,1.25
2021-01-17,CHAUSSON AUX POMMES,2.0,1.4
2021-01-17,COMPLET,4.0,1.5
2021-01-17,COOKIE,10.0,1.0
2021-01-17,COUPE,35.0,0.15
2021-01-17,CROISSANT,42.0,1.1
2021-01-17,FICELLE,4.0,0.6
2021-01-17,FORMULE SANDWICH,2.0,6.5
2021-01-17,KOUIGN AMANN,4.0,2.1
2021-01-17,MOISSON,5.0,2.0
2021-01-17,PAIN,6.0,1.15
2021-01-17,PAIN AU CHOCOLAT,47.0,1.2
2021-01-17,PAIN AUX RAISINS,1.0,1.4
2021-01-17,PAIN BANETTE,6.0,1.3999999999999997
2021-01-17,PAIN CHOCO AMANDES,2.0,1.5
2021-01-17,QUIM BREAD,3.0,1.0
2021-01-17,SANDWICH COMPLET,1.0,4.5
2021-01-17,SEIGLE,2.0,1.8
2021-01-17,SPECIAL BREAD,8.0,2.4
2021-01-17,TRADITIONAL BAGUETTE,154.0,1.2
2021-01-18,BAGUETTE,27.0,0.9
2021-01-18,BANETTE,21.0,1.05
2021-01-18,BANETTINE,3.0,0.6
2021-01-18,BOULE 200G,1.0,1.1
2021-01-18,BOULE 400G,7.0,1.5
2021-01-18,BRIOCHE,1.0,5.0
2021-01-18,CAFE OU EAU,3.0,1.0
2021-01-18,CAMPAGNE,5.0,1.8
2021-01-18,CEREAL BAGUETTE,5.0,1.25
2021-01-18,CHAUSSON AUX POMMES,1.0,1.4
2021-01-18,COMPLET,5.0,1.5
2021-01-18,COOKIE,6.0,1.0
2021-01-18,COUPE,24.0,0.15
2021-01-18,CROISSANT,16.0,1.1
2021-01-18,CROISSANT AMANDES,5.0,1.3999999999999997
2021-01-18,DEMI BAGUETTE,2.0,0.45
2021-01-18,FICELLE,4.0,0.6
2021-01-18,FINANCIER X5,2.0,3.0
2021-01-18,FORMULE SANDWICH,5.0,6.5
2021-01-18,KOUIGN AMANN,3.0,2.1
2021-01-18,MOISSON,1.0,2.0
2021-01-18,PAIN,1.0,1.15
2021-01-18,PAIN AU CHOCOLAT,14.0,1.2
2021-01-18,PAIN AUX RAISINS,3.0,1.4
2021-01-18,PAIN BANETTE,3.0,1.3999999999999997
2021-01-18,PAIN CHOCO AMANDES,3.0,1.5
2021-01-18,QUIM BREAD,1.0,1.0
2021-01-18,SAND JB EMMENTAL,6.0,3.5
2021-01-18,SANDWICH COMPLET,5.0,4.5
2021-01-18,SEIGLE,1.0,1.8
2021-01-18,SPECIAL BREAD,7.0,2.4
2021-01-18,TRADITIONAL BAGUETTE,80.0,1.2
2021-01-19,BAGUETTE,20.0,0.9
2021-01-19,BANETTE,17.0,1.05
2021-01-19,BANETTINE,1.0,0.6
2021-01-19,BOULE 200G,5.0,1.1
2021-01-19,BOULE 400G,5.0,1.5
2021-01-19,BRIOCHE,1.0,5.0
2021-01-19,CAFE OU EAU,8.0,1.0
2021-01-19,CAMPAGNE,1.0,1.8
2021-01-19,CEREAL BAGUETTE,1.0,1.25
2021-01-19,CHAUSSON AUX POMMES,1.0,1.4
2021-01-19,COMPLET,3.0,1.5
2021-01-19,COOKIE,8.0,1.0
2021-01-19,COUPE,19.0,0.15
2021-01-19,CROISSANT,23.0,1.1
2021-01-19,CROISSANT AMANDES,3.0,1.4
2021-01-19,DEMI BAGUETTE,3.0,0.45
2021-01-19,FICELLE,3.0,0.6
2021-01-19,FINANCIER X5,1.0,3.0
2021-01-19,FORMULE SANDWICH,6.0,6.5
2021-01-19,KOUIGN AMANN,2.0,2.1
2021-01-19,MOISSON,2.0,2.0
2021-01-19,PAIN,7.0,1.15
2021-01-19,PAIN AU CHOCOLAT,11.0,1.2
2021-01-19,PAIN AUX RAISINS,4.0,1.4
2021-01-19,PAIN BANETTE,2.0,1.4
2021-01-19,PAIN CHOCO AMANDES,2.0,1.5
2021-01-19,QUIM BREAD,2.0,1.0
2021-01-19,SAND JB EMMENTAL,1.0,3.5
2021-01-19,SANDWICH COMPLET,2.0,4.5
2021-01-19,SEIGLE,2.0,1.8
2021-01-19,SPECIAL BREAD,7.0,2.4
2021-01-19,TRADITIONAL BAGUETTE,94.0,1.2
2021-01-21,BAGUETTE,22.0,0.8999999999999999
2021-01-21,BANETTE,21.0,1.05
2021-01-21,BANETTINE,3.0,0.6
2021-01-21,BOISSON 33CL,3.0,1.5
2021-01-21,BOULE 200G,2.0,1.1
2021-01-21,BOULE 400G,4.0,1.5
2021-01-21,BRIOCHE,1.0,5.0
2021-01-21,CAFE OU EAU,2.0,1.0
2021-01-21,CAMPAGNE,5.0,1.8
2021-01-21,CEREAL BAGUETTE,6.0,1.25
2021-01-21,COMPLET,2.0,1.5
2021-01-21,COOKIE,3.0,1.0
2021-01-21,COUPE,17.0,0.15
2021-01-21,CROISSANT,8.0,1.1
2021-01-21,DEMI BAGUETTE,2.0,0.45
2021-01-21,FICELLE,2.0,0.6
2021-01-21,FINANCIER X5,1.0,3.0
2021-01-21,FORMULE SANDWICH,9.0,6.5
2021-01-21,KOUIGN AMANN,5.0,2.1
2021-01-21,MOISSON,5.0,2.0
2021-01-21,PAIN,4.0,1.15
2021-01-21,PAIN AUX RAISINS,1.0,1.4
2021-01-21,PAIN BANETTE,3.0,1.3999999999999997
2021-01-21,PAIN CHOCO AMANDES,1.0,1.5
2021-01-21,QUIM BREAD,3.0,1.0
2021-01-21,SANDWICH COMPLET,2.0,4.5
2021-01-21,SPECIAL BREAD,6.0,2.4
2021-01-21,TARTELETTE,7.0,2.0
2021-01-21,TRADITIONAL BAGUETTE,98.0,1.2
2021-01-22,BAGUETTE,28.0,0.9
2021-01-22,BANETTE,21.0,1.05
2021-01-22,BANETTINE,6.0,0.6
2021-01-22,BOISSON 33CL,1.0,1.5
2021-01-22,BOULE 200G,1.0,1.1
2021-01-22,BOULE 400G,5.0,1.5
2021-01-22,CAFE OU EAU,1.0,1.0
2021-01-22,CAMPAGNE,4.0,1.8
2021-01-22,CEREAL BAGUETTE,6.0,1.25
2021-01-22,CHAUSSON AUX POMMES,2.0,1.4
2021-01-22,COMPLET,3.0,1.5
2021-01-22,COOKIE,4.0,1.0
2021-01-22,COUPE,22.0,0.15
2021-01-22,CROISSANT,30.0,1.1
2021-01-22,CROISSANT AMANDES,4.0,1.3999999999999997
2021-01-22,DEMI BAGUETTE,2.0,0.45
2021-01-22,FICELLE,3.0,0.6
2021-01-22,FINANCIER X5,2.0,3.0
2021-01-22,FORMULE SANDWICH,5.0,6.5
2021-01-22,KOUIGN AMANN,6.0,2.1
2021-01-22,MOISSON,1.0,2.0
2021-01-22,PAIN,1.0,1.15
2021-01-22,PAIN AU CHOCOLAT,23.0,1.2
2021-01-22,PAIN AUX RAISINS,2.0,1.4
2021-01-22,PAIN BANETTE,2.0,1.4
2021-01-22,PAIN CHOCO AMANDES,2.0,1.5
2021-01-22,QUIM BREAD,1.0,1.0
2021-01-22,SAND JB EMMENTAL,2.0,3.5
2021-01-22,SANDWICH COMPLET,3.0,4.5
2021-01-22,SEIGLE,1.0,1.8
2021-01-22,SPECIAL BREAD,8.0,2.4
2021-01-22,TARTELETTE,8.0,2.0
2021-01-22,TRADITIONAL BAGUETTE,84.0,1.2
2021-01-23,BAGUETTE,28.0,0.9
2021-01-23,BANETTE,25.0,1.05
2021-01-23,BANETTINE,4.0,0.6
2021-01-23,BOISSON 33CL,3.0,1.5
2021-01-23,BOULE 400G,2.0,1.5
2021-01-23,BRIOCHE,1.0,5.0
2021-01-23,CAFE OU EAU,3.0,1.0
2021-01-23,CAMPAGNE,5.0,1.8
2021-01-23,CEREAL BAGUETTE,7.0,1.25
2021-01-23,CHAUSSON AUX POMMES,6.0,1.4
2021-01-23,COMPLET,5.0,1.5
2021-01-23,COOKIE,3.0,1.0
2021-01-23,COUPE,24.0,0.15
2021-01-23,CROISSANT,23.0,1.1
2021-01-23,CROISSANT AMANDES,1.0,1.4
2021-01-23,DEMI BAGUETTE,1.0,0.45
2021-01-23,FICELLE,4.0,0.6
2021-01-23,FINANCIER X5,2.0,3.0
2021-01-23,MOISSON,5.0,2.0
2021-01-23,PAIN,5.0,1.15
2021-01-23,PAIN AU CHOCOLAT,33.0,1.2
2021-01-23,PAIN BANETTE,7.0,1.4
2021-01-23,SAND JB EMMENTAL,2.0,3.5
2021-01-23,SANDWICH COMPLET,1.0,4.5
2021-01-23,SEIGLE,3.0,1.8
2021-01-23,SPECIAL BREAD,7.0,2.4
2021-01-23,TARTELETTE,5.0,2.0
2021-01-23,TRADITIONAL BAGUETTE,106.0,1.2
2021-01-24,BAGUETTE,35.0,0.9
2021-01-24,BANETTE,28.0,1.05
2021-01-24,BANETTINE,6.0,0.6
2021-01-24,BOULE 200G,7.0,1.1
2021-01-24,BOULE 400G,9.0,1.5
2021-01-24,BRIOCHE,2.0,5.0
2021-01-24,CAMPAGNE,5.0,1.8
2021-01-24,CEREAL BAGUETTE,10.0,1.25
2021-01-24,COMPLET,5.0,1.5
2021-01-24,COOKIE,7.0,1.0
2021-01-24,COUPE,44.0,0.15
2021-01-24,CROISSANT,39.0,1.1
2021-01-24,CROISSANT AMANDES,1.0,1.4
2021-01-24,DEMI BAGUETTE,4.0,0.45
2021-01-24,ECLAIR,9.0,2.0
2021-01-24,FICELLE,5.0,0.6
2021-01-24,KOUIGN AMANN,6.0,2.1
2021-01-24,MOISSON,5.0,2.0
2021-01-24,PAIN,3.0,1.15
2021-01-24,PAIN AU CHOCOLAT,22.0,1.2
2021-01-24,PAIN AUX RAISINS,1.0,1.4
2021-01-24,PAIN BANETTE,2.0,1.4
2021-01-24,PAIN CHOCO AMANDES,3.0,1.5
2021-01-24,QUIM BREAD,3.0,1.0
2021-01-24,SEIGLE,2.0,1.8
2021-01-24,SPECIAL BREAD,10.0,2.4
2021-01-24,TARTELETTE,14.0,2.0
2021-01-24,TRADITIONAL BAGUETTE,143.0,1.2
2021-01-25,BAGUETTE,24.0,0.9
2021-01-25,BANETTE,17.0,1.05
2021-01-25,BANETTINE,1.0,0.6
2021-01-25,BOISSON 33CL,4.0,1.5
2021-01-25,BOULE 200G,3.0,1.1
2021-01-25,BOULE 400G,6.0,1.5
2021-01-25,CAMPAGNE,6.0,1.8
2021-01-25,CEREAL BAGUETTE,6.0,1.25
2021-01-25,CHAUSSON AUX POMMES,2.0,1.4
2021-01-25,COMPLET,3.0,1.5
2021-01-25,COUPE,29.0,0.15
2021-01-25,CROISSANT,26.0,1.1
2021-01-25,CROISSANT AMANDES,5.0,1.4
2021-01-25,DEMI BAGUETTE,2.0,0.45
2021-01-25,ECLAIR,3.0,2.0
2021-01-25,FICELLE,2.0,0.6
2021-01-25,FINANCIER X5,2.0,3.0
2021-01-25,FORMULE SANDWICH,6.0,6.5
2021-01-25,KOUIGN AMANN,1.0,2.1
2021-01-25,MOISSON,5.0,2.0
2021-01-25,PAIN,4.0,1.15
2021-01-25,PAIN AU CHOCOLAT,21.0,1.2
2021-01-25,PAIN AUX RAISINS,4.0,1.3999999999999997
2021-01-25,PAIN BANETTE,2.0,1.4
2021-01-25,PAIN CHOCO AMANDES,2.0,1.5
2021-01-25,QUIM BREAD,3.0,1.0
2021-01-25,SAND JB EMMENTAL,3.0,3.5
2021-01-25,SANDWICH COMPLET,2.0,4.5
2021-01-25,SPECIAL BREAD,4.0,2.4
2021-01-25,TARTELETTE,3.0,2.0
2021-01-25,TRADITIONAL BAGUETTE,86.0,1.2
2021-01-26,BAGUETTE,34.0,0.8999999999999999
2021-01-26,BANETTE,22.0,1.05
2021-01-26,BANETTINE,5.0,0.6
2021-01-26,BOISSON 33CL,1.0,1.5
2021-01-26,BOULE 200G,1.0,1.1
2021-01-26,BOULE 400G,7.0,1.5
2021-01-26,BRIOCHE,1.0,5.0
2021-01-26,CAFE OU EAU,8.0,1.0
2021-01-26,CAMPAGNE,3.0,1.8
2021-01-26,CEREAL BAGUETTE,8.0,1.25
2021-01-26,CHAUSSON AUX POMMES,3.0,1.4
2021-01-26,COMPLET,5.0,1.5
2021-01-26,COOKIE,9.0,1.0
2021-01-26,COUPE,23.0,0.15
2021-01-26,CROISSANT,18.0,1.1
2021-01-26,CROISSANT AMANDES,5.0,1.4
2021-01-26,DEMI BAGUETTE,2.0,0.45
2021-01-26,FICELLE,5.0,0.6
2021-01-26,FINANCIER X5,2.0,3.0
2021-01-26,FORMULE SANDWICH,7.0,6.5
2021-01-26,KOUIGN AMANN,3.0,2.1
2021-01-26,MOISSON,2.0,2.0
2021-01-26,PAIN AU CHOCOLAT,19.0,1.2
2021-01-26,PAIN AUX RAISINS,4.0,1.3999999999999997
2021-01-26,PAIN BANETTE,2.0,1.4
2021-01-26,PAIN CHOCO AMANDES,3.0,1.5
2021-01-26,QUIM BREAD,1.0,1.0
2021-01-26,SAND JB EMMENTAL,1.0,3.5
2021-01-26,SANDWICH COMPLET,3.0,4.5
2021-01-26,SEIGLE,2.0,1.8
2021-01-26,SPECIAL BREAD,9.0,2.4
2021-01-26,TARTELETTE,4.0,2.0
2021-01-26,TRADITIONAL BAGUETTE,70.0,1.2
2021-01-28,BAGUETTE,18.0,0.9
2021-01-28,BANETTE,20.0,1.05
2021-01-28,BANETTINE,4.0,0.6
2021-01-28,BOISSON 33CL,2.0,1.5
2021-01-28,BOULE 200G,2.0,1.1
2021-01-28,BOULE 400G,5.0,1.5
2021-01-28,BRIOCHE,2.0,5.0
2021-01-28,CAFE OU EAU,3.0,1.0
2021-01-28,CAMPAGNE,6.0,1.8
2021-01-28,CEREAL BAGUETTE,5.0,1.25
2021-01-28,COMPLET,5.0,1.5
2021-01-28,COOKIE,6.0,1.0
2021-01-28,COUPE,30.0,0.15
2021-01-28,CROISSANT,11.0,1.1
2021-01-28,CROISSANT AMANDES,5.0,1.3999999999999997
2021-01-28,FICELLE,5.0,0.6
2021-01-28,FORMULE SANDWICH,8.0,6.5
2021-01-28,KOUIGN AMANN,3.0,2.1
2021-01-28,MOISSON,5.0,2.0
2021-01-28,PAIN,5.0,1.15
2021-01-28,PAIN AU CHOCOLAT,20.0,1.2
2021-01-28,PAIN AUX RAISINS,4.0,1.3999999999999997
2021-01-28,PAIN BANETTE,4.0,1.4
2021-01-28,PAIN CHOCO AMANDES,1.0,1.5
2021-01-28,QUIM BREAD,1.0,1.0
2021-01-28,SANDWICH COMPLET,4.0,4.5
2021-01-28,SEIGLE,2.0,1.8
2021-01-28,SPECIAL BREAD,8.0,2.4
2021-01-28,TARTELETTE,1.0,2.0
2021-01-28,TRADITIONAL BAGUETTE,71.0,1.2
2021-01-29,BAGUETTE,27.0,0.8999999999999999
2021-01-29,BANETTE,24.0,1.05
2021-01-29,BANETTINE,5.0,0.6
2021-01-29,BOISSON 33CL,3.0,1.5
2021-01-29,BOULE 200G,5.0,1.1
2021-01-29,BOULE 400G,4.0,1.5
2021-01-29,BRIOCHE,2.0,5.0
2021-01-29,CAFE OU EAU,4.0,1.0
2021-01-29,CAMPAGNE,4.0,1.8
2021-01-29,CEREAL BAGUETTE,12.0,1.25
2021-01-29,CHAUSSON AUX POMMES,2.0,1.4
2021-01-29,COMPLET,2.0,1.5
2021-01-29,COOKIE,3.0,1.0
2021-01-29,COUPE,20.0,0.15
2021-01-29,CROISSANT,22.0,1.1
2021-01-29,CROISSANT AMANDES,3.0,1.4
2021-01-29,DEMI BAGUETTE,2.0,0.45
2021-01-29,ECLAIR,5.0,2.0
2021-01-29,FICELLE,2.0,0.6
2021-01-29,FINANCIER X5,2.0,3.0
2021-01-29,FORMULE SANDWICH,13.0,6.5
2021-01-29,MOISSON,1.0,2.0
2021-01-29,PAIN,2.0,1.15
2021-01-29,PAIN AU CHOCOLAT,18.0,1.2
2021-01-29,PAIN AUX RAISINS,4.0,1.3999999999999997
2021-01-29,PAIN BANETTE,3.0,1.3999999999999997
2021-01-29,PAIN CHOCO AMANDES,3.0,1.5
2021-01-29,QUIM BREAD,1.0,1.0
2021-01-29,SAND JB EMMENTAL,2.0,3.5
2021-01-29,SANDWICH COMPLET,6.0,4.5
2021-01-29,SPECIAL BREAD,4.0,2.4
2021-01-29,TARTELETTE,10.0,2.0
2021-01-29,TRADITIONAL BAGUETTE,68.0,1.2
2021-01-30,BAGUETTE,34.0,0.9
2021-01-30,BANETTE,34.0,1.05
2021-01-30,BANETTINE,5.0,0.6
2021-01-30,BOULE 200G,5.0,1.1
2021-01-30,BOULE 400G,5.0,1.5
2021-01-30,BRIOCHE,1.0,5.0
2021-01-30,CAFE OU EAU,4.0,1.0
2021-01-30,CAMPAGNE,8.0,1.8
2021-01-30,CEREAL BAGUETTE,9.0,1.25
2021-01-30,CHAUSSON AUX POMMES,5.0,1.3999999999999997
2021-01-30,COMPLET,4.0,1.5
2021-01-30,COOKIE,1.0,1.0
2021-01-30,COUPE,33.0,0.15
2021-01-30,CROISSANT,39.0,1.1
2021-01-30,DEMI BAGUETTE,1.0,0.45
2021-01-30,ECLAIR,3.0,2.0
2021-01-30,FICELLE,1.0,0.6
2021-01-30,FORMULE SANDWICH,4.0,6.5
2021-01-30,KOUIGN AMANN,1.0,2.1
2021-01-30,MOISSON,4.0,2.0
2021-01-30,PAIN,2.0,1.15
2021-01-30,PAIN AU CHOCOLAT,28.0,1.2
2021-01-30,PAIN AUX RAISINS,3.0,1.3999999999999997
2021-01-30,PAIN BANETTE,6.0,1.3999999999999997
2021-01-30,PAIN CHOCO AMANDES,2.0,1.5
2021-01-30,QUIM BREAD,7.0,1.0
2021-01-30,SAND JB EMMENTAL,1.0,3.5
2021-01-30,SANDWICH COMPLET,2.0,4.5
2021-01-30,SEIGLE,2.0,1.8
2021-01-30,SPECIAL BREAD,8.0,2.4
2021-01-30,TARTELETTE,4.0,2.0
2021-01-30,TRADITIONAL BAGUETTE,113.0,1.2
2021-01-31,BAGUETTE,30.0,0.9
2021-01-31,BANETTE,25.0,1.05
2021-01-31,BANETTINE,7.0,0.6
2021-01-31,BOULE 200G,4.0,1.1
2021-01-31,BOULE 400G,7.0,1.5
2021-01-31,BRIOCHE,3.0,5.0
2021-01-31,CAMPAGNE,4.0,1.8
2021-01-31,CEREAL BAGUETTE,10.0,1.25
2021-01-31,CHAUSSON AUX POMMES,2.0,1.4
2021-01-31,COMPLET,5.0,1.5
2021-01-31,COOKIE,4.0,1.0
2021-01-31,COUPE,44.0,0.15
2021-01-31,CROISSANT,77.0,1.1
2021-01-31,CROISSANT AMANDES,2.0,1.4
2021-01-31,DEMI BAGUETTE,3.0,0.45
2021-01-31,ECLAIR,12.0,2.0
2021-01-31,FICELLE,7.0,0.6
2021-01-31,FINANCIER X5,1.0,3.0
2021-01-31,FORMULE SANDWICH,2.0,6.5
2021-01-31,KOUIGN AMANN,7.0,2.1
2021-01-31,MOISSON,5.0,2.0
2021-01-31,PAIN,5.0,1.15
2021-01-31,PAIN AU CHOCOLAT,48.0,1.2
2021-01-31,PAIN AUX RAISINS,4.0,1.4
2021-01-31,PAIN BANETTE,1.0,1.4
2021-01-31,PAIN CHOCO AMANDES,3.0,1.5
2021-01-31,QUIM BREAD,1.0,1.0
2021-01-31,SEIGLE,2.0,1.8
2021-01-31,SPECIAL BREAD,8.0,2.4
2021-01-31,TARTELETTE,7.0,2.0
2021-01-31,TRADITIONAL BAGUETTE,145.0,1.2
2021-02-01,BAGUETTE,15.0,0.9
2021-02-01,BANETTE,20.0,1.05
2021-02-01,BANETTINE,5.0,0.6
2021-02-01,BOISSON 33CL,1.0,1.5
2021-02-01,BOULE 200G,1.0,1.1
2021-02-01,BOULE 400G,3.0,1.5
2021-02-01,CAMPAGNE,3.0,1.8
2021-02-01,CEREAL BAGUETTE,10.0,1.25
2021-02-01,CHAUSSON AUX POMMES,4.0,1.3999999999999997
2021-02-01,COMPLET,2.0,1.5
2021-02-01,COOKIE,5.0,1.0
2021-02-01,COUPE,18.0,0.15
2021-02-01,CROISSANT,6.0,1.1
2021-02-01,CROISSANT AMANDES,3.0,1.3999999999999997
2021-02-01,DEMI BAGUETTE,1.0,0.45
2021-02-01,FICELLE,5.0,0.6
2021-02-01,FORMULE SANDWICH,6.0,6.5
2021-02-01,KOUIGN AMANN,3.0,2.1
2021-02-01,MOISSON,2.0,2.0
2021-02-01,PAIN,1.0,1.15
2021-02-01,PAIN AU CHOCOLAT,14.0,1.2
2021-02-01,PAIN AUX RAISINS,3.0,1.3999999999999997
2021-02-01,PAIN BANETTE,5.0,1.4
2021-02-01,QUIM BREAD,3.0,1.0
2021-02-01,SAND JB EMMENTAL,1.0,3.5
2021-02-01,SANDWICH COMPLET,3.0,4.5
2021-02-01,SEIGLE,1.0,1.8
2021-02-01,SPECIAL BREAD,5.0,2.4
2021-02-01,TARTELETTE,5.0,2.0
2021-02-01,TRADITIONAL BAGUETTE,72.0,1.2
2021-02-02,BAGUETTE,24.0,0.9
2021-02-02,BANETTE,17.0,1.05
2021-02-02,BANETTINE,3.0,0.6
2021-02-02,BOISSON 33CL,3.0,1.5
2021-02-02,BOULE 200G,6.0,1.1
2021-02-02,BOULE 400G,6.0,1.5
2021-02-02,CAMPAGNE,1.0,1.8
2021-02-02,CEREAL BAGUETTE,1.0,1.25
2021-02-02,CHAUSSON AUX POMMES,1.0,1.4
2021-02-02,COMPLET,1.0,1.5
2021-02-02,COOKIE,4.0,1.0
2021-02-02,COUPE,19.0,0.15
2021-02-02,CROISSANT,9.0,1.1
2021-02-02,CROISSANT AMANDES,4.0,1.4
2021-02-02,DEMI BAGUETTE,1.0,0.45
2021-02-02,ECLAIR,1.0,2.0
2021-02-02,FICELLE,1.0,0.6
2021-02-02,FINANCIER X5,2.0,3.0
2021-02-02,FORMULE SANDWICH,11.0,6.5
2021-02-02,MOISSON,4.0,2.0
2021-02-02,PAIN,5.0,1.15
2021-02-02,PAIN AU CHOCOLAT,11.0,1.2
2021-02-02,PAIN AUX RAISINS,2.0,1.4
2021-02-02,PAIN BANETTE,3.0,1.3999999999999997
2021-02-02,PAIN CHOCO AMANDES,2.0,1.5
2021-02-02,QUIM BREAD,2.0,1.0
2021-02-02,SAND JB EMMENTAL,2.0,3.5
2021-02-02,SANDWICH COMPLET,1.0,4.5
2021-02-02,SEIGLE,2.0,1.8
2021-02-02,SPECIAL BREAD,4.0,2.4
2021-02-02,TARTELETTE,3.0,2.0
2021-02-02,TRADITIONAL BAGUETTE,96.0,1.2
2021-02-04,BAGUETTE,26.0,0.9
2021-02-04,BANETTE,16.0,1.05
2021-02-04,BANETTINE,4.0,0.6
2021-02-04,BOULE 200G,6.0,1.1
2021-02-04,BOULE 400G,7.0,1.5
2021-02-04,BRIOCHE,2.0,5.0
2021-02-04,CAFE OU EAU,3.0,1.0
2021-02-04,CAMPAGNE,4.0,1.8
2021-02-04,CEREAL BAGUETTE,10.0,1.25
2021-02-04,CHAUSSON AUX POMMES,1.0,1.4
2021-02-04,COMPLET,7.0,1.5
2021-02-04,COOKIE,1.0,1.0
2021-02-04,COUPE,33.0,0.15
2021-02-04,CROISSANT,29.0,1.1
2021-02-04,CROISSANT AMANDES,2.0,1.4
2021-02-04,FICELLE,5.0,0.6
2021-02-04,FORMULE SANDWICH,5.0,6.5
2021-02-04,MOISSON,4.0,2.0
2021-02-04,PAIN,4.0,1.15
2021-02-04,PAIN AU CHOCOLAT,19.0,1.2
2021-02-04,PAIN AUX RAISINS,3.0,1.4
2021-02-04,PAIN BANETTE,2.0,1.4
2021-02-04,PAIN CHOCO AMANDES,2.0,1.5
2021-02-04,QUIM BREAD,2.0,1.0
2021-02-04,SAND JB EMMENTAL,2.0,3.5
2021-02-04,SANDWICH COMPLET,9.0,4.5
2021-02-04,SPECIAL BREAD,7.0,2.4
2021-02-04,TARTELETTE,3.0,2.0
2021-02-04,TRADITIONAL BAGUETTE,91.0,1.2
2021-02-05,BAGUETTE,30.0,0.9
2021-02-05,BANETTE,20.0,1.05
2021-02-05,BANETTINE,3.0,0.6
2021-02-05,BOISSON 33CL,2.0,1.5
2021-02-05,BOULE 200G,6.0,1.1
2021-02-05,BOULE 400G,3.0,1.5
2021-02-05,BRIOCHE,1.0,5.0
2021-02-05,CAFE OU EAU,1.0,1.0
2021-02-05,CAMPAGNE,5.0,1.8
2021-02-05,CEREAL BAGUETTE,6.0,1.25
2021-02-05,CHAUSSON AUX POMMES,1.0,1.4
2021-02-05,COOKIE,6.0,1.0
2021-02-05,COUPE,26.0,0.15
2021-02-05,CROISSANT,19.0,1.1
2021-02-05,CROISSANT AMANDES,3.0,1.4
2021-02-05,DEMI BAGUETTE,1.0,0.45
2021-02-05,FICELLE,5.0,0.6
2021-02-05,FORMULE SANDWICH,9.0,6.5
2021-02-05,KOUIGN AMANN,2.0,2.1
2021-02-05,MOISSON,5.0,2.0
2021-02-05,PAIN AU CHOCOLAT,27.0,1.2
2021-02-05,PAIN AUX RAISINS,4.0,1.4
2021-02-05,PAIN BANETTE,1.0,1.4
2021-02-05,PAIN CHOCO AMANDES,5.0,1.5
2021-02-05,QUIM BREAD,5.0,1.0
2021-02-05,SAND JB EMMENTAL,4.0,3.5
2021-02-05,SANDWICH COMPLET,4.0,4.5
2021-02-05,SEIGLE,1.0,1.8
2021-02-05,SPECIAL BREAD,7.0,2.4
2021-02-05,TARTELETTE,8.0,2.0
2021-02-05,TRADITIONAL BAGUETTE,114.0,1.2
2021-02-06,BAGUETTE,20.0,0.9
2021-02-06,BANETTE,26.0,1.05
2021-02-06,BANETTINE,2.0,0.6
2021-02-06,BOULE 200G,3.0,1.1
2021-02-06,BOULE 400G,5.0,1.5
2021-02-06,BRIOCHE,1.0,5.0
2021-02-06,CAFE OU EAU,9.0,1.0
2021-02-06,CAMPAGNE,4.0,1.8
2021-02-06,CEREAL BAGUETTE,9.0,1.25
2021-02-06,CHAUSSON AUX POMMES,3.0,1.4
2021-02-06,COMPLET,5.0,1.5
2021-02-06,COOKIE,1.0,1.0
2021-02-06,COUPE,30.0,0.15
2021-02-06,CROISSANT,38.0,1.1
2021-02-06,CROISSANT AMANDES,1.0,1.4
2021-02-06,DEMI BAGUETTE,2.0,0.45
2021-02-06,ECLAIR,9.0,2.0
2021-02-06,FICELLE,3.0,0.6
2021-02-06,FORMULE SANDWICH,2.0,6.5
2021-02-06,KOUIGN AMANN,6.0,2.1
2021-02-06,MOISSON,5.0,2.0
2021-02-06,PAIN,3.0,1.15
2021-02-06,PAIN AU CHOCOLAT,35.0,1.2
2021-02-06,PAIN AUX RAISINS,4.0,1.3999999999999997
2021-02-06,PAIN BANETTE,1.0,1.4
2021-02-06,PAIN CHOCO AMANDES,3.0,1.5
2021-02-06,QUIM BREAD,3.0,1.0
2021-02-06,SANDWICH COMPLET,1.0,4.5
2021-02-06,SEIGLE,2.0,1.8
2021-02-06,SPECIAL BREAD,9.0,2.4
2021-02-06,TARTELETTE,9.0,2.0
2021-02-06,TRADITIONAL BAGUETTE,131.0,1.2
2021-02-07,BAGUETTE,30.0,0.9
2021-02-07,BANETTE,29.0,1.05
2021-02-07,BANETTINE,6.0,0.6
2021-02-07,BOISSON 33CL,1.0,1.5
2021-02-07,BOULE 200G,3.0,1.1
2021-02-07,BOULE 400G,3.0,1.5
2021-02-07,BRIOCHE,2.0,5.0
2021-02-07,CAMPAGNE,6.0,1.8
2021-02-07,CEREAL BAGUETTE,7.0,1.25
2021-02-07,CHAUSSON AUX POMMES,3.0,1.3999999999999997
2021-02-07,COMPLET,4.0,1.5
2021-02-07,COOKIE,1.0,1.0
2021-02-07,COUPE,34.0,0.15
2021-02-07,CROISSANT,78.0,1.1
2021-02-07,CROISSANT AMANDES,4.0,1.4
2021-02-07,DEMI BAGUETTE,3.0,0.45
2021-02-07,ECLAIR,8.0,2.0
2021-02-07,FICELLE,5.0,0.6
2021-02-07,FORMULE SANDWICH,4.0,6.5
2021-02-07,KOUIGN AMANN,1.0,2.1
2021-02-07,MOISSON,5.0,2.0
2021-02-07,PAIN,4.0,1.15
2021-02-07,PAIN AU CHOCOLAT,47.0,1.2
2021-02-07,PAIN AUX RAISINS,4.0,1.4
2021-02-07,PAIN BANETTE,5.0,1.4
2021-02-07,PAIN CHOCO AMANDES,5.0,1.5
2021-02-07,SEIGLE,2.0,1.8
2021-02-07,SPECIAL BREAD,10.0,2.4
2021-02-07,TARTELETTE,23.0,2.0
2021-02-07,TRADITIONAL BAGUETTE,167.0,1.2
2021-02-08,BAGUETTE,22.0,0.9
2021-02-08,BANETTE,13.0,1.05
2021-02-08,BANETTINE,1.0,0.6
2021-02-08,BOISSON 33CL,1.0,1.5
2021-02-08,BOULE 200G,3.0,1.1
2021-02-08,BOULE 400G,7.0,1.5
2021-02-08,BRIOCHE,2.0,5.0
2021-02-08,CAFE OU EAU,2.0,1.0
2021-02-08,CAMPAGNE,2.0,1.8
2021-02-08,CEREAL BAGUETTE,2.0,1.25
2021-02-08,CHAUSSON AUX POMMES,4.0,1.3999999999999997
2021-02-08,COMPLET,1.0,1.5
2021-02-08,COOKIE,3.0,1.0
2021-02-08,COUPE,20.0,0.15
2021-02-08,CROISSANT,28.0,1.1
2021-02-08,CROISSANT AMANDES,3.0,1.3999999999999997
2021-02-08,DEMI BAGUETTE,2.0,0.45
2021-02-08,ECLAIR,4.0,2.0
2021-02-08,FICELLE,3.0,0.6
2021-02-08,FINANCIER X5,1.0,3.0
2021-02-08,FORMULE SANDWICH,10.0,6.5
2021-02-08,KOUIGN AMANN,2.0,2.1
2021-02-08,MOISSON,3.0,2.0
2021-02-08,PAIN,2.0,1.15
2021-02-08,PAIN AU CHOCOLAT,14.0,1.2
2021-02-08,PAIN AUX RAISINS,4.0,1.3999999999999997
2021-02-08,PAIN BANETTE,3.0,1.4
2021-02-08,QUIM BREAD,3.0,1.0
2021-02-08,SANDWICH COMPLET,3.0,4.5
2021-02-08,SPECIAL BREAD,8.0,2.4
2021-02-08,TARTELETTE,13.0,2.0
2021-02-08,TRADITIONAL BAGUETTE,106.0,1.2
2021-02-09,BAGUETTE,30.0,0.9
2021-02-09,BANETTE,23.0,1.05
2021-02-09,BANETTINE,3.0,0.6
2021-02-09,BOULE 200G,6.0,1.1
2021-02-09,BOULE 400G,9.0,1.5
2021-02-09,CAFE OU EAU,8.0,1.0
2021-02-09,CAMPAGNE,5.0,1.8
2021-02-09,CEREAL BAGUETTE,3.0,1.25
2021-02-09,CHAUSSON AUX POMMES,4.0,1.3999999999999997
2021-02-09,COMPLET,4.0,1.5
2021-02-09,COOKIE,2.0,1.0
2021-02-09,COUPE,38.0,0.15
2021-02-09,CROISSANT,11.0,1.1
2021-02-09,CROISSANT AMANDES,6.0,1.4
2021-02-09,DEMI BAGUETTE,3.0,0.45
2021-02-09,ECLAIR,1.0,2.0
2021-02-09,FICELLE,1.0,0.6
2021-02-09,FORMULE SANDWICH,5.0,6.5
2021-02-09,KOUIGN AMANN,3.0,2.1
2021-02-09,MOISSON,7.0,2.0
2021-02-09,PAIN,5.0,1.15
2021-02-09,PAIN AU CHOCOLAT,19.0,1.2
2021-02-09,PAIN AUX RAISINS,4.0,1.3999999999999997
2021-02-09,PAIN BANETTE,5.0,1.4
2021-02-09,PAIN CHOCO AMANDES,1.0,1.5
2021-02-09,QUIM BREAD,2.0,1.0
2021-02-09,SAND JB EMMENTAL,1.0,3.5
2021-02-09,SANDWICH COMPLET,5.0,4.5
2021-02-09,SEIGLE,2.0,1.8
2021-02-09,SPECIAL BREAD,12.0,2.4
2021-02-09,TARTELETTE,7.0,2.0
2021-02-09,TRADITIONAL BAGUETTE,86.0,1.2
2021-02-11,BAGUETTE,17.0,0.9
2021-02-11,BANETTE,23.0,1.05
2021-02-11,BANETTINE,3.0,0.6
2021-02-11,BOISSON 33CL,1.0,1.5
2021-02-11,BOULE 200G,6.0,1.1
2021-02-11,BOULE 400G,6.0,1.5
2021-02-11,CAFE OU EAU,3.0,1.0
2021-02-11,CAMPAGNE,5.0,1.8
2021-02-11,CEREAL BAGUETTE,5.0,1.25
2021-02-11,CHAUSSON AUX POMMES,2.0,1.4
2021-02-11,COMPLET,4.0,1.5
2021-02-11,COOKIE,1.0,1.0
2021-02-11,COUPE,26.0,0.15
2021-02-11,CROISSANT,16.0,1.1
2021-02-11,CROISSANT AMANDES,2.0,1.4
2021-02-11,DEMI BAGUETTE,1.0,0.45
2021-02-11,FICELLE,3.0,0.6
2021-02-11,KOUIGN AMANN,2.0,2.1
2021-02-11,MOISSON,5.0,2.0
2021-02-11,PAIN,2.0,1.15
2021-02-11,PAIN AU CHOCOLAT,26.0,1.2
2021-02-11,PAIN AUX RAISINS,4.0,1.3999999999999997
2021-02-11,PAIN BANETTE,4.0,1.4
2021-02-11,SANDWICH COMPLET,1.0,4.5
2021-02-11,SEIGLE,1.0,1.8
2021-02-11,SPECIAL BREAD,6.0,2.4
2021-02-11,TARTELETTE,4.0,2.0
2021-02-11,TRADITIONAL BAGUETTE,70.0,1.2
2021-02-12,BAGUETTE,18.0,0.9
2021-02-12,BANETTE,13.0,1.05
2021-02-12,BANETTINE,4.0,0.6
2021-02-12,BOISSON 33CL,2.0,1.5
2021-02-12,BOULE 200G,2.0,1.1
2021-02-12,BOULE 400G,6.0,1.5
2021-02-12,BRIOCHE,2.0,5.0
2021-02-12,CAMPAGNE,4.0,1.8
2021-02-12,CEREAL BAGUETTE,7.0,1.25
2021-02-12,CHAUSSON AUX POMMES,2.0,1.4
2021-02-12,COMPLET,4.0,1.5
2021-02-12,COOKIE,1.0,1.0
2021-02-12,COUPE,26.0,0.15
2021-02-12,CROISSANT,20.0,1.1
2021-02-12,DEMI BAGUETTE,2.0,0.45
2021-02-12,FICELLE,1.0,0.6
2021-02-12,FINANCIER X5,1.0,3.0
2021-02-12,FORMULE SANDWICH,4.0,6.5
2021-02-12,KOUIGN AMANN,3.0,2.1
2021-02-12,MOISSON,4.0,2.0
2021-02-12,PAIN,1.0,1.15
2021-02-12,PAIN AU CHOCOLAT,14.0,1.2
2021-02-12,PAIN AUX RAISINS,3.0,1.4
2021-02-12,PAIN BANETTE,4.0,1.4
2021-02-12,PAIN CHOCO AMANDES,3.0,1.5
2021-02-12,QUIM BREAD,5.0,1.0
2021-02-12,SANDWICH COMPLET,4.0,4.5
2021-02-12,SEIGLE,1.0,1.8
2021-02-12,SPECIAL BREAD,8.0,2.4
2021-02-12,TARTELETTE,5.0,2.0
2021-02-12,TRADITIONAL BAGUETTE,88.0,1.2
2021-02-13,BAGUETTE,27.0,0.9
2021-02-13,BANETTE,34.0,1.05
2021-02-13,BANETTINE,6.0,0.6
2021-02-13,BOULE 200G,6.0,1.1
2021-02-13,BOULE 400G,7.0,1.5
2021-02-13,BRIOCHE,1.0,5.0
2021-02-13,CAFE OU EAU,7.0,1.0
2021-02-13,CAMPAGNE,5.0,1.8
2021-02-13,CEREAL BAGUETTE,9.0,1.25
2021-02-13,CHAUSSON AUX POMMES,1.0,1.4
2021-02-13,COMPLET,4.0,1.5
2021-02-13,COOKIE,1.0,1.0
2021-02-13,COUPE,38.0,0.15
2021-02-13,CROISSANT,33.0,1.1
2021-02-13,CROISSANT AMANDES,5.0,1.4
2021-02-13,DEMI BAGUETTE,1.0,0.45
2021-02-13,ECLAIR,5.0,2.0
2021-02-13,FICELLE,5.0,0.6
2021-02-13,FINANCIER X5,1.0,3.0
2021-02-13,KOUIGN AMANN,4.0,2.1
2021-02-13,MOISSON,4.0,2.0
2021-02-13,PAIN,6.0,1.15
2021-02-13,PAIN AU CHOCOLAT,30.0,1.2
2021-02-13,PAIN AUX RAISINS,2.0,1.4
2021-02-13,PAIN BANETTE,7.0,1.4
2021-02-13,PAIN CHOCO AMANDES,2.0,1.5
2021-02-13,QUIM BREAD,1.0,1.0
2021-02-13,SAND JB EMMENTAL,1.0,3.5
2021-02-13,SANDWICH COMPLET,1.0,4.5
2021-02-13,SEIGLE,2.0,1.8
2021-02-13,SPECIAL BREAD,10.0,2.4
2021-02-13,TARTELETTE,5.0,2.0
2021-02-13,TRADITIONAL BAGUETTE,114.0,1.2
2021-02-14,BAGUETTE,50.0,0.8999999999999999
2021-02-14,BANETTE,38.0,1.05
2021-02-14,BANETTINE,8.0,0.6
2021-02-14,BOISSON 33CL,2.0,1.5
2021-02-14,BOULE 200G,8.0,1.1
2021-02-14,BOULE 400G,11.0,1.5
2021-02-14,BRIOCHE,3.0,5.0
2021-02-14,CAMPAGNE,11.0,1.8
2021-02-14,CEREAL BAGUETTE,9.0,1.25
2021-02-14,CHAUSSON AUX POMMES,5.0,1.3999999999999997
2021-02-14,COMPLET,5.0,1.5
2021-02-14,COOKIE,10.0,1.0
2021-02-14,COUPE,52.0,0.15
2021-02-14,CROISSANT,77.0,1.1
2021-02-14,CROISSANT AMANDES,3.0,1.3999999999999997
2021-02-14,DEMI BAGUETTE,3.0,0.45
2021-02-14,ECLAIR,18.0,2.0
2021-02-14,FICELLE,10.0,0.6
2021-02-14,FINANCIER X5,5.0,3.0
2021-02-14,KOUIGN AMANN,4.0,2.1
2021-02-14,MOISSON,5.0,2.0
2021-02-14,PAIN,5.0,1.15
2021-02-14,PAIN AU CHOCOLAT,72.0,1.2
2021-02-14,PAIN AUX RAISINS,4.0,1.3999999999999997
2021-02-14,PAIN BANETTE,6.0,1.3999999999999997
2021-02-14,PAIN CHOCO AMANDES,5.0,1.5
2021-02-14,QUIM BREAD,11.0,1.0
2021-02-14,SEIGLE,2.0,1.8
2021-02-14,SPECIAL BREAD,7.0,2.4
2021-02-14,TARTELETTE,22.0,2.0
2021-02-14,TRADITIONAL BAGUETTE,167.0,1.2
2021-02-15,BAGUETTE,25.0,0.9
2021-02-15,BANETTE,23.0,1.05
2021-02-15,BANETTINE,5.0,0.6
2021-02-15,BOISSON 33CL,5.0,1.5
2021-02-15,BOULE 200G,4.0,1.1
2021-02-15,BOULE 400G,6.0,1.5
2021-02-15,CAFE OU EAU,2.0,1.0
2021-02-15,CAMPAGNE,1.0,1.8
2021-02-15,CEREAL BAGUETTE,10.0,1.25
2021-02-15,CHAUSSON AUX POMMES,2.0,1.4
2021-02-15,COMPLET,2.0,1.5
2021-02-15,COOKIE,4.0,1.0
2021-02-15,COUPE,18.0,0.15
2021-02-15,CROISSANT,20.0,1.1
2021-02-15,DEMI BAGUETTE,1.0,0.45
2021-02-15,FICELLE,1.0,0.6
2021-02-15,FINANCIER X5,1.0,3.0
2021-02-15,FORMULE SANDWICH,8.0,6.5
2021-02-15,KOUIGN AMANN,1.0,2.1
2021-02-15,MOISSON,2.0,2.0
2021-02-15,PAIN,3.0,1.15
2021-02-15,PAIN AU CHOCOLAT,11.0,1.2
2021-02-15,PAIN AUX RAISINS,3.0,1.4
2021-02-15,PAIN BANETTE,2.0,1.4
2021-02-15,PAIN CHOCO AMANDES,1.0,1.5
2021-02-15,SANDWICH COMPLET,5.0,4.5
2021-02-15,SEIGLE,1.0,1.8
2021-02-15,SPECIAL BREAD,4.0,2.4
2021-02-15,TRADITIONAL BAGUETTE,135.0,1.2
2021-02-16,BAGUETTE,22.0,0.9
2021-02-16,BANETTE,28.0,1.05
2021-02-16,BANETTINE,3.0,0.6
2021-02-16,BOISSON 33CL,2.0,1.5
2021-02-16,BOULE 200G,3.0,1.1
2021-02-16,BOULE 400G,6.0,1.5
2021-02-16,BRIOCHE,1.0,5.0
2021-02-16,CAFE OU EAU,1.0,1.0
2021-02-16,CAMPAGNE,5.0,1.8
2021-02-16,CEREAL BAGUETTE,5.0,1.25
2021-02-16,CHAUSSON AUX POMMES,2.0,1.4
2021-02-16,COMPLET,4.0,1.5
2021-02-16,COUPE,22.0,0.15
2021-02-16,CROISSANT,16.0,1.1
2021-02-16,CROISSANT AMANDES,6.0,1.3999999999999997
2021-02-16,DEMI BAGUETTE,3.0,0.45
2021-02-16,FICELLE,5.0,0.6
2021-02-16,FINANCIER X5,2.0,3.0
2021-02-16,FORMULE SANDWICH,7.0,6.5
2021-02-16,KOUIGN AMANN,1.0,2.1
2021-02-16,MOISSON,4.0,2.0
2021-02-16,PAIN,1.0,1.15
2021-02-16,PAIN AU CHOCOLAT,21.0,1.2
2021-02-16,PAIN AUX RAISINS,2.0,1.4
2021-02-16,PAIN BANETTE,1.0,1.4
2021-02-16,PAIN CHOCO AMANDES,4.0,1.5
2021-02-16,QUIM BREAD,3.0,1.0
2021-02-16,SAND JB EMMENTAL,1.0,3.5
2021-02-16,SANDWICH COMPLET,5.0,4.5
2021-02-16,SEIGLE,1.0,1.8
2021-02-16,SPECIAL BREAD,8.0,2.4
2021-02-16,TARTELETTE,6.0,2.0
2021-02-16,TRADITIONAL BAGUETTE,108.0,1.2
2021-02-18,BAGUETTE,33.0,0.9
2021-02-18,BANETTE,27.0,1.05
2021-02-18,BANETTINE,2.0,0.6
2021-02-18,BOISSON 33CL,2.0,1.5
2021-02-18,BOULE 200G,3.0,1.1
2021-02-18,BOULE 400G,3.0,1.5
2021-02-18,BRIOCHE,2.0,5.0
2021-02-18,CAFE OU EAU,1.0,1.0
2021-02-18,CAMPAGNE,6.0,1.8
2021-02-18,CEREAL BAGUETTE,8.0,1.25
2021-02-18,COMPLET,3.0,1.5
2021-02-18,COOKIE,4.0,1.0
2021-02-18,COUPE,20.0,0.15
2021-02-18,CROISSANT,11.0,1.1
2021-02-18,CROISSANT AMANDES,1.0,1.4
2021-02-18,FICELLE,3.0,0.6
2021-02-18,FINANCIER X5,2.0,3.0
2021-02-18,FORMULE SANDWICH,12.0,6.5
2021-02-18,KOUIGN AMANN,6.0,2.1
2021-02-18,MOISSON,3.0,2.0
2021-02-18,PAIN,6.0,1.15
2021-02-18,PAIN AU CHOCOLAT,5.0,1.2
2021-02-18,PAIN AUX RAISINS,4.0,1.3999999999999997
2021-02-18,PAIN BANETTE,6.0,1.4
2021-02-18,QUIM BREAD,1.0,1.0
2021-02-18,SANDWICH COMPLET,2.0,4.5
2021-02-18,SPECIAL BREAD,8.0,2.4
2021-02-18,TARTELETTE,5.0,2.0
2021-02-18,TRADITIONAL BAGUETTE,88.0,1.2
2021-02-19,BAGUETTE,28.0,0.9
2021-02-19,BANETTE,26.0,1.05
2021-02-19,BANETTINE,6.0,0.6
2021-02-19,BOISSON 33CL,3.0,1.5
2021-02-19,BOULE 200G,5.0,1.1
2021-02-19,BOULE 400G,9.0,1.5
2021-02-19,CAFE OU EAU,2.0,1.0
2021-02-19,CAMPAGNE,6.0,1.8
2021-02-19,CEREAL BAGUETTE,10.0,1.25
2021-02-19,CHAUSSON AUX POMMES,1.0,1.4
2021-02-19,COMPLET,4.0,1.5
2021-02-19,COOKIE,8.0,1.0
2021-02-19,COUPE,34.0,0.15
2021-02-19,CROISSANT,28.0,1.1
2021-02-19,CROISSANT AMANDES,2.0,1.4
2021-02-19,DEMI BAGUETTE,3.0,0.45
2021-02-19,ECLAIR,4.0,2.0
2021-02-19,FICELLE,6.0,0.6
2021-02-19,FORMULE SANDWICH,9.0,6.5
2021-02-19,MOISSON,4.0,2.0
2021-02-19,PAIN,4.0,1.15
2021-02-19,PAIN AU CHOCOLAT,28.0,1.2
2021-02-19,PAIN AUX RAISINS,5.0,1.3999999999999997
2021-02-19,PAIN BANETTE,4.0,1.3999999999999997
2021-02-19,PAIN CHOCO AMANDES,1.0,1.5
2021-02-19,QUIM BREAD,6.0,1.0
2021-02-19,SAND JB EMMENTAL,1.0,3.5
2021-02-19,SANDWICH COMPLET,3.0,4.5
2021-02-19,SEIGLE,2.0,1.8
2021-02-19,SPECIAL BREAD,8.0,2.4
2021-02-19,TARTELETTE,3.0,2.0
2021-02-19,TRADITIONAL BAGUETTE,124.0,1.2
2021-02-20,BAGUETTE,28.0,0.9
2021-02-20,BANETTE,26.0,1.05
2021-02-20,BANETTINE,7.0,0.6
2021-02-20,BOISSON 33CL,2.0,1.5
2021-02-20,BOULE 200G,6.0,1.1
2021-02-20,BOULE 400G,10.0,1.5
2021-02-20,BRIOCHE,4.0,5.0
2021-02-20,CAFE OU EAU,4.0,1.0
2021-02-20,CAMPAGNE,10.0,1.8
2021-02-20,CEREAL BAGUETTE,20.0,1.25
2021-02-20,CHAUSSON AUX POMMES,4.0,1.4
2021-02-20,COMPLET,5.0,1.5
2021-02-20,COOKIE,4.0,1.0
2021-02-20,COUPE,34.0,0.15
2021-02-20,CROISSANT,22.0,1.1
2021-02-20,CROISSANT AMANDES,1.0,1.4
2021-02-20,DEMI BAGUETTE,1.0,0.45
2021-02-20,ECLAIR,6.0,2.0
2021-02-20,FICELLE,7.0,0.6
2021-02-20,FINANCIER X5,3.0,3.0
2021-02-20,KOUIGN AMANN,3.0,2.1
2021-02-20,MOISSON,5.0,2.0
2021-02-20,PAIN,5.0,1.15
2021-02-20,PAIN AU CHOCOLAT,30.0,1.2
2021-02-20,PAIN AUX RAISINS,5.0,1.3999999999999997
2021-02-20,PAIN BANETTE,7.0,1.4
2021-02-20,QUIM BREAD,3.0,1.0
2021-02-20,SAND JB EMMENTAL,1.0,3.5
2021-02-20,SANDWICH COMPLET,1.0,4.5
2021-02-20,SEIGLE,2.0,1.8
2021-02-20,SPECIAL BREAD,10.0,2.4
2021-02-20,TARTELETTE,9.0,2.0
2021-02-20,TRADITIONAL BAGUETTE,165.0,1.2
2021-02-21,BAGUETTE,54.0,0.8999999999999999
2021-02-21,BANETTE,34.0,1.05
2021-02-21,BANETTINE,8.0,0.6
2021-02-21,BOULE 200G,6.0,1.1
2021-02-21,BOULE 400G,10.0,1.5
2021-02-21,BRIOCHE,3.0,5.0
2021-02-21,CAMPAGNE,10.0,1.8
2021-02-21,CEREAL BAGUETTE,19.0,1.25
2021-02-21,CHAUSSON AUX POMMES,1.0,1.4
2021-02-21,COMPLET,10.0,1.5
2021-02-21,COOKIE,6.0,1.0
2021-02-21,COUPE,57.0,0.15
2021-02-21,CROISSANT,99.0,1.1
2021-02-21,CROISSANT AMANDES,6.0,1.4
2021-02-21,DEMI BAGUETTE,6.0,0.45
2021-02-21,ECLAIR,22.0,2.0
2021-02-21,FICELLE,7.0,0.6
2021-02-21,FINANCIER X5,1.0,3.0
2021-02-21,FORMULE SANDWICH,2.0,6.5
2021-02-21,KOUIGN AMANN,13.0,2.1
2021-02-21,MOISSON,10.0,2.0
2021-02-21,PAIN,6.0,1.15
2021-02-21,PAIN AU CHOCOLAT,63.0,1.2
2021-02-21,PAIN AUX RAISINS,6.0,1.4
2021-02-21,PAIN BANETTE,7.0,1.4
2021-02-21,PAIN CHOCO AMANDES,5.0,1.5
2021-02-21,QUIM BREAD,9.0,1.0
2021-02-21,SEIGLE,2.0,1.8
2021-02-21,SPECIAL BREAD,12.0,2.4
2021-02-21,TARTELETTE,20.0,2.0
2021-02-21,TRADITIONAL BAGUETTE,248.0,1.2
2021-02-22,BAGUETTE,49.0,0.9
2021-02-22,BANETTE,29.0,1.05
2021-02-22,BANETTINE,6.0,0.6
2021-02-22,BOISSON 33CL,1.0,1.5
2021-02-22,BOULE 200G,6.0,1.1
2021-02-22,BOULE 400G,8.0,1.5
2021-02-22,BRIOCHE,4.0,5.0
2021-02-22,CAFE OU EAU,2.0,1.0
2021-02-22,CAMPAGNE,11.0,1.8
2021-02-22,CEREAL BAGUETTE,20.0,1.25
2021-02-22,COMPLET,10.0,1.5
2021-02-22,COOKIE,2.0,1.0
2021-02-22,COUPE,37.0,0.15
2021-02-22,CROISSANT,51.0,1.1
2021-02-22,CROISSANT AMANDES,4.0,1.3999999999999997
2021-02-22,DEMI BAGUETTE,1.0,0.45
2021-02-22,ECLAIR,10.0,2.0
2021-02-22,FICELLE,5.0,0.6
2021-02-22,FORMULE SANDWICH,5.0,6.5
2021-02-22,KOUIGN AMANN,6.0,2.1
2021-02-22,MOISSON,7.0,2.0
2021-02-22,PAIN,4.0,1.15
2021-02-22,PAIN AU CHOCOLAT,43.0,1.2
2021-02-22,PAIN AUX RAISINS,4.0,1.3999999999999997
2021-02-22,PAIN BANETTE,7.0,1.4
2021-02-22,PAIN CHOCO AMANDES,2.0,1.5
2021-02-22,QUIM BREAD,7.0,1.0
2021-02-22,SAND JB EMMENTAL,4.0,3.5
2021-02-22,SANDWICH COMPLET,5.0,4.5
2021-02-22,SEIGLE,1.0,1.8
2021-02-22,SPECIAL BREAD,10.0,2.4
2021-02-22,TARTELETTE,3.0,2.0
2021-02-22,TRADITIONAL BAGUETTE,164.0,1.2
2021-02-23,BAGUETTE,31.0,0.9
2021-02-23,BANETTE,33.0,1.05
2021-02-23,BANETTINE,4.0,0.6
2021-02-23,BOISSON 33CL,3.0,1.5
2021-02-23,BOULE 200G,5.0,1.1
2021-02-23,BOULE 400G,8.0,1.5
2021-02-23,BRIOCHE,3.0,5.0
2021-02-23,CAFE OU EAU,6.0,1.0
2021-02-23,CAMPAGNE,11.0,1.8
2021-02-23,CEREAL BAGUETTE,19.0,1.25
2021-02-23,CHAUSSON AUX POMMES,5.0,1.3999999999999997
2021-02-23,COMPLET,11.0,1.5
2021-02-23,COOKIE,8.0,1.0
2021-02-23,COUPE,44.0,0.15
2021-02-23,CROISSANT,63.0,1.1
2021-02-23,CROISSANT AMANDES,5.0,1.3999999999999997
2021-02-23,DEMI BAGUETTE,3.0,0.45
2021-02-23,ECLAIR,3.0,2.0
2021-02-23,FICELLE,5.0,0.6
2021-02-23,FORMULE SANDWICH,5.0,6.5
2021-02-23,MOISSON,8.0,2.0
2021-02-23,PAIN,6.0,1.15
2021-02-23,PAIN AU CHOCOLAT,37.0,1.2
2021-02-23,PAIN AUX RAISINS,5.0,1.3999999999999997
2021-02-23,PAIN BANETTE,7.0,1.4
2021-02-23,PAIN CHOCO AMANDES,9.0,1.5
2021-02-23,QUIM BREAD,2.0,1.0
2021-02-23,SAND JB EMMENTAL,2.0,3.5
2021-02-23,SANDWICH COMPLET,7.0,4.5
2021-02-23,SEIGLE,1.0,1.8
2021-02-23,SPECIAL BREAD,8.0,2.4
2021-02-23,TARTELETTE,6.0,2.0
2021-02-23,TRADITIONAL BAGUETTE,180.0,1.2
2021-02-25,BAGUETTE,36.0,0.9
2021-02-25,BANETTE,38.0,1.05
2021-02-25,BANETTINE,8.0,0.6
2021-02-25,BOULE 200G,1.0,1.1
2021-02-25,BOULE 400G,8.0,1.5
2021-02-25,BRIOCHE,3.0,5.0
2021-02-25,CAFE OU EAU,2.0,1.0
2021-02-25,CAMPAGNE,10.0,1.8
2021-02-25,CEREAL BAGUETTE,19.0,1.25
2021-02-25,CHAUSSON AUX POMMES,5.0,1.3999999999999997
2021-02-25,COMPLET,10.0,1.5
2021-02-25,COOKIE,2.0,1.0
2021-02-25,COUPE,39.0,0.15
2021-02-25,CROISSANT,53.0,1.1
2021-02-25,CROISSANT AMANDES,2.0,1.4
2021-02-25,DEMI BAGUETTE,5.0,0.45
2021-02-25,FICELLE,6.0,0.6
2021-02-25,FINANCIER X5,3.0,3.0
2021-02-25,FORMULE SANDWICH,5.0,6.5
2021-02-25,KOUIGN AMANN,3.0,2.1
2021-02-25,MOISSON,9.0,2.0
2021-02-25,PAIN,1.0,1.15
2021-02-25,PAIN AU CHOCOLAT,36.0,1.2
2021-02-25,PAIN AUX RAISINS,2.0,1.4
2021-02-25,PAIN BANETTE,4.0,1.4
2021-02-25,PAIN CHOCO AMANDES,2.0,1.5
2021-02-25,QUIM BREAD,3.0,1.0
2021-02-25,SANDWICH COMPLET,9.0,4.5
2021-02-25,SEIGLE,2.0,1.8
2021-02-25,SPECIAL BREAD,9.0,2.4
2021-02-25,TARTELETTE,3.0,2.0
2021-02-25,TRADITIONAL BAGUETTE,210.0,1.2
2021-02-26,BAGUETTE,31.0,0.9000000000000001
2021-02-26,BANETTE,35.0,1.05
2021-02-26,BANETTINE,9.0,0.6
2021-02-26,BOISSON 33CL,3.0,1.5
2021-02-26,BOULE 200G,7.0,1.1
2021-02-26,BOULE 400G,10.0,1.5
2021-02-26,BRIOCHE,5.0,5.0
2021-02-26,CAFE OU EAU,3.0,1.0
2021-02-26,CAMPAGNE,9.0,1.8
2021-02-26,CEREAL BAGUETTE,20.0,1.25
2021-02-26,CHAUSSON AUX POMMES,6.0,1.4
2021-02-26,COMPLET,7.0,1.5
2021-02-26,COOKIE,11.0,1.0
2021-02-26,COUPE,54.0,0.15
2021-02-26,CROISSANT,47.0,1.1
2021-02-26,CROISSANT AMANDES,5.0,1.4
2021-02-26,DEMI BAGUETTE,3.0,0.45
2021-02-26,ECLAIR,4.0,2.0
2021-02-26,FICELLE,6.0,0.6
2021-02-26,FINANCIER X5,3.0,3.0
2021-02-26,FORMULE SANDWICH,13.0,6.5
2021-02-26,KOUIGN AMANN,3.0,2.1
2021-02-26,MOISSON,6.0,2.0
2021-02-26,PAIN,5.0,1.15
2021-02-26,PAIN AU CHOCOLAT,61.0,1.2
2021-02-26,PAIN AUX RAISINS,4.0,1.3999999999999997
2021-02-26,PAIN BANETTE,7.0,1.4
2021-02-26,PAIN CHOCO AMANDES,3.0,1.5
2021-02-26,QUIM BREAD,4.0,1.0
2021-02-26,SAND JB EMMENTAL,9.0,3.5
2021-02-26,SANDWICH COMPLET,8.0,4.5
2021-02-26,SEIGLE,2.0,1.8
2021-02-26,SPECIAL BREAD,9.0,2.4
2021-02-26,TARTELETTE,14.0,2.0
2021-02-26,TRADITIONAL BAGUETTE,222.0,1.2
2021-02-27,BAGUETTE,53.0,0.9
2021-02-27,BANETTE,49.0,1.05
2021-02-27,BANETTINE,7.0,0.6
2021-02-27,BOISSON 33CL,3.0,1.5
2021-02-27,BOULE 200G,8.0,1.1
2021-02-27,BOULE 400G,15.0,1.5
2021-02-27,BRIOCHE,6.0,5.0
2021-02-27,CAFE OU EAU,6.0,1.0
2021-02-27,CAMPAGNE,10.0,1.7999999999999998
2021-02-27,CEREAL BAGUETTE,19.0,1.25
2021-02-27,CHAUSSON AUX POMMES,2.0,1.4
2021-02-27,COMPLET,10.0,1.5
2021-02-27,COUPE,70.0,0.15
2021-02-27,CROISSANT,57.0,1.1
2021-02-27,CROISSANT AMANDES,6.0,1.4
2021-02-27,DEMI BAGUETTE,1.0,0.45
2021-02-27,ECLAIR,12.0,2.0
2021-02-27,FICELLE,5.0,0.6
2021-02-27,FINANCIER X5,5.0,3.0
2021-02-27,FORMULE SANDWICH,6.0,6.5
2021-02-27,KOUIGN AMANN,3.0,2.1
2021-02-27,MOISSON,10.0,2.0
2021-02-27,PAIN,4.0,1.15
2021-02-27,PAIN AU CHOCOLAT,47.0,1.2
2021-02-27,PAIN AUX RAISINS,5.0,1.4
2021-02-27,PAIN BANETTE,7.0,1.4
2021-02-27,PAIN CHOCO AMANDES,1.0,1.5
2021-02-27,QUIM BREAD,8.0,1.0
2021-02-27,SAND JB EMMENTAL,5.0,3.5
2021-02-27,SANDWICH COMPLET,6.0,4.5
2021-02-27,SEIGLE,5.0,1.8
2021-02-27,SPECIAL BREAD,16.0,2.4
2021-02-27,TARTELETTE,19.0,2.0
2021-02-27,TRADITIONAL BAGUETTE,344.0,1.2
2021-02-28,BAGUETTE,75.0,0.9
2021-02-28,BANETTE,61.0,1.05
2021-02-28,BANETTINE,7.0,0.6
2021-02-28,BOULE 200G,7.0,1.1
2021-02-28,BOULE 400G,19.0,1.5
2021-02-28,BRIOCHE,5.0,5.0
2021-02-28,CAFE OU EAU,1.0,1.0
2021-02-28,CAMPAGNE,18.0,1.8
2021-02-28,CEREAL BAGUETTE,21.0,1.25
2021-02-28,CHAUSSON AUX POMMES,11.0,1.4
2021-02-28,COMPLET,10.0,1.5
2021-02-28,COOKIE,9.0,1.0
2021-02-28,COUPE,74.0,0.15
2021-02-28,CROISSANT,133.0,1.1
2021-02-28,CROISSANT AMANDES,2.0,1.4
2021-02-28,DEMI BAGUETTE,4.0,0.45
2021-02-28,ECLAIR,35.0,2.0
2021-02-28,FICELLE,7.0,0.6
2021-02-28,FINANCIER X5,2.0,3.0
2021-02-28,FORMULE SANDWICH,10.0,6.5
2021-02-28,MOISSON,10.0,2.0
2021-02-28,PAIN,7.0,1.15
2021-02-28,PAIN AU CHOCOLAT,136.0,1.2
2021-02-28,PAIN AUX RAISINS,8.0,1.4
2021-02-28,PAIN BANETTE,7.0,1.3999999999999997
2021-02-28,PAIN CHOCO AMANDES,3.0,1.5
2021-02-28,QUIM BREAD,4.0,1.0
2021-02-28,SAND JB EMMENTAL,1.0,3.5
2021-02-28,SANDWICH COMPLET,5.0,4.5
2021-02-28,SEIGLE,7.0,1.8
2021-02-28,SPECIAL BREAD,19.0,2.4
2021-02-28,TARTELETTE,22.0,2.0
2021-02-28,TRADITIONAL BAGUETTE,426.0,1.2
2021-03-01,BAGUETTE,36.0,0.9000000000000001
2021-03-01,BANETTE,30.0,1.05
2021-03-01,BANETTINE,5.0,0.6
2021-03-01,BOISSON 33CL,1.0,1.5
2021-03-01,BOULE 200G,1.0,1.1
2021-03-01,BOULE 400G,4.0,1.5
2021-03-01,BRIOCHE,1.0,5.0
2021-03-01,CAFE OU EAU,2.0,1.0
2021-03-01,CAMPAGNE,9.0,1.8
2021-03-01,CEREAL BAGUETTE,20.0,1.25
2021-03-01,CHAUSSON AUX POMMES,1.0,1.4
2021-03-01,COMPLET,8.0,1.5
2021-03-01,COOKIE,3.0,1.0
2021-03-01,COUPE,31.0,0.15
2021-03-01,CROISSANT,41.0,1.1
2021-03-01,CROISSANT AMANDES,4.0,1.4
2021-03-01,DEMI BAGUETTE,2.0,0.45
2021-03-01,FICELLE,1.0,0.6
2021-03-01,FORMULE SANDWICH,13.0,6.5
2021-03-01,KOUIGN AMANN,4.0,2.1
2021-03-01,MOISSON,10.0,2.0
2021-03-01,PAIN,6.0,1.15
2021-03-01,PAIN AU CHOCOLAT,36.0,1.2
2021-03-01,PAIN AUX RAISINS,6.0,1.4
2021-03-01,PAIN BANETTE,7.0,1.3999999999999997
2021-03-01,PAIN CHOCO AMANDES,6.0,1.5
2021-03-01,QUIM BREAD,5.0,1.0
2021-03-01,SAND JB EMMENTAL,2.0,3.5
2021-03-01,SANDWICH COMPLET,4.0,4.5
2021-03-01,SEIGLE,2.0,1.8
2021-03-01,SPECIAL BREAD,8.0,2.4
2021-03-01,TARTELETTE,8.0,2.0
2021-03-01,TRADITIONAL BAGUETTE,201.0,1.2
2021-03-02,BAGUETTE,31.0,0.9
2021-03-02,BANETTE,38.0,1.05
2021-03-02,BANETTINE,7.0,0.6
2021-03-02,BOISSON 33CL,2.0,1.5
2021-03-02,BOULE 200G,7.0,1.1
2021-03-02,BOULE 400G,10.0,1.5
2021-03-02,BRIOCHE,4.0,5.0
2021-03-02,CAFE OU EAU,2.0,1.0
2021-03-02,CAMPAGNE,11.0,1.8
2021-03-02,CEREAL BAGUETTE,20.0,1.25
2021-03-02,CHAUSSON AUX POMMES,4.0,1.3999999999999997
2021-03-02,COMPLET,10.0,1.5
2021-03-02,COOKIE,6.0,1.0
2021-03-02,COUPE,50.0,0.15
2021-03-02,CROISSANT,19.0,1.1
2021-03-02,CROISSANT AMANDES,6.0,1.4
2021-03-02,DEMI BAGUETTE,6.0,0.45
2021-03-02,FICELLE,5.0,0.6
2021-03-02,FINANCIER X5,1.0,3.0
2021-03-02,FORMULE SANDWICH,14.0,6.5
2021-03-02,KOUIGN AMANN,1.0,2.1
2021-03-02,MOISSON,10.0,2.0
2021-03-02,PAIN,6.0,1.15
2021-03-02,PAIN AU CHOCOLAT,26.0,1.2
2021-03-02,PAIN AUX RAISINS,3.0,1.4
2021-03-02,PAIN BANETTE,7.0,1.4
2021-03-02,PAIN CHOCO AMANDES,6.0,1.5
2021-03-02,QUIM BREAD,4.0,1.0
2021-03-02,SAND JB EMMENTAL,3.0,3.5
2021-03-02,SANDWICH COMPLET,9.0,4.5
2021-03-02,SEIGLE,6.0,1.8
2021-03-02,SPECIAL BREAD,8.0,2.4
2021-03-02,TARTELETTE,9.0,2.0
2021-03-02,TRADITIONAL BAGUETTE,199.0,1.2
2021-03-04,BAGUETTE,37.0,0.9000000000000001
2021-03-04,BANETTE,38.0,1.05
2021-03-04,BANETTINE,9.0,0.6
2021-03-04,BOULE 200G,7.0,1.1
2021-03-04,BOULE 400G,10.0,1.5
2021-03-04,BRIOCHE,2.0,5.0
2021-03-04,CAFE OU EAU,2.0,1.0
2021-03-04,CAMPAGNE,10.0,1.7999999999999998
2021-03-04,CEREAL BAGUETTE,17.0,1.25
2021-03-04,CHAUSSON AUX POMMES,6.0,1.4
2021-03-04,COMPLET,9.0,1.5
2021-03-04,COOKIE,5.0,1.0
2021-03-04,COUPE,44.0,0.15
2021-03-04,CROISSANT,25.0,1.1
2021-03-04,CROISSANT AMANDES,4.0,1.3999999999999997
2021-03-04,DEMI BAGUETTE,5.0,0.45
2021-03-04,FICELLE,3.0,0.6
2021-03-04,FORMULE SANDWICH,10.0,6.5
2021-03-04,KOUIGN AMANN,6.0,2.1
2021-03-04,MOISSON,10.0,2.0
2021-03-04,PAIN,6.0,1.15
2021-03-04,PAIN AU CHOCOLAT,35.0,1.2
2021-03-04,PAIN AUX RAISINS,6.0,1.4
2021-03-04,PAIN BANETTE,7.0,1.4
2021-03-04,PAIN CHOCO AMANDES,3.0,1.5
2021-03-04,QUIM BREAD,5.0,1.0
2021-03-04,SAND JB EMMENTAL,2.0,3.5
2021-03-04,SANDWICH COMPLET,7.0,4.5
2021-03-04,SEIGLE,2.0,1.8
2021-03-04,SPECIAL BREAD,8.0,2.4
2021-03-04,TARTELETTE,12.0,2.0
2021-03-04,TRADITIONAL BAGUETTE,194.0,1.2
2021-03-05,BAGUETTE,44.0,0.9
2021-03-05,BANETTE,38.0,1.05
2021-03-05,BANETTINE,5.0,0.6
2021-03-05,BOISSON 33CL,2.0,1.5
2021-03-05,BOULE 200G,6.0,1.1
2021-03-05,BOULE 400G,10.0,1.5
2021-03-05,BRIOCHE,3.0,5.0
2021-03-05,CAFE OU EAU,4.0,1.0
2021-03-05,CAMPAGNE,9.0,1.8
2021-03-05,CEREAL BAGUETTE,15.0,1.25
2021-03-05,CHAUSSON AUX POMMES,2.0,1.4
2021-03-05,COMPLET,8.0,1.5
2021-03-05,COOKIE,9.0,1.0
2021-03-05,COUPE,55.0,0.15
2021-03-05,CROISSANT,35.0,1.1
2021-03-05,CROISSANT AMANDES,2.0,1.4
2021-03-05,DEMI BAGUETTE,2.0,0.45
2021-03-05,ECLAIR,7.0,2.0
2021-03-05,FICELLE,4.0,0.6
2021-03-05,FINANCIER X5,2.0,3.0
2021-03-05,FORMULE SANDWICH,10.0,6.5
2021-03-05,KOUIGN AMANN,4.0,2.1
2021-03-05,MOISSON,10.0,2.0
2021-03-05,PAIN,4.0,1.15
2021-03-05,PAIN AU CHOCOLAT,36.0,1.2
2021-03-05,PAIN AUX RAISINS,5.0,1.3999999999999997
2021-03-05,PAIN BANETTE,7.0,1.3999999999999997
2021-03-05,PAIN CHOCO AMANDES,3.0,1.5
2021-03-05,QUIM BREAD,2.0,1.0
2021-03-05,SAND JB EMMENTAL,4.0,3.5
2021-03-05,SANDWICH COMPLET,9.0,4.5
2021-03-05,SEIGLE,2.0,1.8
2021-03-05,SPECIAL BREAD,8.0,2.4
2021-03-05,TARTELETTE,2.0,2.0
2021-03-05,TRADITIONAL BAGUETTE,192.0,1.2
2021-03-06,BAGUETTE,48.0,0.9
2021-03-06,BANETTE,40.0,1.05
2021-03-06,BANETTINE,3.0,0.6
2021-03-06,BOULE 200G,6.0,1.1
2021-03-06,BOULE 400G,10.0,1.5
2021-03-06,BRIOCHE,1.0,5.0
2021-03-06,CAFE OU EAU,3.0,1.0
2021-03-06,CAMPAGNE,10.0,1.8
2021-03-06,CEREAL BAGUETTE,11.0,1.25
2021-03-06,CHAUSSON AUX POMMES,5.0,1.4
2021-03-06,COMPLET,6.0,1.5
2021-03-06,COOKIE,6.0,1.0
2021-03-06,COUPE,45.0,0.15
2021-03-06,CROISSANT,44.0,1.1
2021-03-06,CROISSANT AMANDES,4.0,1.3999999999999997
2021-03-06,DEMI BAGUETTE,3.0,0.45
2021-03-06,ECLAIR,9.0,2.0
2021-03-06,FICELLE,8.0,0.6
2021-03-06,FINANCIER X5,4.0,3.0
2021-03-06,FORMULE SANDWICH,1.0,6.5
2021-03-06,KOUIGN AMANN,4.0,2.1
2021-03-06,MOISSON,7.0,2.0
2021-03-06,PAIN,7.0,1.15
2021-03-06,PAIN AU CHOCOLAT,51.0,1.2
2021-03-06,PAIN AUX RAISINS,6.0,1.4
2021-03-06,PAIN BANETTE,10.0,1.4
2021-03-06,PAIN CHOCO AMANDES,1.0,1.5
2021-03-06,QUIM BREAD,3.0,1.0
2021-03-06,SAND JB EMMENTAL,4.0,3.5
2021-03-06,SANDWICH COMPLET,3.0,4.5
2021-03-06,SEIGLE,5.0,1.8
2021-03-06,SPECIAL BREAD,10.0,2.4
2021-03-06,TARTELETTE,13.0,2.0
2021-03-06,TRADITIONAL BAGUETTE,276.0,1.2
2021-03-07,BAGUETTE,49.0,0.9
2021-03-07,BANETTE,47.0,1.05
2021-03-07,BANETTINE,8.0,0.6
2021-03-07,BOULE 200G,8.0,1.1
2021-03-07,BOULE 400G,15.0,1.5
2021-03-07,BRIOCHE,5.0,5.0
2021-03-07,CAMPAGNE,9.0,1.8
2021-03-07,CEREAL BAGUETTE,18.0,1.25
2021-03-07,COMPLET,8.0,1.5
2021-03-07,COOKIE,5.0,1.0
2021-03-07,COUPE,62.0,0.15
2021-03-07,CROISSANT,83.0,1.1
2021-03-07,CROISSANT AMANDES,2.0,1.4
2021-03-07,DEMI BAGUETTE,5.0,0.45
2021-03-07,ECLAIR,20.0,2.0
2021-03-07,FICELLE,6.0,0.6
2021-03-07,FINANCIER X5,6.0,3.0
2021-03-07,KOUIGN AMANN,6.0,2.1
2021-03-07,MOISSON,10.0,2.0
2021-03-07,PAIN,2.0,1.15
2021-03-07,PAIN AU CHOCOLAT,79.0,1.2
2021-03-07,PAIN AUX RAISINS,6.0,1.3999999999999997
2021-03-07,PAIN BANETTE,8.0,1.4
2021-03-07,PAIN CHOCO AMANDES,4.0,1.5
2021-03-07,QUIM BREAD,3.0,1.0
2021-03-07,SEIGLE,3.0,1.8
2021-03-07,SPECIAL BREAD,10.0,2.4
2021-03-07,TARTELETTE,22.0,2.0
2021-03-07,TRADITIONAL BAGUETTE,272.0,1.2
2021-03-08,BAGUETTE,21.0,0.9
2021-03-08,BANETTE,27.0,1.05
2021-03-08,BANETTINE,4.0,0.6
2021-03-08,BOISSON 33CL,4.0,1.5
2021-03-08,BOULE 200G,4.0,1.1
2021-03-08,BOULE 400G,6.0,1.5
2021-03-08,BRIOCHE,1.0,5.0
2021-03-08,CAFE OU EAU,1.0,1.0
2021-03-08,CAMPAGNE,2.0,1.8
2021-03-08,CEREAL BAGUETTE,8.0,1.25
2021-03-08,COMPLET,5.0,1.5
2021-03-08,COOKIE,5.0,1.0
2021-03-08,COUPE,23.0,0.15
2021-03-08,CROISSANT,13.0,1.1
2021-03-08,CROISSANT AMANDES,4.0,1.3999999999999997
2021-03-08,DEMI BAGUETTE,2.0,0.45
2021-03-08,ECLAIR,4.0,2.0
2021-03-08,FICELLE,6.0,0.6
2021-03-08,FINANCIER X5,2.0,3.0
2021-03-08,FORMULE SANDWICH,13.0,6.5
2021-03-08,KOUIGN AMANN,2.0,2.1
2021-03-08,MOISSON,4.0,2.0
2021-03-08,PAIN,3.0,1.15
2021-03-08,PAIN AU CHOCOLAT,24.0,1.2
2021-03-08,PAIN AUX RAISINS,4.0,1.3999999999999997
2021-03-08,PAIN BANETTE,5.0,1.4
2021-03-08,PAIN CHOCO AMANDES,3.0,1.5
2021-03-08,QUIM BREAD,4.0,1.0
2021-03-08,SAND JB EMMENTAL,1.0,3.5
2021-03-08,SANDWICH COMPLET,6.0,4.5
2021-03-08,SEIGLE,3.0,1.8
2021-03-08,SPECIAL BREAD,10.0,2.4
2021-03-08,TARTELETTE,9.0,2.0
2021-03-08,TRADITIONAL BAGUETTE,135.0,1.2
2021-03-09,BAGUETTE,36.0,0.9000000000000001
2021-03-09,BANETTE,32.0,1.05
2021-03-09,BANETTINE,5.0,0.6
2021-03-09,BOULE 200G,6.0,1.1
2021-03-09,BOULE 400G,6.0,1.5
2021-03-09,BRIOCHE,1.0,5.0
2021-03-09,CAFE OU EAU,5.0,1.0
2021-03-09,CAMPAGNE,6.0,1.8
2021-03-09,CEREAL BAGUETTE,7.0,1.25
2021-03-09,CHAUSSON AUX POMMES,3.0,1.4
2021-03-09,COMPLET,5.0,1.5
2021-03-09,COOKIE,6.0,1.0
2021-03-09,COUPE,25.0,0.15
2021-03-09,CROISSANT,21.0,1.1
2021-03-09,CROISSANT AMANDES,5.0,1.4
2021-03-09,DEMI BAGUETTE,3.0,0.45
2021-03-09,ECLAIR,1.0,2.0
2021-03-09,FICELLE,5.0,0.6
2021-03-09,FORMULE SANDWICH,6.0,6.5
2021-03-09,KOUIGN AMANN,3.0,2.1
2021-03-09,MOISSON,5.0,2.0
2021-03-09,PAIN,6.0,1.15
2021-03-09,PAIN AU CHOCOLAT,32.0,1.2
2021-03-09,PAIN AUX RAISINS,3.0,1.4
2021-03-09,PAIN BANETTE,6.0,1.4
2021-03-09,PAIN CHOCO AMANDES,4.0,1.5
2021-03-09,QUIM BREAD,3.0,1.0
2021-03-09,SAND JB EMMENTAL,4.0,3.5
2021-03-09,SANDWICH COMPLET,9.0,4.5
2021-03-09,SEIGLE,4.0,1.8
2021-03-09,SPECIAL BREAD,10.0,2.4
2021-03-09,TARTELETTE,9.0,2.0
2021-03-09,TRADITIONAL BAGUETTE,132.0,1.2
2021-03-11,BAGUETTE,23.0,0.8999999999999999
2021-03-11,BANETTE,33.0,1.05
2021-03-11,BANETTINE,7.0,0.6
2021-03-11,BOISSON 33CL,1.0,1.5
2021-03-11,BOULE 200G,6.0,1.1
2021-03-11,BOULE 400G,7.0,1.5
2021-03-11,BRIOCHE,2.0,5.0
2021-03-11,CAFE OU EAU,2.0,1.0
2021-03-11,CAMPAGNE,5.0,1.8
2021-03-11,CEREAL BAGUETTE,10.0,1.25
2021-03-11,CHAUSSON AUX POMMES,1.0,1.4
2021-03-11,COMPLET,5.0,1.5
2021-03-11,COOKIE,4.0,1.0
2021-03-11,COUPE,29.0,0.15
2021-03-11,CROISSANT,38.0,1.1
2021-03-11,CROISSANT AMANDES,3.0,1.3999999999999997
2021-03-11,DEMI BAGUETTE,1.0,0.45
2021-03-11,FICELLE,5.0,0.6
2021-03-11,FINANCIER X5,1.0,3.0
2021-03-11,FORMULE SANDWICH,14.0,6.5
2021-03-11,KOUIGN AMANN,3.0,2.1
2021-03-11,MOISSON,5.0,2.0
2021-03-11,PAIN,3.0,1.15
2021-03-11,PAIN AU CHOCOLAT,28.0,1.2
2021-03-11,PAIN AUX RAISINS,4.0,1.4
2021-03-11,PAIN BANETTE,6.0,1.4
2021-03-11,PAIN CHOCO AMANDES,2.0,1.5
2021-03-11,QUIM BREAD,4.0,1.0
2021-03-11,SAND JB EMMENTAL,5.0,3.5
2021-03-11,SANDWICH COMPLET,7.0,4.5
2021-03-11,SEIGLE,1.0,1.8
2021-03-11,SPECIAL BREAD,8.0,2.4
2021-03-11,TARTELETTE,5.0,2.0
2021-03-11,TRADITIONAL BAGUETTE,135.0,1.2
2021-03-12,BAGUETTE,35.0,0.9000000000000001
2021-03-12,BANETTE,31.0,1.05
2021-03-12,BANETTINE,4.0,0.6
2021-03-12,BOISSON 33CL,2.0,1.5
2021-03-12,BOULE 200G,6.0,1.1
2021-03-12,BOULE 400G,10.0,1.5
2021-03-12,BRIOCHE,2.0,5.0
2021-03-12,CAFE OU EAU,1.0,1.0
2021-03-12,CAMPAGNE,8.0,1.8
2021-03-12,CEREAL BAGUETTE,7.0,1.25
2021-03-12,CHAUSSON AUX POMMES,2.0,1.4
2021-03-12,COMPLET,5.0,1.5
2021-03-12,COOKIE,7.0,1.0
2021-03-12,COUPE,49.0,0.15
2021-03-12,CROISSANT,30.0,1.1
2021-03-12,CROISSANT AMANDES,7.0,1.3999999999999997
2021-03-12,ECLAIR,9.0,2.0
2021-03-12,FICELLE,5.0,0.6
2021-03-12,FINANCIER X5,3.0,3.0
2021-03-12,FORMULE SANDWICH,5.0,6.5
2021-03-12,KOUIGN AMANN,1.0,2.1
2021-03-12,MOISSON,5.0,2.0
2021-03-12,PAIN,7.0,1.15
2021-03-12,PAIN AU CHOCOLAT,38.0,1.2
2021-03-12,PAIN AUX RAISINS,5.0,1.4
2021-03-12,PAIN BANETTE,5.0,1.4
2021-03-12,PAIN CHOCO AMANDES,5.0,1.5
2021-03-12,QUIM BREAD,4.0,1.0
2021-03-12,SAND JB EMMENTAL,4.0,3.5
2021-03-12,SANDWICH COMPLET,5.0,4.5
2021-03-12,SEIGLE,2.0,1.8
2021-03-12,SPECIAL BREAD,8.0,2.4
2021-03-12,TARTELETTE,6.0,2.0
2021-03-12,TRADITIONAL BAGUETTE,130.0,1.2
2021-03-13,BAGUETTE,35.0,0.9000000000000001
2021-03-13,BANETTE,36.0,1.05
2021-03-13,BANETTINE,7.0,0.6
2021-03-13,BOULE 200G,3.0,1.1
2021-03-13,BOULE 400G,9.0,1.5
2021-03-13,BRIOCHE,2.0,5.0
2021-03-13,CAFE OU EAU,7.0,1.0
2021-03-13,CAMPAGNE,6.0,1.8
2021-03-13,CEREAL BAGUETTE,9.0,1.25
2021-03-13,CHAUSSON AUX POMMES,3.0,1.4
2021-03-13,COMPLET,5.0,1.5
2021-03-13,COOKIE,2.0,1.0
2021-03-13,COUPE,39.0,0.15
2021-03-13,CROISSANT,66.0,1.1
2021-03-13,DEMI BAGUETTE,2.0,0.45
2021-03-13,ECLAIR,21.0,2.0
2021-03-13,FICELLE,5.0,0.6
2021-03-13,FORMULE SANDWICH,3.0,6.5
2021-03-13,KOUIGN AMANN,5.0,2.1
2021-03-13,MOISSON,4.0,2.0
2021-03-13,PAIN,4.0,1.15
2021-03-13,PAIN AU CHOCOLAT,51.0,1.2
2021-03-13,PAIN AUX RAISINS,6.0,1.4
2021-03-13,PAIN BANETTE,6.0,1.4
2021-03-13,PAIN CHOCO AMANDES,1.0,1.5
2021-03-13,QUIM BREAD,1.0,1.0
2021-03-13,SEIGLE,2.0,1.8
2021-03-13,SPECIAL BREAD,10.0,2.4
2021-03-13,TARTELETTE,28.0,2.0
2021-03-13,TRADITIONAL BAGUETTE,196.0,1.2
2021-03-14,BAGUETTE,48.0,0.9
2021-03-14,BANETTE,45.0,1.05
2021-03-14,BANETTINE,8.0,0.6
2021-03-14,BOULE 200G,9.0,1.1
2021-03-14,BOULE 400G,19.0,1.5
2021-03-14,BRIOCHE,3.0,5.0
2021-03-14,CAMPAGNE,10.0,1.8
2021-03-14,CEREAL BAGUETTE,10.0,1.25
2021-03-14,CHAUSSON AUX POMMES,7.0,1.4
2021-03-14,COMPLET,7.0,1.5
2021-03-14,COOKIE,5.0,1.0
2021-03-14,COUPE,55.0,0.15
2021-03-14,CROISSANT,96.0,1.1
2021-03-14,CROISSANT AMANDES,6.0,1.3999999999999997
2021-03-14,DEMI BAGUETTE,2.0,0.45
2021-03-14,ECLAIR,23.0,2.0
2021-03-14,FICELLE,5.0,0.6
2021-03-14,FINANCIER X5,2.0,3.0
2021-03-14,KOUIGN AMANN,2.0,2.1
2021-03-14,MOISSON,8.0,2.0
2021-03-14,PAIN,6.0,1.15
2021-03-14,PAIN AU CHOCOLAT,71.0,1.2
2021-03-14,PAIN AUX RAISINS,5.0,1.3999999999999997
2021-03-14,PAIN BANETTE,6.0,1.3999999999999997
2021-03-14,PAIN CHOCO AMANDES,6.0,1.5
2021-03-14,QUIM BREAD,6.0,1.0
2021-03-14,SANDWICH COMPLET,2.0,4.5
2021-03-14,SEIGLE,2.0,1.8
2021-03-14,SPECIAL BREAD,10.0,2.4
2021-03-14,TARTELETTE,25.0,2.0
2021-03-14,TRADITIONAL BAGUETTE,287.0,1.2
2021-03-15,BAGUETTE,29.0,0.9
2021-03-15,BANETTE,28.0,1.05
2021-03-15,BANETTINE,6.0,0.6
2021-03-15,BOISSON 33CL,5.0,1.5
2021-03-15,BOULE 200G,3.0,1.1
2021-03-15,BOULE 400G,5.0,1.5
2021-03-15,BRIOCHE,2.0,5.0
2021-03-15,CAFE OU EAU,1.0,1.0
2021-03-15,CAMPAGNE,6.0,1.8
2021-03-15,CEREAL BAGUETTE,7.0,1.25
2021-03-15,CHAUSSON AUX POMMES,1.0,1.4
2021-03-15,COMPLET,3.0,1.5
2021-03-15,COOKIE,11.0,1.0
2021-03-15,COUPE,24.0,0.15
2021-03-15,CROISSANT,21.0,1.1
2021-03-15,DEMI BAGUETTE,4.0,0.45
2021-03-15,ECLAIR,3.0,2.0
2021-03-15,FICELLE,4.0,0.6
2021-03-15,FORMULE SANDWICH,11.0,6.5
2021-03-15,MOISSON,7.0,2.0
2021-03-15,PAIN AU CHOCOLAT,31.0,1.2
2021-03-15,PAIN AUX RAISINS,4.0,1.3999999999999997
2021-03-15,PAIN BANETTE,5.0,1.4
2021-03-15,PAIN CHOCO AMANDES,4.0,1.5
2021-03-15,QUIM BREAD,5.0,1.0
2021-03-15,SAND JB EMMENTAL,4.0,3.5
2021-03-15,SANDWICH COMPLET,5.0,4.5
2021-03-15,SEIGLE,2.0,1.8
2021-03-15,SPECIAL BREAD,10.0,2.4
2021-03-15,TARTELETTE,10.0,2.0
2021-03-15,TRADITIONAL BAGUETTE,136.0,1.2
2021-03-16,BAGUETTE,26.0,0.9
2021-03-16,BANETTE,29.0,1.05
2021-03-16,BANETTINE,6.0,0.6
2021-03-16,BOISSON 33CL,4.0,1.5
2021-03-16,BOULE 200G,6.0,1.1
2021-03-16,BOULE 400G,5.0,1.5
2021-03-16,BRIOCHE,1.0,5.0
2021-03-16,CAFE OU EAU,4.0,1.0
2021-03-16,CAMPAGNE,5.0,1.8
2021-03-16,CEREAL BAGUETTE,9.0,1.25
2021-03-16,CHAUSSON AUX POMMES,4.0,1.3999999999999997
2021-03-16,COMPLET,5.0,1.5
2021-03-16,COOKIE,3.0,1.0
2021-03-16,COUPE,30.0,0.15
2021-03-16,CROISSANT,26.0,1.1
2021-03-16,CROISSANT AMANDES,6.0,1.3999999999999997
2021-03-16,DEMI BAGUETTE,1.0,0.45
2021-03-16,ECLAIR,6.0,2.0
2021-03-16,FICELLE,2.0,0.6
2021-03-16,FINANCIER X5,9.0,3.0
2021-03-16,FORMULE SANDWICH,20.0,6.5
2021-03-16,KOUIGN AMANN,7.0,2.1
2021-03-16,MOISSON,5.0,2.0
2021-03-16,PAIN,6.0,1.15
2021-03-16,PAIN AU CHOCOLAT,30.0,1.2
2021-03-16,PAIN AUX RAISINS,4.0,1.3999999999999997
2021-03-16,PAIN BANETTE,6.0,1.4
2021-03-16,PAIN CHOCO AMANDES,4.0,1.5
2021-03-16,QUIM BREAD,4.0,1.0
2021-03-16,SAND JB EMMENTAL,2.0,3.5
2021-03-16,SANDWICH COMPLET,12.0,4.5
2021-03-16,SEIGLE,2.0,1.8
2021-03-16,SPECIAL BREAD,6.0,2.4
2021-03-16,TARTELETTE,5.0,2.0
2021-03-16,TRADITIONAL BAGUETTE,152.0,1.2
2021-03-18,BAGUETTE,17.0,0.8999999999999999
2021-03-18,BANETTE,22.0,1.05
2021-03-18,BANETTINE,3.0,0.6
2021-03-18,BOISSON 33CL,3.0,1.5
2021-03-18,BOULE 200G,6.0,1.1
2021-03-18,BOULE 400G,7.0,1.5
2021-03-18,BRIOCHE,1.0,5.0
2021-03-18,CAFE OU EAU,1.0,1.0
2021-03-18,CAMPAGNE,3.0,1.8
2021-03-18,CEREAL BAGUETTE,5.0,1.25
2021-03-18,CHAUSSON AUX POMMES,3.0,1.4
2021-03-18,COMPLET,5.0,1.5
2021-03-18,COOKIE,3.0,1.0
2021-03-18,COUPE,22.0,0.15
2021-03-18,CROISSANT,9.0,1.1
2021-03-18,CROISSANT AMANDES,5.0,1.4
2021-03-18,DEMI BAGUETTE,3.0,0.45
2021-03-18,FICELLE,1.0,0.6
2021-03-18,FORMULE SANDWICH,12.0,6.5
2021-03-18,KOUIGN AMANN,2.0,2.1
2021-03-18,MOISSON,5.0,2.0
2021-03-18,PAIN,5.0,1.15
2021-03-18,PAIN AU CHOCOLAT,16.0,1.2
2021-03-18,PAIN AUX RAISINS,3.0,1.4
2021-03-18,PAIN BANETTE,1.0,1.4
2021-03-18,PAIN CHOCO AMANDES,1.0,1.5
2021-03-18,QUIM BREAD,1.0,1.0
2021-03-18,SAND JB EMMENTAL,1.0,3.5
2021-03-18,SANDWICH COMPLET,8.0,4.5
2021-03-18,SEIGLE,1.0,1.8
2021-03-18,SPECIAL BREAD,7.0,2.4
2021-03-18,TARTELETTE,4.0,2.0
2021-03-18,TRADITIONAL BAGUETTE,92.0,1.2
2021-03-19,BAGUETTE,28.0,0.9
2021-03-19,BANETTE,26.0,1.05
2021-03-19,BANETTINE,4.0,0.6
2021-03-19,BOISSON 33CL,1.0,1.5
2021-03-19,BOULE 200G,5.0,1.1
2021-03-19,BOULE 400G,3.0,1.5
2021-03-19,CAFE OU EAU,2.0,1.0
2021-03-19,CAMPAGNE,4.0,1.8
2021-03-19,CEREAL BAGUETTE,10.0,1.25
2021-03-19,CHAUSSON AUX POMMES,3.0,1.4
2021-03-19,COMPLET,6.0,1.5
2021-03-19,COOKIE,6.0,1.0
2021-03-19,COUPE,29.0,0.15
2021-03-19,CROISSANT,27.0,1.1
2021-03-19,CROISSANT AMANDES,4.0,1.4
2021-03-19,DEMI BAGUETTE,1.0,0.45
2021-03-19,ECLAIR,10.0,2.0
2021-03-19,FICELLE,3.0,0.6
2021-03-19,FINANCIER X5,3.0,3.0
2021-03-19,FORMULE SANDWICH,16.0,6.5
2021-03-19,MOISSON,2.0,2.0
2021-03-19,PAIN,2.0,1.15
2021-03-19,PAIN AU CHOCOLAT,35.0,1.2
2021-03-19,PAIN AUX RAISINS,6.0,1.4
2021-03-19,PAIN BANETTE,1.0,1.4
2021-03-19,PAIN CHOCO AMANDES,3.0,1.5
2021-03-19,QUIM BREAD,2.0,1.0
2021-03-19,SAND JB EMMENTAL,1.0,3.5
2021-03-19,SANDWICH COMPLET,12.0,4.5
2021-03-19,SEIGLE,2.0,1.8
2021-03-19,SPECIAL BREAD,5.0,2.4
2021-03-19,TARTELETTE,3.0,2.0
2021-03-19,TRADITIONAL BAGUETTE,100.0,1.2
2021-03-20,BAGUETTE,41.0,0.9
2021-03-20,BANETTE,34.0,1.05
2021-03-20,BANETTINE,6.0,0.6
2021-03-20,BOISSON 33CL,2.0,1.5
2021-03-20,BOULE 200G,6.0,1.1
2021-03-20,BOULE 400G,10.0,1.5
2021-03-20,BRIOCHE,2.0,5.0
2021-03-20,CAFE OU EAU,8.0,1.0
2021-03-20,CAMPAGNE,8.0,1.8
2021-03-20,CEREAL BAGUETTE,7.0,1.25
2021-03-20,CHAUSSON AUX POMMES,6.0,1.4
2021-03-20,COMPLET,6.0,1.5
2021-03-20,COOKIE,4.0,1.0
2021-03-20,COUPE,42.0,0.15
2021-03-20,CROISSANT,40.0,1.1
2021-03-20,CROISSANT AMANDES,3.0,1.4
2021-03-20,DEMI BAGUETTE,4.0,0.45
2021-03-20,ECLAIR,10.0,2.0
2021-03-20,FICELLE,2.0,0.6
2021-03-20,FINANCIER X5,3.0,3.0
2021-03-20,FORMULE SANDWICH,2.0,6.5
2021-03-20,KOUIGN AMANN,5.0,2.1
2021-03-20,MOISSON,6.0,2.0
2021-03-20,PAIN,6.0,1.15
2021-03-20,PAIN AU CHOCOLAT,38.0,1.2
2021-03-20,PAIN AUX RAISINS,5.0,1.4
2021-03-20,PAIN BANETTE,6.0,1.3999999999999997
2021-03-20,PAIN CHOCO AMANDES,3.0,1.5
2021-03-20,QUIM BREAD,6.0,1.0
2021-03-20,SAND JB EMMENTAL,1.0,3.5
2021-03-20,SANDWICH COMPLET,6.0,4.5
2021-03-20,SEIGLE,1.0,1.8
2021-03-20,SPECIAL BREAD,10.0,2.4
2021-03-20,TARTELETTE,4.0,2.0
2021-03-20,TRADITIONAL BAGUETTE,228.0,1.2
2021-03-21,BAGUETTE,38.0,0.9
2021-03-21,BANETTE,41.0,1.05
2021-03-21,BANETTINE,6.0,0.6
2021-03-21,BOULE 200G,6.0,1.1
2021-03-21,BOULE 400G,9.0,1.5
2021-03-21,BRIOCHE,4.0,5.0
2021-03-21,CAFE OU EAU,4.0,1.0
2021-03-21,CAMPAGNE,10.0,1.8
2021-03-21,CEREAL BAGUETTE,10.0,1.25
2021-03-21,CHAUSSON AUX POMMES,2.0,1.4
2021-03-21,COMPLET,7.0,1.5
2021-03-21,COOKIE,2.0,1.0
2021-03-21,COUPE,53.0,0.15
2021-03-21,CROISSANT,71.0,1.1
2021-03-21,CROISSANT AMANDES,2.0,1.4
2021-03-21,DEMI BAGUETTE,2.0,0.45
2021-03-21,ECLAIR,22.0,2.0
2021-03-21,FICELLE,8.0,0.6
2021-03-21,FINANCIER X5,1.0,3.0
2021-03-21,KOUIGN AMANN,7.0,2.1
2021-03-21,MOISSON,8.0,2.0
2021-03-21,PAIN,5.0,1.15
2021-03-21,PAIN AU CHOCOLAT,50.0,1.2
2021-03-21,PAIN AUX RAISINS,6.0,1.4
2021-03-21,PAIN BANETTE,6.0,1.4
2021-03-21,PAIN CHOCO AMANDES,1.0,1.5
2021-03-21,QUIM BREAD,8.0,1.0
2021-03-21,SEIGLE,3.0,1.8
2021-03-21,SPECIAL BREAD,10.0,2.4
2021-03-21,TARTELETTE,18.0,2.0
2021-03-21,TRADITIONAL BAGUETTE,237.0,1.2
2021-03-22,BAGUETTE,24.0,0.9
2021-03-22,BANETTE,24.0,1.05
2021-03-22,BANETTINE,6.0,0.6
2021-03-22,BOISSON 33CL,2.0,1.5
2021-03-22,BOULE 400G,6.0,1.5
2021-03-22,CAFE OU EAU,5.0,1.0
2021-03-22,CAMPAGNE,5.0,1.8
2021-03-22,CEREAL BAGUETTE,7.0,1.25
2021-03-22,COMPLET,7.0,1.5
2021-03-22,COOKIE,8.0,1.0
2021-03-22,COUPE,26.0,0.15
2021-03-22,CROISSANT,28.0,1.1
2021-03-22,CROISSANT AMANDES,3.0,1.3999999999999997
2021-03-22,DEMI BAGUETTE,2.0,0.45
2021-03-22,ECLAIR,1.0,2.0
2021-03-22,FICELLE,4.0,0.6
2021-03-22,FORMULE SANDWICH,9.0,6.5
2021-03-22,MOISSON,6.0,2.0
2021-03-22,PAIN,6.0,1.15
2021-03-22,PAIN AU CHOCOLAT,19.0,1.2
2021-03-22,PAIN AUX RAISINS,4.0,1.4
2021-03-22,PAIN BANETTE,5.0,1.4
2021-03-22,PAIN CHOCO AMANDES,3.0,1.5
2021-03-22,QUIM BREAD,3.0,1.0
2021-03-22,SAND JB EMMENTAL,6.0,3.5
2021-03-22,SANDWICH COMPLET,11.0,4.5
2021-03-22,SEIGLE,2.0,1.8
2021-03-22,SPECIAL BREAD,8.0,2.4
2021-03-22,TARTELETTE,3.0,2.0
2021-03-22,TRADITIONAL BAGUETTE,145.0,1.2
2021-03-23,BAGUETTE,23.0,0.9
2021-03-23,BANETTE,14.0,1.05
2021-03-23,BANETTINE,5.0,0.6
2021-03-23,BOISSON 33CL,1.0,1.5
2021-03-23,BOULE 200G,6.0,1.1
2021-03-23,BOULE 400G,6.0,1.5
2021-03-23,BRIOCHE,1.0,5.0
2021-03-23,CAFE OU EAU,4.0,1.0
2021-03-23,CAMPAGNE,4.0,1.8
2021-03-23,CEREAL BAGUETTE,10.0,1.25
2021-03-23,CHAUSSON AUX POMMES,3.0,1.4
2021-03-23,COMPLET,8.0,1.5
2021-03-23,COOKIE,6.0,1.0
2021-03-23,COUPE,28.0,0.15
2021-03-23,CROISSANT,22.0,1.1
2021-03-23,CROISSANT AMANDES,1.0,1.4
2021-03-23,FICELLE,1.0,0.6
2021-03-23,FINANCIER X5,1.0,3.0
2021-03-23,FORMULE SANDWICH,2.0,6.5
2021-03-23,KOUIGN AMANN,1.0,2.1
2021-03-23,MOISSON,8.0,2.0
2021-03-23,PAIN,2.0,1.15
2021-03-23,PAIN AU CHOCOLAT,13.0,1.2
2021-03-23,PAIN AUX RAISINS,4.0,1.4
2021-03-23,PAIN BANETTE,1.0,1.4
2021-03-23,PAIN CHOCO AMANDES,1.0,1.5
2021-03-23,QUIM BREAD,6.0,1.0
2021-03-23,SAND JB EMMENTAL,3.0,3.5
2021-03-23,SANDWICH COMPLET,6.0,4.5
2021-03-23,SEIGLE,4.0,1.8
2021-03-23,SPECIAL BREAD,5.0,2.4
2021-03-23,TARTELETTE,8.0,2.0
2021-03-23,TRADITIONAL BAGUETTE,119.0,1.2
2021-03-25,BAGUETTE,25.0,0.9
2021-03-25,BANETTE,31.0,1.05
2021-03-25,BANETTINE,6.0,0.6
2021-03-25,BOISSON 33CL,6.0,1.5
2021-03-25,BOULE 200G,1.0,1.1
2021-03-25,BOULE 400G,6.0,1.5
2021-03-25,CAFE OU EAU,3.0,1.0
2021-03-25,CAMPAGNE,6.0,1.8
2021-03-25,CEREAL BAGUETTE,10.0,1.25
2021-03-25,COMPLET,5.0,1.5
2021-03-25,COOKIE,5.0,1.0
2021-03-25,COUPE,23.0,0.15
2021-03-25,CROISSANT,25.0,1.1
2021-03-25,CROISSANT AMANDES,1.0,1.4
2021-03-25,DEMI BAGUETTE,1.0,0.45
2021-03-25,FICELLE,3.0,0.6
2021-03-25,FINANCIER X5,2.0,3.0
2021-03-25,FORMULE SANDWICH,15.0,6.5
2021-03-25,KOUIGN AMANN,2.0,2.1
2021-03-25,MOISSON,4.0,2.0
2021-03-25,PAIN,6.0,1.15
2021-03-25,PAIN AU CHOCOLAT,15.0,1.2
2021-03-25,PAIN AUX RAISINS,3.0,1.4
2021-03-25,PAIN BANETTE,5.0,1.4
2021-03-25,PAIN CHOCO AMANDES,2.0,1.5
2021-03-25,QUIM BREAD,4.0,1.0
2021-03-25,SAND JB EMMENTAL,2.0,3.5
2021-03-25,SANDWICH COMPLET,11.0,4.5
2021-03-25,SEIGLE,1.0,1.8
2021-03-25,SPECIAL BREAD,8.0,2.4
2021-03-25,TARTELETTE,6.0,2.0
2021-03-25,TRADITIONAL BAGUETTE,143.0,1.2
2021-03-26,BAGUETTE,34.0,0.9
2021-03-26,BANETTE,40.0,1.05
2021-03-26,BANETTINE,6.0,0.6
2021-03-26,BOULE 200G,1.0,1.1
2021-03-26,BOULE 400G,7.0,1.5
2021-03-26,BRIOCHE,2.0,5.0
2021-03-26,CAFE OU EAU,4.0,1.0
2021-03-26,CAMPAGNE,6.0,1.8
2021-03-26,CEREAL BAGUETTE,10.0,1.25
2021-03-26,CHAUSSON AUX POMMES,4.0,1.3999999999999997
2021-03-26,COMPLET,5.0,1.5
2021-03-26,COOKIE,6.0,1.0
2021-03-26,COUPE,33.0,0.15
2021-03-26,CROISSANT,32.0,1.1
2021-03-26,CROISSANT AMANDES,5.0,1.4
2021-03-26,DEMI BAGUETTE,3.0,0.45
2021-03-26,ECLAIR,3.0,2.0
2021-03-26,FICELLE,1.0,0.6
2021-03-26,FORMULE SANDWICH,9.0,6.5
2021-03-26,KOUIGN AMANN,9.0,2.1
2021-03-26,MOISSON,4.0,2.0
2021-03-26,PAIN AU CHOCOLAT,35.0,1.2
2021-03-26,PAIN AUX RAISINS,6.0,1.4
2021-03-26,PAIN BANETTE,2.0,1.4
2021-03-26,PAIN CHOCO AMANDES,6.0,1.5
2021-03-26,QUIM BREAD,6.0,1.0
2021-03-26,SAND JB EMMENTAL,4.0,3.5
2021-03-26,SANDWICH COMPLET,3.0,4.5
2021-03-26,SEIGLE,2.0,1.8
2021-03-26,SPECIAL BREAD,6.0,2.4
2021-03-26,TARTELETTE,5.0,2.0
2021-03-26,TRADITIONAL BAGUETTE,123.0,1.2
2021-03-27,BAGUETTE,39.0,0.9
2021-03-27,BANETTE,37.0,1.05
2021-03-27,BOISSON 33CL,4.0,1.5
2021-03-27,BOULE 200G,4.0,1.1
2021-03-27,BOULE 400G,6.0,1.5
2021-03-27,CAFE OU EAU,9.0,1.0
2021-03-27,CAMPAGNE,6.0,1.8
2021-03-27,CEREAL BAGUETTE,9.0,1.25
2021-03-27,COMPLET,6.0,1.5
2021-03-27,COOKIE,3.0,1.0
2021-03-27,COUPE,35.0,0.15
2021-03-27,CROISSANT,21.0,1.1
2021-03-27,CROISSANT AMANDES,4.0,1.4
2021-03-27,DEMI BAGUETTE,4.0,0.45
2021-03-27,ECLAIR,12.0,2.0
2021-03-27,FICELLE,3.0,0.6
2021-03-27,FINANCIER X5,1.0,3.0
2021-03-27,FORMULE SANDWICH,4.0,6.5
2021-03-27,MOISSON,6.0,2.0
2021-03-27,PAIN,4.0,1.15
2021-03-27,PAIN AU CHOCOLAT,22.0,1.2
2021-03-27,PAIN AUX RAISINS,3.0,1.3999999999999997
2021-03-27,PAIN BANETTE,3.0,1.3999999999999997
2021-03-27,QUIM BREAD,6.0,1.0
2021-03-27,SAND JB EMMENTAL,3.0,3.5
2021-03-27,SANDWICH COMPLET,4.0,4.5
2021-03-27,SEIGLE,2.0,1.8
2021-03-27,SPECIAL BREAD,7.0,2.4
2021-03-27,TARTELETTE,8.0,2.0
2021-03-27,TRADITIONAL BAGUETTE,141.0,1.2
2021-03-28,BAGUETTE,49.0,0.9
2021-03-28,BANETTE,41.0,1.05
2021-03-28,BANETTINE,6.0,0.6
2021-03-28,BOULE 200G,6.0,1.1
2021-03-28,BOULE 400G,6.0,1.5
2021-03-28,BRIOCHE,2.0,5.0
2021-03-28,CAFE OU EAU,3.0,1.0
2021-03-28,CAMPAGNE,8.0,1.8
2021-03-28,CEREAL BAGUETTE,14.0,1.25
2021-03-28,CHAUSSON AUX POMMES,2.0,1.4
2021-03-28,COMPLET,6.0,1.5
2021-03-28,COOKIE,3.0,1.0
2021-03-28,COUPE,40.0,0.15
2021-03-28,CROISSANT,75.0,1.1
2021-03-28,CROISSANT AMANDES,3.0,1.3999999999999997
2021-03-28,DEMI BAGUETTE,1.0,0.45
2021-03-28,ECLAIR,21.0,2.0
2021-03-28,FICELLE,9.0,0.6
2021-03-28,FINANCIER X5,1.0,3.0
2021-03-28,KOUIGN AMANN,1.0,2.1
2021-03-28,MOISSON,4.0,2.0
2021-03-28,PAIN,6.0,1.15
2021-03-28,PAIN AU CHOCOLAT,43.0,1.2
2021-03-28,PAIN AUX RAISINS,2.0,1.4
2021-03-28,PAIN BANETTE,6.0,1.3999999999999997
2021-03-28,PAIN CHOCO AMANDES,6.0,1.5
2021-03-28,QUIM BREAD,2.0,1.0
2021-03-28,SAND JB EMMENTAL,3.0,3.5
2021-03-28,SANDWICH COMPLET,2.0,4.5
2021-03-28,SEIGLE,1.0,1.8
2021-03-28,SPECIAL BREAD,10.0,2.4
2021-03-28,TARTELETTE,19.0,2.0
2021-03-28,TRADITIONAL BAGUETTE,230.0,1.2
2021-03-29,BAGUETTE,45.0,0.9
2021-03-29,BANETTE,26.0,1.05
2021-03-29,BANETTINE,1.0,0.6
2021-03-29,BOISSON 33CL,2.0,1.5
2021-03-29,BOULE 200G,4.0,1.1
2021-03-29,BOULE 400G,5.0,1.5
2021-03-29,BRIOCHE,1.0,5.0
2021-03-29,CAFE OU EAU,2.0,1.0
2021-03-29,CAMPAGNE,5.0,1.8
2021-03-29,CEREAL BAGUETTE,6.0,1.25
2021-03-29,CHAUSSON AUX POMMES,1.0,1.4
2021-03-29,COMPLET,8.0,1.5
2021-03-29,COOKIE,3.0,1.0
2021-03-29,COUPE,26.0,0.15
2021-03-29,CROISSANT,10.0,1.1
2021-03-29,CROISSANT AMANDES,3.0,1.3999999999999997
2021-03-29,DEMI BAGUETTE,4.0,0.45
2021-03-29,FICELLE,4.0,0.6
2021-03-29,FINANCIER X5,1.0,3.0
2021-03-29,FORMULE SANDWICH,20.0,6.5
2021-03-29,KOUIGN AMANN,5.0,2.1
2021-03-29,MOISSON,5.0,2.0
2021-03-29,PAIN,2.0,1.15
2021-03-29,PAIN AU CHOCOLAT,13.0,1.2
2021-03-29,PAIN AUX RAISINS,3.0,1.4
2021-03-29,PAIN BANETTE,6.0,1.3999999999999997
2021-03-29,PAIN CHOCO AMANDES,3.0,1.5
2021-03-29,QUIM BREAD,2.0,1.0
2021-03-29,SAND JB EMMENTAL,7.0,3.5
2021-03-29,SANDWICH COMPLET,3.0,4.5
2021-03-29,SEIGLE,2.0,1.8
2021-03-29,SPECIAL BREAD,5.0,2.4
2021-03-29,TARTELETTE,5.0,2.0
2021-03-29,TRADITIONAL BAGUETTE,130.0,1.2
2021-03-30,BAGUETTE,30.0,0.9
2021-03-30,BANETTE,38.0,1.05
2021-03-30,BANETTINE,6.0,0.6
2021-03-30,BOISSON 33CL,5.0,1.5
2021-03-30,BOULE 200G,3.0,1.1
2021-03-30,BOULE 400G,9.0,1.5
2021-03-30,BRIOCHE,1.0,5.0
2021-03-30,CAFE OU EAU,6.0,1.0
2021-03-30,CAMPAGNE,8.0,1.8
2021-03-30,CEREAL BAGUETTE,9.0,1.25
2021-03-30,CHAUSSON AUX POMMES,1.0,1.4
2021-03-30,COMPLET,6.0,1.5
2021-03-30,COOKIE,2.0,1.0
2021-03-30,COUPE,36.0,0.15
2021-03-30,CROISSANT,31.0,1.1
2021-03-30,CROISSANT AMANDES,3.0,1.4
2021-03-30,FICELLE,6.0,0.6
2021-03-30,FINANCIER X5,4.0,3.0
2021-03-30,FORMULE SANDWICH,16.0,6.5
2021-03-30,KOUIGN AMANN,3.0,2.1
2021-03-30,MOISSON,5.0,2.0
2021-03-30,PAIN,6.0,1.15
2021-03-30,PAIN AU CHOCOLAT,26.0,1.2
2021-03-30,PAIN AUX RAISINS,4.0,1.3999999999999997
2021-03-30,PAIN BANETTE,7.0,1.4
2021-03-30,PAIN CHOCO AMANDES,2.0,1.5
2021-03-30,QUIM BREAD,3.0,1.0
2021-03-30,SAND JB EMMENTAL,3.0,3.5
2021-03-30,SANDWICH COMPLET,5.0,4.5
2021-03-30,SEIGLE,1.0,1.8
2021-03-30,SPECIAL BREAD,7.0,2.4
2021-03-30,TARTELETTE,4.0,2.0
2021-03-30,TRADITIONAL BAGUETTE,141.0,1.2
2021-04-01,BAGUETTE,29.0,0.9000000000000001
2021-04-01,BANETTE,24.0,1.05
2021-04-01,BANETTINE,4.0,0.6
2021-04-01,BOISSON 33CL,3.0,1.5
2021-04-01,BOULE 200G,2.0,1.1
2021-04-01,BOULE 400G,5.0,1.5
2021-04-01,BRIOCHE,2.0,5.0
2021-04-01,CAFE OU EAU,2.0,1.0
2021-04-01,CAMPAGNE,6.0,1.8
2021-04-01,CEREAL BAGUETTE,10.0,1.25
2021-04-01,CHAUSSON AUX POMMES,5.0,1.3999999999999997
2021-04-01,COMPLET,4.0,1.5
2021-04-01,COOKIE,3.0,1.0
2021-04-01,COUPE,21.0,0.15
2021-04-01,CROISSANT,20.0,1.1
2021-04-01,CROISSANT AMANDES,5.0,1.4
2021-04-01,DEMI BAGUETTE,2.0,0.45
2021-04-01,FICELLE,5.0,0.6
2021-04-01,FINANCIER X5,2.0,3.0
2021-04-01,FORMULE SANDWICH,13.0,6.5
2021-04-01,KOUIGN AMANN,3.0,2.1
2021-04-01,MOISSON,5.0,2.0
2021-04-01,PAIN,4.0,1.15
2021-04-01,PAIN AU CHOCOLAT,16.0,1.2
2021-04-01,PAIN AUX RAISINS,3.0,1.4
2021-04-01,PAIN BANETTE,3.0,1.3999999999999997
2021-04-01,PAIN CHOCO AMANDES,3.0,1.5
2021-04-01,QUIM BREAD,2.0,1.0
2021-04-01,SANDWICH COMPLET,8.0,4.5
2021-04-01,SEIGLE,1.0,1.8
2021-04-01,SPECIAL BREAD,5.0,2.4
2021-04-01,TARTELETTE,9.0,2.0
2021-04-01,TRADITIONAL BAGUETTE,113.0,1.2
2021-04-02,BAGUETTE,35.0,0.9
2021-04-02,BANETTE,39.0,1.05
2021-04-02,BANETTINE,3.0,0.6
2021-04-02,BOISSON 33CL,6.0,1.5
2021-04-02,BOULE 200G,6.0,1.1
2021-04-02,BOULE 400G,7.0,1.5
2021-04-02,BRIOCHE,1.0,5.0
2021-04-02,CAFE OU EAU,1.0,1.0
2021-04-02,CAMPAGNE,2.0,1.8
2021-04-02,CEREAL BAGUETTE,21.0,1.25
2021-04-02,CHAUSSON AUX POMMES,4.0,1.4
2021-04-02,COMPLET,7.0,1.5
2021-04-02,COOKIE,9.0,1.0
2021-04-02,COUPE,40.0,0.15
2021-04-02,CROISSANT,20.0,1.1
2021-04-02,CROISSANT AMANDES,4.0,1.4
2021-04-02,DEMI BAGUETTE,1.0,0.45
2021-04-02,ECLAIR,10.0,2.0
2021-04-02,FICELLE,5.0,0.6
2021-04-02,FINANCIER X5,2.0,3.0
2021-04-02,FORMULE SANDWICH,14.0,6.5
2021-04-02,KOUIGN AMANN,1.0,2.1
2021-04-02,MOISSON,6.0,2.0
2021-04-02,PAIN,3.0,1.15
2021-04-02,PAIN AU CHOCOLAT,31.0,1.2
2021-04-02,PAIN AUX RAISINS,4.0,1.4
2021-04-02,PAIN BANETTE,8.0,1.3999999999999997
2021-04-02,PAIN CHOCO AMANDES,4.0,1.5
2021-04-02,QUIM BREAD,4.0,1.0
2021-04-02,SAND JB EMMENTAL,1.0,3.5
2021-04-02,SANDWICH COMPLET,7.0,4.5
2021-04-02,SEIGLE,2.0,1.8
2021-04-02,SPECIAL BREAD,6.0,2.4
2021-04-02,TARTELETTE,8.0,2.0
2021-04-02,TRADITIONAL BAGUETTE,149.0,1.2
2021-04-03,BAGUETTE,36.0,0.9
2021-04-03,BANETTE,43.0,1.05
2021-04-03,BANETTINE,7.0,0.6
2021-04-03,BOULE 200G,4.0,1.1
2021-04-03,BOULE 400G,8.0,1.5
2021-04-03,BRIOCHE,7.0,5.0
2021-04-03,CAFE OU EAU,1.0,1.0
2021-04-03,CAMPAGNE,7.0,1.8
2021-04-03,CEREAL BAGUETTE,20.0,1.25
2021-04-03,CHAUSSON AUX POMMES,1.0,1.4
2021-04-03,COMPLET,9.0,1.5
2021-04-03,COOKIE,8.0,1.0
2021-04-03,COUPE,49.0,0.15
2021-04-03,CROISSANT,60.0,1.1
2021-04-03,CROISSANT AMANDES,5.0,1.4
2021-04-03,DEMI BAGUETTE,3.0,0.45
2021-04-03,ECLAIR,11.0,2.0
2021-04-03,FICELLE,5.0,0.6
2021-04-03,FINANCIER X5,3.0,3.0
2021-04-03,FORMULE SANDWICH,3.0,6.5
2021-04-03,KOUIGN AMANN,2.0,2.1
2021-04-03,MOISSON,8.0,2.0
2021-04-03,PAIN,4.0,1.15
2021-04-03,PAIN AU CHOCOLAT,40.0,1.2
2021-04-03,PAIN AUX RAISINS,6.0,1.4
2021-04-03,PAIN BANETTE,7.0,1.4
2021-04-03,PAIN CHOCO AMANDES,4.0,1.5
2021-04-03,QUIM BREAD,5.0,1.0
2021-04-03,SAND JB EMMENTAL,1.0,3.5
2021-04-03,SEIGLE,4.0,1.8
2021-04-03,SPECIAL BREAD,14.0,2.4
2021-04-03,TARTELETTE,2.0,2.0
2021-04-03,TRADITIONAL BAGUETTE,294.0,1.2
2021-04-04,BAGUETTE,91.0,0.9
2021-04-04,BANETTE,81.0,1.05
2021-04-04,BANETTINE,6.0,0.6
2021-04-04,BOULE 200G,6.0,1.1
2021-04-04,BOULE 400G,19.0,1.5
2021-04-04,BRIOCHE,5.0,5.0
2021-04-04,CAFE OU EAU,1.0,1.0
2021-04-04,CAMPAGNE,20.0,1.8
2021-04-04,CEREAL BAGUETTE,24.0,1.25
2021-04-04,CHAUSSON AUX POMMES,3.0,1.3999999999999997
2021-04-04,COMPLET,11.0,1.5
2021-04-04,COOKIE,2.0,1.0
2021-04-04,COUPE,85.0,0.15
2021-04-04,CROISSANT,120.0,1.1
2021-04-04,CROISSANT AMANDES,6.0,1.4
2021-04-04,DEMI BAGUETTE,1.0,0.45
2021-04-04,ECLAIR,21.0,2.0
2021-04-04,FICELLE,10.0,0.6
2021-04-04,FINANCIER X5,5.0,3.0
2021-04-04,FORMULE SANDWICH,2.0,6.5
2021-04-04,KOUIGN AMANN,8.0,2.1
2021-04-04,MOISSON,11.0,2.0
2021-04-04,PAIN,6.0,1.15
2021-04-04,PAIN AU CHOCOLAT,103.0,1.2
2021-04-04,PAIN AUX RAISINS,10.0,1.4
2021-04-04,PAIN BANETTE,6.0,1.4
2021-04-04,PAIN CHOCO AMANDES,5.0,1.5
2021-04-04,QUIM BREAD,4.0,1.0
2021-04-04,SAND JB EMMENTAL,1.0,3.5
2021-04-04,SANDWICH COMPLET,1.0,4.5
2021-04-04,SEIGLE,5.0,1.8
2021-04-04,SPECIAL BREAD,16.0,2.4
2021-04-04,TARTELETTE,14.0,2.0
2021-04-04,TRADITIONAL BAGUETTE,400.0,1.2
2021-04-05,BAGUETTE,44.0,0.9
2021-04-05,BANETTE,48.0,1.05
2021-04-05,BANETTINE,3.0,0.6
2021-04-05,BOISSON 33CL,2.0,1.5
2021-04-05,BOULE 200G,6.0,1.1
2021-04-05,BOULE 400G,9.0,1.5
2021-04-05,BRIOCHE,3.0,5.0
2021-04-05,CAFE OU EAU,6.0,1.0
2021-04-05,CAMPAGNE,11.0,1.8
2021-04-05,CEREAL BAGUETTE,31.0,1.25
2021-04-05,CHAUSSON AUX POMMES,3.0,1.3999999999999997
2021-04-05,COMPLET,8.0,1.5
2021-04-05,COOKIE,3.0,1.0
2021-04-05,COUPE,52.0,0.15
2021-04-05,CROISSANT,45.0,1.1
2021-04-05,CROISSANT AMANDES,1.0,1.4
2021-04-05,DEMI BAGUETTE,1.0,0.45
2021-04-05,ECLAIR,9.0,2.0
2021-04-05,FICELLE,3.0,0.6
2021-04-05,FINANCIER X5,3.0,3.0
2021-04-05,FORMULE SANDWICH,4.0,6.5
2021-04-05,KOUIGN AMANN,3.0,2.1
2021-04-05,MOISSON,5.0,2.0
2021-04-05,PAIN,4.0,1.15
2021-04-05,PAIN AU CHOCOLAT,43.0,1.2
2021-04-05,PAIN AUX RAISINS,6.0,1.3999999999999997
2021-04-05,PAIN BANETTE,6.0,1.4
2021-04-05,PAIN CHOCO AMANDES,4.0,1.5
2021-04-05,SANDWICH COMPLET,4.0,4.5
2021-04-05,SEIGLE,2.0,1.8
2021-04-05,SPECIAL BREAD,15.0,2.4
2021-04-05,TARTELETTE,4.0,2.0
2021-04-05,TRADITIONAL BAGUETTE,251.0,1.2
2021-04-06,BAGUETTE,29.0,0.9
2021-04-06,BANETTE,43.0,1.05
2021-04-06,BANETTINE,3.0,0.6
2021-04-06,BOISSON 33CL,5.0,1.5
2021-04-06,BOULE 200G,2.0,1.1
2021-04-06,BOULE 400G,5.0,1.5
2021-04-06,BRIOCHE,1.0,5.0
2021-04-06,CAFE OU EAU,4.0,1.0
2021-04-06,CAMPAGNE,6.0,1.8
2021-04-06,CEREAL BAGUETTE,19.0,1.25
2021-04-06,CHAUSSON AUX POMMES,5.0,1.4
2021-04-06,COMPLET,6.0,1.5
2021-04-06,COOKIE,3.0,1.0
2021-04-06,COUPE,30.0,0.15
2021-04-06,CROISSANT,21.0,1.1
2021-04-06,CROISSANT AMANDES,6.0,1.4
2021-04-06,DEMI BAGUETTE,2.0,0.45
2021-04-06,FICELLE,3.0,0.6
2021-04-06,FINANCIER X5,1.0,3.0
2021-04-06,FORMULE SANDWICH,19.0,6.5
2021-04-06,KOUIGN AMANN,2.0,2.1
2021-04-06,MOISSON,5.0,2.0
2021-04-06,PAIN,4.0,1.15
2021-04-06,PAIN AU CHOCOLAT,24.0,1.2
2021-04-06,PAIN AUX RAISINS,3.0,1.3999999999999997
2021-04-06,PAIN BANETTE,1.0,1.4
2021-04-06,PAIN CHOCO AMANDES,6.0,1.5
2021-04-06,QUIM BREAD,2.0,1.0
2021-04-06,SAND JB EMMENTAL,6.0,3.5
2021-04-06,SANDWICH COMPLET,5.0,4.5
2021-04-06,SEIGLE,3.0,1.8
2021-04-06,SPECIAL BREAD,10.0,2.4
2021-04-06,TARTELETTE,12.0,2.0
2021-04-06,TRADITIONAL BAGUETTE,163.0,1.2
2021-04-08,BAGUETTE,31.0,0.9000000000000001
2021-04-08,BANETTE,34.0,1.05
2021-04-08,BANETTINE,6.0,0.6
2021-04-08,BOISSON 33CL,1.0,1.5
2021-04-08,BOULE 200G,2.0,1.1
2021-04-08,BOULE 400G,4.0,1.5
2021-04-08,BRIOCHE,1.0,5.0
2021-04-08,CAFE OU EAU,5.0,1.0
2021-04-08,CAMPAGNE,7.0,1.8
2021-04-08,CEREAL BAGUETTE,20.0,1.25
2021-04-08,CHAUSSON AUX POMMES,5.0,1.4
2021-04-08,COMPLET,8.0,1.5
2021-04-08,COOKIE,3.0,1.0
2021-04-08,COUPE,32.0,0.15
2021-04-08,CROISSANT,27.0,1.1
2021-04-08,CROISSANT AMANDES,3.0,1.3999999999999997
2021-04-08,DEMI BAGUETTE,2.0,0.45
2021-04-08,ECLAIR,7.0,2.0
2021-04-08,FICELLE,1.0,0.6
2021-04-08,FINANCIER X5,1.0,3.0
2021-04-08,FORMULE SANDWICH,3.0,6.5
2021-04-08,MOISSON,9.0,2.0
2021-04-08,PAIN,4.0,1.15
2021-04-08,PAIN AU CHOCOLAT,31.0,1.2
2021-04-08,PAIN AUX RAISINS,6.0,1.4
2021-04-08,PAIN BANETTE,7.0,1.4
2021-04-08,PAIN CHOCO AMANDES,1.0,1.5
2021-04-08,SANDWICH COMPLET,11.0,4.5
2021-04-08,SEIGLE,2.0,1.8
2021-04-08,SPECIAL BREAD,7.0,2.4
2021-04-08,TARTELETTE,2.0,2.0
2021-04-08,TRADITIONAL BAGUETTE,145.0,1.2
2021-04-09,BAGUETTE,26.0,0.8999999999999999
2021-04-09,BANETTE,24.0,1.05
2021-04-09,BANETTINE,6.0,0.6
2021-04-09,BOISSON 33CL,7.0,1.5
2021-04-09,BOULE 200G,5.0,1.1
2021-04-09,BOULE 400G,3.0,1.5
2021-04-09,BRIOCHE,2.0,5.0
2021-04-09,CAFE OU EAU,1.0,1.0
2021-04-09,CAMPAGNE,3.0,1.8
2021-04-09,CEREAL BAGUETTE,14.0,1.25
2021-04-09,CHAUSSON AUX POMMES,5.0,1.3999999999999997
2021-04-09,COMPLET,8.0,1.5
2021-04-09,COOKIE,3.0,1.0
2021-04-09,COUPE,31.0,0.15
2021-04-09,CROISSANT,14.0,1.1
2021-04-09,CROISSANT AMANDES,3.0,1.3999999999999997
2021-04-09,DEMI BAGUETTE,1.0,0.45
2021-04-09,ECLAIR,3.0,2.0
2021-04-09,FICELLE,8.0,0.6
2021-04-09,FINANCIER X5,2.0,3.0
2021-04-09,FORMULE SANDWICH,7.0,6.5
2021-04-09,KOUIGN AMANN,2.0,2.1
2021-04-09,MOISSON,4.0,2.0
2021-04-09,PAIN,4.0,1.15
2021-04-09,PAIN AU CHOCOLAT,10.0,1.2
2021-04-09,PAIN AUX RAISINS,4.0,1.4
2021-04-09,PAIN BANETTE,5.0,1.4
2021-04-09,PAIN CHOCO AMANDES,1.0,1.5
2021-04-09,QUIM BREAD,4.0,1.0
2021-04-09,SAND JB EMMENTAL,3.0,3.5
2021-04-09,SANDWICH COMPLET,8.0,4.5
2021-04-09,SPECIAL BREAD,9.0,2.4
2021-04-09,TARTELETTE,3.0,2.0
2021-04-09,TRADITIONAL BAGUETTE,137.0,1.2
2021-04-10,BAGUETTE,32.0,0.9000000000000001
2021-04-10,BANETTE,30.0,1.05
2021-04-10,BANETTINE,6.0,0.6
2021-04-10,BOISSON 33CL,2.0,1.5
2021-04-10,BOULE 200G,6.0,1.1
2021-04-10,BOULE 400G,6.0,1.5
2021-04-10,BRIOCHE,4.0,5.0
2021-04-10,CAFE OU EAU,4.0,1.0
2021-04-10,CAMPAGNE,7.0,1.8
2021-04-10,CEREAL BAGUETTE,20.0,1.25
2021-04-10,COMPLET,8.0,1.5
2021-04-10,COOKIE,10.0,1.0
2021-04-10,COUPE,44.0,0.15
2021-04-10,CROISSANT,44.0,1.1
2021-04-10,CROISSANT AMANDES,2.0,1.4
2021-04-10,ECLAIR,16.0,2.0
2021-04-10,FICELLE,9.0,0.6
2021-04-10,FINANCIER X5,2.0,3.0
2021-04-10,FORMULE SANDWICH,6.0,6.5
2021-04-10,KOUIGN AMANN,5.0,2.1
2021-04-10,MOISSON,10.0,2.0
2021-04-10,PAIN,3.0,1.15
2021-04-10,PAIN AU CHOCOLAT,35.0,1.2
2021-04-10,PAIN AUX RAISINS,2.0,1.4
2021-04-10,PAIN BANETTE,5.0,1.4
2021-04-10,PAIN CHOCO AMANDES,2.0,1.5
2021-04-10,QUIM BREAD,1.0,1.0
2021-04-10,SAND JB EMMENTAL,2.0,3.5
2021-04-10,SEIGLE,4.0,1.8
2021-04-10,SPECIAL BREAD,9.0,2.4
2021-04-10,TRADITIONAL BAGUETTE,178.0,1.2
2021-04-11,BAGUETTE,53.0,0.9
2021-04-11,BANETTE,34.0,1.05
2021-04-11,BANETTINE,6.0,0.6
2021-04-11,BOULE 200G,6.0,1.1
2021-04-11,BOULE 400G,10.0,1.5
2021-04-11,BRIOCHE,3.0,5.0
2021-04-11,CAFE OU EAU,3.0,1.0
2021-04-11,CAMPAGNE,6.0,1.8
2021-04-11,CEREAL BAGUETTE,18.0,1.25
2021-04-11,CHAUSSON AUX POMMES,2.0,1.4
2021-04-11,COMPLET,6.0,1.5
2021-04-11,COOKIE,3.0,1.0
2021-04-11,COUPE,43.0,0.15
2021-04-11,CROISSANT,64.0,1.1
2021-04-11,CROISSANT AMANDES,7.0,1.3999999999999997
2021-04-11,DEMI BAGUETTE,1.0,0.45
2021-04-11,ECLAIR,18.0,2.0
2021-04-11,FICELLE,7.0,0.6
2021-04-11,FINANCIER X5,1.0,3.0
2021-04-11,KOUIGN AMANN,5.0,2.1
2021-04-11,MOISSON,7.0,2.0
2021-04-11,PAIN,3.0,1.15
2021-04-11,PAIN AU CHOCOLAT,40.0,1.2
2021-04-11,PAIN AUX RAISINS,2.0,1.4
2021-04-11,PAIN BANETTE,7.0,1.4
2021-04-11,QUIM BREAD,5.0,1.0
2021-04-11,SEIGLE,1.0,1.8
2021-04-11,SPECIAL BREAD,10.0,2.4
2021-04-11,TARTELETTE,21.0,2.0
2021-04-11,TRADITIONAL BAGUETTE,267.0,1.2
2021-04-12,BAGUETTE,31.0,0.9
2021-04-12,BANETTE,32.0,1.05
2021-04-12,BANETTINE,5.0,0.6
2021-04-12,BOISSON 33CL,4.0,1.5
2021-04-12,BOULE 400G,4.0,1.5
2021-04-12,BRIOCHE,3.0,5.0
2021-04-12,CAFE OU EAU,4.0,1.0
2021-04-12,CAMPAGNE,9.0,1.8
2021-04-12,CEREAL BAGUETTE,21.0,1.25
2021-04-12,CHAUSSON AUX POMMES,1.0,1.4
2021-04-12,COMPLET,7.0,1.5
2021-04-12,COOKIE,8.0,1.0
2021-04-12,COUPE,31.0,0.15
2021-04-12,CROISSANT,22.0,1.1
2021-04-12,DEMI BAGUETTE,1.0,0.45
2021-04-12,ECLAIR,1.0,2.0
2021-04-12,FICELLE,2.0,0.6
2021-04-12,FORMULE SANDWICH,12.0,6.5
2021-04-12,KOUIGN AMANN,2.0,2.1
2021-04-12,MOISSON,10.0,2.0
2021-04-12,PAIN,3.0,1.15
2021-04-12,PAIN AU CHOCOLAT,20.0,1.2
2021-04-12,PAIN AUX RAISINS,4.0,1.3999999999999997
2021-04-12,PAIN BANETTE,2.0,1.4
2021-04-12,PAIN CHOCO AMANDES,5.0,1.5
2021-04-12,QUIM BREAD,5.0,1.0
2021-04-12,SAND JB EMMENTAL,3.0,3.5
2021-04-12,SANDWICH COMPLET,4.0,4.5
2021-04-12,SEIGLE,4.0,1.8
2021-04-12,SPECIAL BREAD,9.0,2.4
2021-04-12,TARTELETTE,3.0,2.0
2021-04-12,TRADITIONAL BAGUETTE,170.0,1.2
2021-04-13,BAGUETTE,29.0,0.9
2021-04-13,BANETTE,28.0,1.05
2021-04-13,BANETTINE,4.0,0.6
2021-04-13,BOISSON 33CL,5.0,1.5
2021-04-13,BOULE 200G,3.0,1.1
2021-04-13,BOULE 400G,9.0,1.5
2021-04-13,BRIOCHE,2.0,5.0
2021-04-13,CAFE OU EAU,11.0,1.0
2021-04-13,CAMPAGNE,7.0,1.8
2021-04-13,CEREAL BAGUETTE,20.0,1.25
2021-04-13,CHAUSSON AUX POMMES,4.0,1.3999999999999997
2021-04-13,COMPLET,6.0,1.5
2021-04-13,COOKIE,5.0,1.0
2021-04-13,COUPE,28.0,0.15
2021-04-13,CROISSANT,30.0,1.1
2021-04-13,DEMI BAGUETTE,1.0,0.45
2021-04-13,ECLAIR,7.0,2.0
2021-04-13,FICELLE,2.0,0.6
2021-04-13,FINANCIER X5,1.0,3.0
2021-04-13,FORMULE SANDWICH,12.0,6.5
2021-04-13,KOUIGN AMANN,7.0,2.1
2021-04-13,MOISSON,6.0,2.0
2021-04-13,PAIN,5.0,1.15
2021-04-13,PAIN AU CHOCOLAT,36.0,1.2
2021-04-13,PAIN AUX RAISINS,5.0,1.4
2021-04-13,PAIN BANETTE,3.0,1.3999999999999997
2021-04-13,PAIN CHOCO AMANDES,3.0,1.5
2021-04-13,QUIM BREAD,1.0,1.0
2021-04-13,SAND JB EMMENTAL,3.0,3.5
2021-04-13,SANDWICH COMPLET,10.0,4.5
2021-04-13,SEIGLE,3.0,1.8
2021-04-13,SPECIAL BREAD,7.0,2.4
2021-04-13,TARTELETTE,3.0,2.0
2021-04-13,TRADITIONAL BAGUETTE,161.0,1.2
2021-04-14,BAGUETTE,16.0,0.9
2021-04-14,BANETTE,23.0,1.05
2021-04-14,BANETTINE,4.0,0.6
2021-04-14,BOISSON 33CL,1.0,1.5
2021-04-14,BOULE 200G,3.0,1.1
2021-04-14,BOULE 400G,3.0,1.5
2021-04-14,CAFE OU EAU,3.0,1.0
2021-04-14,CAMPAGNE,2.0,1.8
2021-04-14,CEREAL BAGUETTE,19.0,1.25
2021-04-14,CHAUSSON AUX POMMES,4.0,1.3999999999999997
2021-04-14,COMPLET,3.0,1.5
2021-04-14,COOKIE,8.0,1.0
2021-04-14,COUPE,20.0,0.15
2021-04-14,CROISSANT,27.0,1.1
2021-04-14,CROISSANT AMANDES,6.0,1.3999999999999997
2021-04-14,DEMI BAGUETTE,3.0,0.45
2021-04-14,ECLAIR,3.0,2.0
2021-04-14,FICELLE,1.0,0.6
2021-04-14,FINANCIER X5,3.0,3.0
2021-04-14,FORMULE SANDWICH,5.0,6.5
2021-04-14,MOISSON,7.0,2.0
2021-04-14,PAIN,5.0,1.15
2021-04-14,PAIN AU CHOCOLAT,12.0,1.2
2021-04-14,PAIN AUX RAISINS,5.0,1.4
2021-04-14,PAIN BANETTE,5.0,1.4
2021-04-14,PAIN CHOCO AMANDES,3.0,1.5
2021-04-14,QUIM BREAD,4.0,1.0
2021-04-14,SAND JB EMMENTAL,1.0,3.5
2021-04-14,SANDWICH COMPLET,9.0,4.5
2021-04-14,SEIGLE,3.0,1.8
2021-04-14,SPECIAL BREAD,7.0,2.4
2021-04-14,TARTELETTE,3.0,2.0
2021-04-14,TRADITIONAL BAGUETTE,118.0,1.2
2021-04-15,BAGUETTE,24.0,0.9
2021-04-15,BANETTE,38.0,1.05
2021-04-15,BANETTINE,8.0,0.6
2021-04-15,BOISSON 33CL,3.0,1.5
2021-04-15,BOULE 200G,1.0,1.1
2021-04-15,BOULE 400G,4.0,1.5
2021-04-15,BRIOCHE,2.0,5.0
2021-04-15,CAFE OU EAU,1.0,1.0
2021-04-15,CAMPAGNE,10.0,1.7999999999999998
2021-04-15,CEREAL BAGUETTE,13.0,1.25
2021-04-15,CHAUSSON AUX POMMES,1.0,1.4
2021-04-15,COMPLET,6.0,1.5
2021-04-15,COOKIE,9.0,1.0
2021-04-15,COUPE,25.0,0.15
2021-04-15,CROISSANT,12.0,1.1
2021-04-15,CROISSANT AMANDES,3.0,1.3999999999999997
2021-04-15,DEMI BAGUETTE,1.0,0.45
2021-04-15,ECLAIR,4.0,2.0
2021-04-15,FICELLE,5.0,0.6
2021-04-15,FINANCIER X5,4.0,3.0
2021-04-15,FORMULE SANDWICH,9.0,6.5
2021-04-15,KOUIGN AMANN,4.0,2.1
2021-04-15,MOISSON,7.0,2.0
2021-04-15,PAIN,6.0,1.15
2021-04-15,PAIN AU CHOCOLAT,14.0,1.2
2021-04-15,PAIN AUX RAISINS,3.0,1.4
2021-04-15,PAIN BANETTE,6.0,1.3999999999999997
2021-04-15,PAIN CHOCO AMANDES,2.0,1.5
2021-04-15,SAND JB EMMENTAL,1.0,3.5
2021-04-15,SANDWICH COMPLET,8.0,4.5
2021-04-15,SEIGLE,3.0,1.8
2021-04-15,SPECIAL BREAD,6.0,2.4
2021-04-15,TARTELETTE,7.0,2.0
2021-04-15,TRADITIONAL BAGUETTE,138.0,1.2
2021-04-16,BAGUETTE,35.0,0.9
2021-04-16,BANETTE,29.0,1.05
2021-04-16,BANETTINE,6.0,0.6
2021-04-16,BOISSON 33CL,2.0,1.5
2021-04-16,BOULE 200G,6.0,1.1
2021-04-16,BOULE 400G,8.0,1.5
2021-04-16,BRIOCHE,1.0,5.0
2021-04-16,CAFE OU EAU,2.0,1.0
2021-04-16,CAMPAGNE,9.0,1.8
2021-04-16,CEREAL BAGUETTE,20.0,1.25
2021-04-16,CHAUSSON AUX POMMES,4.0,1.4
2021-04-16,COMPLET,5.0,1.5
2021-04-16,COOKIE,6.0,1.0
2021-04-16,COUPE,45.0,0.15
2021-04-16,CROISSANT,33.0,1.1
2021-04-16,CROISSANT AMANDES,6.0,1.3999999999999997
2021-04-16,ECLAIR,7.0,2.0
2021-04-16,FICELLE,3.0,0.6
2021-04-16,FINANCIER X5,1.0,3.0
2021-04-16,FORMULE SANDWICH,11.0,6.5
2021-04-16,KOUIGN AMANN,3.0,2.1
2021-04-16,MOISSON,6.0,2.0
2021-04-16,PAIN,4.0,1.15
2021-04-16,PAIN AU CHOCOLAT,38.0,1.2
2021-04-16,PAIN AUX RAISINS,5.0,1.3999999999999997
2021-04-16,PAIN BANETTE,3.0,1.3999999999999997
2021-04-16,PAIN CHOCO AMANDES,4.0,1.5
2021-04-16,QUIM BREAD,3.0,1.0
2021-04-16,SAND JB EMMENTAL,2.0,3.5
2021-04-16,SANDWICH COMPLET,3.0,4.5
2021-04-16,SEIGLE,3.0,1.8
2021-04-16,SPECIAL BREAD,10.0,2.4
2021-04-16,TARTELETTE,9.0,2.0
2021-04-16,TRADITIONAL BAGUETTE,169.0,1.2
2021-04-17,BAGUETTE,33.0,0.9
2021-04-17,BANETTE,30.0,1.05
2021-04-17,BANETTINE,6.0,0.6
2021-04-17,BOISSON 33CL,3.0,1.5
2021-04-17,BOULE 200G,5.0,1.1
2021-04-17,BOULE 400G,6.0,1.5
2021-04-17,BRIOCHE,6.0,5.0
2021-04-17,CAFE OU EAU,4.0,1.0
2021-04-17,CAMPAGNE,8.0,1.8
2021-04-17,CEREAL BAGUETTE,20.0,1.25
2021-04-17,CHAUSSON AUX POMMES,2.0,1.4
2021-04-17,COMPLET,6.0,1.5
2021-04-17,COOKIE,8.0,1.0
2021-04-17,COUPE,40.0,0.15
2021-04-17,CROISSANT,71.0,1.1
2021-04-17,CROISSANT AMANDES,4.0,1.3999999999999997
2021-04-17,DEMI BAGUETTE,1.0,0.45
2021-04-17,ECLAIR,10.0,2.0
2021-04-17,FICELLE,5.0,0.6
2021-04-17,FINANCIER X5,5.0,3.0
2021-04-17,FORMULE SANDWICH,7.0,6.5
2021-04-17,KOUIGN AMANN,1.0,2.1
2021-04-17,MOISSON,6.0,2.0
2021-04-17,PAIN,6.0,1.15
2021-04-17,PAIN AU CHOCOLAT,46.0,1.2
2021-04-17,PAIN AUX RAISINS,3.0,1.3999999999999997
2021-04-17,PAIN BANETTE,2.0,1.4
2021-04-17,PAIN CHOCO AMANDES,2.0,1.5
2021-04-17,QUIM BREAD,6.0,1.0
2021-04-17,SANDWICH COMPLET,1.0,4.5
2021-04-17,SEIGLE,3.0,1.8
2021-04-17,SPECIAL BREAD,6.0,2.4
2021-04-17,TARTELETTE,2.0,2.0
2021-04-17,TRADITIONAL BAGUETTE,217.0,1.2
2021-04-18,BAGUETTE,41.0,0.9
2021-04-18,BANETTE,55.0,1.05
2021-04-18,BANETTINE,6.0,0.6
2021-04-18,BOISSON 33CL,1.0,1.5
2021-04-18,BOULE 200G,4.0,1.1
2021-04-18,BOULE 400G,21.0,1.5
2021-04-18,BRIOCHE,6.0,5.0
2021-04-18,CAFE OU EAU,2.0,1.0
2021-04-18,CAMPAGNE,16.0,1.8
2021-04-18,CEREAL BAGUETTE,20.0,1.25
2021-04-18,CHAUSSON AUX POMMES,1.0,1.4
2021-04-18,COMPLET,8.0,1.5
2021-04-18,COOKIE,6.0,1.0
2021-04-18,COUPE,67.0,0.15
2021-04-18,CROISSANT,95.0,1.1
2021-04-18,CROISSANT AMANDES,3.0,1.4
2021-04-18,DEMI BAGUETTE,1.0,0.45
2021-04-18,ECLAIR,26.0,2.0
2021-04-18,FICELLE,5.0,0.6
2021-04-18,FINANCIER X5,5.0,3.0
2021-04-18,KOUIGN AMANN,5.0,2.1
2021-04-18,MOISSON,7.0,2.0
2021-04-18,PAIN,6.0,1.15
2021-04-18,PAIN AU CHOCOLAT,82.0,1.2
2021-04-18,PAIN AUX RAISINS,5.0,1.3999999999999997
2021-04-18,PAIN BANETTE,7.0,1.3999999999999997
2021-04-18,PAIN CHOCO AMANDES,3.0,1.5
2021-04-18,QUIM BREAD,1.0,1.0
2021-04-18,SANDWICH COMPLET,3.0,4.5
2021-04-18,SEIGLE,3.0,1.8
2021-04-18,SPECIAL BREAD,19.0,2.4
2021-04-18,TARTELETTE,27.0,2.0
2021-04-18,TRADITIONAL BAGUETTE,329.0,1.2
2021-04-19,BAGUETTE,27.0,0.9
2021-04-19,BANETTE,27.0,1.05
2021-04-19,BANETTINE,3.0,0.6
2021-04-19,BOISSON 33CL,5.0,1.5
2021-04-19,BOULE 200G,6.0,1.1
2021-04-19,BOULE 400G,7.0,1.5
2021-04-19,BRIOCHE,3.0,5.0
2021-04-19,CAFE OU EAU,6.0,1.0
2021-04-19,CAMPAGNE,4.0,1.8
2021-04-19,CEREAL BAGUETTE,20.0,1.25
2021-04-19,CHAUSSON AUX POMMES,4.0,1.4
2021-04-19,COMPLET,5.0,1.5
2021-04-19,COOKIE,5.0,1.0
2021-04-19,COUPE,25.0,0.15
2021-04-19,CROISSANT,28.0,1.1
2021-04-19,CROISSANT AMANDES,3.0,1.4
2021-04-19,DEMI BAGUETTE,1.0,0.45
2021-04-19,FICELLE,4.0,0.6
2021-04-19,FINANCIER X5,1.0,3.0
2021-04-19,FORMULE SANDWICH,18.0,6.5
2021-04-19,KOUIGN AMANN,3.0,2.1
2021-04-19,MOISSON,6.0,2.0
2021-04-19,PAIN,5.0,1.15
2021-04-19,PAIN AU CHOCOLAT,19.0,1.2
2021-04-19,PAIN AUX RAISINS,4.0,1.3999999999999997
2021-04-19,PAIN BANETTE,7.0,1.3999999999999997
2021-04-19,PAIN CHOCO AMANDES,2.0,1.5
2021-04-19,QUIM BREAD,3.0,1.0
2021-04-19,SAND JB EMMENTAL,4.0,3.5
2021-04-19,SANDWICH COMPLET,7.0,4.5
2021-04-19,SEIGLE,3.0,1.8
2021-04-19,SPECIAL BREAD,4.0,2.4
2021-04-19,TARTELETTE,2.0,2.0
2021-04-19,TRADITIONAL BAGUETTE,136.0,1.2
2021-04-20,BAGUETTE,29.0,0.9000000000000001
2021-04-20,BANETTE,25.0,1.05
2021-04-20,BANETTINE,6.0,0.6
2021-04-20,BOISSON 33CL,3.0,1.5
2021-04-20,BOULE 200G,4.0,1.1
2021-04-20,BOULE 400G,8.0,1.5
2021-04-20,BRIOCHE,3.0,5.0
2021-04-20,CAFE OU EAU,5.0,1.0
2021-04-20,CAMPAGNE,10.0,1.8
2021-04-20,CEREAL BAGUETTE,21.0,1.25
2021-04-20,CHAUSSON AUX POMMES,6.0,1.3999999999999997
2021-04-20,COMPLET,4.0,1.5
2021-04-20,COOKIE,4.0,1.0
2021-04-20,COUPE,41.0,0.15
2021-04-20,CROISSANT,37.0,1.1
2021-04-20,CROISSANT AMANDES,3.0,1.3999999999999997
2021-04-20,DEMI BAGUETTE,3.0,0.45
2021-04-20,ECLAIR,6.0,2.0
2021-04-20,FICELLE,4.0,0.6
2021-04-20,FORMULE SANDWICH,11.0,6.5
2021-04-20,KOUIGN AMANN,4.0,2.1
2021-04-20,MOISSON,6.0,2.0
2021-04-20,PAIN,6.0,1.15
2021-04-20,PAIN AU CHOCOLAT,41.0,1.2
2021-04-20,PAIN AUX RAISINS,4.0,1.3999999999999997
2021-04-20,PAIN BANETTE,8.0,1.4
2021-04-20,QUIM BREAD,4.0,1.0
2021-04-20,SAND JB EMMENTAL,4.0,3.5
2021-04-20,SANDWICH COMPLET,7.0,4.5
2021-04-20,SEIGLE,3.0,1.8
2021-04-20,SPECIAL BREAD,10.0,2.4
2021-04-20,TARTELETTE,2.0,2.0
2021-04-20,TRADITIONAL BAGUETTE,210.0,1.2
2021-04-21,BAGUETTE,25.0,0.9
2021-04-21,BANETTE,26.0,1.05
2021-04-21,BANETTINE,4.0,0.6
2021-04-21,BOISSON 33CL,6.0,1.5
2021-04-21,BOULE 200G,2.0,1.1
2021-04-21,BOULE 400G,4.0,1.5
2021-04-21,BRIOCHE,3.0,5.0
2021-04-21,CAFE OU EAU,2.0,1.0
2021-04-21,CAMPAGNE,6.0,1.8
2021-04-21,CEREAL BAGUETTE,15.0,1.25
2021-04-21,CHAUSSON AUX POMMES,2.0,1.4
2021-04-21,COMPLET,3.0,1.5
2021-04-21,COOKIE,6.0,1.0
2021-04-21,COUPE,21.0,0.15
2021-04-21,CROISSANT,31.0,1.1
2021-04-21,DEMI BAGUETTE,1.0,0.45
2021-04-21,ECLAIR,1.0,2.0
2021-04-21,FICELLE,5.0,0.6
2021-04-21,FINANCIER X5,5.0,3.0
2021-04-21,FORMULE SANDWICH,8.0,6.5
2021-04-21,KOUIGN AMANN,1.0,2.1
2021-04-21,MOISSON,6.0,2.0
2021-04-21,PAIN,2.0,1.15
2021-04-21,PAIN AU CHOCOLAT,23.0,1.2
2021-04-21,PAIN AUX RAISINS,2.0,1.4
2021-04-21,PAIN BANETTE,1.0,1.4
2021-04-21,PAIN CHOCO AMANDES,5.0,1.5
2021-04-21,QUIM BREAD,4.0,1.0
2021-04-21,SAND JB EMMENTAL,3.0,3.5
2021-04-21,SANDWICH COMPLET,6.0,4.5
2021-04-21,SPECIAL BREAD,4.0,2.4
2021-04-21,TARTELETTE,3.0,2.0
2021-04-21,TRADITIONAL BAGUETTE,161.0,1.2
2021-04-22,BAGUETTE,30.0,0.9
2021-04-22,BANETTE,44.0,1.05
2021-04-22,BANETTINE,6.0,0.6
2021-04-22,BOISSON 33CL,7.0,1.5
2021-04-22,BOULE 200G,6.0,1.1
2021-04-22,BOULE 400G,10.0,1.5
2021-04-22,BRIOCHE,1.0,5.0
2021-04-22,CAFE OU EAU,2.0,1.0
2021-04-22,CAMPAGNE,10.0,1.8
2021-04-22,CEREAL BAGUETTE,20.0,1.25
2021-04-22,CHAUSSON AUX POMMES,4.0,1.4
2021-04-22,COMPLET,10.0,1.5
2021-04-22,COOKIE,11.0,1.0
2021-04-22,COUPE,50.0,0.15
2021-04-22,CROISSANT,26.0,1.1
2021-04-22,CROISSANT AMANDES,6.0,1.3999999999999997
2021-04-22,DEMI BAGUETTE,1.0,0.45
2021-04-22,ECLAIR,12.0,2.0
2021-04-22,FICELLE,5.0,0.6
2021-04-22,FINANCIER X5,2.0,3.0
2021-04-22,FORMULE SANDWICH,5.0,6.5
2021-04-22,KOUIGN AMANN,5.0,2.1
2021-04-22,MOISSON,9.0,2.0
2021-04-22,PAIN,5.0,1.15
2021-04-22,PAIN AU CHOCOLAT,30.0,1.2
2021-04-22,PAIN AUX RAISINS,6.0,1.4
2021-04-22,PAIN BANETTE,6.0,1.4
2021-04-22,PAIN CHOCO AMANDES,6.0,1.5
2021-04-22,QUIM BREAD,1.0,1.0
2021-04-22,SAND JB EMMENTAL,4.0,3.5
2021-04-22,SANDWICH COMPLET,9.0,4.5
2021-04-22,SEIGLE,3.0,1.8
2021-04-22,SPECIAL BREAD,11.0,2.4
2021-04-22,TARTELETTE,5.0,2.0
2021-04-22,TRADITIONAL BAGUETTE,199.0,1.2
2021-04-23,BAGUETTE,34.0,0.9
2021-04-23,BANETTE,35.0,1.05
2021-04-23,BANETTINE,6.0,0.6
2021-04-23,BOULE 200G,2.0,1.1
2021-04-23,BOULE 400G,4.0,1.5
2021-04-23,BRIOCHE,3.0,5.0
2021-04-23,CAFE OU EAU,6.0,1.0
2021-04-23,CAMPAGNE,7.0,1.8
2021-04-23,CEREAL BAGUETTE,15.0,1.25
2021-04-23,CHAUSSON AUX POMMES,2.0,1.4
2021-04-23,COMPLET,5.0,1.5
2021-04-23,COOKIE,3.0,1.0
2021-04-23,COUPE,39.0,0.15
2021-04-23,CROISSANT,28.0,1.1
2021-04-23,CROISSANT AMANDES,5.0,1.3999999999999997
2021-04-23,ECLAIR,1.0,2.0
2021-04-23,FICELLE,5.0,0.6
2021-04-23,FINANCIER X5,1.0,3.0
2021-04-23,FORMULE SANDWICH,7.0,6.5
2021-04-23,MOISSON,5.0,2.0
2021-04-23,PAIN,4.0,1.15
2021-04-23,PAIN AU CHOCOLAT,27.0,1.2
2021-04-23,PAIN AUX RAISINS,5.0,1.4
2021-04-23,PAIN BANETTE,4.0,1.4
2021-04-23,PAIN CHOCO AMANDES,1.0,1.5
2021-04-23,QUIM BREAD,5.0,1.0
2021-04-23,SAND JB EMMENTAL,6.0,3.5
2021-04-23,SANDWICH COMPLET,11.0,4.5
2021-04-23,SEIGLE,3.0,1.8
2021-04-23,SPECIAL BREAD,7.0,2.4
2021-04-23,TARTELETTE,4.0,2.0
2021-04-23,TRADITIONAL BAGUETTE,176.0,1.2
2021-04-24,BAGUETTE,41.0,0.9000000000000001
2021-04-24,BANETTE,44.0,1.05
2021-04-24,BANETTINE,6.0,0.6
2021-04-24,BOISSON 33CL,3.0,1.5
2021-04-24,BOULE 200G,1.0,1.1
2021-04-24,BOULE 400G,7.0,1.5
2021-04-24,BRIOCHE,3.0,5.0
2021-04-24,CAFE OU EAU,9.0,1.0
2021-04-24,CAMPAGNE,4.0,1.8
2021-04-24,CEREAL BAGUETTE,17.0,1.25
2021-04-24,CHAUSSON AUX POMMES,1.0,1.4
2021-04-24,COMPLET,7.0,1.5
2021-04-24,COOKIE,6.0,1.0
2021-04-24,COUPE,35.0,0.15
2021-04-24,CROISSANT,66.0,1.1
2021-04-24,CROISSANT AMANDES,3.0,1.3999999999999997
2021-04-24,DEMI BAGUETTE,1.0,0.45
2021-04-24,ECLAIR,9.0,2.0
2021-04-24,FICELLE,9.0,0.6
2021-04-24,FINANCIER X5,1.0,3.0
2021-04-24,FORMULE SANDWICH,4.0,6.5
2021-04-24,KOUIGN AMANN,3.0,2.1
2021-04-24,MOISSON,4.0,2.0
2021-04-24,PAIN,6.0,1.15
2021-04-24,PAIN AU CHOCOLAT,50.0,1.2
2021-04-24,PAIN AUX RAISINS,6.0,1.4
2021-04-24,PAIN BANETTE,5.0,1.4
2021-04-24,PAIN CHOCO AMANDES,1.0,1.5
2021-04-24,QUIM BREAD,4.0,1.0
2021-04-24,SAND JB EMMENTAL,1.0,3.5
2021-04-24,SANDWICH COMPLET,4.0,4.5
2021-04-24,SEIGLE,3.0,1.8
2021-04-24,SPECIAL BREAD,13.0,2.4
2021-04-24,TARTELETTE,8.0,2.0
2021-04-24,TRADITIONAL BAGUETTE,264.0,1.2
2021-04-25,BAGUETTE,53.0,0.9
2021-04-25,BANETTE,47.0,1.05
2021-04-25,BANETTINE,6.0,0.6
2021-04-25,BOISSON 33CL,1.0,1.5
2021-04-25,BOULE 200G,5.0,1.1
2021-04-25,BOULE 400G,7.0,1.5
2021-04-25,BRIOCHE,5.0,5.0
2021-04-25,CAFE OU EAU,3.0,1.0
2021-04-25,CAMPAGNE,10.0,1.7999999999999998
2021-04-25,CEREAL BAGUETTE,28.0,1.25
2021-04-25,CHAUSSON AUX POMMES,7.0,1.4
2021-04-25,COMPLET,10.0,1.5
2021-04-25,COOKIE,4.0,1.0
2021-04-25,COUPE,52.0,0.15
2021-04-25,CROISSANT,114.0,1.1
2021-04-25,CROISSANT AMANDES,1.0,1.4
2021-04-25,DEMI BAGUETTE,3.0,0.45
2021-04-25,ECLAIR,29.0,2.0
2021-04-25,FICELLE,9.0,0.6
2021-04-25,FINANCIER X5,1.0,3.0
2021-04-25,FORMULE SANDWICH,6.0,6.5
2021-04-25,KOUIGN AMANN,11.0,2.1
2021-04-25,MOISSON,10.0,2.0
2021-04-25,PAIN AU CHOCOLAT,94.0,1.2
2021-04-25,PAIN AUX RAISINS,6.0,1.4
2021-04-25,PAIN BANETTE,8.0,1.4
2021-04-25,PAIN CHOCO AMANDES,4.0,1.5
2021-04-25,QUIM BREAD,7.0,1.0
2021-04-25,SANDWICH COMPLET,3.0,4.5
2021-04-25,SEIGLE,3.0,1.8
2021-04-25,SPECIAL BREAD,13.0,2.4
2021-04-25,TARTELETTE,22.0,2.0
2021-04-25,TRADITIONAL BAGUETTE,294.0,1.2
2021-04-26,BAGUETTE,26.0,0.9
2021-04-26,BANETTE,38.0,1.05
2021-04-26,BANETTINE,2.0,0.6
2021-04-26,BOISSON 33CL,3.0,1.5
2021-04-26,BOULE 200G,6.0,1.1
2021-04-26,BOULE 400G,7.0,1.5
2021-04-26,CAMPAGNE,5.0,1.8
2021-04-26,CEREAL BAGUETTE,11.0,1.25
2021-04-26,CHAUSSON AUX POMMES,2.0,1.4
2021-04-26,COMPLET,6.0,1.5
2021-04-26,COOKIE,10.0,1.0
2021-04-26,COUPE,26.0,0.15
2021-04-26,CROISSANT,36.0,1.1
2021-04-26,CROISSANT AMANDES,5.0,1.4
2021-04-26,FICELLE,5.0,0.6
2021-04-26,FORMULE SANDWICH,14.0,6.5
2021-04-26,KOUIGN AMANN,3.0,2.1
2021-04-26,MOISSON,7.0,2.0
2021-04-26,PAIN,4.0,1.15
2021-04-26,PAIN AU CHOCOLAT,38.0,1.2
2021-04-26,PAIN BANETTE,4.0,1.4
2021-04-26,PAIN CHOCO AMANDES,2.0,1.5
2021-04-26,QUIM BREAD,5.0,1.0
2021-04-26,SAND JB EMMENTAL,1.0,3.5
2021-04-26,SANDWICH COMPLET,2.0,4.5
2021-04-26,SEIGLE,2.0,1.8
2021-04-26,SPECIAL BREAD,5.0,2.4
2021-04-26,TARTELETTE,7.0,2.0
2021-04-26,TRADITIONAL BAGUETTE,136.0,1.2
2021-04-27,BAGUETTE,32.0,0.9
2021-04-27,BANETTE,34.0,1.05
2021-04-27,BANETTINE,4.0,0.6
2021-04-27,BOISSON 33CL,3.0,1.5
2021-04-27,BOULE 200G,4.0,1.1
2021-04-27,BOULE 400G,6.0,1.5
2021-04-27,BRIOCHE,1.0,5.0
2021-04-27,CAFE OU EAU,7.0,1.0
2021-04-27,CAMPAGNE,3.0,1.8
2021-04-27,CEREAL BAGUETTE,6.0,1.25
2021-04-27,CHAUSSON AUX POMMES,1.0,1.4
2021-04-27,COMPLET,8.0,1.5
2021-04-27,COOKIE,5.0,1.0
2021-04-27,COUPE,25.0,0.15
2021-04-27,CROISSANT,29.0,1.1
2021-04-27,CROISSANT AMANDES,1.0,1.4
2021-04-27,DEMI BAGUETTE,2.0,0.45
2021-04-27,FICELLE,2.0,0.6
2021-04-27,FORMULE SANDWICH,7.0,6.5
2021-04-27,KOUIGN AMANN,1.0,2.1
2021-04-27,MOISSON,8.0,2.0
2021-04-27,PAIN,6.0,1.15
2021-04-27,PAIN AU CHOCOLAT,20.0,1.2
2021-04-27,PAIN AUX RAISINS,5.0,1.3999999999999997
2021-04-27,PAIN BANETTE,5.0,1.4
2021-04-27,PAIN CHOCO AMANDES,4.0,1.5
2021-04-27,QUIM BREAD,3.0,1.0
2021-04-27,SANDWICH COMPLET,4.0,4.5
2021-04-27,SEIGLE,2.0,1.8
2021-04-27,SPECIAL BREAD,10.0,2.4
2021-04-27,TARTELETTE,5.0,2.0
2021-04-27,TRADITIONAL BAGUETTE,106.0,1.2
2021-04-28,BAGUETTE,23.0,0.9
2021-04-28,BANETTE,25.0,1.05
2021-04-28,BANETTINE,5.0,0.6
2021-04-28,BOISSON 33CL,5.0,1.5
2021-04-28,BOULE 400G,4.0,1.5
2021-04-28,CAFE OU EAU,5.0,1.0
2021-04-28,CAMPAGNE,8.0,1.8
2021-04-28,CEREAL BAGUETTE,10.0,1.25
2021-04-28,CHAUSSON AUX POMMES,2.0,1.4
2021-04-28,COMPLET,2.0,1.5
2021-04-28,COOKIE,8.0,1.0
2021-04-28,COUPE,16.0,0.15
2021-04-28,CROISSANT,28.0,1.1
2021-04-28,CROISSANT AMANDES,5.0,1.4
2021-04-28,DEMI BAGUETTE,2.0,0.45
2021-04-28,ECLAIR,6.0,2.0
2021-04-28,FICELLE,5.0,0.6
2021-04-28,FINANCIER X5,6.0,3.0
2021-04-28,FORMULE SANDWICH,15.0,6.5
2021-04-28,KOUIGN AMANN,3.0,2.1
2021-04-28,MOISSON,2.0,2.0
2021-04-28,PAIN,5.0,1.15
2021-04-28,PAIN AU CHOCOLAT,18.0,1.2
2021-04-28,PAIN AUX RAISINS,5.0,1.3999999999999997
2021-04-28,PAIN BANETTE,4.0,1.4
2021-04-28,QUIM BREAD,1.0,1.0
2021-04-28,SAND JB EMMENTAL,4.0,3.5
2021-04-28,SANDWICH COMPLET,6.0,4.5
2021-04-28,SEIGLE,3.0,1.8
2021-04-28,SPECIAL BREAD,6.0,2.4
2021-04-28,TARTELETTE,5.0,2.0
2021-04-28,TRADITIONAL BAGUETTE,140.0,1.2
2021-04-29,BAGUETTE,28.0,0.9
2021-04-29,BANETTE,26.0,1.05
2021-04-29,BANETTINE,6.0,0.6
2021-04-29,BOISSON 33CL,7.0,1.5
2021-04-29,BOULE 200G,1.0,1.1
2021-04-29,BOULE 400G,3.0,1.5
2021-04-29,BRIOCHE,1.0,5.0
2021-04-29,CAFE OU EAU,3.0,1.0
2021-04-29,CAMPAGNE,10.0,1.7999999999999998
2021-04-29,CEREAL BAGUETTE,10.0,1.25
2021-04-29,CHAUSSON AUX POMMES,4.0,1.4
2021-04-29,COMPLET,8.0,1.5
2021-04-29,COOKIE,5.0,1.0
2021-04-29,COUPE,32.0,0.15
2021-04-29,CROISSANT,23.0,1.1
2021-04-29,CROISSANT AMANDES,3.0,1.3999999999999997
2021-04-29,DEMI BAGUETTE,1.0,0.45
2021-04-29,ECLAIR,2.0,2.0
2021-04-29,FICELLE,8.0,0.6
2021-04-29,FINANCIER X5,2.0,3.0
2021-04-29,FORMULE SANDWICH,13.0,6.5
2021-04-29,MOISSON,6.0,2.0
2021-04-29,PAIN,5.0,1.15
2021-04-29,PAIN AU CHOCOLAT,25.0,1.2
2021-04-29,PAIN AUX RAISINS,5.0,1.4
2021-04-29,PAIN BANETTE,5.0,1.4
2021-04-29,PAIN CHOCO AMANDES,2.0,1.5
2021-04-29,QUIM BREAD,4.0,1.0
2021-04-29,SAND JB EMMENTAL,6.0,3.5
2021-04-29,SANDWICH COMPLET,13.0,4.5
2021-04-29,SPECIAL BREAD,4.0,2.4
2021-04-29,TARTELETTE,7.0,2.0
2021-04-29,TRADITIONAL BAGUETTE,133.0,1.2
2021-04-30,BAGUETTE,25.0,0.9
2021-04-30,BANETTE,28.0,1.05
2021-04-30,BANETTINE,6.0,0.6
2021-04-30,BOISSON 33CL,3.0,1.5
2021-04-30,BOULE 200G,3.0,1.1
2021-04-30,BOULE 400G,6.0,1.5
2021-04-30,BRIOCHE,2.0,5.0
2021-04-30,CAFE OU EAU,4.0,1.0
2021-04-30,CAMPAGNE,4.0,1.8
2021-04-30,CEREAL BAGUETTE,10.0,1.25
2021-04-30,CHAUSSON AUX POMMES,5.0,1.4
2021-04-30,COMPLET,7.0,1.5
2021-04-30,COOKIE,7.0,1.0
2021-04-30,COUPE,33.0,0.15
2021-04-30,CROISSANT,30.0,1.1
2021-04-30,CROISSANT AMANDES,5.0,1.3999999999999997
2021-04-30,ECLAIR,6.0,2.0
2021-04-30,FICELLE,8.0,0.6
2021-04-30,FINANCIER X5,3.0,3.0
2021-04-30,FORMULE SANDWICH,13.0,6.5
2021-04-30,KOUIGN AMANN,1.0,2.1
2021-04-30,MOISSON,6.0,2.0
2021-04-30,PAIN,7.0,1.15
2021-04-30,PAIN AU CHOCOLAT,17.0,1.2
2021-04-30,PAIN AUX RAISINS,6.0,1.4
2021-04-30,PAIN BANETTE,5.0,1.4
2021-04-30,PAIN CHOCO AMANDES,5.0,1.5
2021-04-30,QUIM BREAD,3.0,1.0
2021-04-30,SAND JB EMMENTAL,3.0,3.5
2021-04-30,SANDWICH COMPLET,6.0,4.5
2021-04-30,SEIGLE,1.0,1.8
2021-04-30,SPECIAL BREAD,6.0,2.4
2021-04-30,TARTELETTE,3.0,2.0
2021-04-30,TRADITIONAL BAGUETTE,135.0,1.2
2021-05-01,BAGUETTE,31.0,0.9
2021-05-01,BANETTE,51.0,1.05
2021-05-01,BANETTINE,4.0,0.6
2021-05-01,BOISSON 33CL,4.0,1.5
2021-05-01,BOULE 400G,5.0,1.5
2021-05-01,BRIOCHE,4.0,5.0
2021-05-01,CAFE OU EAU,4.0,1.0
2021-05-01,CAMPAGNE,11.0,1.8
2021-05-01,CEREAL BAGUETTE,19.0,1.25
2021-05-01,CHAUSSON AUX POMMES,6.0,1.4
2021-05-01,COMPLET,5.0,1.5
2021-05-01,COOKIE,5.0,1.0
2021-05-01,COUPE,35.0,0.15
2021-05-01,CROISSANT,55.0,1.1
2021-05-01,CROISSANT AMANDES,3.0,1.4
2021-05-01,ECLAIR,16.0,2.0
2021-05-01,FICELLE,6.0,0.6
2021-05-01,FINANCIER X5,1.0,3.0
2021-05-01,FORMULE SANDWICH,2.0,6.5
2021-05-01,KOUIGN AMANN,6.0,2.1
2021-05-01,MOISSON,10.0,2.0
2021-05-01,PAIN,5.0,1.15
2021-05-01,PAIN AU CHOCOLAT,35.0,1.2
2021-05-01,PAIN AUX RAISINS,4.0,1.3999999999999997
2021-05-01,PAIN BANETTE,4.0,1.3999999999999997
2021-05-01,PAIN CHOCO AMANDES,4.0,1.5
2021-05-01,SAND JB EMMENTAL,1.0,3.5
2021-05-01,SANDWICH COMPLET,3.0,4.5
2021-05-01,SPECIAL BREAD,7.0,2.4
2021-05-01,TARTELETTE,6.0,2.0
2021-05-01,TRADITIONAL BAGUETTE,244.0,1.2
2021-05-02,BAGUETTE,48.0,0.9
2021-05-02,BANETTE,54.0,1.05
2021-05-02,BANETTINE,6.0,0.6
2021-05-02,BOULE 200G,6.0,1.1
2021-05-02,BOULE 400G,13.0,1.5
2021-05-02,BRIOCHE,3.0,5.0
2021-05-02,CAMPAGNE,11.0,1.8
2021-05-02,CEREAL BAGUETTE,15.0,1.25
2021-05-02,CHAUSSON AUX POMMES,5.0,1.4
2021-05-02,COMPLET,8.0,1.5
2021-05-02,COOKIE,7.0,1.0
2021-05-02,COUPE,51.0,0.15
2021-05-02,CROISSANT,79.0,1.1
2021-05-02,CROISSANT AMANDES,3.0,1.3999999999999997
2021-05-02,DEMI BAGUETTE,3.0,0.45
2021-05-02,ECLAIR,12.0,2.0
2021-05-02,FICELLE,6.0,0.6
2021-05-02,FINANCIER X5,7.0,3.0
2021-05-02,FORMULE SANDWICH,2.0,6.5
2021-05-02,KOUIGN AMANN,2.0,2.1
2021-05-02,MOISSON,10.0,2.0
2021-05-02,PAIN,3.0,1.15
2021-05-02,PAIN AU CHOCOLAT,73.0,1.2
2021-05-02,PAIN AUX RAISINS,6.0,1.4
2021-05-02,PAIN BANETTE,7.0,1.4
2021-05-02,PAIN CHOCO AMANDES,1.0,1.5
2021-05-02,QUIM BREAD,5.0,1.0
2021-05-02,SAND JB EMMENTAL,1.0,3.5
2021-05-02,SANDWICH COMPLET,3.0,4.5
2021-05-02,SEIGLE,3.0,1.8
2021-05-02,SPECIAL BREAD,4.0,2.4
2021-05-02,TARTELETTE,15.0,2.0
2021-05-02,TRADITIONAL BAGUETTE,301.0,1.2
2021-05-03,BAGUETTE,29.0,0.9
2021-05-03,BANETTE,29.0,1.05
2021-05-03,BANETTINE,6.0,0.6
2021-05-03,BOISSON 33CL,8.0,1.5
2021-05-03,BOULE 200G,6.0,1.1
2021-05-03,BOULE 400G,8.0,1.5
2021-05-03,BRIOCHE,2.0,5.0
2021-05-03,CAFE OU EAU,6.0,1.0
2021-05-03,CAMPAGNE,5.0,1.8
2021-05-03,CEREAL BAGUETTE,10.0,1.25
2021-05-03,CHAUSSON AUX POMMES,4.0,1.4
2021-05-03,COMPLET,5.0,1.5
2021-05-03,COOKIE,7.0,1.0
2021-05-03,COUPE,26.0,0.15
2021-05-03,CROISSANT,40.0,1.1
2021-05-03,CROISSANT AMANDES,1.0,1.4
2021-05-03,ECLAIR,8.0,2.0
2021-05-03,FICELLE,2.0,0.6
2021-05-03,FORMULE SANDWICH,20.0,6.5
2021-05-03,KOUIGN AMANN,1.0,2.1
2021-05-03,MOISSON,4.0,2.0
2021-05-03,PAIN,5.0,1.15
2021-05-03,PAIN AU CHOCOLAT,26.0,1.2
2021-05-03,PAIN AUX RAISINS,3.0,1.4
2021-05-03,PAIN BANETTE,6.0,1.3999999999999997
2021-05-03,PAIN CHOCO AMANDES,4.0,1.5
2021-05-03,QUIM BREAD,5.0,1.0
2021-05-03,SAND JB EMMENTAL,4.0,3.5
2021-05-03,SANDWICH COMPLET,10.0,4.5
2021-05-03,SEIGLE,2.0,1.8
2021-05-03,SPECIAL BREAD,8.0,2.4
2021-05-03,TARTELETTE,3.0,2.0
2021-05-03,TRADITIONAL BAGUETTE,156.0,1.2
2021-05-04,BAGUETTE,26.0,0.9
2021-05-04,BANETTE,28.0,1.05
2021-05-04,BANETTINE,1.0,0.6
2021-05-04,BOISSON 33CL,3.0,1.5
2021-05-04,BOULE 200G,2.0,1.1
2021-05-04,BOULE 400G,5.0,1.5
2021-05-04,CAFE OU EAU,7.0,1.0
2021-05-04,CAMPAGNE,7.0,1.8
2021-05-04,CEREAL BAGUETTE,8.0,1.25
2021-05-04,CHAUSSON AUX POMMES,3.0,1.4
2021-05-04,COMPLET,8.0,1.5
2021-05-04,COOKIE,6.0,1.0
2021-05-04,COUPE,28.0,0.15
2021-05-04,CROISSANT,16.0,1.1
2021-05-04,CROISSANT AMANDES,3.0,1.4
2021-05-04,DEMI BAGUETTE,1.0,0.45
2021-05-04,ECLAIR,3.0,2.0
2021-05-04,FICELLE,9.0,0.6
2021-05-04,FORMULE SANDWICH,10.0,6.5
2021-05-04,KOUIGN AMANN,1.0,2.1
2021-05-04,MOISSON,6.0,2.0
2021-05-04,PAIN,4.0,1.15
2021-05-04,PAIN AU CHOCOLAT,17.0,1.2
2021-05-04,PAIN AUX RAISINS,5.0,1.4
2021-05-04,PAIN BANETTE,5.0,1.4
2021-05-04,PAIN CHOCO AMANDES,5.0,1.5
2021-05-04,QUIM BREAD,5.0,1.0
2021-05-04,SAND JB EMMENTAL,1.0,3.5
2021-05-04,SANDWICH COMPLET,6.0,4.5
2021-05-04,SEIGLE,1.0,1.8
2021-05-04,SPECIAL BREAD,8.0,2.4
2021-05-04,TARTELETTE,4.0,2.0
2021-05-04,TRADITIONAL BAGUETTE,164.0,1.2
2021-05-05,BAGUETTE,30.0,0.9
2021-05-05,BANETTE,31.0,1.05
2021-05-05,BANETTINE,6.0,0.6
2021-05-05,BOISSON 33CL,4.0,1.5
2021-05-05,BOULE 200G,3.0,1.1
2021-05-05,BOULE 400G,6.0,1.5
2021-05-05,BRIOCHE,1.0,5.0
2021-05-05,CAFE OU EAU,9.0,1.0
2021-05-05,CAMPAGNE,5.0,1.8
2021-05-05,CEREAL BAGUETTE,6.0,1.25
2021-05-05,CHAUSSON AUX POMMES,4.0,1.3999999999999997
2021-05-05,COMPLET,6.0,1.5
2021-05-05,COOKIE,6.0,1.0
2021-05-05,COUPE,23.0,0.15
2021-05-05,CROISSANT,47.0,1.1
2021-05-05,CROISSANT AMANDES,5.0,1.4
2021-05-05,DEMI BAGUETTE,2.0,0.45
2021-05-05,ECLAIR,2.0,2.0
2021-05-05,FICELLE,5.0,0.6
2021-05-05,FINANCIER X5,4.0,3.0
2021-05-05,FORMULE SANDWICH,21.0,6.5
2021-05-05,KOUIGN AMANN,7.0,2.1
2021-05-05,MOISSON,6.0,2.0
2021-05-05,PAIN,4.0,1.15
2021-05-05,PAIN AU CHOCOLAT,32.0,1.2
2021-05-05,PAIN AUX RAISINS,6.0,1.4
2021-05-05,PAIN BANETTE,4.0,1.4
2021-05-05,PAIN CHOCO AMANDES,6.0,1.5
2021-05-05,QUIM BREAD,6.0,1.0
2021-05-05,SAND JB EMMENTAL,2.0,3.5
2021-05-05,SANDWICH COMPLET,10.0,4.5
2021-05-05,SEIGLE,1.0,1.8
2021-05-05,SPECIAL BREAD,7.0,2.4
2021-05-05,TARTELETTE,4.0,2.0
2021-05-05,TRADITIONAL BAGUETTE,169.0,1.2
2021-05-06,BAGUETTE,22.0,0.8999999999999999
2021-05-06,BANETTE,28.0,1.05
2021-05-06,BANETTINE,5.0,0.6
2021-05-06,BOISSON 33CL,4.0,1.5
2021-05-06,BOULE 200G,4.0,1.1
2021-05-06,BOULE 400G,3.0,1.5
2021-05-06,CAFE OU EAU,3.0,1.0
2021-05-06,CAMPAGNE,7.0,1.8
2021-05-06,CEREAL BAGUETTE,10.0,1.25
2021-05-06,CHAUSSON AUX POMMES,1.0,1.4
2021-05-06,COMPLET,6.0,1.5
2021-05-06,COOKIE,3.0,1.0
2021-05-06,COUPE,33.0,0.15
2021-05-06,CROISSANT,19.0,1.1
2021-05-06,CROISSANT AMANDES,2.0,1.4
2021-05-06,DEMI BAGUETTE,3.0,0.45
2021-05-06,ECLAIR,8.0,2.0
2021-05-06,FICELLE,4.0,0.6
2021-05-06,FINANCIER X5,1.0,3.0
2021-05-06,FORMULE SANDWICH,4.0,6.5
2021-05-06,KOUIGN AMANN,6.0,2.1
2021-05-06,MOISSON,6.0,2.0
2021-05-06,PAIN,5.0,1.15
2021-05-06,PAIN AU CHOCOLAT,27.0,1.2
2021-05-06,PAIN AUX RAISINS,5.0,1.4
2021-05-06,PAIN BANETTE,3.0,1.3999999999999997
2021-05-06,PAIN CHOCO AMANDES,5.0,1.5
2021-05-06,QUIM BREAD,3.0,1.0
2021-05-06,SAND JB EMMENTAL,2.0,3.5
2021-05-06,SANDWICH COMPLET,13.0,4.5
2021-05-06,SEIGLE,3.0,1.8
2021-05-06,SPECIAL BREAD,8.0,2.4
2021-05-06,TARTELETTE,6.0,2.0
2021-05-06,TRADITIONAL BAGUETTE,137.0,1.2
2021-05-07,BAGUETTE,29.0,0.9
2021-05-07,BANETTE,38.0,1.05
2021-05-07,BANETTINE,8.0,0.6
2021-05-07,BOISSON 33CL,3.0,1.5
2021-05-07,BOULE 200G,6.0,1.1
2021-05-07,BOULE 400G,8.0,1.5
2021-05-07,BRIOCHE,1.0,5.0
2021-05-07,CAFE OU EAU,2.0,1.0
2021-05-07,CAMPAGNE,8.0,1.8
2021-05-07,CEREAL BAGUETTE,10.0,1.25
2021-05-07,CHAUSSON AUX POMMES,5.0,1.4
2021-05-07,COMPLET,13.0,1.5
2021-05-07,COOKIE,7.0,1.0
2021-05-07,COUPE,46.0,0.15
2021-05-07,CROISSANT,32.0,1.1
2021-05-07,CROISSANT AMANDES,5.0,1.4
2021-05-07,DEMI BAGUETTE,3.0,0.45
2021-05-07,FICELLE,11.0,0.6
2021-05-07,FINANCIER X5,6.0,3.0
2021-05-07,FORMULE SANDWICH,11.0,6.5
2021-05-07,KOUIGN AMANN,5.0,2.1
2021-05-07,MOISSON,8.0,2.0
2021-05-07,PAIN,8.0,1.15
2021-05-07,PAIN AU CHOCOLAT,25.0,1.2
2021-05-07,PAIN AUX RAISINS,3.0,1.4
2021-05-07,PAIN BANETTE,8.0,1.4
2021-05-07,PAIN CHOCO AMANDES,2.0,1.5
2021-05-07,QUIM BREAD,4.0,1.0
2021-05-07,SAND JB EMMENTAL,2.0,3.5
2021-05-07,SANDWICH COMPLET,6.0,4.5
2021-05-07,SEIGLE,3.0,1.8
2021-05-07,SPECIAL BREAD,7.0,2.4
2021-05-07,TARTELETTE,14.0,2.0
2021-05-07,TRADITIONAL BAGUETTE,131.0,1.2
2021-05-08,BAGUETTE,52.0,0.9
2021-05-08,BANETTE,49.0,1.05
2021-05-08,BANETTINE,5.0,0.6
2021-05-08,BOISSON 33CL,1.0,1.5
2021-05-08,BOULE 200G,3.0,1.1
2021-05-08,BOULE 400G,14.0,1.5
2021-05-08,BRIOCHE,3.0,5.0
2021-05-08,CAFE OU EAU,10.0,1.0
2021-05-08,CAMPAGNE,9.0,1.8
2021-05-08,CEREAL BAGUETTE,28.0,1.25
2021-05-08,CHAUSSON AUX POMMES,9.0,1.4
2021-05-08,COMPLET,5.0,1.5
2021-05-08,COOKIE,8.0,1.0
2021-05-08,COUPE,49.0,0.15
2021-05-08,CROISSANT,64.0,1.1
2021-05-08,DEMI BAGUETTE,2.0,0.45
2021-05-08,ECLAIR,12.0,2.0
2021-05-08,FICELLE,6.0,0.6
2021-05-08,FINANCIER X5,1.0,3.0
2021-05-08,FORMULE SANDWICH,6.0,6.5
2021-05-08,KOUIGN AMANN,1.0,2.1
2021-05-08,MOISSON,10.0,2.0
2021-05-08,PAIN,6.0,1.15
2021-05-08,PAIN AU CHOCOLAT,73.0,1.2
2021-05-08,PAIN AUX RAISINS,5.0,1.4
2021-05-08,PAIN BANETTE,4.0,1.3999999999999997
2021-05-08,PAIN CHOCO AMANDES,3.0,1.5
2021-05-08,QUIM BREAD,4.0,1.0
2021-05-08,SAND JB EMMENTAL,3.0,3.5
2021-05-08,SANDWICH COMPLET,1.0,4.5
2021-05-08,SEIGLE,2.0,1.8
2021-05-08,SPECIAL BREAD,14.0,2.4
2021-05-08,TARTELETTE,20.0,2.0
2021-05-08,TRADITIONAL BAGUETTE,247.0,1.2
2021-05-09,BAGUETTE,45.0,0.9
2021-05-09,BANETTE,57.0,1.05
2021-05-09,BANETTINE,6.0,0.6
2021-05-09,BOISSON 33CL,2.0,1.5
2021-05-09,BOULE 200G,6.0,1.1
2021-05-09,BOULE 400G,15.0,1.5
2021-05-09,BRIOCHE,4.0,5.0
2021-05-09,CAMPAGNE,15.0,1.8000000000000003
2021-05-09,CEREAL BAGUETTE,28.0,1.25
2021-05-09,CHAUSSON AUX POMMES,5.0,1.4
2021-05-09,COMPLET,10.0,1.5
2021-05-09,COOKIE,8.0,1.0
2021-05-09,COUPE,64.0,0.15
2021-05-09,CROISSANT,86.0,1.1
2021-05-09,CROISSANT AMANDES,5.0,1.4
2021-05-09,DEMI BAGUETTE,3.0,0.45
2021-05-09,ECLAIR,22.0,2.0
2021-05-09,FICELLE,10.0,0.6
2021-05-09,FINANCIER X5,3.0,3.0
2021-05-09,FORMULE SANDWICH,7.0,6.5
2021-05-09,KOUIGN AMANN,7.0,2.1
2021-05-09,MOISSON,12.0,2.0
2021-05-09,PAIN,6.0,1.15
2021-05-09,PAIN AU CHOCOLAT,49.0,1.2
2021-05-09,PAIN AUX RAISINS,4.0,1.3999999999999997
2021-05-09,PAIN BANETTE,5.0,1.4
2021-05-09,PAIN CHOCO AMANDES,6.0,1.5
2021-05-09,QUIM BREAD,6.0,1.0
2021-05-09,SEIGLE,3.0,1.8
2021-05-09,SPECIAL BREAD,15.0,2.4
2021-05-09,TARTELETTE,44.0,2.0
2021-05-09,TRADITIONAL BAGUETTE,327.0,1.2
2021-05-10,BAGUETTE,26.0,0.9
2021-05-10,BANETTE,26.0,1.05
2021-05-10,BANETTINE,2.0,0.6
2021-05-10,BOISSON 33CL,4.0,1.5
2021-05-10,BOULE 200G,5.0,1.1
2021-05-10,BOULE 400G,12.0,1.5
2021-05-10,BRIOCHE,4.0,5.0
2021-05-10,CAFE OU EAU,3.0,1.0
2021-05-10,CAMPAGNE,4.0,1.8
2021-05-10,CEREAL BAGUETTE,10.0,1.25
2021-05-10,CHAUSSON AUX POMMES,3.0,1.4
2021-05-10,COMPLET,6.0,1.5
2021-05-10,COOKIE,6.0,1.0
2021-05-10,COUPE,34.0,0.15
2021-05-10,CROISSANT,26.0,1.1
2021-05-10,DEMI BAGUETTE,2.0,0.45
2021-05-10,ECLAIR,9.0,2.0
2021-05-10,FICELLE,7.0,0.6
2021-05-10,FINANCIER X5,3.0,3.0
2021-05-10,FORMULE SANDWICH,8.0,6.5
2021-05-10,KOUIGN AMANN,1.0,2.1
2021-05-10,MOISSON,6.0,2.0
2021-05-10,PAIN,3.0,1.15
2021-05-10,PAIN AU CHOCOLAT,21.0,1.2
2021-05-10,PAIN AUX RAISINS,4.0,1.3999999999999997
2021-05-10,PAIN BANETTE,1.0,1.4
2021-05-10,PAIN CHOCO AMANDES,4.0,1.5
2021-05-10,SAND JB EMMENTAL,2.0,3.5
2021-05-10,SANDWICH COMPLET,4.0,4.5
2021-05-10,SEIGLE,3.0,1.8
2021-05-10,SPECIAL BREAD,7.0,2.4
2021-05-10,TARTELETTE,12.0,2.0
2021-05-10,TRADITIONAL BAGUETTE,166.0,1.2
2021-05-11,BAGUETTE,39.0,0.9000000000000001
2021-05-11,BANETTE,30.0,1.05
2021-05-11,BANETTINE,5.0,0.6
2021-05-11,BOULE 200G,6.0,1.1
2021-05-11,BOULE 400G,9.0,1.5
2021-05-11,BRIOCHE,1.0,5.0
2021-05-11,CAFE OU EAU,9.0,1.0
2021-05-11,CAMPAGNE,1.0,1.8
2021-05-11,CEREAL BAGUETTE,9.0,1.25
2021-05-11,CHAUSSON AUX POMMES,1.0,1.4
2021-05-11,COMPLET,4.0,1.5
2021-05-11,COOKIE,5.0,1.0
2021-05-11,COUPE,27.0,0.15
2021-05-11,CROISSANT,19.0,1.1
2021-05-11,CROISSANT AMANDES,5.0,1.3999999999999997
2021-05-11,DEMI BAGUETTE,2.0,0.45
2021-05-11,ECLAIR,4.0,2.0
2021-05-11,FICELLE,3.0,0.6
2021-05-11,FINANCIER X5,4.0,3.0
2021-05-11,FORMULE SANDWICH,5.0,6.5
2021-05-11,KOUIGN AMANN,2.0,2.1
2021-05-11,MOISSON,5.0,2.0
2021-05-11,PAIN,4.0,1.15
2021-05-11,PAIN AU CHOCOLAT,30.0,1.2
2021-05-11,PAIN AUX RAISINS,5.0,1.3999999999999997
2021-05-11,PAIN BANETTE,2.0,1.4
2021-05-11,PAIN CHOCO AMANDES,4.0,1.5
2021-05-11,QUIM BREAD,5.0,1.0
2021-05-11,SAND JB EMMENTAL,3.0,3.5
2021-05-11,SANDWICH COMPLET,13.0,4.5
2021-05-11,SEIGLE,1.0,1.8
2021-05-11,SPECIAL BREAD,9.0,2.4
2021-05-11,TARTELETTE,4.0,2.0
2021-05-11,TRADITIONAL BAGUETTE,145.0,1.2
2021-05-12,BAGUETTE,41.0,0.9
2021-05-12,BANETTE,37.0,1.05
2021-05-12,BANETTINE,7.0,0.6
2021-05-12,BOISSON 33CL,2.0,1.5
2021-05-12,BOULE 200G,5.0,1.1
2021-05-12,BOULE 400G,9.0,1.5
2021-05-12,BRIOCHE,3.0,5.0
2021-05-12,CAFE OU EAU,2.0,1.0
2021-05-12,CAMPAGNE,11.0,1.7999999999999998
2021-05-12,CEREAL BAGUETTE,17.0,1.25
2021-05-12,CHAUSSON AUX POMMES,2.0,1.4
2021-05-12,COMPLET,6.0,1.5
2021-05-12,COOKIE,5.0,1.0
2021-05-12,COUPE,43.0,0.15
2021-05-12,CROISSANT,28.0,1.1
2021-05-12,CROISSANT AMANDES,4.0,1.4
2021-05-12,DEMI BAGUETTE,2.0,0.45
2021-05-12,ECLAIR,5.0,2.0
2021-05-12,FICELLE,4.0,0.6
2021-05-12,FORMULE SANDWICH,12.0,6.5
2021-05-12,KOUIGN AMANN,5.0,2.1
2021-05-12,MOISSON,5.0,2.0
2021-05-12,PAIN,1.0,1.15
2021-05-12,PAIN AU CHOCOLAT,25.0,1.2
2021-05-12,PAIN AUX RAISINS,5.0,1.4
2021-05-12,PAIN BANETTE,6.0,1.4
2021-05-12,PAIN CHOCO AMANDES,4.0,1.5
2021-05-12,QUIM BREAD,7.0,1.0
2021-05-12,SAND JB EMMENTAL,4.0,3.5
2021-05-12,SANDWICH COMPLET,5.0,4.5
2021-05-12,SEIGLE,2.0,1.8
2021-05-12,SPECIAL BREAD,10.0,2.4
2021-05-12,TARTELETTE,16.0,2.0
2021-05-12,TRADITIONAL BAGUETTE,241.0,1.2
2021-05-13,BAGUETTE,57.0,0.9
2021-05-13,BANETTE,50.0,1.05
2021-05-13,BANETTINE,6.0,0.6
2021-05-13,BOULE 200G,10.0,1.1
2021-05-13,BOULE 400G,12.0,1.5
2021-05-13,BRIOCHE,4.0,5.0
2021-05-13,CAFE OU EAU,4.0,1.0
2021-05-13,CAMPAGNE,16.0,1.8
2021-05-13,CEREAL BAGUETTE,21.0,1.25
2021-05-13,CHAUSSON AUX POMMES,6.0,1.4
2021-05-13,COMPLET,16.0,1.5
2021-05-13,COOKIE,3.0,1.0
2021-05-13,COUPE,87.0,0.15
2021-05-13,CROISSANT,66.0,1.1
2021-05-13,CROISSANT AMANDES,6.0,1.4
2021-05-13,DEMI BAGUETTE,1.0,0.45
2021-05-13,ECLAIR,17.0,2.0
2021-05-13,FICELLE,8.0,0.6
2021-05-13,FINANCIER X5,4.0,3.0
2021-05-13,FORMULE SANDWICH,4.0,6.5
2021-05-13,KOUIGN AMANN,9.0,2.1
2021-05-13,MOISSON,10.0,2.0
2021-05-13,PAIN,5.0,1.15
2021-05-13,PAIN AU CHOCOLAT,65.0,1.2
2021-05-13,PAIN AUX RAISINS,2.0,1.4
2021-05-13,PAIN BANETTE,9.0,1.4
2021-05-13,PAIN CHOCO AMANDES,4.0,1.5
2021-05-13,QUIM BREAD,7.0,1.0
2021-05-13,SANDWICH COMPLET,5.0,4.5
2021-05-13,SEIGLE,5.0,1.8
2021-05-13,SPECIAL BREAD,16.0,2.4
2021-05-13,TARTELETTE,11.0,2.0
2021-05-13,TRADITIONAL BAGUETTE,371.0,1.2
2021-05-14,BAGUETTE,65.0,0.9
2021-05-14,BANETTE,72.0,1.05
2021-05-14,BANETTINE,7.0,0.6
2021-05-14,BOISSON 33CL,3.0,1.5
2021-05-14,BOULE 200G,6.0,1.1
2021-05-14,BOULE 400G,8.0,1.5
2021-05-14,BRIOCHE,9.0,5.0
2021-05-14,CAFE OU EAU,3.0,1.0
2021-05-14,CAMPAGNE,11.0,1.8
2021-05-14,CEREAL BAGUETTE,28.0,1.25
2021-05-14,CHAUSSON AUX POMMES,3.0,1.3999999999999997
2021-05-14,COMPLET,14.0,1.5
2021-05-14,COOKIE,8.0,1.0
2021-05-14,COUPE,75.0,0.15
2021-05-14,CROISSANT,109.0,1.1
2021-05-14,CROISSANT AMANDES,3.0,1.4
2021-05-14,DEMI BAGUETTE,1.0,0.45
2021-05-14,ECLAIR,20.0,2.0
2021-05-14,FICELLE,11.0,0.6
2021-05-14,FINANCIER X5,4.0,3.0
2021-05-14,FORMULE SANDWICH,8.0,6.5
2021-05-14,KOUIGN AMANN,11.0,2.1
2021-05-14,MOISSON,11.0,2.0
2021-05-14,PAIN,4.0,1.15
2021-05-14,PAIN AU CHOCOLAT,110.0,1.2
2021-05-14,PAIN AUX RAISINS,9.0,1.4
2021-05-14,PAIN BANETTE,10.0,1.4
2021-05-14,QUIM BREAD,9.0,1.0
2021-05-14,SAND JB EMMENTAL,2.0,3.5
2021-05-14,SANDWICH COMPLET,7.0,4.5
2021-05-14,SEIGLE,4.0,1.8
2021-05-14,SPECIAL BREAD,20.0,2.4
2021-05-14,TARTELETTE,8.0,2.0
2021-05-14,TRADITIONAL BAGUETTE,416.0,1.2
2021-05-15,BAGUETTE,83.0,0.9
2021-05-15,BANETTE,64.0,1.05
2021-05-15,BANETTINE,4.0,0.6
2021-05-15,BOULE 200G,9.0,1.1
2021-05-15,BOULE 400G,13.0,1.5
2021-05-15,BRIOCHE,8.0,5.0
2021-05-15,CAFE OU EAU,2.0,1.0
2021-05-15,CAMPAGNE,6.0,1.8
2021-05-15,CEREAL BAGUETTE,20.0,1.25
2021-05-15,CHAUSSON AUX POMMES,9.0,1.4
2021-05-15,COMPLET,13.0,1.5
2021-05-15,COOKIE,9.0,1.0
2021-05-15,COUPE,65.0,0.15
2021-05-15,CROISSANT,112.0,1.1
2021-05-15,CROISSANT AMANDES,9.0,1.4
2021-05-15,DEMI BAGUETTE,1.0,0.45
2021-05-15,ECLAIR,11.0,2.0
2021-05-15,FICELLE,15.0,0.6
2021-05-15,FINANCIER X5,5.0,3.0
2021-05-15,FORMULE SANDWICH,11.0,6.5
2021-05-15,KOUIGN AMANN,20.0,2.1
2021-05-15,MOISSON,8.0,2.0
2021-05-15,PAIN,6.0,1.15
2021-05-15,PAIN AU CHOCOLAT,123.0,1.2
2021-05-15,PAIN AUX RAISINS,8.0,1.4
2021-05-15,PAIN BANETTE,10.0,1.4
2021-05-15,QUIM BREAD,6.0,1.0
2021-05-15,SAND JB EMMENTAL,1.0,3.5
2021-05-15,SEIGLE,5.0,1.8
2021-05-15,SPECIAL BREAD,19.0,2.4
2021-05-15,TARTELETTE,19.0,2.0
2021-05-15,TRADITIONAL BAGUETTE,482.0,1.2
2021-05-16,BAGUETTE,73.0,0.9
2021-05-16,BANETTE,53.0,1.05
2021-05-16,BANETTINE,7.0,0.6
2021-05-16,BOISSON 33CL,4.0,1.5
2021-05-16,BOULE 200G,10.0,1.1
2021-05-16,BOULE 400G,16.0,1.5
2021-05-16,BRIOCHE,11.0,5.0
2021-05-16,CAMPAGNE,15.0,1.8
2021-05-16,CEREAL BAGUETTE,19.0,1.25
2021-05-16,CHAUSSON AUX POMMES,4.0,1.3999999999999997
2021-05-16,COMPLET,5.0,1.5
2021-05-16,COOKIE,8.0,1.0
2021-05-16,COUPE,74.0,0.15
2021-05-16,CROISSANT,189.0,1.1
2021-05-16,CROISSANT AMANDES,7.0,1.4
2021-05-16,ECLAIR,24.0,2.0
2021-05-16,FICELLE,13.0,0.6
2021-05-16,FINANCIER X5,2.0,3.0
2021-05-16,FORMULE SANDWICH,13.0,6.5
2021-05-16,KOUIGN AMANN,23.0,2.1
2021-05-16,MOISSON,8.0,2.0
2021-05-16,PAIN,4.0,1.15
2021-05-16,PAIN AU CHOCOLAT,144.0,1.2
2021-05-16,PAIN AUX RAISINS,12.0,1.3999999999999997
2021-05-16,PAIN BANETTE,8.0,1.3999999999999997
2021-05-16,QUIM BREAD,12.0,1.0
2021-05-16,SAND JB EMMENTAL,7.0,3.5
2021-05-16,SANDWICH COMPLET,4.0,4.5
2021-05-16,SEIGLE,6.0,1.8
2021-05-16,SPECIAL BREAD,16.0,2.4
2021-05-16,TARTELETTE,44.0,2.0
2021-05-16,TRADITIONAL BAGUETTE,423.0,1.2
2021-05-21,BAGUETTE,22.0,0.9
2021-05-21,BANETTE,25.0,1.05
2021-05-21,BANETTINE,4.0,0.6
2021-05-21,BOISSON 33CL,5.0,1.5
2021-05-21,BOULE 200G,3.0,1.1
2021-05-21,BOULE 400G,3.0,1.5
2021-05-21,BRIOCHE,3.0,5.0
2021-05-21,CAFE OU EAU,3.0,1.0
2021-05-21,CAMPAGNE,9.0,1.7999999999999998
2021-05-21,CEREAL BAGUETTE,8.0,1.25
2021-05-21,CHAUSSON AUX POMMES,2.0,1.4
2021-05-21,COMPLET,3.0,1.5
2021-05-21,COOKIE,5.0,1.0
2021-05-21,COUPE,27.0,0.15
2021-05-21,CROISSANT,22.0,1.1
2021-05-21,CROISSANT AMANDES,3.0,1.3999999999999997
2021-05-21,DEMI BAGUETTE,1.0,0.45
2021-05-21,ECLAIR,6.0,2.0
2021-05-21,FICELLE,4.0,0.6
2021-05-21,FINANCIER X5,3.0,3.0
2021-05-21,FORMULE SANDWICH,10.0,6.5
2021-05-21,MOISSON,7.0,2.0
2021-05-21,PAIN,2.0,1.15
2021-05-21,PAIN AU CHOCOLAT,17.0,1.2
2021-05-21,PAIN AUX RAISINS,1.0,1.4
2021-05-21,PAIN BANETTE,4.0,1.4
2021-05-21,QUIM BREAD,8.0,1.0
2021-05-21,SAND JB EMMENTAL,5.0,3.5
2021-05-21,SANDWICH COMPLET,3.0,4.5
2021-05-21,SPECIAL BREAD,7.0,2.4
2021-05-21,TARTELETTE,2.0,2.0
2021-05-21,TRADITIONAL BAGUETTE,101.0,1.2
2021-05-22,BAGUETTE,44.0,0.9
2021-05-22,BANETTE,42.0,1.05
2021-05-22,BANETTINE,6.0,0.6
2021-05-22,BOISSON 33CL,2.0,1.5
2021-05-22,BOULE 200G,4.0,1.1
2021-05-22,BOULE 400G,2.0,1.5
2021-05-22,BRIOCHE,5.0,5.0
2021-05-22,CAFE OU EAU,3.0,1.0
2021-05-22,CAMPAGNE,10.0,1.8
2021-05-22,CEREAL BAGUETTE,16.0,1.25
2021-05-22,CHAUSSON AUX POMMES,4.0,1.3999999999999997
2021-05-22,COMPLET,10.0,1.5
2021-05-22,COOKIE,5.0,1.0
2021-05-22,COUPE,48.0,0.15
2021-05-22,CROISSANT,87.0,1.1
2021-05-22,CROISSANT AMANDES,10.0,1.4
2021-05-22,DEMI BAGUETTE,1.0,0.45
2021-05-22,ECLAIR,7.0,2.0
2021-05-22,FICELLE,9.0,0.6
2021-05-22,FORMULE SANDWICH,13.0,6.5
2021-05-22,KOUIGN AMANN,7.0,2.1
2021-05-22,MOISSON,5.0,2.0
2021-05-22,PAIN,4.0,1.15
2021-05-22,PAIN AU CHOCOLAT,63.0,1.2
2021-05-22,PAIN AUX RAISINS,5.0,1.4
2021-05-22,PAIN BANETTE,7.0,1.4
2021-05-22,QUIM BREAD,5.0,1.0
2021-05-22,SAND JB EMMENTAL,4.0,3.5
2021-05-22,SANDWICH COMPLET,4.0,4.5
2021-05-22,SEIGLE,4.0,1.8
2021-05-22,SPECIAL BREAD,10.0,2.4
2021-05-22,TARTELETTE,8.0,2.0
2021-05-22,TRADITIONAL BAGUETTE,277.0,1.2
2021-05-23,BAGUETTE,68.0,0.9
2021-05-23,BANETTE,93.0,1.05
2021-05-23,BANETTINE,5.0,0.6
2021-05-23,BOULE 200G,7.0,1.1
2021-05-23,BOULE 400G,12.0,1.5
2021-05-23,BRIOCHE,8.0,5.0
2021-05-23,CAFE OU EAU,2.0,1.0
2021-05-23,CAMPAGNE,15.0,1.8
2021-05-23,CEREAL BAGUETTE,14.0,1.25
2021-05-23,CHAUSSON AUX POMMES,4.0,1.4
2021-05-23,COMPLET,2.0,1.5
2021-05-23,COOKIE,12.0,1.0
2021-05-23,COUPE,64.0,0.15
2021-05-23,CROISSANT,137.0,1.1
2021-05-23,CROISSANT AMANDES,8.0,1.3999999999999997
2021-05-23,DEMI BAGUETTE,1.0,0.45
2021-05-23,ECLAIR,28.0,2.0
2021-05-23,FICELLE,10.0,0.6
2021-05-23,FINANCIER X5,10.0,3.0
2021-05-23,FORMULE SANDWICH,8.0,6.5
2021-05-23,KOUIGN AMANN,16.0,2.1
2021-05-23,MOISSON,6.0,2.0
2021-05-23,PAIN,5.0,1.15
2021-05-23,PAIN AU CHOCOLAT,100.0,1.2
2021-05-23,PAIN AUX RAISINS,9.0,1.3999999999999997
2021-05-23,PAIN BANETTE,6.0,1.4
2021-05-23,QUIM BREAD,11.0,1.0
2021-05-23,SANDWICH COMPLET,4.0,4.5
2021-05-23,SEIGLE,5.0,1.8
2021-05-23,SPECIAL BREAD,15.0,2.4
2021-05-23,TARTELETTE,28.0,2.0
2021-05-23,TRADITIONAL BAGUETTE,406.0,1.2
2021-05-24,BAGUETTE,51.0,0.9
2021-05-24,BANETTE,51.0,1.05
2021-05-24,BANETTINE,5.0,0.6
2021-05-24,BOISSON 33CL,1.0,1.5
2021-05-24,BOULE 200G,6.0,1.1
2021-05-24,BOULE 400G,8.0,1.5
2021-05-24,BRIOCHE,2.0,5.0
2021-05-24,CAMPAGNE,15.0,1.8
2021-05-24,CEREAL BAGUETTE,18.0,1.25
2021-05-24,CHAUSSON AUX POMMES,6.0,1.3999999999999997
2021-05-24,COMPLET,10.0,1.5
2021-05-24,COOKIE,9.0,1.0
2021-05-24,COUPE,63.0,0.15
2021-05-24,CROISSANT,112.0,1.1
2021-05-24,CROISSANT AMANDES,8.0,1.4
2021-05-24,DEMI BAGUETTE,2.0,0.45
2021-05-24,ECLAIR,17.0,2.0
2021-05-24,FICELLE,6.0,0.6
2021-05-24,FINANCIER X5,2.0,3.0
2021-05-24,FORMULE SANDWICH,3.0,6.5
2021-05-24,KOUIGN AMANN,11.0,2.1
2021-05-24,MOISSON,6.0,2.0
2021-05-24,PAIN,5.0,1.15
2021-05-24,PAIN AU CHOCOLAT,107.0,1.2
2021-05-24,PAIN AUX RAISINS,4.0,1.4
2021-05-24,PAIN BANETTE,8.0,1.4
2021-05-24,SANDWICH COMPLET,2.0,4.5
2021-05-24,SEIGLE,3.0,1.8
2021-05-24,SPECIAL BREAD,14.0,2.4
2021-05-24,TARTELETTE,14.0,2.0
2021-05-24,TRADITIONAL BAGUETTE,349.0,1.2
2021-05-25,BAGUETTE,37.0,0.9
2021-05-25,BANETTE,34.0,1.05
2021-05-25,BANETTINE,3.0,0.6
2021-05-25,BOISSON 33CL,8.0,1.5
2021-05-25,BOULE 200G,5.0,1.1
2021-05-25,BOULE 400G,7.0,1.5
2021-05-25,BRIOCHE,2.0,5.0
2021-05-25,CAFE OU EAU,9.0,1.0
2021-05-25,CAMPAGNE,5.0,1.8
2021-05-25,CEREAL BAGUETTE,17.0,1.25
2021-05-25,CHAUSSON AUX POMMES,4.0,1.3999999999999997
2021-05-25,COMPLET,6.0,1.5
2021-05-25,COOKIE,5.0,1.0
2021-05-25,COUPE,30.0,0.15
2021-05-25,CROISSANT,32.0,1.1
2021-05-25,CROISSANT AMANDES,7.0,1.3999999999999997
2021-05-25,DEMI BAGUETTE,1.0,0.45
2021-05-25,ECLAIR,4.0,2.0
2021-05-25,FICELLE,5.0,0.6
2021-05-25,FINANCIER X5,4.0,3.0
2021-05-25,FORMULE SANDWICH,11.0,6.5
2021-05-25,KOUIGN AMANN,3.0,2.1
2021-05-25,MOISSON,6.0,2.0
2021-05-25,PAIN,4.0,1.15
2021-05-25,PAIN AU CHOCOLAT,30.0,1.2
2021-05-25,PAIN AUX RAISINS,6.0,1.4
2021-05-25,PAIN BANETTE,4.0,1.4
2021-05-25,SAND JB EMMENTAL,7.0,3.5
2021-05-25,SANDWICH COMPLET,5.0,4.5
2021-05-25,SPECIAL BREAD,9.0,2.4
2021-05-25,TARTELETTE,10.0,2.0
2021-05-25,TRADITIONAL BAGUETTE,139.0,1.2
2021-05-26,BAGUETTE,19.0,0.9
2021-05-26,BANETTE,30.0,1.05
2021-05-26,BANETTINE,5.0,0.6
2021-05-26,BOISSON 33CL,1.0,1.5
2021-05-26,BOULE 200G,2.0,1.1
2021-05-26,BOULE 400G,6.0,1.5
2021-05-26,CAFE OU EAU,1.0,1.0
2021-05-26,CAMPAGNE,5.0,1.8
2021-05-26,CEREAL BAGUETTE,11.0,1.25
2021-05-26,CHAUSSON AUX POMMES,3.0,1.4
2021-05-26,COMPLET,3.0,1.5
2021-05-26,COOKIE,2.0,1.0
2021-05-26,COUPE,23.0,0.15
2021-05-26,CROISSANT,8.0,1.1
2021-05-26,CROISSANT AMANDES,1.0,1.4
2021-05-26,DEMI BAGUETTE,1.0,0.45
2021-05-26,ECLAIR,3.0,2.0
2021-05-26,FICELLE,6.0,0.6
2021-05-26,FINANCIER X5,1.0,3.0
2021-05-26,FORMULE SANDWICH,13.0,6.5
2021-05-26,KOUIGN AMANN,3.0,2.1
2021-05-26,MOISSON,4.0,2.0
2021-05-26,PAIN AU CHOCOLAT,8.0,1.2
2021-05-26,PAIN AUX RAISINS,6.0,1.4
2021-05-26,PAIN BANETTE,4.0,1.4
2021-05-26,SAND JB EMMENTAL,2.0,3.5
2021-05-26,SANDWICH COMPLET,5.0,4.5
2021-05-26,SEIGLE,2.0,1.8
2021-05-26,SPECIAL BREAD,8.0,2.4
2021-05-26,TARTELETTE,7.0,2.0
2021-05-26,TRADITIONAL BAGUETTE,128.0,1.2
2021-05-27,BAGUETTE,32.0,0.9
2021-05-27,BANETTE,40.0,1.05
2021-05-27,BANETTINE,6.0,0.6
2021-05-27,BOISSON 33CL,4.0,1.5
2021-05-27,BOULE 200G,7.0,1.1
2021-05-27,BOULE 400G,2.0,1.5
2021-05-27,BRIOCHE,2.0,5.0
2021-05-27,CAFE OU EAU,7.0,1.0
2021-05-27,CAMPAGNE,5.0,1.8
2021-05-27,CEREAL BAGUETTE,6.0,1.25
2021-05-27,CHAUSSON AUX POMMES,1.0,1.4
2021-05-27,COMPLET,3.0,1.5
2021-05-27,COOKIE,4.0,1.0
2021-05-27,COUPE,27.0,0.15
2021-05-27,CROISSANT,21.0,1.1
2021-05-27,CROISSANT AMANDES,5.0,1.4
2021-05-27,ECLAIR,4.0,2.0
2021-05-27,FICELLE,5.0,0.6
2021-05-27,FINANCIER X5,8.0,3.0
2021-05-27,FORMULE SANDWICH,14.0,6.5
2021-05-27,KOUIGN AMANN,5.0,2.1
2021-05-27,MOISSON,9.0,2.0
2021-05-27,PAIN,5.0,1.15
2021-05-27,PAIN AU CHOCOLAT,12.0,1.2
2021-05-27,PAIN AUX RAISINS,5.0,1.4
2021-05-27,PAIN BANETTE,4.0,1.4
2021-05-27,QUIM BREAD,4.0,1.0
2021-05-27,SAND JB EMMENTAL,2.0,3.5
2021-05-27,SANDWICH COMPLET,3.0,4.5
2021-05-27,SPECIAL BREAD,9.0,2.4
2021-05-27,TARTELETTE,1.0,2.0
2021-05-27,TRADITIONAL BAGUETTE,120.0,1.2
2021-05-28,BAGUETTE,19.0,0.9
2021-05-28,BANETTE,35.0,1.05
2021-05-28,BANETTINE,6.0,0.6
2021-05-28,BOISSON 33CL,8.0,1.5
2021-05-28,BOULE 200G,1.0,1.1
2021-05-28,BOULE 400G,7.0,1.5
2021-05-28,BRIOCHE,2.0,5.0
2021-05-28,CAFE OU EAU,2.0,1.0
2021-05-28,CAMPAGNE,6.0,1.8
2021-05-28,CEREAL BAGUETTE,9.0,1.25
2021-05-28,CHAUSSON AUX POMMES,2.0,1.4
2021-05-28,COMPLET,2.0,1.5
2021-05-28,COOKIE,12.0,1.0
2021-05-28,COUPE,32.0,0.15
2021-05-28,CROISSANT,12.0,1.1
2021-05-28,CROISSANT AMANDES,6.0,1.3999999999999997
2021-05-28,DEMI BAGUETTE,3.0,0.45
2021-05-28,ECLAIR,6.0,2.0
2021-05-28,FICELLE,5.0,0.6
2021-05-28,FINANCIER X5,3.0,3.0
2021-05-28,FORMULE SANDWICH,15.0,6.5
2021-05-28,KOUIGN AMANN,13.0,2.1
2021-05-28,MOISSON,4.0,2.0
2021-05-28,PAIN,4.0,1.15
2021-05-28,PAIN AU CHOCOLAT,23.0,1.2
2021-05-28,PAIN AUX RAISINS,3.0,1.4
2021-05-28,PAIN BANETTE,6.0,1.3999999999999997
2021-05-28,PAIN CHOCO AMANDES,5.0,1.5
2021-05-28,QUIM BREAD,6.0,1.0
2021-05-28,SAND JB EMMENTAL,6.0,3.5
2021-05-28,SANDWICH COMPLET,4.0,4.5
2021-05-28,SEIGLE,1.0,1.8
2021-05-28,SPECIAL BREAD,8.0,2.4
2021-05-28,TARTELETTE,3.0,2.0
2021-05-28,TRADITIONAL BAGUETTE,148.0,1.2
2021-05-29,BAGUETTE,50.0,0.9
2021-05-29,BANETTE,54.0,1.05
2021-05-29,BANETTINE,3.0,0.6
2021-05-29,BOISSON 33CL,4.0,1.5
2021-05-29,BOULE 200G,6.0,1.1
2021-05-29,BOULE 400G,8.0,1.5
2021-05-29,BRIOCHE,2.0,5.0
2021-05-29,CAFE OU EAU,5.0,1.0
2021-05-29,CAMPAGNE,11.0,1.8
2021-05-29,CEREAL BAGUETTE,1.0,1.25
2021-05-29,CHAUSSON AUX POMMES,4.0,1.3999999999999997
2021-05-29,COMPLET,8.0,1.5
2021-05-29,COOKIE,10.0,1.0
2021-05-29,COUPE,47.0,0.15
2021-05-29,CROISSANT,68.0,1.1
2021-05-29,CROISSANT AMANDES,4.0,1.3999999999999997
2021-05-29,FICELLE,4.0,0.6
2021-05-29,FINANCIER X5,1.0,3.0
2021-05-29,FORMULE SANDWICH,9.0,6.5
2021-05-29,KOUIGN AMANN,5.0,2.1
2021-05-29,MOISSON,5.0,2.0
2021-05-29,PAIN,3.0,1.15
2021-05-29,PAIN AU CHOCOLAT,49.0,1.2
2021-05-29,PAIN AUX RAISINS,5.0,1.4
2021-05-29,PAIN BANETTE,4.0,1.4
2021-05-29,PAIN CHOCO AMANDES,6.0,1.5
2021-05-29,QUIM BREAD,1.0,1.0
2021-05-29,SAND JB EMMENTAL,4.0,3.5
2021-05-29,SANDWICH COMPLET,4.0,4.5
2021-05-29,SEIGLE,2.0,1.8
2021-05-29,SPECIAL BREAD,8.0,2.4
2021-05-29,TARTELETTE,3.0,2.0
2021-05-29,TRADITIONAL BAGUETTE,233.0,1.2
2021-05-30,BAGUETTE,55.0,0.9
2021-05-30,BANETTE,43.0,1.05
2021-05-30,BANETTINE,7.0,0.6
2021-05-30,BOISSON 33CL,1.0,1.5
2021-05-30,BOULE 200G,7.0,1.1
2021-05-30,BOULE 400G,13.0,1.5
2021-05-30,BRIOCHE,5.0,5.0
2021-05-30,CAFE OU EAU,3.0,1.0
2021-05-30,CAMPAGNE,15.0,1.8
2021-05-30,CEREAL BAGUETTE,15.0,1.25
2021-05-30,CHAUSSON AUX POMMES,1.0,1.4
2021-05-30,COMPLET,6.0,1.5
2021-05-30,COOKIE,6.0,1.0
2021-05-30,COUPE,55.0,0.15
2021-05-30,CROISSANT,106.0,1.1
2021-05-30,CROISSANT AMANDES,2.0,1.4
2021-05-30,DEMI BAGUETTE,6.0,0.45
2021-05-30,ECLAIR,18.0,2.0
2021-05-30,FICELLE,9.0,0.6
2021-05-30,FORMULE SANDWICH,4.0,6.5
2021-05-30,KOUIGN AMANN,5.0,2.1
2021-05-30,MOISSON,10.0,2.0
2021-05-30,PAIN,3.0,1.15
2021-05-30,PAIN AU CHOCOLAT,78.0,1.2
2021-05-30,PAIN AUX RAISINS,8.0,1.4
2021-05-30,PAIN BANETTE,6.0,1.3999999999999997
2021-05-30,PAIN CHOCO AMANDES,4.0,1.5
2021-05-30,SANDWICH COMPLET,3.0,4.5
2021-05-30,SEIGLE,3.0,1.8
2021-05-30,SPECIAL BREAD,13.0,2.4
2021-05-30,TARTELETTE,21.0,2.0
2021-05-30,TRADITIONAL BAGUETTE,325.0,1.2
2021-05-31,BAGUETTE,27.0,0.9
2021-05-31,BANETTE,36.0,1.05
2021-05-31,BANETTINE,6.0,0.6
2021-05-31,BOISSON 33CL,10.0,1.5
2021-05-31,BOULE 200G,6.0,1.1
2021-05-31,BOULE 400G,8.0,1.5
2021-05-31,BRIOCHE,1.0,5.0
2021-05-31,CAFE OU EAU,6.0,1.0
2021-05-31,CAMPAGNE,8.0,1.8
2021-05-31,CEREAL BAGUETTE,10.0,1.25
2021-05-31,CHAUSSON AUX POMMES,2.0,1.4
2021-05-31,COMPLET,6.0,1.5
2021-05-31,COOKIE,3.0,1.0
2021-05-31,COUPE,28.0,0.15
2021-05-31,CROISSANT,22.0,1.1
2021-05-31,CROISSANT AMANDES,2.0,1.4
2021-05-31,DEMI BAGUETTE,3.0,0.45
2021-05-31,ECLAIR,4.0,2.0
2021-05-31,FICELLE,9.0,0.6
2021-05-31,FINANCIER X5,1.0,3.0
2021-05-31,FORMULE SANDWICH,18.0,6.5
2021-05-31,MOISSON,3.0,2.0
2021-05-31,PAIN,3.0,1.15
2021-05-31,PAIN AU CHOCOLAT,19.0,1.2
2021-05-31,PAIN AUX RAISINS,2.0,1.4
2021-05-31,PAIN BANETTE,3.0,1.3999999999999997
2021-05-31,PAIN CHOCO AMANDES,6.0,1.5
2021-05-31,QUIM BREAD,4.0,1.0
2021-05-31,SAND JB EMMENTAL,9.0,3.5
2021-05-31,SANDWICH COMPLET,7.0,4.5
2021-05-31,SEIGLE,1.0,1.8
2021-05-31,SPECIAL BREAD,8.0,2.4
2021-05-31,TRADITIONAL BAGUETTE,126.0,1.2
2021-06-01,BAGUETTE,29.0,0.9
2021-06-01,BANETTE,30.0,1.05
2021-06-01,BANETTINE,6.0,0.6
2021-06-01,BOISSON 33CL,9.0,1.5
2021-06-01,BOULE 200G,1.0,1.1
2021-06-01,BOULE 400G,7.0,1.5
2021-06-01,BRIOCHE,1.0,5.0
2021-06-01,CAFE OU EAU,9.0,1.0
2021-06-01,CAMPAGNE,2.0,1.8
2021-06-01,CEREAL BAGUETTE,9.0,1.25
2021-06-01,CHAUSSON AUX POMMES,1.0,1.4
2021-06-01,COMPLET,4.0,1.5
2021-06-01,COOKIE,2.0,1.0
2021-06-01,COUPE,21.0,0.15
2021-06-01,CROISSANT,30.0,1.1
2021-06-01,CROISSANT AMANDES,2.0,1.4
2021-06-01,ECLAIR,1.0,2.0
2021-06-01,FICELLE,2.0,0.6
2021-06-01,FORMULE SANDWICH,18.0,6.5
2021-06-01,KOUIGN AMANN,1.0,2.1
2021-06-01,MOISSON,3.0,2.0
2021-06-01,PAIN,2.0,1.15
2021-06-01,PAIN AU CHOCOLAT,9.0,1.2
2021-06-01,PAIN AUX RAISINS,5.0,1.4
2021-06-01,PAIN BANETTE,5.0,1.4
2021-06-01,PAIN CHOCO AMANDES,2.0,1.5
2021-06-01,SAND JB EMMENTAL,4.0,3.5
2021-06-01,SANDWICH COMPLET,8.0,4.5
2021-06-01,SEIGLE,1.0,1.8
2021-06-01,SPECIAL BREAD,8.0,2.4
2021-06-01,TARTELETTE,2.0,2.0
2021-06-01,TRADITIONAL BAGUETTE,151.0,1.2
2021-06-02,BAGUETTE,20.0,0.9
2021-06-02,BANETTE,30.0,1.05
2021-06-02,BANETTINE,6.0,0.6
2021-06-02,BOISSON 33CL,5.0,1.5
2021-06-02,BOULE 200G,3.0,1.1
2021-06-02,BOULE 400G,3.0,1.5
2021-06-02,BRIOCHE,1.0,5.0
2021-06-02,CAFE OU EAU,5.0,1.0
2021-06-02,CAMPAGNE,5.0,1.8
2021-06-02,CEREAL BAGUETTE,13.0,1.25
2021-06-02,CHAUSSON AUX POMMES,2.0,1.4
2021-06-02,COMPLET,4.0,1.5
2021-06-02,COOKIE,4.0,1.0
2021-06-02,COUPE,21.0,0.15
2021-06-02,CROISSANT,23.0,1.1
2021-06-02,CROISSANT AMANDES,4.0,1.3999999999999997
2021-06-02,DEMI BAGUETTE,2.0,0.45
2021-06-02,ECLAIR,3.0,2.0
2021-06-02,FICELLE,7.0,0.6
2021-06-02,FINANCIER X5,2.0,3.0
2021-06-02,FORMULE SANDWICH,19.0,6.5
2021-06-02,KOUIGN AMANN,2.0,2.1
2021-06-02,MOISSON,6.0,2.0
2021-06-02,PAIN,5.0,1.15
2021-06-02,PAIN AU CHOCOLAT,21.0,1.2
2021-06-02,PAIN AUX RAISINS,5.0,1.4
2021-06-02,PAIN BANETTE,1.0,1.4
2021-06-02,PAIN CHOCO AMANDES,4.0,1.5
2021-06-02,SAND JB EMMENTAL,4.0,3.5
2021-06-02,SANDWICH COMPLET,6.0,4.5
2021-06-02,SEIGLE,1.0,1.8
2021-06-02,SPECIAL BREAD,6.0,2.4
2021-06-02,TARTELETTE,2.0,2.0
2021-06-02,TRADITIONAL BAGUETTE,86.0,1.2
2021-06-03,BAGUETTE,19.0,0.9
2021-06-03,BANETTE,20.0,1.05
2021-06-03,BANETTINE,6.0,0.6
2021-06-03,BOISSON 33CL,5.0,1.5
2021-06-03,BOULE 200G,5.0,1.1
2021-06-03,BOULE 400G,1.0,1.5
2021-06-03,BRIOCHE,2.0,5.0
2021-06-03,CAMPAGNE,4.0,1.8
2021-06-03,CEREAL BAGUETTE,6.0,1.25
2021-06-03,CHAUSSON AUX POMMES,1.0,1.4
2021-06-03,COMPLET,6.0,1.5
2021-06-03,COOKIE,4.0,1.0
2021-06-03,COUPE,27.0,0.15
2021-06-03,CROISSANT,14.0,1.1
2021-06-03,CROISSANT AMANDES,2.0,1.4
2021-06-03,DEMI BAGUETTE,1.0,0.45
2021-06-03,ECLAIR,8.0,2.0
2021-06-03,FICELLE,2.0,0.6
2021-06-03,FINANCIER X5,1.0,3.0
2021-06-03,FORMULE SANDWICH,21.0,6.5
2021-06-03,KOUIGN AMANN,5.0,2.1
2021-06-03,MOISSON,7.0,2.0
2021-06-03,PAIN AU CHOCOLAT,14.0,1.2
2021-06-03,PAIN AUX RAISINS,6.0,1.4
2021-06-03,PAIN BANETTE,3.0,1.3999999999999997
2021-06-03,PAIN CHOCO AMANDES,3.0,1.5
2021-06-03,QUIM BREAD,3.0,1.0
2021-06-03,SAND JB EMMENTAL,5.0,3.5
2021-06-03,SANDWICH COMPLET,5.0,4.5
2021-06-03,SEIGLE,2.0,1.8
2021-06-03,SPECIAL BREAD,5.0,2.4
2021-06-03,TARTELETTE,3.0,2.0
2021-06-03,TRADITIONAL BAGUETTE,117.0,1.2
2021-06-04,BAGUETTE,31.0,0.9
2021-06-04,BANETTE,36.0,1.05
2021-06-04,BANETTINE,4.0,0.6
2021-06-04,BOISSON 33CL,1.0,1.5
2021-06-04,BOULE 200G,4.0,1.1
2021-06-04,BOULE 400G,4.0,1.5
2021-06-04,BRIOCHE,3.0,5.0
2021-06-04,CAFE OU EAU,1.0,1.0
2021-06-04,CAMPAGNE,8.0,1.8
2021-06-04,CEREAL BAGUETTE,11.0,1.25
2021-06-04,CHAUSSON AUX POMMES,2.0,1.4
2021-06-04,COMPLET,7.0,1.5
2021-06-04,COOKIE,3.0,1.0
2021-06-04,COUPE,40.0,0.15
2021-06-04,CROISSANT,45.0,1.1
2021-06-04,CROISSANT AMANDES,7.0,1.3999999999999997
2021-06-04,DEMI BAGUETTE,2.0,0.45
2021-06-04,ECLAIR,5.0,2.0
2021-06-04,FICELLE,4.0,0.6
2021-06-04,FINANCIER X5,2.0,3.0
2021-06-04,FORMULE SANDWICH,26.0,6.5
2021-06-04,KOUIGN AMANN,2.0,2.1
2021-06-04,MOISSON,6.0,2.0
2021-06-04,PAIN,3.0,1.15
2021-06-04,PAIN AU CHOCOLAT,42.0,1.2
2021-06-04,PAIN AUX RAISINS,5.0,1.4
2021-06-04,PAIN BANETTE,6.0,1.3999999999999997
2021-06-04,PAIN CHOCO AMANDES,5.0,1.5
2021-06-04,QUIM BREAD,1.0,1.0
2021-06-04,SAND JB EMMENTAL,8.0,3.5
2021-06-04,SANDWICH COMPLET,6.0,4.5
2021-06-04,SEIGLE,3.0,1.8
2021-06-04,SPECIAL BREAD,8.0,2.4
2021-06-04,TARTELETTE,9.0,2.0
2021-06-04,TRADITIONAL BAGUETTE,144.0,1.2
2021-06-05,BAGUETTE,70.0,0.9
2021-06-05,BANETTE,48.0,1.05
2021-06-05,BANETTINE,6.0,0.6
2021-06-05,BOULE 200G,5.0,1.1
2021-06-05,BOULE 400G,7.0,1.5
2021-06-05,BRIOCHE,1.0,5.0
2021-06-05,CAFE OU EAU,5.0,1.0
2021-06-05,CAMPAGNE,4.0,1.8
2021-06-05,CEREAL BAGUETTE,16.0,1.25
2021-06-05,CHAUSSON AUX POMMES,4.0,1.3999999999999997
2021-06-05,COMPLET,8.0,1.5
2021-06-05,COOKIE,5.0,1.0
2021-06-05,COUPE,36.0,0.15
2021-06-05,CROISSANT,72.0,1.1
2021-06-05,CROISSANT AMANDES,8.0,1.4
2021-06-05,DEMI BAGUETTE,2.0,0.45
2021-06-05,ECLAIR,12.0,2.0
2021-06-05,FINANCIER X5,4.0,3.0
2021-06-05,FORMULE SANDWICH,8.0,6.5
2021-06-05,KOUIGN AMANN,4.0,2.1
2021-06-05,MOISSON,5.0,2.0
2021-06-05,PAIN,3.0,1.15
2021-06-05,PAIN AU CHOCOLAT,46.0,1.2
2021-06-05,PAIN AUX RAISINS,5.0,1.4
2021-06-05,PAIN BANETTE,9.0,1.4
2021-06-05,PAIN CHOCO AMANDES,4.0,1.5
2021-06-05,QUIM BREAD,5.0,1.0
2021-06-05,SAND JB EMMENTAL,5.0,3.5
2021-06-05,SEIGLE,2.0,1.8
2021-06-05,SPECIAL BREAD,10.0,2.4
2021-06-05,TARTELETTE,12.0,2.0
2021-06-05,TRADITIONAL BAGUETTE,177.0,1.2
2021-06-06,BAGUETTE,78.0,0.8999999999999999
2021-06-06,BANETTE,46.0,1.05
2021-06-06,BANETTINE,6.0,0.6
2021-06-06,BOISSON 33CL,1.0,1.5
2021-06-06,BOULE 200G,4.0,1.1
2021-06-06,BOULE 400G,15.0,1.5
2021-06-06,BRIOCHE,3.0,5.0
2021-06-06,CAFE OU EAU,2.0,1.0
2021-06-06,CAMPAGNE,6.0,1.8
2021-06-06,CEREAL BAGUETTE,24.0,1.25
2021-06-06,CHAUSSON AUX POMMES,5.0,1.4
2021-06-06,COMPLET,6.0,1.5
2021-06-06,COOKIE,15.0,1.0
2021-06-06,COUPE,51.0,0.15
2021-06-06,CROISSANT,112.0,1.1
2021-06-06,CROISSANT AMANDES,1.0,1.4
2021-06-06,DEMI BAGUETTE,1.0,0.45
2021-06-06,ECLAIR,13.0,2.0
2021-06-06,FICELLE,9.0,0.6
2021-06-06,FINANCIER X5,4.0,3.0
2021-06-06,FORMULE SANDWICH,2.0,6.5
2021-06-06,KOUIGN AMANN,3.0,2.1
2021-06-06,MOISSON,6.0,2.0
2021-06-06,PAIN,5.0,1.15
2021-06-06,PAIN AU CHOCOLAT,93.0,1.2
2021-06-06,PAIN AUX RAISINS,9.0,1.3999999999999997
2021-06-06,PAIN BANETTE,6.0,1.3999999999999997
2021-06-06,PAIN CHOCO AMANDES,4.0,1.5
2021-06-06,QUIM BREAD,4.0,1.0
2021-06-06,SAND JB EMMENTAL,5.0,3.5
2021-06-06,SANDWICH COMPLET,1.0,4.5
2021-06-06,SEIGLE,2.0,1.8
2021-06-06,SPECIAL BREAD,14.0,2.4
2021-06-06,TARTELETTE,21.0,2.0
2021-06-06,TRADITIONAL BAGUETTE,329.0,1.2
2021-06-07,BAGUETTE,28.0,0.9
2021-06-07,BANETTE,30.0,1.05
2021-06-07,BANETTINE,5.0,0.6
2021-06-07,BOISSON 33CL,3.0,1.5
2021-06-07,BOULE 200G,5.0,1.1
2021-06-07,BOULE 400G,8.0,1.5
2021-06-07,BRIOCHE,3.0,5.0
2021-06-07,CAFE OU EAU,2.0,1.0
2021-06-07,CAMPAGNE,4.0,1.8
2021-06-07,CEREAL BAGUETTE,17.0,1.25
2021-06-07,CHAUSSON AUX POMMES,2.0,1.4
2021-06-07,COMPLET,7.0,1.5
2021-06-07,COOKIE,5.0,1.0
2021-06-07,COUPE,29.0,0.15
2021-06-07,CROISSANT,23.0,1.1
2021-06-07,CROISSANT AMANDES,9.0,1.4
2021-06-07,FICELLE,7.0,0.6
2021-06-07,FINANCIER X5,1.0,3.0
2021-06-07,FORMULE SANDWICH,25.0,6.5
2021-06-07,KOUIGN AMANN,3.0,2.1
2021-06-07,MOISSON,5.0,2.0
2021-06-07,PAIN,3.0,1.15
2021-06-07,PAIN AU CHOCOLAT,16.0,1.2
2021-06-07,PAIN AUX RAISINS,6.0,1.4
2021-06-07,PAIN BANETTE,6.0,1.3999999999999997
2021-06-07,PAIN CHOCO AMANDES,6.0,1.5
2021-06-07,QUIM BREAD,6.0,1.0
2021-06-07,SAND JB EMMENTAL,3.0,3.5
2021-06-07,SANDWICH COMPLET,4.0,4.5
2021-06-07,SEIGLE,3.0,1.8
2021-06-07,SPECIAL BREAD,5.0,2.4
2021-06-07,TARTELETTE,1.0,2.0
2021-06-07,TRADITIONAL BAGUETTE,116.0,1.2
2021-06-08,BAGUETTE,29.0,0.9
2021-06-08,BANETTE,30.0,1.05
2021-06-08,BANETTINE,6.0,0.6
2021-06-08,BOISSON 33CL,6.0,1.5
2021-06-08,BOULE 200G,5.0,1.1
2021-06-08,BOULE 400G,5.0,1.5
2021-06-08,BRIOCHE,2.0,5.0
2021-06-08,CAFE OU EAU,9.0,1.0
2021-06-08,CAMPAGNE,3.0,1.8
2021-06-08,CEREAL BAGUETTE,8.0,1.25
2021-06-08,CHAUSSON AUX POMMES,2.0,1.4
2021-06-08,COMPLET,4.0,1.5
2021-06-08,COOKIE,9.0,1.0
2021-06-08,COUPE,24.0,0.15
2021-06-08,CROISSANT,38.0,1.1
2021-06-08,CROISSANT AMANDES,6.0,1.4
2021-06-08,ECLAIR,7.0,2.0
2021-06-08,FICELLE,2.0,0.6
2021-06-08,FINANCIER X5,2.0,3.0
2021-06-08,FORMULE SANDWICH,24.0,6.5
2021-06-08,KOUIGN AMANN,4.0,2.1
2021-06-08,MOISSON,6.0,2.0
2021-06-08,PAIN,4.0,1.15
2021-06-08,PAIN AU CHOCOLAT,30.0,1.2
2021-06-08,PAIN AUX RAISINS,6.0,1.3999999999999997
2021-06-08,PAIN BANETTE,5.0,1.4
2021-06-08,PAIN CHOCO AMANDES,6.0,1.5
2021-06-08,QUIM BREAD,2.0,1.0
2021-06-08,SAND JB EMMENTAL,3.0,3.5
2021-06-08,SANDWICH COMPLET,11.0,4.5
2021-06-08,SEIGLE,2.0,1.8
2021-06-08,SPECIAL BREAD,8.0,2.4
2021-06-08,TARTELETTE,7.0,2.0
2021-06-08,TRADITIONAL BAGUETTE,115.0,1.2
2021-06-09,BAGUETTE,24.0,0.9
2021-06-09,BANETTE,17.0,1.05
2021-06-09,BANETTINE,6.0,0.6
2021-06-09,BOISSON 33CL,7.0,1.5
2021-06-09,BOULE 200G,4.0,1.1
2021-06-09,BOULE 400G,8.0,1.5
2021-06-09,BRIOCHE,1.0,5.0
2021-06-09,CAMPAGNE,1.0,1.8
2021-06-09,CEREAL BAGUETTE,15.0,1.25
2021-06-09,CHAUSSON AUX POMMES,3.0,1.4
2021-06-09,COMPLET,6.0,1.5
2021-06-09,COOKIE,1.0,1.0
2021-06-09,COUPE,24.0,0.15
2021-06-09,CROISSANT,30.0,1.1
2021-06-09,CROISSANT AMANDES,4.0,1.4
2021-06-09,DEMI BAGUETTE,2.0,0.45
2021-06-09,ECLAIR,5.0,2.0
2021-06-09,FICELLE,4.0,0.6
2021-06-09,FINANCIER X5,3.0,3.0
2021-06-09,FORMULE SANDWICH,14.0,6.5
2021-06-09,KOUIGN AMANN,5.0,2.1
2021-06-09,MOISSON,7.0,2.0
2021-06-09,PAIN,4.0,1.15
2021-06-09,PAIN AU CHOCOLAT,34.0,1.2
2021-06-09,PAIN AUX RAISINS,5.0,1.4
2021-06-09,PAIN BANETTE,4.0,1.4
2021-06-09,PAIN CHOCO AMANDES,3.0,1.5
2021-06-09,QUIM BREAD,4.0,1.0
2021-06-09,SAND JB EMMENTAL,6.0,3.5
2021-06-09,SANDWICH COMPLET,9.0,4.5
2021-06-09,SEIGLE,2.0,1.8
2021-06-09,SPECIAL BREAD,7.0,2.4
2021-06-09,TARTELETTE,3.0,2.0
2021-06-09,TRADITIONAL BAGUETTE,104.0,1.2
2021-06-10,BAGUETTE,29.0,0.9
2021-06-10,BANETTE,34.0,1.05
2021-06-10,BOISSON 33CL,2.0,1.5
2021-06-10,BOULE 200G,8.0,1.1
2021-06-10,BOULE 400G,2.0,1.5
2021-06-10,BRIOCHE,1.0,5.0
2021-06-10,CAFE OU EAU,1.0,1.0
2021-06-10,CAMPAGNE,7.0,1.8
2021-06-10,CEREAL BAGUETTE,10.0,1.25
2021-06-10,CHAUSSON AUX POMMES,1.0,1.4
2021-06-10,COMPLET,6.0,1.5
2021-06-10,COOKIE,7.0,1.0
2021-06-10,COUPE,31.0,0.15
2021-06-10,CROISSANT,23.0,1.1
2021-06-10,CROISSANT AMANDES,1.0,1.4
2021-06-10,DEMI BAGUETTE,2.0,0.45
2021-06-10,ECLAIR,3.0,2.0
2021-06-10,FICELLE,9.0,0.6
2021-06-10,FINANCIER X5,1.0,3.0
2021-06-10,FORMULE SANDWICH,16.0,6.5
2021-06-10,KOUIGN AMANN,1.0,2.1
2021-06-10,MOISSON,4.0,2.0
2021-06-10,PAIN,4.0,1.15
2021-06-10,PAIN AU CHOCOLAT,36.0,1.2
2021-06-10,PAIN AUX RAISINS,1.0,1.4
2021-06-10,PAIN BANETTE,4.0,1.4
2021-06-10,PAIN CHOCO AMANDES,1.0,1.5
2021-06-10,QUIM BREAD,1.0,1.0
2021-06-10,SAND JB EMMENTAL,2.0,3.5
2021-06-10,SANDWICH COMPLET,10.0,4.5
2021-06-10,SEIGLE,3.0,1.8
2021-06-10,SPECIAL BREAD,7.0,2.4
2021-06-10,TARTELETTE,4.0,2.0
2021-06-10,TRADITIONAL BAGUETTE,111.0,1.2
2021-06-11,BAGUETTE,22.0,0.8999999999999999
2021-06-11,BANETTE,36.0,1.05
2021-06-11,BANETTINE,3.0,0.6
2021-06-11,BOISSON 33CL,9.0,1.5
2021-06-11,BOULE 200G,6.0,1.1
2021-06-11,BOULE 400G,6.0,1.5
2021-06-11,BRIOCHE,1.0,5.0
2021-06-11,CAFE OU EAU,3.0,1.0
2021-06-11,CAMPAGNE,2.0,1.8
2021-06-11,CEREAL BAGUETTE,11.0,1.25
2021-06-11,COMPLET,5.0,1.5
2021-06-11,COOKIE,3.0,1.0
2021-06-11,COUPE,30.0,0.15
2021-06-11,CROISSANT,40.0,1.1
2021-06-11,CROISSANT AMANDES,2.0,1.4
2021-06-11,DEMI BAGUETTE,1.0,0.45
2021-06-11,ECLAIR,7.0,2.0
2021-06-11,FICELLE,7.0,0.6
2021-06-11,FINANCIER X5,2.0,3.0
2021-06-11,FORMULE SANDWICH,18.0,6.5
2021-06-11,MOISSON,5.0,2.0
2021-06-11,PAIN,3.0,1.15
2021-06-11,PAIN AU CHOCOLAT,32.0,1.2
2021-06-11,PAIN AUX RAISINS,4.0,1.3999999999999997
2021-06-11,PAIN BANETTE,5.0,1.4
2021-06-11,PAIN CHOCO AMANDES,4.0,1.5
2021-06-11,QUIM BREAD,4.0,1.0
2021-06-11,SAND JB EMMENTAL,8.0,3.5
2021-06-11,SANDWICH COMPLET,14.0,4.5
2021-06-11,SEIGLE,2.0,1.8
2021-06-11,SPECIAL BREAD,8.0,2.4
2021-06-11,TARTELETTE,7.0,2.0
2021-06-11,TRADITIONAL BAGUETTE,108.0,1.2
2021-06-12,BAGUETTE,40.0,0.9
2021-06-12,BANETTE,32.0,1.05
2021-06-12,BANETTINE,3.0,0.6
2021-06-12,BOISSON 33CL,4.0,1.5
2021-06-12,BOULE 200G,7.0,1.1
2021-06-12,BOULE 400G,7.0,1.5
2021-06-12,BRIOCHE,3.0,5.0
2021-06-12,CAFE OU EAU,2.0,1.0
2021-06-12,CAMPAGNE,8.0,1.8
2021-06-12,CEREAL BAGUETTE,14.0,1.25
2021-06-12,CHAUSSON AUX POMMES,4.0,1.4
2021-06-12,COMPLET,7.0,1.5
2021-06-12,COOKIE,2.0,1.0
2021-06-12,COUPE,43.0,0.15
2021-06-12,CROISSANT,62.0,1.1
2021-06-12,CROISSANT AMANDES,1.0,1.4
2021-06-12,DEMI BAGUETTE,1.0,0.45
2021-06-12,ECLAIR,3.0,2.0
2021-06-12,FICELLE,8.0,0.6
2021-06-12,FINANCIER X5,7.0,3.0
2021-06-12,FORMULE SANDWICH,8.0,6.5
2021-06-12,KOUIGN AMANN,6.0,2.1
2021-06-12,MOISSON,5.0,2.0
2021-06-12,PAIN,6.0,1.15
2021-06-12,PAIN AU CHOCOLAT,67.0,1.2
2021-06-12,PAIN AUX RAISINS,10.0,1.3999999999999997
2021-06-12,PAIN BANETTE,3.0,1.3999999999999997
2021-06-12,PAIN CHOCO AMANDES,5.0,1.5
2021-06-12,SAND JB EMMENTAL,1.0,3.5
2021-06-12,SANDWICH COMPLET,3.0,4.5
2021-06-12,SPECIAL BREAD,9.0,2.4
2021-06-12,TARTELETTE,1.0,2.0
2021-06-12,TRADITIONAL BAGUETTE,223.0,1.2
2021-06-13,BAGUETTE,54.0,0.9
2021-06-13,BANETTE,48.0,1.05
2021-06-13,BANETTINE,5.0,0.6
2021-06-13,BOISSON 33CL,2.0,1.5
2021-06-13,BOULE 200G,7.0,1.1
2021-06-13,BOULE 400G,15.0,1.5
2021-06-13,BRIOCHE,5.0,5.0
2021-06-13,CAFE OU EAU,2.0,1.0
2021-06-13,CAMPAGNE,10.0,1.8
2021-06-13,CEREAL BAGUETTE,24.0,1.25
2021-06-13,CHAUSSON AUX POMMES,2.0,1.4
2021-06-13,COMPLET,10.0,1.5
2021-06-13,COOKIE,11.0,1.0
2021-06-13,COUPE,68.0,0.15
2021-06-13,CROISSANT,110.0,1.1
2021-06-13,CROISSANT AMANDES,4.0,1.3999999999999997
2021-06-13,DEMI BAGUETTE,2.0,0.45
2021-06-13,ECLAIR,7.0,2.0
2021-06-13,FICELLE,12.0,0.6
2021-06-13,FINANCIER X5,3.0,3.0
2021-06-13,KOUIGN AMANN,1.0,2.1
2021-06-13,MOISSON,8.0,2.0
2021-06-13,PAIN,5.0,1.15
2021-06-13,PAIN AU CHOCOLAT,112.0,1.2
2021-06-13,PAIN AUX RAISINS,8.0,1.4
2021-06-13,PAIN BANETTE,5.0,1.4
2021-06-13,QUIM BREAD,5.0,1.0
2021-06-13,SAND JB EMMENTAL,1.0,3.5
2021-06-13,SEIGLE,4.0,1.8
2021-06-13,SPECIAL BREAD,15.0,2.4
2021-06-13,TARTELETTE,18.0,2.0
2021-06-13,TRADITIONAL BAGUETTE,379.0,1.2
2021-06-14,BAGUETTE,39.0,0.9
2021-06-14,BANETTE,33.0,1.05
2021-06-14,BANETTINE,8.0,0.6
2021-06-14,BOISSON 33CL,4.0,1.5
2021-06-14,BOULE 200G,8.0,1.1
2021-06-14,BOULE 400G,8.0,1.5
2021-06-14,CAFE OU EAU,3.0,1.0
2021-06-14,CAMPAGNE,8.0,1.8
2021-06-14,CEREAL BAGUETTE,20.0,1.25
2021-06-14,CHAUSSON AUX POMMES,1.0,1.4
2021-06-14,COMPLET,6.0,1.5
2021-06-14,COOKIE,2.0,1.0
2021-06-14,COUPE,39.0,0.15
2021-06-14,CROISSANT,27.0,1.1
2021-06-14,CROISSANT AMANDES,6.0,1.4
2021-06-14,DEMI BAGUETTE,1.0,0.45
2021-06-14,FICELLE,10.0,0.6
2021-06-14,FINANCIER X5,3.0,3.0
2021-06-14,FORMULE SANDWICH,21.0,6.5
2021-06-14,KOUIGN AMANN,2.0,2.1
2021-06-14,MOISSON,5.0,2.0
2021-06-14,PAIN,5.0,1.15
2021-06-14,PAIN AU CHOCOLAT,28.0,1.2
2021-06-14,PAIN AUX RAISINS,5.0,1.3999999999999997
2021-06-14,PAIN BANETTE,6.0,1.4
2021-06-14,QUIM BREAD,3.0,1.0
2021-06-14,SAND JB EMMENTAL,8.0,3.5
2021-06-14,SANDWICH COMPLET,5.0,4.5
2021-06-14,SEIGLE,1.0,1.8
2021-06-14,SPECIAL BREAD,9.0,2.4
2021-06-14,TRADITIONAL BAGUETTE,135.0,1.2
2021-06-15,BAGUETTE,19.0,0.8999999999999999
2021-06-15,BANETTE,34.0,1.05
2021-06-15,BANETTINE,5.0,0.6
2021-06-15,BOISSON 33CL,10.0,1.5
2021-06-15,BOULE 200G,5.0,1.1
2021-06-15,BOULE 400G,5.0,1.5
2021-06-15,BRIOCHE,3.0,5.0
2021-06-15,CAFE OU EAU,8.0,1.0
2021-06-15,CAMPAGNE,5.0,1.8
2021-06-15,CEREAL BAGUETTE,14.0,1.25
2021-06-15,CHAUSSON AUX POMMES,6.0,1.4
2021-06-15,COMPLET,8.0,1.5
2021-06-15,COOKIE,11.0,1.0
2021-06-15,COUPE,31.0,0.15
2021-06-15,CROISSANT,32.0,1.1
2021-06-15,CROISSANT AMANDES,4.0,1.3999999999999997
2021-06-15,DEMI BAGUETTE,3.0,0.45
2021-06-15,ECLAIR,2.0,2.0
2021-06-15,FICELLE,8.0,0.6
2021-06-15,FINANCIER X5,4.0,3.0
2021-06-15,FORMULE SANDWICH,17.0,6.5
2021-06-15,KOUIGN AMANN,3.0,2.1
2021-06-15,MOISSON,5.0,2.0
2021-06-15,PAIN,6.0,1.15
2021-06-15,PAIN AU CHOCOLAT,30.0,1.2
2021-06-15,PAIN AUX RAISINS,5.0,1.4
2021-06-15,SAND JB EMMENTAL,7.0,3.5
2021-06-15,SANDWICH COMPLET,13.0,4.5
2021-06-15,SEIGLE,2.0,1.8
2021-06-15,SPECIAL BREAD,8.0,2.4
2021-06-15,TARTELETTE,1.0,2.0
2021-06-15,TRADITIONAL BAGUETTE,112.0,1.2
2021-06-16,BAGUETTE,22.0,0.9
2021-06-16,BANETTE,30.0,1.05
2021-06-16,BANETTINE,3.0,0.6
2021-06-16,BOISSON 33CL,5.0,1.5
2021-06-16,BOULE 200G,5.0,1.1
2021-06-16,BOULE 400G,6.0,1.5
2021-06-16,BRIOCHE,2.0,5.0
2021-06-16,CAFE OU EAU,2.0,1.0
2021-06-16,CAMPAGNE,7.0,1.8
2021-06-16,CEREAL BAGUETTE,7.0,1.25
2021-06-16,CHAUSSON AUX POMMES,4.0,1.3999999999999997
2021-06-16,COMPLET,4.0,1.5
2021-06-16,COOKIE,10.0,1.0
2021-06-16,COUPE,28.0,0.15
2021-06-16,CROISSANT,38.0,1.1
2021-06-16,CROISSANT AMANDES,6.0,1.4
2021-06-16,DEMI BAGUETTE,3.0,0.45
2021-06-16,ECLAIR,3.0,2.0
2021-06-16,FICELLE,8.0,0.6
2021-06-16,FORMULE SANDWICH,17.0,6.5
2021-06-16,MOISSON,5.0,2.0
2021-06-16,PAIN,2.0,1.15
2021-06-16,PAIN AU CHOCOLAT,21.0,1.2
2021-06-16,PAIN AUX RAISINS,4.0,1.4
2021-06-16,PAIN BANETTE,5.0,1.4
2021-06-16,QUIM BREAD,6.0,1.0
2021-06-16,SAND JB EMMENTAL,2.0,3.5
2021-06-16,SANDWICH COMPLET,8.0,4.5
2021-06-16,SEIGLE,2.0,1.8
2021-06-16,SPECIAL BREAD,6.0,2.4
2021-06-16,TARTELETTE,4.0,2.0
2021-06-16,TRADITIONAL BAGUETTE,136.0,1.2
2021-06-17,BAGUETTE,28.0,0.9
2021-06-17,BANETTE,30.0,1.05
2021-06-17,BANETTINE,3.0,0.6
2021-06-17,BOISSON 33CL,1.0,1.5
2021-06-17,BOULE 200G,6.0,1.1
2021-06-17,BOULE 400G,8.0,1.5
2021-06-17,BRIOCHE,1.0,5.0
2021-06-17,CAFE OU EAU,3.0,1.0
2021-06-17,CAMPAGNE,3.0,1.8
2021-06-17,CEREAL BAGUETTE,12.0,1.25
2021-06-17,COMPLET,3.0,1.5
2021-06-17,COOKIE,6.0,1.0
2021-06-17,COUPE,25.0,0.15
2021-06-17,CROISSANT,17.0,1.1
2021-06-17,CROISSANT AMANDES,9.0,1.4
2021-06-17,DEMI BAGUETTE,3.0,0.45
2021-06-17,ECLAIR,4.0,2.0
2021-06-17,FICELLE,6.0,0.6
2021-06-17,FINANCIER X5,1.0,3.0
2021-06-17,FORMULE SANDWICH,13.0,6.5
2021-06-17,KOUIGN AMANN,2.0,2.1
2021-06-17,MOISSON,5.0,2.0
2021-06-17,PAIN,5.0,1.15
2021-06-17,PAIN AU CHOCOLAT,23.0,1.2
2021-06-17,PAIN AUX RAISINS,3.0,1.4
2021-06-17,PAIN BANETTE,1.0,1.4
2021-06-17,QUIM BREAD,5.0,1.0
2021-06-17,SAND JB EMMENTAL,1.0,3.5
2021-06-17,SANDWICH COMPLET,9.0,4.5
2021-06-17,SEIGLE,3.0,1.8
2021-06-17,SPECIAL BREAD,5.0,2.4
2021-06-17,TARTELETTE,2.0,2.0
2021-06-17,TRADITIONAL BAGUETTE,110.0,1.2
2021-06-18,BAGUETTE,26.0,0.9000000000000001
2021-06-18,BANETTE,33.0,1.05
2021-06-18,BANETTINE,7.0,0.6
2021-06-18,BOISSON 33CL,1.0,1.5
2021-06-18,BOULE 200G,8.0,1.1
2021-06-18,BOULE 400G,6.0,1.5
2021-06-18,CAMPAGNE,6.0,1.8
2021-06-18,CEREAL BAGUETTE,13.0,1.25
2021-06-18,CHAUSSON AUX POMMES,3.0,1.4
2021-06-18,COMPLET,7.0,1.5
2021-06-18,COOKIE,11.0,1.0
2021-06-18,COUPE,36.0,0.15
2021-06-18,CROISSANT,27.0,1.1
2021-06-18,CROISSANT AMANDES,5.0,1.3999999999999997
2021-06-18,DEMI BAGUETTE,1.0,0.45
2021-06-18,FICELLE,8.0,0.6
2021-06-18,FINANCIER X5,3.0,3.0
2021-06-18,FORMULE SANDWICH,12.0,6.5
2021-06-18,KOUIGN AMANN,4.0,2.1
2021-06-18,MOISSON,2.0,2.0
2021-06-18,PAIN,5.0,1.15
2021-06-18,PAIN AU CHOCOLAT,20.0,1.2
2021-06-18,PAIN AUX RAISINS,5.0,1.3999999999999997
2021-06-18,PAIN BANETTE,5.0,1.4
2021-06-18,QUIM BREAD,2.0,1.0
2021-06-18,SAND JB EMMENTAL,4.0,3.5
2021-06-18,SANDWICH COMPLET,6.0,4.5
2021-06-18,SEIGLE,3.0,1.8
2021-06-18,SPECIAL BREAD,6.0,2.4
2021-06-18,TARTELETTE,9.0,2.0
2021-06-18,TRADITIONAL BAGUETTE,121.0,1.2
2021-06-19,BAGUETTE,50.0,0.9
2021-06-19,BANETTE,42.0,1.05
2021-06-19,BANETTINE,2.0,0.6
2021-06-19,BOULE 200G,6.0,1.1
2021-06-19,BOULE 400G,3.0,1.5
2021-06-19,BRIOCHE,3.0,5.0
2021-06-19,CAFE OU EAU,6.0,1.0
2021-06-19,CAMPAGNE,10.0,1.8
2021-06-19,CEREAL BAGUETTE,26.0,1.25
2021-06-19,CHAUSSON AUX POMMES,3.0,1.3999999999999997
2021-06-19,COMPLET,5.0,1.5
2021-06-19,COOKIE,2.0,1.0
2021-06-19,COUPE,51.0,0.15
2021-06-19,CROISSANT,46.0,1.1
2021-06-19,CROISSANT AMANDES,11.0,1.4
2021-06-19,DEMI BAGUETTE,1.0,0.45
2021-06-19,ECLAIR,5.0,2.0
2021-06-19,FICELLE,8.0,0.6
2021-06-19,FINANCIER X5,1.0,3.0
2021-06-19,FORMULE SANDWICH,4.0,6.5
2021-06-19,KOUIGN AMANN,4.0,2.1
2021-06-19,MOISSON,7.0,2.0
2021-06-19,PAIN,4.0,1.15
2021-06-19,PAIN AU CHOCOLAT,46.0,1.2
2021-06-19,PAIN AUX RAISINS,6.0,1.3999999999999997
2021-06-19,PAIN BANETTE,6.0,1.3999999999999997
2021-06-19,QUIM BREAD,3.0,1.0
2021-06-19,SAND JB EMMENTAL,2.0,3.5
2021-06-19,SANDWICH COMPLET,4.0,4.5
2021-06-19,SEIGLE,3.0,1.8
2021-06-19,SPECIAL BREAD,9.0,2.4
2021-06-19,TARTELETTE,4.0,2.0
2021-06-19,TRADITIONAL BAGUETTE,213.0,1.2
2021-06-20,BAGUETTE,60.0,0.8999999999999999
2021-06-20,BANETTE,48.0,1.05
2021-06-20,BANETTINE,8.0,0.6
2021-06-20,BOISSON 33CL,2.0,1.5
2021-06-20,BOULE 200G,12.0,1.1
2021-06-20,BOULE 400G,12.0,1.5
2021-06-20,BRIOCHE,3.0,5.0
2021-06-20,CAMPAGNE,10.0,1.7999999999999998
2021-06-20,CEREAL BAGUETTE,26.0,1.25
2021-06-20,CHAUSSON AUX POMMES,5.0,1.3999999999999997
2021-06-20,COMPLET,8.0,1.5
2021-06-20,COOKIE,9.0,1.0
2021-06-20,COUPE,63.0,0.15
2021-06-20,CROISSANT,120.0,1.1
2021-06-20,CROISSANT AMANDES,4.0,1.3999999999999997
2021-06-20,DEMI BAGUETTE,3.0,0.45
2021-06-20,ECLAIR,12.0,2.0
2021-06-20,FICELLE,10.0,0.6
2021-06-20,FINANCIER X5,3.0,3.0
2021-06-20,KOUIGN AMANN,10.0,2.1
2021-06-20,MOISSON,6.0,2.0
2021-06-20,PAIN,3.0,1.15
2021-06-20,PAIN AU CHOCOLAT,86.0,1.2
2021-06-20,PAIN AUX RAISINS,6.0,1.3999999999999997
2021-06-20,PAIN BANETTE,6.0,1.3999999999999997
2021-06-20,QUIM BREAD,6.0,1.0
2021-06-20,SEIGLE,1.0,1.8
2021-06-20,SPECIAL BREAD,10.0,2.4
2021-06-20,TARTELETTE,25.0,2.0
2021-06-20,TRADITIONAL BAGUETTE,324.0,1.2
2021-06-21,BAGUETTE,38.0,0.9
2021-06-21,BANETTE,29.0,1.05
2021-06-21,BANETTINE,5.0,0.6
2021-06-21,BOISSON 33CL,1.0,1.5
2021-06-21,BOULE 200G,7.0,1.1
2021-06-21,BOULE 400G,8.0,1.5
2021-06-21,CAMPAGNE,6.0,1.8
2021-06-21,CEREAL BAGUETTE,16.0,1.25
2021-06-21,CHAUSSON AUX POMMES,2.0,1.4
2021-06-21,COMPLET,9.0,1.5
2021-06-21,COOKIE,8.0,1.0
2021-06-21,COUPE,42.0,0.15
2021-06-21,CROISSANT,34.0,1.1
2021-06-21,CROISSANT AMANDES,3.0,1.4
2021-06-21,DEMI BAGUETTE,1.0,0.45
2021-06-21,ECLAIR,5.0,2.0
2021-06-21,FICELLE,6.0,0.6
2021-06-21,FORMULE SANDWICH,17.0,6.5
2021-06-21,KOUIGN AMANN,5.0,2.1
2021-06-21,MOISSON,6.0,2.0
2021-06-21,PAIN,4.0,1.15
2021-06-21,PAIN AU CHOCOLAT,10.0,1.2
2021-06-21,PAIN AUX RAISINS,5.0,1.3999999999999997
2021-06-21,PAIN BANETTE,4.0,1.4
2021-06-21,QUIM BREAD,4.0,1.0
2021-06-21,SAND JB EMMENTAL,1.0,3.5
2021-06-21,SANDWICH COMPLET,3.0,4.5
2021-06-21,SEIGLE,3.0,1.8
2021-06-21,SPECIAL BREAD,6.0,2.4
2021-06-21,TARTELETTE,3.0,2.0
2021-06-21,TRADITIONAL BAGUETTE,173.0,1.2
2021-06-22,BAGUETTE,35.0,0.9
2021-06-22,BANETTE,25.0,1.05
2021-06-22,BANETTINE,5.0,0.6
2021-06-22,BOISSON 33CL,6.0,1.5
2021-06-22,BOULE 200G,7.0,1.1
2021-06-22,BOULE 400G,4.0,1.5
2021-06-22,BRIOCHE,3.0,5.0
2021-06-22,CAFE OU EAU,1.0,1.0
2021-06-22,CAMPAGNE,6.0,1.8
2021-06-22,CEREAL BAGUETTE,14.0,1.25
2021-06-22,CHAUSSON AUX POMMES,9.0,1.4
2021-06-22,COMPLET,8.0,1.5
2021-06-22,COOKIE,10.0,1.0
2021-06-22,COUPE,30.0,0.15
2021-06-22,CROISSANT,13.0,1.1
2021-06-22,CROISSANT AMANDES,12.0,1.4
2021-06-22,DEMI BAGUETTE,2.0,0.45
2021-06-22,ECLAIR,10.0,2.0
2021-06-22,FICELLE,4.0,0.6
2021-06-22,FINANCIER X5,7.0,3.0
2021-06-22,FORMULE SANDWICH,11.0,6.5
2021-06-22,MOISSON,5.0,2.0
2021-06-22,PAIN,4.0,1.15
2021-06-22,PAIN AU CHOCOLAT,30.0,1.2
2021-06-22,PAIN AUX RAISINS,5.0,1.3999999999999997
2021-06-22,PAIN BANETTE,6.0,1.3999999999999997
2021-06-22,QUIM BREAD,2.0,1.0
2021-06-22,SAND JB EMMENTAL,5.0,3.5
2021-06-22,SANDWICH COMPLET,7.0,4.5
2021-06-22,SEIGLE,1.0,1.8
2021-06-22,SPECIAL BREAD,4.0,2.4
2021-06-22,TARTELETTE,9.0,2.0
2021-06-22,TRADITIONAL BAGUETTE,127.0,1.2
2021-06-23,BAGUETTE,22.0,0.8999999999999999
2021-06-23,BANETTE,23.0,1.05
2021-06-23,BANETTINE,3.0,0.6
2021-06-23,BOISSON 33CL,3.0,1.5
2021-06-23,BOULE 200G,5.0,1.1
2021-06-23,BOULE 400G,8.0,1.5
2021-06-23,CAFE OU EAU,6.0,1.0
2021-06-23,CAMPAGNE,5.0,1.8
2021-06-23,CEREAL BAGUETTE,13.0,1.25
2021-06-23,CHAUSSON AUX POMMES,4.0,1.4
2021-06-23,COMPLET,7.0,1.5
2021-06-23,COOKIE,8.0,1.0
2021-06-23,COUPE,25.0,0.15
2021-06-23,CROISSANT,18.0,1.1
2021-06-23,CROISSANT AMANDES,6.0,1.4
2021-06-23,DEMI BAGUETTE,4.0,0.45
2021-06-23,ECLAIR,6.0,2.0
2021-06-23,FICELLE,4.0,0.6
2021-06-23,FORMULE SANDWICH,18.0,6.5
2021-06-23,KOUIGN AMANN,2.0,2.1
2021-06-23,MOISSON,2.0,2.0
2021-06-23,PAIN,1.0,1.15
2021-06-23,PAIN AU CHOCOLAT,9.0,1.2
2021-06-23,PAIN AUX RAISINS,5.0,1.4
2021-06-23,PAIN BANETTE,5.0,1.4
2021-06-23,QUIM BREAD,4.0,1.0
2021-06-23,SAND JB EMMENTAL,3.0,3.5
2021-06-23,SANDWICH COMPLET,3.0,4.5
2021-06-23,SEIGLE,1.0,1.8
2021-06-23,SPECIAL BREAD,7.0,2.4
2021-06-23,TARTELETTE,7.0,2.0
2021-06-23,TRADITIONAL BAGUETTE,124.0,1.2
2021-06-24,BAGUETTE,34.0,0.9
2021-06-24,BANETTE,36.0,1.05
2021-06-24,BANETTINE,7.0,0.6
2021-06-24,BOISSON 33CL,5.0,1.5
2021-06-24,BOULE 200G,5.0,1.1
2021-06-24,BOULE 400G,5.0,1.5
2021-06-24,BRIOCHE,2.0,5.0
2021-06-24,CAFE OU EAU,4.0,1.0
2021-06-24,CAMPAGNE,9.0,1.8
2021-06-24,CEREAL BAGUETTE,19.0,1.25
2021-06-24,CHAUSSON AUX POMMES,4.0,1.4
2021-06-24,COMPLET,8.0,1.5
2021-06-24,COOKIE,9.0,1.0
2021-06-24,COUPE,39.0,0.15
2021-06-24,CROISSANT,32.0,1.1
2021-06-24,CROISSANT AMANDES,9.0,1.4
2021-06-24,DEMI BAGUETTE,1.0,0.45
2021-06-24,ECLAIR,4.0,2.0
2021-06-24,FICELLE,10.0,0.6
2021-06-24,FINANCIER X5,1.0,3.0
2021-06-24,FORMULE SANDWICH,16.0,6.5
2021-06-24,KOUIGN AMANN,5.0,2.1
2021-06-24,MOISSON,5.0,2.0
2021-06-24,PAIN,3.0,1.15
2021-06-24,PAIN AU CHOCOLAT,22.0,1.2
2021-06-24,PAIN AUX RAISINS,6.0,1.3999999999999997
2021-06-24,PAIN BANETTE,5.0,1.4
2021-06-24,QUIM BREAD,4.0,1.0
2021-06-24,SAND JB EMMENTAL,4.0,3.5
2021-06-24,SANDWICH COMPLET,13.0,4.5
2021-06-24,SEIGLE,1.0,1.8
2021-06-24,SPECIAL BREAD,10.0,2.4
2021-06-24,TARTELETTE,7.0,2.0
2021-06-24,TRADITIONAL BAGUETTE,143.0,1.2
2021-06-25,BAGUETTE,23.0,0.9
2021-06-25,BANETTE,24.0,1.05
2021-06-25,BANETTINE,7.0,0.6
2021-06-25,BOISSON 33CL,7.0,1.5
2021-06-25,BOULE 200G,4.0,1.1
2021-06-25,BOULE 400G,8.0,1.5
2021-06-25,BRIOCHE,2.0,5.0
2021-06-25,CAFE OU EAU,5.0,1.0
2021-06-25,CAMPAGNE,7.0,1.8
2021-06-25,CEREAL BAGUETTE,13.0,1.25
2021-06-25,CHAUSSON AUX POMMES,6.0,1.4
2021-06-25,COMPLET,8.0,1.5
2021-06-25,COOKIE,5.0,1.0
2021-06-25,COUPE,38.0,0.15
2021-06-25,CROISSANT,33.0,1.1
2021-06-25,CROISSANT AMANDES,5.0,1.4
2021-06-25,DEMI BAGUETTE,3.0,0.45
2021-06-25,ECLAIR,5.0,2.0
2021-06-25,FICELLE,2.0,0.6
2021-06-25,FINANCIER X5,1.0,3.0
2021-06-25,FORMULE SANDWICH,14.0,6.5
2021-06-25,KOUIGN AMANN,3.0,2.1
2021-06-25,MOISSON,9.0,2.0
2021-06-25,PAIN,3.0,1.15
2021-06-25,PAIN AU CHOCOLAT,33.0,1.2
2021-06-25,PAIN AUX RAISINS,8.0,1.4
2021-06-25,PAIN BANETTE,6.0,1.4
2021-06-25,PAIN CHOCO AMANDES,3.0,1.5
2021-06-25,QUIM BREAD,6.0,1.0
2021-06-25,SAND JB EMMENTAL,2.0,3.5
2021-06-25,SANDWICH COMPLET,10.0,4.5
2021-06-25,SEIGLE,3.0,1.8
2021-06-25,SPECIAL BREAD,9.0,2.4
2021-06-25,TARTELETTE,9.0,2.0
2021-06-25,TRADITIONAL BAGUETTE,138.0,1.2
2021-06-26,BAGUETTE,50.0,0.9
2021-06-26,BANETTE,33.0,1.05
2021-06-26,BANETTINE,3.0,0.6
2021-06-26,BOISSON 33CL,3.0,1.5
2021-06-26,BOULE 200G,7.0,1.1
2021-06-26,BOULE 400G,9.0,1.5
2021-06-26,BRIOCHE,2.0,5.0
2021-06-26,CAFE OU EAU,7.0,1.0
2021-06-26,CAMPAGNE,4.0,1.8
2021-06-26,CEREAL BAGUETTE,30.0,1.25
2021-06-26,CHAUSSON AUX POMMES,4.0,1.3999999999999997
2021-06-26,COMPLET,7.0,1.5
2021-06-26,COOKIE,7.0,1.0
2021-06-26,COUPE,37.0,0.15
2021-06-26,CROISSANT,67.0,1.1
2021-06-26,CROISSANT AMANDES,2.0,1.4
2021-06-26,DEMI BAGUETTE,1.0,0.45
2021-06-26,ECLAIR,6.0,2.0
2021-06-26,FICELLE,7.0,0.6
2021-06-26,FINANCIER X5,3.0,3.0
2021-06-26,FORMULE SANDWICH,2.0,6.5
2021-06-26,KOUIGN AMANN,2.0,2.1
2021-06-26,MOISSON,1.0,2.0
2021-06-26,PAIN,6.0,1.15
2021-06-26,PAIN AU CHOCOLAT,48.0,1.2
2021-06-26,PAIN AUX RAISINS,8.0,1.3999999999999997
2021-06-26,PAIN BANETTE,7.0,1.4
2021-06-26,PAIN CHOCO AMANDES,8.0,1.5
2021-06-26,QUIM BREAD,5.0,1.0
2021-06-26,SAND JB EMMENTAL,2.0,3.5
2021-06-26,SEIGLE,1.0,1.8
2021-06-26,SPECIAL BREAD,7.0,2.4
2021-06-26,TARTELETTE,1.0,2.0
2021-06-26,TRADITIONAL BAGUETTE,217.0,1.2
2021-06-27,BAGUETTE,51.0,0.9000000000000001
2021-06-27,BANETTE,54.0,1.05
2021-06-27,BANETTINE,6.0,0.6
2021-06-27,BOULE 200G,8.0,1.1
2021-06-27,BOULE 400G,11.0,1.5
2021-06-27,BRIOCHE,5.0,5.0
2021-06-27,CAMPAGNE,12.0,1.7999999999999998
2021-06-27,CEREAL BAGUETTE,32.0,1.25
2021-06-27,CHAUSSON AUX POMMES,7.0,1.4
2021-06-27,COMPLET,8.0,1.5
2021-06-27,COOKIE,11.0,1.0
2021-06-27,COUPE,55.0,0.15
2021-06-27,CROISSANT,123.0,1.1
2021-06-27,CROISSANT AMANDES,8.0,1.3999999999999997
2021-06-27,DEMI BAGUETTE,1.0,0.45
2021-06-27,ECLAIR,18.0,2.0
2021-06-27,FICELLE,15.0,0.6
2021-06-27,FINANCIER X5,1.0,3.0
2021-06-27,FORMULE SANDWICH,5.0,6.5
2021-06-27,KOUIGN AMANN,8.0,2.1
2021-06-27,MOISSON,6.0,2.0
2021-06-27,PAIN,8.0,1.15
2021-06-27,PAIN AU CHOCOLAT,84.0,1.2
2021-06-27,PAIN AUX RAISINS,10.0,1.4
2021-06-27,PAIN BANETTE,10.0,1.4
2021-06-27,PAIN CHOCO AMANDES,6.0,1.5
2021-06-27,QUIM BREAD,5.0,1.0
2021-06-27,SAND JB EMMENTAL,1.0,3.5
2021-06-27,SANDWICH COMPLET,2.0,4.5
2021-06-27,SEIGLE,3.0,1.8
2021-06-27,SPECIAL BREAD,13.0,2.4
2021-06-27,TARTELETTE,21.0,2.0
2021-06-27,TRADITIONAL BAGUETTE,358.0,1.2
2021-06-28,BAGUETTE,18.0,0.9
2021-06-28,BANETTE,19.0,1.05
2021-06-28,BANETTINE,7.0,0.6
2021-06-28,BOISSON 33CL,4.0,1.5
2021-06-28,BOULE 200G,4.0,1.1
2021-06-28,BOULE 400G,8.0,1.5
2021-06-28,BRIOCHE,2.0,5.0
2021-06-28,CAFE OU EAU,3.0,1.0
2021-06-28,CAMPAGNE,5.0,1.8
2021-06-28,CEREAL BAGUETTE,15.0,1.25
2021-06-28,CHAUSSON AUX POMMES,6.0,1.4
2021-06-28,COMPLET,8.0,1.5
2021-06-28,COOKIE,1.0,1.0
2021-06-28,COUPE,28.0,0.15
2021-06-28,CROISSANT,29.0,1.1
2021-06-28,CROISSANT AMANDES,7.0,1.4
2021-06-28,DEMI BAGUETTE,1.0,0.45
2021-06-28,FICELLE,7.0,0.6
2021-06-28,FINANCIER X5,1.0,3.0
2021-06-28,FORMULE SANDWICH,15.0,6.5
2021-06-28,KOUIGN AMANN,4.0,2.1
2021-06-28,MOISSON,8.0,2.0
2021-06-28,PAIN,3.0,1.15
2021-06-28,PAIN AU CHOCOLAT,23.0,1.2
2021-06-28,PAIN BANETTE,5.0,1.4
2021-06-28,PAIN CHOCO AMANDES,5.0,1.5
2021-06-28,QUIM BREAD,12.0,1.0
2021-06-28,SAND JB EMMENTAL,2.0,3.5
2021-06-28,SANDWICH COMPLET,9.0,4.5
2021-06-28,SEIGLE,1.0,1.8
2021-06-28,SPECIAL BREAD,5.0,2.4
2021-06-28,TRADITIONAL BAGUETTE,155.0,1.2
2021-06-29,BAGUETTE,27.0,0.9000000000000001
2021-06-29,BANETTE,23.0,1.05
2021-06-29,BANETTINE,2.0,0.6
2021-06-29,BOISSON 33CL,9.0,1.5
2021-06-29,BOULE 200G,3.0,1.1
2021-06-29,BOULE 400G,4.0,1.5
2021-06-29,BRIOCHE,3.0,5.0
2021-06-29,CAFE OU EAU,5.0,1.0
2021-06-29,CAMPAGNE,6.0,1.8
2021-06-29,CEREAL BAGUETTE,6.0,1.25
2021-06-29,CHAUSSON AUX POMMES,4.0,1.3999999999999997
2021-06-29,COMPLET,6.0,1.5
2021-06-29,COOKIE,4.0,1.0
2021-06-29,COUPE,28.0,0.15
2021-06-29,CROISSANT,22.0,1.1
2021-06-29,CROISSANT AMANDES,2.0,1.4
2021-06-29,DEMI BAGUETTE,1.0,0.45
2021-06-29,ECLAIR,5.0,2.0
2021-06-29,FICELLE,7.0,0.6
2021-06-29,FINANCIER X5,1.0,3.0
2021-06-29,FORMULE SANDWICH,15.0,6.5
2021-06-29,KOUIGN AMANN,4.0,2.1
2021-06-29,MOISSON,5.0,2.0
2021-06-29,PAIN,4.0,1.15
2021-06-29,PAIN AU CHOCOLAT,16.0,1.2
2021-06-29,PAIN AUX RAISINS,5.0,1.3999999999999997
2021-06-29,PAIN BANETTE,3.0,1.3999999999999997
2021-06-29,PAIN CHOCO AMANDES,4.0,1.5
2021-06-29,QUIM BREAD,6.0,1.0
2021-06-29,SAND JB EMMENTAL,3.0,3.5
2021-06-29,SANDWICH COMPLET,12.0,4.5
2021-06-29,SEIGLE,3.0,1.8
2021-06-29,SPECIAL BREAD,7.0,2.4
2021-06-29,TARTELETTE,5.0,2.0
2021-06-29,TRADITIONAL BAGUETTE,130.0,1.2
2021-06-30,BAGUETTE,21.0,0.8999999999999999
2021-06-30,BANETTE,29.0,1.05
2021-06-30,BANETTINE,5.0,0.6
2021-06-30,BOISSON 33CL,3.0,1.5
2021-06-30,BOULE 200G,8.0,1.1
2021-06-30,BOULE 400G,4.0,1.5
2021-06-30,BRIOCHE,2.0,5.0
2021-06-30,CAFE OU EAU,2.0,1.0
2021-06-30,CAMPAGNE,7.0,1.8
2021-06-30,CEREAL BAGUETTE,10.0,1.25
2021-06-30,CHAUSSON AUX POMMES,5.0,1.3999999999999997
2021-06-30,COMPLET,8.0,1.5
2021-06-30,COOKIE,2.0,1.0
2021-06-30,COUPE,33.0,0.15
2021-06-30,CROISSANT,19.0,1.1
2021-06-30,CROISSANT AMANDES,4.0,1.3999999999999997
2021-06-30,DEMI BAGUETTE,1.0,0.45
2021-06-30,ECLAIR,4.0,2.0
2021-06-30,FICELLE,7.0,0.6
2021-06-30,FINANCIER X5,1.0,3.0
2021-06-30,FORMULE SANDWICH,15.0,6.5
2021-06-30,MOISSON,10.0,2.0
2021-06-30,PAIN,4.0,1.15
2021-06-30,PAIN AU CHOCOLAT,13.0,1.2
2021-06-30,PAIN AUX RAISINS,4.0,1.3999999999999997
2021-06-30,PAIN BANETTE,2.0,1.4
2021-06-30,PAIN CHOCO AMANDES,1.0,1.5
2021-06-30,QUIM BREAD,6.0,1.0
2021-06-30,SAND JB EMMENTAL,5.0,3.5
2021-06-30,SANDWICH COMPLET,10.0,4.5
2021-06-30,SPECIAL BREAD,7.0,2.4
2021-06-30,TRADITIONAL BAGUETTE,157.0,1.2
2021-07-01,BAGUETTE,27.0,0.9
2021-07-01,BANETTE,30.0,1.05
2021-07-01,BANETTINE,8.0,0.6
2021-07-01,BOISSON 33CL,9.0,1.5
2021-07-01,BOULE 200G,2.0,1.1
2021-07-01,BOULE 400G,7.0,1.5
2021-07-01,BRIOCHE,1.0,5.0
2021-07-01,CAFE OU EAU,4.0,1.0
2021-07-01,CAMPAGNE,11.0,1.7999999999999998
2021-07-01,CEREAL BAGUETTE,12.0,1.25
2021-07-01,CHAUSSON AUX POMMES,6.0,1.4
2021-07-01,COMPLET,4.0,1.5
2021-07-01,COOKIE,6.0,1.0
2021-07-01,COUPE,37.0,0.15
2021-07-01,CROISSANT,29.0,1.1
2021-07-01,CROISSANT AMANDES,5.0,1.4
2021-07-01,DEMI BAGUETTE,3.0,0.45
2021-07-01,FICELLE,7.0,0.6
2021-07-01,FINANCIER X5,3.0,3.0
2021-07-01,FORMULE SANDWICH,15.0,6.5
2021-07-01,KOUIGN AMANN,2.0,2.1
2021-07-01,MOISSON,7.0,2.0
2021-07-01,PAIN,3.0,1.15
2021-07-01,PAIN AU CHOCOLAT,34.0,1.2
2021-07-01,PAIN AUX RAISINS,6.0,1.4
2021-07-01,PAIN BANETTE,4.0,1.3999999999999997
2021-07-01,PAIN CHOCO AMANDES,3.0,1.5
2021-07-01,QUIM BREAD,4.0,1.0
2021-07-01,SAND JB EMMENTAL,1.0,3.5
2021-07-01,SANDWICH COMPLET,9.0,4.5
2021-07-01,SEIGLE,3.0,1.8
2021-07-01,SPECIAL BREAD,8.0,2.4
2021-07-01,TARTELETTE,9.0,2.0
2021-07-01,TRADITIONAL BAGUETTE,140.0,1.2
2021-07-02,BAGUETTE,21.0,0.9
2021-07-02,BANETTE,36.0,1.05
2021-07-02,BANETTINE,5.0,0.6
2021-07-02,BOISSON 33CL,8.0,1.5
2021-07-02,BOULE 200G,3.0,1.1
2021-07-02,BOULE 400G,6.0,1.5
2021-07-02,BRIOCHE,1.0,5.0
2021-07-02,CAMPAGNE,4.0,1.8
2021-07-02,CEREAL BAGUETTE,10.0,1.25
2021-07-02,CHAUSSON AUX POMMES,1.0,1.4
2021-07-02,COMPLET,4.0,1.5
2021-07-02,COOKIE,3.0,1.0
2021-07-02,COUPE,31.0,0.15
2021-07-02,CROISSANT,28.0,1.1
2021-07-02,CROISSANT AMANDES,1.0,1.4
2021-07-02,ECLAIR,4.0,2.0
2021-07-02,FICELLE,6.0,0.6
2021-07-02,FINANCIER X5,1.0,3.0
2021-07-02,FORMULE SANDWICH,16.0,6.5
2021-07-02,KOUIGN AMANN,1.0,2.1
2021-07-02,MOISSON,5.0,2.0
2021-07-02,PAIN,6.0,1.15
2021-07-02,PAIN AU CHOCOLAT,41.0,1.2
2021-07-02,PAIN AUX RAISINS,6.0,1.3999999999999997
2021-07-02,PAIN BANETTE,4.0,1.4
2021-07-02,PAIN CHOCO AMANDES,4.0,1.5
2021-07-02,SAND JB EMMENTAL,4.0,3.5
2021-07-02,SANDWICH COMPLET,7.0,4.5
2021-07-02,SEIGLE,2.0,1.8
2021-07-02,SPECIAL BREAD,10.0,2.4
2021-07-02,TARTELETTE,5.0,2.0
2021-07-02,TRADITIONAL BAGUETTE,137.0,1.2
2021-07-03,BAGUETTE,35.0,0.9
2021-07-03,BANETTE,41.0,1.05
2021-07-03,BANETTINE,3.0,0.6
2021-07-03,BOISSON 33CL,2.0,1.5
2021-07-03,BOULE 200G,9.0,1.1
2021-07-03,BOULE 400G,8.0,1.5
2021-07-03,BRIOCHE,6.0,5.0
2021-07-03,CAFE OU EAU,4.0,1.0
2021-07-03,CAMPAGNE,21.0,1.8
2021-07-03,CEREAL BAGUETTE,17.0,1.25
2021-07-03,COMPLET,9.0,1.5
2021-07-03,COOKIE,9.0,1.0
2021-07-03,COUPE,73.0,0.15
2021-07-03,CROISSANT,62.0,1.1
2021-07-03,CROISSANT AMANDES,3.0,1.3999999999999997
2021-07-03,ECLAIR,8.0,2.0
2021-07-03,FICELLE,10.0,0.6
2021-07-03,FINANCIER X5,5.0,3.0
2021-07-03,MOISSON,9.0,2.0
2021-07-03,PAIN,3.0,1.15
2021-07-03,PAIN AU CHOCOLAT,46.0,1.2
2021-07-03,PAIN AUX RAISINS,6.0,1.4
2021-07-03,PAIN BANETTE,3.0,1.3999999999999997
2021-07-03,PAIN CHOCO AMANDES,4.0,1.5
2021-07-03,QUIM BREAD,5.0,1.0
2021-07-03,SAND JB EMMENTAL,1.0,3.5
2021-07-03,SANDWICH COMPLET,2.0,4.5
2021-07-03,SEIGLE,4.0,1.8
2021-07-03,SPECIAL BREAD,12.0,2.4
2021-07-03,TARTELETTE,7.0,2.0
2021-07-03,TRADITIONAL BAGUETTE,269.0,1.2
2021-07-04,BAGUETTE,58.0,0.9
2021-07-04,BANETTE,68.0,1.05
2021-07-04,BANETTINE,5.0,0.6
2021-07-04,BOISSON 33CL,1.0,1.5
2021-07-04,BOULE 200G,8.0,1.1
2021-07-04,BOULE 400G,9.0,1.5
2021-07-04,BRIOCHE,4.0,5.0
2021-07-04,CAMPAGNE,14.0,1.8
2021-07-04,CEREAL BAGUETTE,21.0,1.25
2021-07-04,CHAUSSON AUX POMMES,5.0,1.3999999999999997
2021-07-04,COMPLET,10.0,1.5
2021-07-04,COOKIE,7.0,1.0
2021-07-04,COUPE,58.0,0.15
2021-07-04,CROISSANT,102.0,1.1
2021-07-04,CROISSANT AMANDES,2.0,1.4
2021-07-04,DEMI BAGUETTE,2.0,0.45
2021-07-04,ECLAIR,22.0,2.0
2021-07-04,FICELLE,10.0,0.6
2021-07-04,FINANCIER X5,1.0,3.0
2021-07-04,FORMULE SANDWICH,2.0,6.5
2021-07-04,KOUIGN AMANN,5.0,2.1
2021-07-04,MOISSON,6.0,2.0
2021-07-04,PAIN,6.0,1.15
2021-07-04,PAIN AU CHOCOLAT,79.0,1.2
2021-07-04,PAIN AUX RAISINS,6.0,1.4
2021-07-04,PAIN BANETTE,6.0,1.3999999999999997
2021-07-04,PAIN CHOCO AMANDES,4.0,1.5
2021-07-04,QUIM BREAD,3.0,1.0
2021-07-04,SANDWICH COMPLET,2.0,4.5
2021-07-04,SEIGLE,4.0,1.8
2021-07-04,SPECIAL BREAD,11.0,2.4
2021-07-04,TARTELETTE,23.0,2.0
2021-07-04,TRADITIONAL BAGUETTE,325.0,1.2
2021-07-05,BAGUETTE,34.0,0.9
2021-07-05,BANETTE,39.0,1.05
2021-07-05,BANETTINE,2.0,0.6
2021-07-05,BOISSON 33CL,7.0,1.5
2021-07-05,BOULE 200G,8.0,1.1
2021-07-05,BOULE 400G,5.0,1.5
2021-07-05,BRIOCHE,5.0,5.0
2021-07-05,CAMPAGNE,9.0,1.8
2021-07-05,CEREAL BAGUETTE,17.0,1.25
2021-07-05,CHAUSSON AUX POMMES,5.0,1.3999999999999997
2021-07-05,COMPLET,8.0,1.5
2021-07-05,COOKIE,10.0,1.0
2021-07-05,COUPE,46.0,0.15
2021-07-05,CROISSANT,35.0,1.1
2021-07-05,CROISSANT AMANDES,7.0,1.4
2021-07-05,DEMI BAGUETTE,1.0,0.45
2021-07-05,ECLAIR,3.0,2.0
2021-07-05,FICELLE,4.0,0.6
2021-07-05,FINANCIER X5,2.0,3.0
2021-07-05,FORMULE SANDWICH,11.0,6.5
2021-07-05,KOUIGN AMANN,4.0,2.1
2021-07-05,MOISSON,8.0,2.0
2021-07-05,PAIN,2.0,1.15
2021-07-05,PAIN AU CHOCOLAT,22.0,1.2
2021-07-05,PAIN AUX RAISINS,6.0,1.4
2021-07-05,PAIN BANETTE,5.0,1.4
2021-07-05,PAIN CHOCO AMANDES,6.0,1.5
2021-07-05,QUIM BREAD,4.0,1.0
2021-07-05,SAND JB EMMENTAL,5.0,3.5
2021-07-05,SANDWICH COMPLET,2.0,4.5
2021-07-05,SEIGLE,3.0,1.8
2021-07-05,SPECIAL BREAD,10.0,2.4
2021-07-05,TARTELETTE,13.0,2.0
2021-07-05,TRADITIONAL BAGUETTE,198.0,1.2
2021-07-06,BAGUETTE,37.0,0.9
2021-07-06,BANETTE,32.0,1.05
2021-07-06,BANETTINE,6.0,0.6
2021-07-06,BOISSON 33CL,4.0,1.5
2021-07-06,BOULE 200G,8.0,1.1
2021-07-06,BOULE 400G,8.0,1.5
2021-07-06,BRIOCHE,2.0,5.0
2021-07-06,CAFE OU EAU,9.0,1.0
2021-07-06,CAMPAGNE,6.0,1.8
2021-07-06,CEREAL BAGUETTE,19.0,1.25
2021-07-06,CHAUSSON AUX POMMES,2.0,1.4
2021-07-06,COMPLET,6.0,1.5
2021-07-06,COOKIE,11.0,1.0
2021-07-06,COUPE,39.0,0.15
2021-07-06,CROISSANT,47.0,1.1
2021-07-06,CROISSANT AMANDES,2.0,1.4
2021-07-06,DEMI BAGUETTE,1.0,0.45
2021-07-06,ECLAIR,13.0,2.0
2021-07-06,FICELLE,2.0,0.6
2021-07-06,FINANCIER X5,2.0,3.0
2021-07-06,FORMULE SANDWICH,21.0,6.5
2021-07-06,KOUIGN AMANN,5.0,2.1
2021-07-06,MOISSON,4.0,2.0
2021-07-06,PAIN,4.0,1.15
2021-07-06,PAIN AU CHOCOLAT,30.0,1.2
2021-07-06,PAIN AUX RAISINS,4.0,1.3999999999999997
2021-07-06,PAIN BANETTE,5.0,1.4
2021-07-06,PAIN CHOCO AMANDES,5.0,1.5
2021-07-06,QUIM BREAD,6.0,1.0
2021-07-06,SAND JB EMMENTAL,3.0,3.5
2021-07-06,SANDWICH COMPLET,7.0,4.5
2021-07-06,SEIGLE,1.0,1.8
2021-07-06,SPECIAL BREAD,8.0,2.4
2021-07-06,TARTELETTE,6.0,2.0
2021-07-06,TRADITIONAL BAGUETTE,169.0,1.2
2021-07-07,BAGUETTE,40.0,0.9
2021-07-07,BANETTE,28.0,1.05
2021-07-07,BANETTINE,4.0,0.6
2021-07-07,BOISSON 33CL,2.0,1.5
2021-07-07,BOULE 200G,5.0,1.1
2021-07-07,BOULE 400G,5.0,1.5
2021-07-07,CAMPAGNE,4.0,1.8
2021-07-07,CEREAL BAGUETTE,11.0,1.25
2021-07-07,CHAUSSON AUX POMMES,6.0,1.4
2021-07-07,COMPLET,7.0,1.5
2021-07-07,COOKIE,4.0,1.0
2021-07-07,COUPE,31.0,0.15
2021-07-07,CROISSANT,29.0,1.1
2021-07-07,CROISSANT AMANDES,8.0,1.3999999999999997
2021-07-07,ECLAIR,8.0,2.0
2021-07-07,FICELLE,6.0,0.6
2021-07-07,FINANCIER X5,6.0,3.0
2021-07-07,FORMULE SANDWICH,17.0,6.5
2021-07-07,KOUIGN AMANN,1.0,2.1
2021-07-07,MOISSON,5.0,2.0
2021-07-07,PAIN,2.0,1.15
2021-07-07,PAIN AU CHOCOLAT,36.0,1.2
2021-07-07,PAIN AUX RAISINS,6.0,1.4
2021-07-07,PAIN BANETTE,3.0,1.3999999999999997
2021-07-07,PAIN CHOCO AMANDES,3.0,1.5
2021-07-07,QUIM BREAD,5.0,1.0
2021-07-07,SAND JB EMMENTAL,4.0,3.5
2021-07-07,SANDWICH COMPLET,5.0,4.5
2021-07-07,SEIGLE,1.0,1.8
2021-07-07,SPECIAL BREAD,8.0,2.4
2021-07-07,TARTELETTE,9.0,2.0
2021-07-07,TRADITIONAL BAGUETTE,200.0,1.2
2021-07-08,BAGUETTE,33.0,0.9
2021-07-08,BANETTE,41.0,1.05
2021-07-08,BANETTINE,6.0,0.6
2021-07-08,BOISSON 33CL,5.0,1.5
2021-07-08,BOULE 200G,3.0,1.1
2021-07-08,BOULE 400G,7.0,1.5
2021-07-08,BRIOCHE,2.0,5.0
2021-07-08,CAFE OU EAU,7.0,1.0
2021-07-08,CAMPAGNE,10.0,1.7999999999999998
2021-07-08,CEREAL BAGUETTE,15.0,1.25
2021-07-08,CHAUSSON AUX POMMES,7.0,1.4
2021-07-08,COMPLET,7.0,1.5
2021-07-08,COOKIE,10.0,1.0
2021-07-08,COUPE,42.0,0.15
2021-07-08,CROISSANT,42.0,1.1
2021-07-08,CROISSANT AMANDES,5.0,1.4
2021-07-08,ECLAIR,8.0,2.0
2021-07-08,FICELLE,6.0,0.6
2021-07-08,FINANCIER X5,4.0,3.0
2021-07-08,FORMULE SANDWICH,10.0,6.5
2021-07-08,KOUIGN AMANN,6.0,2.1
2021-07-08,MOISSON,10.0,2.0
2021-07-08,PAIN,5.0,1.15
2021-07-08,PAIN AU CHOCOLAT,25.0,1.2
2021-07-08,PAIN AUX RAISINS,9.0,1.4
2021-07-08,PAIN BANETTE,4.0,1.4
2021-07-08,PAIN CHOCO AMANDES,2.0,1.5
2021-07-08,QUIM BREAD,5.0,1.0
2021-07-08,SAND JB EMMENTAL,3.0,3.5
2021-07-08,SANDWICH COMPLET,10.0,4.5
2021-07-08,SEIGLE,2.0,1.8
2021-07-08,SPECIAL BREAD,12.0,2.4
2021-07-08,TARTELETTE,5.0,2.0
2021-07-08,TRADITIONAL BAGUETTE,210.0,1.2
2021-07-09,BAGUETTE,36.0,0.9
2021-07-09,BANETTE,47.0,1.05
2021-07-09,BANETTINE,5.0,0.6
2021-07-09,BOISSON 33CL,5.0,1.5
2021-07-09,BOULE 200G,2.0,1.1
2021-07-09,BOULE 400G,11.0,1.5
2021-07-09,BRIOCHE,4.0,5.0
2021-07-09,CAFE OU EAU,2.0,1.0
2021-07-09,CAMPAGNE,11.0,1.8
2021-07-09,CEREAL BAGUETTE,11.0,1.25
2021-07-09,CHAUSSON AUX POMMES,7.0,1.4
2021-07-09,COMPLET,8.0,1.5
2021-07-09,COOKIE,8.0,1.0
2021-07-09,COUPE,57.0,0.15
2021-07-09,CROISSANT,50.0,1.1
2021-07-09,DEMI BAGUETTE,1.0,0.45
2021-07-09,ECLAIR,7.0,2.0
2021-07-09,FICELLE,7.0,0.6
2021-07-09,FINANCIER X5,4.0,3.0
2021-07-09,FORMULE SANDWICH,8.0,6.5
2021-07-09,KOUIGN AMANN,6.0,2.1
2021-07-09,MOISSON,8.0,2.0
2021-07-09,PAIN,4.0,1.15
2021-07-09,PAIN AU CHOCOLAT,37.0,1.2
2021-07-09,PAIN AUX RAISINS,11.0,1.3999999999999997
2021-07-09,PAIN BANETTE,10.0,1.4
2021-07-09,PAIN CHOCO AMANDES,9.0,1.5
2021-07-09,QUIM BREAD,9.0,1.0
2021-07-09,SAND JB EMMENTAL,2.0,3.5
2021-07-09,SANDWICH COMPLET,5.0,4.5
2021-07-09,SEIGLE,5.0,1.8
2021-07-09,SPECIAL BREAD,12.0,2.4
2021-07-09,TARTELETTE,9.0,2.0
2021-07-09,TRADITIONAL BAGUETTE,210.0,1.2
2021-07-10,BAGUETTE,36.0,0.9000000000000001
2021-07-10,BANETTE,56.0,1.05
2021-07-10,BANETTINE,1.0,0.6
2021-07-10,BOISSON 33CL,3.0,1.5
2021-07-10,BOULE 200G,8.0,1.1
2021-07-10,BOULE 400G,14.0,1.5
2021-07-10,BRIOCHE,7.0,5.0
2021-07-10,CAFE OU EAU,6.0,1.0
2021-07-10,CAMPAGNE,16.0,1.7999999999999998
2021-07-10,CEREAL BAGUETTE,25.0,1.25
2021-07-10,CHAUSSON AUX POMMES,4.0,1.3999999999999997
2021-07-10,COMPLET,8.0,1.5
2021-07-10,COOKIE,7.0,1.0
2021-07-10,COUPE,66.0,0.15
2021-07-10,CROISSANT,77.0,1.1
2021-07-10,CROISSANT AMANDES,12.0,1.4
2021-07-10,DEMI BAGUETTE,1.0,0.45
2021-07-10,ECLAIR,7.0,2.0
2021-07-10,FICELLE,6.0,0.6
2021-07-10,FINANCIER X5,1.0,3.0
2021-07-10,FORMULE SANDWICH,4.0,6.5
2021-07-10,KOUIGN AMANN,7.0,2.1
2021-07-10,MOISSON,8.0,2.0
2021-07-10,PAIN,1.0,1.15
2021-07-10,PAIN AU CHOCOLAT,66.0,1.2
2021-07-10,PAIN AUX RAISINS,7.0,1.4
2021-07-10,PAIN BANETTE,8.0,1.4
2021-07-10,QUIM BREAD,22.0,1.0
2021-07-10,SAND JB EMMENTAL,8.0,3.5
2021-07-10,SANDWICH COMPLET,1.0,4.5
2021-07-10,SEIGLE,5.0,1.8
2021-07-10,SPECIAL BREAD,10.0,2.4
2021-07-10,TARTELETTE,1.0,2.0
2021-07-10,TRADITIONAL BAGUETTE,351.0,1.2
2021-07-11,BAGUETTE,75.0,0.9
2021-07-11,BANETTE,87.0,1.05
2021-07-11,BANETTINE,5.0,0.6
2021-07-11,BOISSON 33CL,2.0,1.5
2021-07-11,BOULE 200G,11.0,1.1
2021-07-11,BOULE 400G,19.0,1.5
2021-07-11,BRIOCHE,10.0,5.0
2021-07-11,CAFE OU EAU,8.0,1.0
2021-07-11,CAMPAGNE,15.0,1.8000000000000003
2021-07-11,CEREAL BAGUETTE,21.0,1.25
2021-07-11,CHAUSSON AUX POMMES,5.0,1.3999999999999997
2021-07-11,COMPLET,10.0,1.5
2021-07-11,COOKIE,5.0,1.0
2021-07-11,COUPE,90.0,0.15
2021-07-11,CROISSANT,133.0,1.1
2021-07-11,CROISSANT AMANDES,1.0,1.4
2021-07-11,DEMI BAGUETTE,4.0,0.45
2021-07-11,ECLAIR,30.0,2.0
2021-07-11,FICELLE,7.0,0.6
2021-07-11,FINANCIER X5,5.0,3.0
2021-07-11,KOUIGN AMANN,8.0,2.1
2021-07-11,MOISSON,8.0,2.0
2021-07-11,PAIN,6.0,1.15
2021-07-11,PAIN AU CHOCOLAT,93.0,1.2
2021-07-11,PAIN AUX RAISINS,12.0,1.4
2021-07-11,PAIN BANETTE,8.0,1.4
2021-07-11,PAIN CHOCO AMANDES,7.0,1.5
2021-07-11,QUIM BREAD,2.0,1.0
2021-07-11,SAND JB EMMENTAL,2.0,3.5
2021-07-11,SANDWICH COMPLET,2.0,4.5
2021-07-11,SEIGLE,5.0,1.8
2021-07-11,SPECIAL BREAD,24.0,2.4
2021-07-11,TARTELETTE,24.0,2.0
2021-07-11,TRADITIONAL BAGUETTE,438.0,1.2
2021-07-12,BAGUETTE,49.0,0.9
2021-07-12,BANETTE,80.0,1.05
2021-07-12,BANETTINE,3.0,0.6
2021-07-12,BOISSON 33CL,6.0,1.5
2021-07-12,BOULE 200G,6.0,1.1
2021-07-12,BOULE 400G,16.0,1.5
2021-07-12,BRIOCHE,5.0,5.0
2021-07-12,CAFE OU EAU,3.0,1.0
2021-07-12,CAMPAGNE,10.0,1.7999999999999998
2021-07-12,CEREAL BAGUETTE,27.0,1.25
2021-07-12,CHAUSSON AUX POMMES,8.0,1.4
2021-07-12,COMPLET,8.0,1.5
2021-07-12,COOKIE,15.0,1.0
2021-07-12,COUPE,61.0,0.15
2021-07-12,CROISSANT,63.0,1.1
2021-07-12,CROISSANT AMANDES,5.0,1.4
2021-07-12,DEMI BAGUETTE,3.0,0.45
2021-07-12,ECLAIR,3.0,2.0
2021-07-12,FICELLE,10.0,0.6
2021-07-12,FINANCIER X5,1.0,3.0
2021-07-12,FORMULE SANDWICH,15.0,6.5
2021-07-12,KOUIGN AMANN,7.0,2.1
2021-07-12,MOISSON,8.0,2.0
2021-07-12,PAIN,6.0,1.15
2021-07-12,PAIN AU CHOCOLAT,59.0,1.2
2021-07-12,PAIN AUX RAISINS,10.0,1.4
2021-07-12,PAIN BANETTE,12.0,1.4
2021-07-12,PAIN CHOCO AMANDES,2.0,1.5
2021-07-12,QUIM BREAD,5.0,1.0
2021-07-12,SAND JB EMMENTAL,4.0,3.5
2021-07-12,SANDWICH COMPLET,6.0,4.5
2021-07-12,SEIGLE,2.0,1.8
2021-07-12,SPECIAL BREAD,15.0,2.4
2021-07-12,TARTELETTE,5.0,2.0
2021-07-12,TRADITIONAL BAGUETTE,345.0,1.2
2021-07-13,BAGUETTE,50.0,0.9
2021-07-13,BANETTE,51.0,1.05
2021-07-13,BANETTINE,7.0,0.6
2021-07-13,BOISSON 33CL,3.0,1.5
2021-07-13,BOULE 200G,10.0,1.1
2021-07-13,BOULE 400G,8.0,1.5
2021-07-13,BRIOCHE,6.0,5.0
2021-07-13,CAFE OU EAU,1.0,1.0
2021-07-13,CAMPAGNE,8.0,1.8
2021-07-13,CEREAL BAGUETTE,24.0,1.25
2021-07-13,COMPLET,8.0,1.5
2021-07-13,COOKIE,11.0,1.0
2021-07-13,COUPE,68.0,0.15
2021-07-13,CROISSANT,53.0,1.1
2021-07-13,CROISSANT AMANDES,6.0,1.4
2021-07-13,DEMI BAGUETTE,3.0,0.45
2021-07-13,ECLAIR,6.0,2.0
2021-07-13,FICELLE,14.0,0.6
2021-07-13,FINANCIER X5,3.0,3.0
2021-07-13,FORMULE SANDWICH,11.0,6.5
2021-07-13,KOUIGN AMANN,7.0,2.1
2021-07-13,MOISSON,8.0,2.0
2021-07-13,PAIN,2.0,1.15
2021-07-13,PAIN AU CHOCOLAT,42.0,1.2
2021-07-13,PAIN AUX RAISINS,6.0,1.4
2021-07-13,PAIN BANETTE,8.0,1.4
2021-07-13,QUIM BREAD,3.0,1.0
2021-07-13,SAND JB EMMENTAL,4.0,3.5
2021-07-13,SANDWICH COMPLET,3.0,4.5
2021-07-13,SEIGLE,2.0,1.8
2021-07-13,SPECIAL BREAD,13.0,2.4
2021-07-13,TARTELETTE,9.0,2.0
2021-07-13,TRADITIONAL BAGUETTE,293.0,1.2
2021-07-14,BAGUETTE,63.0,0.8999999999999999
2021-07-14,BANETTE,79.0,1.05
2021-07-14,BANETTINE,2.0,0.6
2021-07-14,BOISSON 33CL,3.0,1.5
2021-07-14,BOULE 200G,6.0,1.1
2021-07-14,BOULE 400G,17.0,1.5
2021-07-14,BRIOCHE,6.0,5.0
2021-07-14,CAFE OU EAU,2.0,1.0
2021-07-14,CAMPAGNE,14.0,1.8000000000000003
2021-07-14,CEREAL BAGUETTE,30.0,1.25
2021-07-14,COMPLET,8.0,1.5
2021-07-14,COOKIE,5.0,1.0
2021-07-14,COUPE,81.0,0.15
2021-07-14,CROISSANT,91.0,1.1
2021-07-14,CROISSANT AMANDES,7.0,1.4
2021-07-14,DEMI BAGUETTE,3.0,0.45
2021-07-14,ECLAIR,17.0,2.0
2021-07-14,FICELLE,13.0,0.6
2021-07-14,FINANCIER X5,3.0,3.0
2021-07-14,FORMULE SANDWICH,3.0,6.5
2021-07-14,KOUIGN AMANN,1.0,2.1
2021-07-14,MOISSON,10.0,2.0
2021-07-14,PAIN,2.0,1.15
2021-07-14,PAIN AU CHOCOLAT,70.0,1.2
2021-07-14,PAIN AUX RAISINS,7.0,1.4
2021-07-14,PAIN BANETTE,8.0,1.4
2021-07-14,PAIN CHOCO AMANDES,1.0,1.5
2021-07-14,QUIM BREAD,2.0,1.0
2021-07-14,SAND JB EMMENTAL,2.0,3.5
2021-07-14,SANDWICH COMPLET,2.0,4.5
2021-07-14,SEIGLE,3.0,1.8
2021-07-14,SPECIAL BREAD,20.0,2.4
2021-07-14,TARTELETTE,14.0,2.0
2021-07-14,TRADITIONAL BAGUETTE,403.0,1.2
2021-07-15,BAGUETTE,49.0,0.9
2021-07-15,BANETTE,59.0,1.05
2021-07-15,BANETTINE,8.0,0.6
2021-07-15,BOULE 200G,6.0,1.1
2021-07-15,BOULE 400G,14.0,1.5
2021-07-15,BRIOCHE,7.0,5.0
2021-07-15,CAFE OU EAU,12.0,1.0
2021-07-15,CAMPAGNE,13.0,1.7999999999999998
2021-07-15,CEREAL BAGUETTE,30.0,1.25
2021-07-15,CHAUSSON AUX POMMES,5.0,1.4
2021-07-15,COMPLET,6.0,1.5
2021-07-15,COOKIE,13.0,1.0
2021-07-15,COUPE,65.0,0.15
2021-07-15,CROISSANT,82.0,1.1
2021-07-15,CROISSANT AMANDES,4.0,1.3999999999999997
2021-07-15,DEMI BAGUETTE,1.0,0.45
2021-07-15,ECLAIR,4.0,2.0
2021-07-15,FICELLE,10.0,0.6
2021-07-15,FINANCIER X5,7.0,3.0
2021-07-15,FORMULE SANDWICH,23.0,6.5
2021-07-15,KOUIGN AMANN,6.0,2.1
2021-07-15,MOISSON,9.0,2.0
2021-07-15,PAIN,4.0,1.15
2021-07-15,PAIN AU CHOCOLAT,59.0,1.2
2021-07-15,PAIN AUX RAISINS,11.0,1.4
2021-07-15,PAIN BANETTE,11.0,1.4
2021-07-15,PAIN CHOCO AMANDES,5.0,1.5
2021-07-15,QUIM BREAD,3.0,1.0
2021-07-15,SAND JB EMMENTAL,12.0,3.5
2021-07-15,SANDWICH COMPLET,4.0,4.5
2021-07-15,SEIGLE,4.0,1.8
2021-07-15,SPECIAL BREAD,13.0,2.4
2021-07-15,TARTELETTE,7.0,2.0
2021-07-15,TRADITIONAL BAGUETTE,335.0,1.2
2021-07-16,BAGUETTE,62.0,0.9
2021-07-16,BANETTE,71.0,1.05
2021-07-16,BANETTINE,6.0,0.6
2021-07-16,BOISSON 33CL,11.0,1.5
2021-07-16,BOULE 200G,7.0,1.1
2021-07-16,BOULE 400G,13.0,1.5
2021-07-16,BRIOCHE,6.0,5.0
2021-07-16,CAFE OU EAU,3.0,1.0
2021-07-16,CAMPAGNE,10.0,1.8
2021-07-16,CEREAL BAGUETTE,22.0,1.25
2021-07-16,CHAUSSON AUX POMMES,7.0,1.4
2021-07-16,COMPLET,8.0,1.5
2021-07-16,COOKIE,3.0,1.0
2021-07-16,COUPE,61.0,0.15
2021-07-16,CROISSANT,64.0,1.1
2021-07-16,CROISSANT AMANDES,6.0,1.4
2021-07-16,DEMI BAGUETTE,2.0,0.45
2021-07-16,ECLAIR,2.0,2.0
2021-07-16,FICELLE,11.0,0.6
2021-07-16,FINANCIER X5,1.0,3.0
2021-07-16,FORMULE SANDWICH,17.0,6.5
2021-07-16,KOUIGN AMANN,3.0,2.1
2021-07-16,MOISSON,8.0,2.0
2021-07-16,PAIN,6.0,1.15
2021-07-16,PAIN AU CHOCOLAT,65.0,1.2
2021-07-16,PAIN AUX RAISINS,7.0,1.4
2021-07-16,PAIN BANETTE,12.0,1.4
2021-07-16,PAIN CHOCO AMANDES,6.0,1.5
2021-07-16,SAND JB EMMENTAL,8.0,3.5
2021-07-16,SANDWICH COMPLET,6.0,4.5
2021-07-16,SEIGLE,2.0,1.8
2021-07-16,SPECIAL BREAD,15.0,2.4
2021-07-16,TARTELETTE,9.0,2.0
2021-07-16,TRADITIONAL BAGUETTE,274.0,1.2
2021-07-17,BAGUETTE,55.0,0.9
2021-07-17,BANETTE,80.0,1.05
2021-07-17,BANETTINE,6.0,0.6
2021-07-17,BOISSON 33CL,5.0,1.5
2021-07-17,BOULE 200G,4.0,1.1
2021-07-17,BOULE 400G,13.0,1.5
2021-07-17,BRIOCHE,11.0,5.0
2021-07-17,CAFE OU EAU,5.0,1.0
2021-07-17,CAMPAGNE,15.0,1.8
2021-07-17,CEREAL BAGUETTE,30.0,1.25
2021-07-17,CHAUSSON AUX POMMES,2.0,1.4
2021-07-17,COMPLET,7.0,1.5
2021-07-17,COOKIE,7.0,1.0
2021-07-17,COUPE,63.0,0.15
2021-07-17,CROISSANT,142.0,1.1
2021-07-17,CROISSANT AMANDES,8.0,1.4
2021-07-17,ECLAIR,9.0,2.0
2021-07-17,FICELLE,8.0,0.6
2021-07-17,FINANCIER X5,1.0,3.0
2021-07-17,FORMULE SANDWICH,6.0,6.5
2021-07-17,KOUIGN AMANN,7.0,2.1
2021-07-17,MOISSON,8.0,2.0
2021-07-17,PAIN,3.0,1.15
2021-07-17,PAIN AU CHOCOLAT,103.0,1.2
2021-07-17,PAIN AUX RAISINS,8.0,1.4
2021-07-17,PAIN BANETTE,15.0,1.4
2021-07-17,PAIN CHOCO AMANDES,4.0,1.5
2021-07-17,QUIM BREAD,13.0,1.0
2021-07-17,SAND JB EMMENTAL,4.0,3.5
2021-07-17,SANDWICH COMPLET,6.0,4.5
2021-07-17,SEIGLE,4.0,1.8
2021-07-17,SPECIAL BREAD,14.0,2.4
2021-07-17,TARTELETTE,4.0,2.0
2021-07-17,TRADITIONAL BAGUETTE,464.0,1.2
2021-07-18,BAGUETTE,105.0,0.9
2021-07-18,BANETTE,82.0,1.05
2021-07-18,BANETTINE,6.0,0.6
2021-07-18,BOISSON 33CL,3.0,1.5
2021-07-18,BOULE 200G,10.0,1.1
2021-07-18,BOULE 400G,31.0,1.5
2021-07-18,BRIOCHE,7.0,5.0
2021-07-18,CAFE OU EAU,4.0,1.0
2021-07-18,CAMPAGNE,19.0,1.8
2021-07-18,CEREAL BAGUETTE,19.0,1.25
2021-07-18,CHAUSSON AUX POMMES,2.0,1.4
2021-07-18,COMPLET,8.0,1.5
2021-07-18,COOKIE,1.0,1.0
2021-07-18,COUPE,110.0,0.15
2021-07-18,CROISSANT,186.0,1.1
2021-07-18,CROISSANT AMANDES,7.0,1.4
2021-07-18,DEMI BAGUETTE,4.0,0.45
2021-07-18,ECLAIR,10.0,2.0
2021-07-18,FICELLE,18.0,0.6
2021-07-18,FINANCIER X5,2.0,3.0
2021-07-18,FORMULE SANDWICH,2.0,6.5
2021-07-18,KOUIGN AMANN,6.0,2.1
2021-07-18,MOISSON,15.0,2.0
2021-07-18,PAIN,6.0,1.15
2021-07-18,PAIN AU CHOCOLAT,120.0,1.2
2021-07-18,PAIN AUX RAISINS,8.0,1.4
2021-07-18,PAIN BANETTE,14.0,1.4
2021-07-18,PAIN CHOCO AMANDES,6.0,1.5
2021-07-18,QUIM BREAD,2.0,1.0
2021-07-18,SEIGLE,5.0,1.8
2021-07-18,SPECIAL BREAD,22.0,2.4
2021-07-18,TARTELETTE,12.0,2.0
2021-07-18,TRADITIONAL BAGUETTE,246.0,1.2
2021-07-19,BAGUETTE,42.0,0.9
2021-07-19,BANETTE,73.0,1.05
2021-07-19,BANETTINE,6.0,0.6
2021-07-19,BOISSON 33CL,7.0,1.5
2021-07-19,BOULE 200G,8.0,1.1
2021-07-19,BOULE 400G,24.0,1.5
2021-07-19,BRIOCHE,5.0,5.0
2021-07-19,CAFE OU EAU,4.0,1.0
2021-07-19,CAMPAGNE,23.0,1.8000000000000003
2021-07-19,CEREAL BAGUETTE,31.0,1.25
2021-07-19,CHAUSSON AUX POMMES,1.0,1.4
2021-07-19,COMPLET,9.0,1.5
2021-07-19,COOKIE,1.0,1.0
2021-07-19,COUPE,75.0,0.15
2021-07-19,CROISSANT,116.0,1.1
2021-07-19,CROISSANT AMANDES,6.0,1.4
2021-07-19,DEMI BAGUETTE,3.0,0.45
2021-07-19,ECLAIR,8.0,2.0
2021-07-19,FICELLE,12.0,0.6
2021-07-19,FINANCIER X5,1.0,3.0
2021-07-19,FORMULE SANDWICH,11.0,6.5
2021-07-19,KOUIGN AMANN,2.0,2.1
2021-07-19,MOISSON,8.0,2.0
2021-07-19,PAIN,7.0,1.15
2021-07-19,PAIN AU CHOCOLAT,43.0,1.2
2021-07-19,PAIN AUX RAISINS,3.0,1.3999999999999997
2021-07-19,PAIN BANETTE,16.0,1.4
2021-07-19,PAIN CHOCO AMANDES,4.0,1.5
2021-07-19,QUIM BREAD,2.0,1.0
2021-07-19,SAND JB EMMENTAL,1.0,3.5
2021-07-19,SANDWICH COMPLET,3.0,4.5
2021-07-19,SEIGLE,2.0,1.8
2021-07-19,SPECIAL BREAD,19.0,2.4
2021-07-19,TARTELETTE,9.0,2.0
2021-07-19,TRADITIONAL BAGUETTE,336.0,1.2
2021-07-20,BAGUETTE,56.0,0.9
2021-07-20,BANETTE,74.0,1.05
2021-07-20,BANETTINE,3.0,0.6
2021-07-20,BOISSON 33CL,22.0,1.5
2021-07-20,BOULE 200G,7.0,1.1
2021-07-20,BOULE 400G,6.0,1.5
2021-07-20,BRIOCHE,3.0,5.0
2021-07-20,CAFE OU EAU,14.0,1.0
2021-07-20,CAMPAGNE,5.0,1.8
2021-07-20,CEREAL BAGUETTE,19.0,1.25
2021-07-20,CHAUSSON AUX POMMES,2.0,1.4
2021-07-20,COMPLET,8.0,1.5
2021-07-20,COOKIE,11.0,1.0
2021-07-20,COUPE,47.0,0.15
2021-07-20,CROISSANT,85.0,1.1
2021-07-20,CROISSANT AMANDES,3.0,1.3999999999999997
2021-07-20,DEMI BAGUETTE,3.0,0.45
2021-07-20,ECLAIR,5.0,2.0
2021-07-20,FICELLE,10.0,0.6
2021-07-20,FORMULE SANDWICH,10.0,6.5
2021-07-20,KOUIGN AMANN,7.0,2.1
2021-07-20,MOISSON,3.0,2.0
2021-07-20,PAIN,2.0,1.15
2021-07-20,PAIN AU CHOCOLAT,65.0,1.2
2021-07-20,PAIN AUX RAISINS,3.0,1.4
2021-07-20,PAIN BANETTE,9.0,1.4
2021-07-20,PAIN CHOCO AMANDES,6.0,1.5
2021-07-20,QUIM BREAD,2.0,1.0
2021-07-20,SAND JB EMMENTAL,10.0,3.5
2021-07-20,SANDWICH COMPLET,5.0,4.5
2021-07-20,SPECIAL BREAD,16.0,2.4
2021-07-20,TARTELETTE,6.0,2.0
2021-07-20,TRADITIONAL BAGUETTE,314.0,1.2
2021-07-21,BAGUETTE,55.0,0.9
2021-07-21,BANETTE,67.0,1.05
2021-07-21,BANETTINE,5.0,0.6
2021-07-21,BOISSON 33CL,18.0,1.5
2021-07-21,BOULE 200G,5.0,1.1
2021-07-21,BOULE 400G,6.0,1.5
2021-07-21,BRIOCHE,6.0,5.0
2021-07-21,CAFE OU EAU,4.0,1.0
2021-07-21,CAMPAGNE,18.0,1.8
2021-07-21,CEREAL BAGUETTE,25.0,1.25
2021-07-21,CHAUSSON AUX POMMES,4.0,1.3999999999999997
2021-07-21,COMPLET,8.0,1.5
2021-07-21,COOKIE,8.0,1.0
2021-07-21,COUPE,62.0,0.15
2021-07-21,CROISSANT,66.0,1.1
2021-07-21,CROISSANT AMANDES,2.0,1.4
2021-07-21,DEMI BAGUETTE,2.0,0.45
2021-07-21,ECLAIR,11.0,2.0
2021-07-21,FICELLE,5.0,0.6
2021-07-21,FINANCIER X5,7.0,3.0
2021-07-21,FORMULE SANDWICH,17.0,6.5
2021-07-21,KOUIGN AMANN,6.0,2.1
2021-07-21,MOISSON,5.0,2.0
2021-07-21,PAIN,5.0,1.15
2021-07-21,PAIN AU CHOCOLAT,32.0,1.2
2021-07-21,PAIN AUX RAISINS,6.0,1.4
2021-07-21,PAIN BANETTE,3.0,1.3999999999999997
2021-07-21,PAIN CHOCO AMANDES,2.0,1.5
2021-07-21,QUIM BREAD,3.0,1.0
2021-07-21,SAND JB EMMENTAL,8.0,3.5
2021-07-21,SANDWICH COMPLET,9.0,4.5
2021-07-21,SEIGLE,4.0,1.8
2021-07-21,SPECIAL BREAD,16.0,2.4
2021-07-21,TARTELETTE,7.0,2.0
2021-07-21,TRADITIONAL BAGUETTE,294.0,1.2
2021-07-22,BAGUETTE,62.0,0.9
2021-07-22,BANETTE,69.0,1.05
2021-07-22,BANETTINE,8.0,0.6
2021-07-22,BOISSON 33CL,10.0,1.5
2021-07-22,BOULE 200G,9.0,1.1
2021-07-22,BOULE 400G,19.0,1.5
2021-07-22,BRIOCHE,3.0,5.0
2021-07-22,CAFE OU EAU,8.0,1.0
2021-07-22,CAMPAGNE,14.0,1.8000000000000003
2021-07-22,CEREAL BAGUETTE,24.0,1.25
2021-07-22,CHAUSSON AUX POMMES,4.0,1.4
2021-07-22,COMPLET,8.0,1.5
2021-07-22,COOKIE,13.0,1.0
2021-07-22,COUPE,71.0,0.15
2021-07-22,CROISSANT,58.0,1.1
2021-07-22,CROISSANT AMANDES,3.0,1.4
2021-07-22,DEMI BAGUETTE,3.0,0.45
2021-07-22,ECLAIR,10.0,2.0
2021-07-22,FICELLE,11.0,0.6
2021-07-22,FINANCIER X5,5.0,3.0
2021-07-22,FORMULE SANDWICH,14.0,6.5
2021-07-22,KOUIGN AMANN,2.0,2.1
2021-07-22,MOISSON,11.0,2.0
2021-07-22,PAIN,5.0,1.15
2021-07-22,PAIN AU CHOCOLAT,68.0,1.2
2021-07-22,PAIN AUX RAISINS,8.0,1.3999999999999997
2021-07-22,PAIN BANETTE,15.0,1.4
2021-07-22,PAIN CHOCO AMANDES,3.0,1.5
2021-07-22,QUIM BREAD,6.0,1.0
2021-07-22,SAND JB EMMENTAL,8.0,3.5
2021-07-22,SANDWICH COMPLET,9.0,4.5
2021-07-22,SEIGLE,4.0,1.8
2021-07-22,SPECIAL BREAD,19.0,2.4
2021-07-22,TARTELETTE,9.0,2.0
2021-07-22,TRADITIONAL BAGUETTE,226.0,1.2
2021-07-23,BAGUETTE,56.0,0.9
2021-07-23,BANETTE,73.0,1.05
2021-07-23,BANETTINE,7.0,0.6
2021-07-23,BOISSON 33CL,7.0,1.5
2021-07-23,BOULE 200G,12.0,1.1
2021-07-23,BOULE 400G,8.0,1.5
2021-07-23,BRIOCHE,9.0,5.0
2021-07-23,CAFE OU EAU,2.0,1.0
2021-07-23,CAMPAGNE,8.0,1.8
2021-07-23,CEREAL BAGUETTE,16.0,1.25
2021-07-23,CHAUSSON AUX POMMES,5.0,1.4
2021-07-23,COMPLET,7.0,1.5
2021-07-23,COOKIE,10.0,1.0
2021-07-23,COUPE,69.0,0.15
2021-07-23,CROISSANT,73.0,1.1
2021-07-23,CROISSANT AMANDES,1.0,1.4
2021-07-23,DEMI BAGUETTE,2.0,0.45
2021-07-23,ECLAIR,4.0,2.0
2021-07-23,FICELLE,14.0,0.6
2021-07-23,FINANCIER X5,3.0,3.0
2021-07-23,FORMULE SANDWICH,12.0,6.5
2021-07-23,KOUIGN AMANN,6.0,2.1
2021-07-23,MOISSON,8.0,2.0
2021-07-23,PAIN,6.0,1.15
2021-07-23,PAIN AU CHOCOLAT,74.0,1.2
2021-07-23,PAIN AUX RAISINS,6.0,1.4
2021-07-23,PAIN BANETTE,12.0,1.4
2021-07-23,PAIN CHOCO AMANDES,5.0,1.5
2021-07-23,QUIM BREAD,7.0,1.0
2021-07-23,SAND JB EMMENTAL,11.0,3.5
2021-07-23,SANDWICH COMPLET,13.0,4.5
2021-07-23,SEIGLE,3.0,1.8
2021-07-23,SPECIAL BREAD,16.0,2.4
2021-07-23,TARTELETTE,30.0,2.0
2021-07-23,TRADITIONAL BAGUETTE,258.0,1.2
2021-07-24,BAGUETTE,59.0,0.9
2021-07-24,BANETTE,81.0,1.05
2021-07-24,BANETTINE,6.0,0.6
2021-07-24,BOISSON 33CL,8.0,1.5
2021-07-24,BOULE 200G,10.0,1.1
2021-07-24,BOULE 400G,13.0,1.5
2021-07-24,BRIOCHE,15.0,5.0
2021-07-24,CAFE OU EAU,5.0,1.0
2021-07-24,CAMPAGNE,14.0,1.8000000000000003
2021-07-24,CEREAL BAGUETTE,25.0,1.25
2021-07-24,CHAUSSON AUX POMMES,7.0,1.4
2021-07-24,COMPLET,9.0,1.5
2021-07-24,COOKIE,12.0,1.0
2021-07-24,COUPE,71.0,0.15
2021-07-24,CROISSANT,118.0,1.1
2021-07-24,CROISSANT AMANDES,2.0,1.4
2021-07-24,DEMI BAGUETTE,3.0,0.45
2021-07-24,ECLAIR,11.0,2.0
2021-07-24,FICELLE,14.0,0.6
2021-07-24,FINANCIER X5,7.0,3.0
2021-07-24,FORMULE SANDWICH,4.0,6.5
2021-07-24,KOUIGN AMANN,11.0,2.1
2021-07-24,MOISSON,7.0,2.0
2021-07-24,PAIN,5.0,1.15
2021-07-24,PAIN AU CHOCOLAT,112.0,1.2
2021-07-24,PAIN AUX RAISINS,8.0,1.4
2021-07-24,PAIN BANETTE,10.0,1.4
2021-07-24,PAIN CHOCO AMANDES,7.0,1.5
2021-07-24,QUIM BREAD,16.0,1.0
2021-07-24,SAND JB EMMENTAL,2.0,3.5
2021-07-24,SANDWICH COMPLET,2.0,4.5
2021-07-24,SEIGLE,4.0,1.8
2021-07-24,SPECIAL BREAD,13.0,2.4
2021-07-24,TARTELETTE,8.0,2.0
2021-07-24,TRADITIONAL BAGUETTE,384.0,1.2
2021-07-25,BAGUETTE,89.0,0.9
2021-07-25,BANETTE,81.0,1.05
2021-07-25,BANETTINE,6.0,0.6
2021-07-25,BOISSON 33CL,3.0,1.5
2021-07-25,BOULE 200G,8.0,1.1
2021-07-25,BOULE 400G,19.0,1.5
2021-07-25,BRIOCHE,8.0,5.0
2021-07-25,CAFE OU EAU,1.0,1.0
2021-07-25,CAMPAGNE,20.0,1.8
2021-07-25,CEREAL BAGUETTE,25.0,1.25
2021-07-25,CHAUSSON AUX POMMES,10.0,1.4
2021-07-25,COMPLET,4.0,1.5
2021-07-25,COOKIE,7.0,1.0
2021-07-25,COUPE,94.0,0.15
2021-07-25,CROISSANT,149.0,1.1
2021-07-25,CROISSANT AMANDES,7.0,1.3999999999999997
2021-07-25,DEMI BAGUETTE,2.0,0.45
2021-07-25,ECLAIR,15.0,2.0
2021-07-25,FICELLE,18.0,0.6
2021-07-25,FINANCIER X5,2.0,3.0
2021-07-25,FORMULE SANDWICH,4.0,6.5
2021-07-25,KOUIGN AMANN,9.0,2.1
2021-07-25,MOISSON,15.0,2.0
2021-07-25,PAIN,7.0,1.15
2021-07-25,PAIN AU CHOCOLAT,112.0,1.2
2021-07-25,PAIN AUX RAISINS,4.0,1.4
2021-07-25,PAIN BANETTE,13.0,1.4
2021-07-25,PAIN CHOCO AMANDES,5.0,1.5
2021-07-25,QUIM BREAD,5.0,1.0
2021-07-25,SAND JB EMMENTAL,2.0,3.5
2021-07-25,SANDWICH COMPLET,1.0,4.5
2021-07-25,SEIGLE,3.0,1.8
2021-07-25,SPECIAL BREAD,22.0,2.4
2021-07-25,TARTELETTE,35.0,2.0
2021-07-25,TRADITIONAL BAGUETTE,439.0,1.2
2021-07-26,BAGUETTE,56.0,0.9
2021-07-26,BANETTE,80.0,1.05
2021-07-26,BANETTINE,6.0,0.6
2021-07-26,BOISSON 33CL,7.0,1.5
2021-07-26,BOULE 200G,7.0,1.1
2021-07-26,BOULE 400G,16.0,1.5
2021-07-26,BRIOCHE,7.0,5.0
2021-07-26,CAFE OU EAU,7.0,1.0
2021-07-26,CAMPAGNE,12.0,1.8
2021-07-26,CEREAL BAGUETTE,23.0,1.25
2021-07-26,CHAUSSON AUX POMMES,5.0,1.4
2021-07-26,COMPLET,8.0,1.5
2021-07-26,COOKIE,8.0,1.0
2021-07-26,COUPE,63.0,0.15
2021-07-26,CROISSANT,73.0,1.1
2021-07-26,CROISSANT AMANDES,8.0,1.4
2021-07-26,DEMI BAGUETTE,4.0,0.45
2021-07-26,ECLAIR,11.0,2.0
2021-07-26,FICELLE,7.0,0.6
2021-07-26,FINANCIER X5,3.0,3.0
2021-07-26,FORMULE SANDWICH,14.0,6.5
2021-07-26,KOUIGN AMANN,2.0,2.1
2021-07-26,MOISSON,8.0,2.0
2021-07-26,PAIN,4.0,1.15
2021-07-26,PAIN AU CHOCOLAT,44.0,1.2
2021-07-26,PAIN AUX RAISINS,3.0,1.4
2021-07-26,PAIN BANETTE,9.0,1.4
2021-07-26,PAIN CHOCO AMANDES,7.0,1.5
2021-07-26,QUIM BREAD,5.0,1.0
2021-07-26,SAND JB EMMENTAL,6.0,3.5
2021-07-26,SANDWICH COMPLET,5.0,4.5
2021-07-26,SEIGLE,3.0,1.8
2021-07-26,SPECIAL BREAD,20.0,2.4
2021-07-26,TARTELETTE,13.0,2.0
2021-07-26,TRADITIONAL BAGUETTE,357.0,1.2
2021-07-27,BAGUETTE,39.0,0.9
2021-07-27,BANETTE,74.0,1.05
2021-07-27,BANETTINE,6.0,0.6
2021-07-27,BOISSON 33CL,8.0,1.5
2021-07-27,BOULE 200G,7.0,1.1
2021-07-27,BOULE 400G,17.0,1.5
2021-07-27,BRIOCHE,9.0,5.0
2021-07-27,CAFE OU EAU,2.0,1.0
2021-07-27,CAMPAGNE,17.0,1.8
2021-07-27,CEREAL BAGUETTE,28.0,1.25
2021-07-27,CHAUSSON AUX POMMES,4.0,1.3999999999999997
2021-07-27,COMPLET,8.0,1.5
2021-07-27,COOKIE,10.0,1.0
2021-07-27,COUPE,77.0,0.15
2021-07-27,CROISSANT,59.0,1.1
2021-07-27,CROISSANT AMANDES,5.0,1.4
2021-07-27,DEMI BAGUETTE,3.0,0.45
2021-07-27,ECLAIR,1.0,2.0
2021-07-27,FICELLE,13.0,0.6
2021-07-27,FINANCIER X5,2.0,3.0
2021-07-27,FORMULE SANDWICH,9.0,6.5
2021-07-27,KOUIGN AMANN,2.0,2.1
2021-07-27,MOISSON,7.0,2.0
2021-07-27,PAIN,2.0,1.15
2021-07-27,PAIN AU CHOCOLAT,35.0,1.2
2021-07-27,PAIN AUX RAISINS,7.0,1.3999999999999997
2021-07-27,PAIN BANETTE,11.0,1.4
2021-07-27,PAIN CHOCO AMANDES,7.0,1.5
2021-07-27,QUIM BREAD,4.0,1.0
2021-07-27,SAND JB EMMENTAL,3.0,3.5
2021-07-27,SANDWICH COMPLET,2.0,4.5
2021-07-27,SEIGLE,3.0,1.8
2021-07-27,SPECIAL BREAD,19.0,2.4
2021-07-27,TARTELETTE,2.0,2.0
2021-07-27,TRADITIONAL BAGUETTE,289.0,1.2
2021-07-28,BAGUETTE,48.0,0.9
2021-07-28,BANETTE,79.0,1.05
2021-07-28,BANETTINE,5.0,0.6
2021-07-28,BOISSON 33CL,2.0,1.5
2021-07-28,BOULE 200G,5.0,1.1
2021-07-28,BOULE 400G,8.0,1.5
2021-07-28,BRIOCHE,4.0,5.0
2021-07-28,CAFE OU EAU,1.0,1.0
2021-07-28,CAMPAGNE,7.0,1.8
2021-07-28,CEREAL BAGUETTE,25.0,1.25
2021-07-28,CHAUSSON AUX POMMES,2.0,1.4
2021-07-28,COMPLET,8.0,1.5
2021-07-28,COOKIE,13.0,1.0
2021-07-28,COUPE,55.0,0.15
2021-07-28,CROISSANT,93.0,1.1
2021-07-28,CROISSANT AMANDES,5.0,1.4
2021-07-28,DEMI BAGUETTE,5.0,0.45
2021-07-28,ECLAIR,7.0,2.0
2021-07-28,FICELLE,15.0,0.6
2021-07-28,FINANCIER X5,5.0,3.0
2021-07-28,FORMULE SANDWICH,12.0,6.5
2021-07-28,KOUIGN AMANN,7.0,2.1
2021-07-28,MOISSON,8.0,2.0
2021-07-28,PAIN,4.0,1.15
2021-07-28,PAIN AU CHOCOLAT,64.0,1.2
2021-07-28,PAIN AUX RAISINS,6.0,1.4
2021-07-28,PAIN BANETTE,2.0,1.4
2021-07-28,PAIN CHOCO AMANDES,6.0,1.5
2021-07-28,QUIM BREAD,9.0,1.0
2021-07-28,SAND JB EMMENTAL,2.0,3.5
2021-07-28,SANDWICH COMPLET,6.0,4.5
2021-07-28,SEIGLE,2.0,1.8
2021-07-28,SPECIAL BREAD,12.0,2.4
2021-07-28,TARTELETTE,4.0,2.0
2021-07-28,TRADITIONAL BAGUETTE,311.0,1.2
2021-07-29,BAGUETTE,56.0,0.9
2021-07-29,BANETTE,87.0,1.05
2021-07-29,BANETTINE,2.0,0.6
2021-07-29,BOISSON 33CL,8.0,1.5
2021-07-29,BOULE 200G,4.0,1.1
2021-07-29,BOULE 400G,12.0,1.5
2021-07-29,BRIOCHE,7.0,5.0
2021-07-29,CAFE OU EAU,1.0,1.0
2021-07-29,CAMPAGNE,10.0,1.8
2021-07-29,CEREAL BAGUETTE,21.0,1.25
2021-07-29,CHAUSSON AUX POMMES,1.0,1.4
2021-07-29,COMPLET,6.0,1.5
2021-07-29,COOKIE,9.0,1.0
2021-07-29,COUPE,56.0,0.15
2021-07-29,CROISSANT,53.0,1.1
2021-07-29,CROISSANT AMANDES,4.0,1.3999999999999997
2021-07-29,DEMI BAGUETTE,1.0,0.45
2021-07-29,ECLAIR,9.0,2.0
2021-07-29,FICELLE,8.0,0.6
2021-07-29,FINANCIER X5,3.0,3.0
2021-07-29,FORMULE SANDWICH,12.0,6.5
2021-07-29,KOUIGN AMANN,7.0,2.1
2021-07-29,MOISSON,1.0,2.0
2021-07-29,PAIN,6.0,1.15
2021-07-29,PAIN AU CHOCOLAT,40.0,1.2
2021-07-29,PAIN AUX RAISINS,6.0,1.4
2021-07-29,PAIN BANETTE,7.0,1.3999999999999997
2021-07-29,PAIN CHOCO AMANDES,6.0,1.5
2021-07-29,QUIM BREAD,10.0,1.0
2021-07-29,SAND JB EMMENTAL,7.0,3.5
2021-07-29,SANDWICH COMPLET,3.0,4.5
2021-07-29,SEIGLE,6.0,1.8
2021-07-29,SPECIAL BREAD,7.0,2.4
2021-07-29,TARTELETTE,6.0,2.0
2021-07-29,TRADITIONAL BAGUETTE,315.0,1.2
2021-07-30,BAGUETTE,63.0,0.9
2021-07-30,BANETTE,67.0,1.05
2021-07-30,BANETTINE,6.0,0.6
2021-07-30,BOISSON 33CL,3.0,1.5
2021-07-30,BOULE 200G,5.0,1.1
2021-07-30,BOULE 400G,14.0,1.5
2021-07-30,BRIOCHE,6.0,5.0
2021-07-30,CAFE OU EAU,1.0,1.0
2021-07-30,CAMPAGNE,9.0,1.8
2021-07-30,CEREAL BAGUETTE,17.0,1.25
2021-07-30,CHAUSSON AUX POMMES,5.0,1.4
2021-07-30,COMPLET,6.0,1.5
2021-07-30,COOKIE,5.0,1.0
2021-07-30,COUPE,97.0,0.15
2021-07-30,CROISSANT,53.0,1.1
2021-07-30,CROISSANT AMANDES,7.0,1.4
2021-07-30,DEMI BAGUETTE,3.0,0.45
2021-07-30,ECLAIR,6.0,2.0
2021-07-30,FICELLE,6.0,0.6
2021-07-30,FINANCIER X5,5.0,3.0
2021-07-30,FORMULE SANDWICH,7.0,6.5
2021-07-30,KOUIGN AMANN,9.0,2.1
2021-07-30,MOISSON,8.0,2.0
2021-07-30,PAIN,4.0,1.15
2021-07-30,PAIN AU CHOCOLAT,61.0,1.2
2021-07-30,PAIN AUX RAISINS,8.0,1.4
2021-07-30,PAIN BANETTE,7.0,1.3999999999999997
2021-07-30,PAIN CHOCO AMANDES,4.0,1.5
2021-07-30,QUIM BREAD,6.0,1.0
2021-07-30,SAND JB EMMENTAL,4.0,3.5
2021-07-30,SANDWICH COMPLET,5.0,4.5
2021-07-30,SEIGLE,27.0,1.8
2021-07-30,SPECIAL BREAD,11.0,2.4
2021-07-30,TARTELETTE,8.0,2.0
2021-07-30,TRADITIONAL BAGUETTE,312.0,1.2
2021-07-31,BAGUETTE,50.0,0.9
2021-07-31,BANETTE,86.0,1.05
2021-07-31,BANETTINE,4.0,0.6
2021-07-31,BOISSON 33CL,2.0,1.5
2021-07-31,BOULE 200G,6.0,1.1
2021-07-31,BOULE 400G,12.0,1.5
2021-07-31,BRIOCHE,14.0,5.0
2021-07-31,CAFE OU EAU,4.0,1.0
2021-07-31,CAMPAGNE,14.0,1.8
2021-07-31,CEREAL BAGUETTE,21.0,1.25
2021-07-31,CHAUSSON AUX POMMES,11.0,1.4
2021-07-31,COMPLET,9.0,1.5
2021-07-31,COOKIE,10.0,1.0
2021-07-31,COUPE,69.0,0.15
2021-07-31,CROISSANT,83.0,1.1
2021-07-31,CROISSANT AMANDES,9.0,1.4
2021-07-31,ECLAIR,7.0,2.0
2021-07-31,FICELLE,5.0,0.6
2021-07-31,FINANCIER X5,3.0,3.0
2021-07-31,FORMULE SANDWICH,6.0,6.5
2021-07-31,KOUIGN AMANN,6.0,2.1
2021-07-31,MOISSON,8.0,2.0
2021-07-31,PAIN,1.0,1.15
2021-07-31,PAIN AU CHOCOLAT,88.0,1.2
2021-07-31,PAIN AUX RAISINS,2.0,1.4
2021-07-31,PAIN BANETTE,10.0,1.4
2021-07-31,PAIN CHOCO AMANDES,2.0,1.5
2021-07-31,QUIM BREAD,10.0,1.0
2021-07-31,SAND JB EMMENTAL,1.0,3.5
2021-07-31,SANDWICH COMPLET,1.0,4.5
2021-07-31,SEIGLE,5.0,1.8
2021-07-31,SPECIAL BREAD,15.0,2.4
2021-07-31,TARTELETTE,13.0,2.0
2021-07-31,TRADITIONAL BAGUETTE,394.0,1.2
2021-08-01,BAGUETTE,78.0,0.9
2021-08-01,BANETTE,83.0,1.05
2021-08-01,BANETTINE,3.0,0.6
2021-08-01,BOULE 200G,10.0,1.1
2021-08-01,BOULE 400G,16.0,1.5
2021-08-01,BRIOCHE,8.0,5.0
2021-08-01,CAMPAGNE,14.0,1.8000000000000003
2021-08-01,CEREAL BAGUETTE,22.0,1.25
2021-08-01,CHAUSSON AUX POMMES,4.0,1.3999999999999997
2021-08-01,COMPLET,7.0,1.5
2021-08-01,COOKIE,6.0,1.0
2021-08-01,COUPE,85.0,0.15
2021-08-01,CROISSANT,135.0,1.1
2021-08-01,CROISSANT AMANDES,2.0,1.4
2021-08-01,DEMI BAGUETTE,3.0,0.45
2021-08-01,ECLAIR,24.0,2.0
2021-08-01,FICELLE,17.0,0.6
2021-08-01,FINANCIER X5,1.0,3.0
2021-08-01,FORMULE SANDWICH,2.0,6.5
2021-08-01,KOUIGN AMANN,21.0,2.1
2021-08-01,MOISSON,9.0,2.0
2021-08-01,PAIN,5.0,1.15
2021-08-01,PAIN AU CHOCOLAT,104.0,1.2
2021-08-01,PAIN AUX RAISINS,6.0,1.4
2021-08-01,PAIN BANETTE,10.0,1.4
2021-08-01,PAIN CHOCO AMANDES,8.0,1.5
2021-08-01,QUIM BREAD,7.0,1.0
2021-08-01,SAND JB EMMENTAL,1.0,3.5
2021-08-01,SANDWICH COMPLET,1.0,4.5
2021-08-01,SEIGLE,3.0,1.8
2021-08-01,SPECIAL BREAD,22.0,2.4
2021-08-01,TARTELETTE,24.0,2.0
2021-08-01,TRADITIONAL BAGUETTE,489.0,1.2
2021-08-02,BAGUETTE,69.0,0.9
2021-08-02,BANETTE,88.0,1.05
2021-08-02,BANETTINE,6.0,0.6
2021-08-02,BOISSON 33CL,4.0,1.5
2021-08-02,BOULE 200G,2.0,1.1
2021-08-02,BOULE 400G,16.0,1.5
2021-08-02,BRIOCHE,6.0,5.0
2021-08-02,CAFE OU EAU,1.0,1.0
2021-08-02,CAMPAGNE,17.0,1.8
2021-08-02,CEREAL BAGUETTE,21.0,1.25
2021-08-02,CHAUSSON AUX POMMES,2.0,1.4
2021-08-02,COMPLET,7.0,1.5
2021-08-02,COOKIE,3.0,1.0
2021-08-02,COUPE,56.0,0.15
2021-08-02,CROISSANT,113.0,1.1
2021-08-02,CROISSANT AMANDES,5.0,1.3999999999999997
2021-08-02,DEMI BAGUETTE,5.0,0.45
2021-08-02,ECLAIR,10.0,2.0
2021-08-02,FICELLE,15.0,0.6
2021-08-02,FINANCIER X5,1.0,3.0
2021-08-02,FORMULE SANDWICH,11.0,6.5
2021-08-02,KOUIGN AMANN,2.0,2.1
2021-08-02,MOISSON,7.0,2.0
2021-08-02,PAIN,3.0,1.15
2021-08-02,PAIN AU CHOCOLAT,109.0,1.2
2021-08-02,PAIN AUX RAISINS,6.0,1.3999999999999997
2021-08-02,PAIN BANETTE,10.0,1.4
2021-08-02,PAIN CHOCO AMANDES,3.0,1.5
2021-08-02,QUIM BREAD,5.0,1.0
2021-08-02,SAND JB EMMENTAL,2.0,3.5
2021-08-02,SANDWICH COMPLET,1.0,4.5
2021-08-02,SEIGLE,3.0,1.8
2021-08-02,SPECIAL BREAD,14.0,2.4
2021-08-02,TARTELETTE,10.0,2.0
2021-08-02,TRADITIONAL BAGUETTE,357.0,1.2
2021-08-03,BAGUETTE,84.0,0.9
2021-08-03,BANETTE,91.0,1.05
2021-08-03,BANETTINE,6.0,0.6
2021-08-03,BOISSON 33CL,5.0,1.5
2021-08-03,BOULE 200G,10.0,1.1
2021-08-03,BOULE 400G,18.0,1.5
2021-08-03,BRIOCHE,8.0,5.0
2021-08-03,CAFE OU EAU,8.0,1.0
2021-08-03,CAMPAGNE,19.0,1.8
2021-08-03,CEREAL BAGUETTE,30.0,1.25
2021-08-03,CHAUSSON AUX POMMES,6.0,1.4
2021-08-03,COMPLET,8.0,1.5
2021-08-03,COOKIE,11.0,1.0
2021-08-03,COUPE,87.0,0.15
2021-08-03,CROISSANT,103.0,1.1
2021-08-03,CROISSANT AMANDES,4.0,1.4
2021-08-03,DEMI BAGUETTE,2.0,0.45
2021-08-03,ECLAIR,15.0,2.0
2021-08-03,FICELLE,14.0,0.6
2021-08-03,FINANCIER X5,5.0,3.0
2021-08-03,FORMULE SANDWICH,5.0,6.5
2021-08-03,KOUIGN AMANN,4.0,2.1
2021-08-03,MOISSON,8.0,2.0
2021-08-03,PAIN,6.0,1.15
2021-08-03,PAIN AU CHOCOLAT,96.0,1.2
2021-08-03,PAIN AUX RAISINS,8.0,1.4
2021-08-03,PAIN BANETTE,12.0,1.4
2021-08-03,PAIN CHOCO AMANDES,7.0,1.5
2021-08-03,QUIM BREAD,2.0,1.0
2021-08-03,SAND JB EMMENTAL,2.0,3.5
2021-08-03,SANDWICH COMPLET,8.0,4.5
2021-08-03,SEIGLE,3.0,1.8
2021-08-03,SPECIAL BREAD,22.0,2.4
2021-08-03,TARTELETTE,17.0,2.0
2021-08-03,TRADITIONAL BAGUETTE,338.0,1.2
2021-08-04,BAGUETTE,57.0,0.9000000000000001
2021-08-04,BANETTE,56.0,1.05
2021-08-04,BANETTINE,2.0,0.6
2021-08-04,BOISSON 33CL,4.0,1.5
2021-08-04,BOULE 200G,2.0,1.1
2021-08-04,BOULE 400G,9.0,1.5
2021-08-04,BRIOCHE,4.0,5.0
2021-08-04,CAFE OU EAU,1.0,1.0
2021-08-04,CAMPAGNE,10.0,1.8
2021-08-04,CEREAL BAGUETTE,25.0,1.25
2021-08-04,CHAUSSON AUX POMMES,9.0,1.4
2021-08-04,COMPLET,8.0,1.5
2021-08-04,COOKIE,16.0,1.0
2021-08-04,COUPE,42.0,0.15
2021-08-04,CROISSANT,58.0,1.1
2021-08-04,CROISSANT AMANDES,6.0,1.3999999999999997
2021-08-04,DEMI BAGUETTE,2.0,0.45
2021-08-04,ECLAIR,8.0,2.0
2021-08-04,FICELLE,8.0,0.6
2021-08-04,FINANCIER X5,5.0,3.0
2021-08-04,FORMULE SANDWICH,5.0,6.5
2021-08-04,KOUIGN AMANN,15.0,2.1
2021-08-04,MOISSON,6.0,2.0
2021-08-04,PAIN,3.0,1.15
2021-08-04,PAIN AU CHOCOLAT,74.0,1.2
2021-08-04,PAIN AUX RAISINS,7.0,1.4
2021-08-04,PAIN BANETTE,12.0,1.4
2021-08-04,PAIN CHOCO AMANDES,6.0,1.5
2021-08-04,QUIM BREAD,2.0,1.0
2021-08-04,SAND JB EMMENTAL,4.0,3.5
2021-08-04,SANDWICH COMPLET,2.0,4.5
2021-08-04,SEIGLE,3.0,1.8
2021-08-04,SPECIAL BREAD,15.0,2.4
2021-08-04,TARTELETTE,4.0,2.0
2021-08-04,TRADITIONAL BAGUETTE,336.0,1.2
2021-08-05,BAGUETTE,46.0,0.9000000000000001
2021-08-05,BANETTE,60.0,1.05
2021-08-05,BANETTINE,5.0,0.6
2021-08-05,BOISSON 33CL,12.0,1.5
2021-08-05,BOULE 200G,7.0,1.1
2021-08-05,BOULE 400G,14.0,1.5
2021-08-05,BRIOCHE,9.0,5.0
2021-08-05,CAFE OU EAU,2.0,1.0
2021-08-05,CAMPAGNE,15.0,1.8
2021-08-05,CEREAL BAGUETTE,21.0,1.25
2021-08-05,COMPLET,8.0,1.5
2021-08-05,COOKIE,10.0,1.0
2021-08-05,COUPE,78.0,0.15
2021-08-05,CROISSANT,62.0,1.1
2021-08-05,CROISSANT AMANDES,2.0,1.4
2021-08-05,DEMI BAGUETTE,2.0,0.45
2021-08-05,ECLAIR,9.0,2.0
2021-08-05,FICELLE,12.0,0.6
2021-08-05,FINANCIER X5,6.0,3.0
2021-08-05,FORMULE SANDWICH,13.0,6.5
2021-08-05,KOUIGN AMANN,10.0,2.1
2021-08-05,MOISSON,9.0,2.0
2021-08-05,PAIN,2.0,1.15
2021-08-05,PAIN AU CHOCOLAT,55.0,1.2
2021-08-05,PAIN AUX RAISINS,6.0,1.3999999999999997
2021-08-05,PAIN BANETTE,8.0,1.4
2021-08-05,PAIN CHOCO AMANDES,2.0,1.5
2021-08-05,QUIM BREAD,8.0,1.0
2021-08-05,SAND JB EMMENTAL,2.0,3.5
2021-08-05,SANDWICH COMPLET,5.0,4.5
2021-08-05,SEIGLE,3.0,1.8
2021-08-05,SPECIAL BREAD,17.0,2.4
2021-08-05,TARTELETTE,12.0,2.0
2021-08-05,TRADITIONAL BAGUETTE,377.0,1.2
2021-08-06,BAGUETTE,51.0,0.9
2021-08-06,BANETTE,64.0,1.05
2021-08-06,BANETTINE,6.0,0.6
2021-08-06,BOISSON 33CL,9.0,1.5
2021-08-06,BOULE 200G,5.0,1.1
2021-08-06,BOULE 400G,3.0,1.5
2021-08-06,BRIOCHE,2.0,5.0
2021-08-06,CAFE OU EAU,11.0,1.0
2021-08-06,CAMPAGNE,14.0,1.8
2021-08-06,CEREAL BAGUETTE,19.0,1.25
2021-08-06,CHAUSSON AUX POMMES,11.0,1.4
2021-08-06,COMPLET,8.0,1.5
2021-08-06,COOKIE,21.0,1.0
2021-08-06,COUPE,59.0,0.15
2021-08-06,CROISSANT,71.0,1.1
2021-08-06,CROISSANT AMANDES,7.0,1.3999999999999997
2021-08-06,DEMI BAGUETTE,3.0,0.45
2021-08-06,ECLAIR,17.0,2.0
2021-08-06,FICELLE,12.0,0.6
2021-08-06,FINANCIER X5,7.0,3.0
2021-08-06,FORMULE SANDWICH,6.0,6.5
2021-08-06,KOUIGN AMANN,9.0,2.1
2021-08-06,MOISSON,10.0,2.0
2021-08-06,PAIN,3.0,1.15
2021-08-06,PAIN AU CHOCOLAT,74.0,1.2
2021-08-06,PAIN AUX RAISINS,3.0,1.3999999999999997
2021-08-06,PAIN BANETTE,11.0,1.4
2021-08-06,PAIN CHOCO AMANDES,6.0,1.5
2021-08-06,QUIM BREAD,2.0,1.0
2021-08-06,SAND JB EMMENTAL,6.0,3.5
2021-08-06,SANDWICH COMPLET,3.0,4.5
2021-08-06,SEIGLE,3.0,1.8
2021-08-06,SPECIAL BREAD,20.0,2.4
2021-08-06,TARTELETTE,6.0,2.0
2021-08-06,TRADITIONAL BAGUETTE,317.0,1.2
2021-08-07,BAGUETTE,64.0,0.9
2021-08-07,BANETTE,94.0,1.05
2021-08-07,BANETTINE,5.0,0.6
2021-08-07,BOISSON 33CL,5.0,1.5
2021-08-07,BOULE 200G,5.0,1.1
2021-08-07,BOULE 400G,11.0,1.5
2021-08-07,BRIOCHE,13.0,5.0
2021-08-07,CAFE OU EAU,5.0,1.0
2021-08-07,CAMPAGNE,15.0,1.8
2021-08-07,CEREAL BAGUETTE,20.0,1.25
2021-08-07,CHAUSSON AUX POMMES,3.0,1.4
2021-08-07,COMPLET,8.0,1.5
2021-08-07,COOKIE,11.0,1.0
2021-08-07,COUPE,74.0,0.15
2021-08-07,CROISSANT,76.0,1.1
2021-08-07,CROISSANT AMANDES,3.0,1.4
2021-08-07,DEMI BAGUETTE,4.0,0.45
2021-08-07,ECLAIR,11.0,2.0
2021-08-07,FICELLE,15.0,0.6
2021-08-07,FINANCIER X5,3.0,3.0
2021-08-07,FORMULE SANDWICH,14.0,6.5
2021-08-07,KOUIGN AMANN,7.0,2.1
2021-08-07,MOISSON,6.0,2.0
2021-08-07,PAIN,6.0,1.15
2021-08-07,PAIN AU CHOCOLAT,54.0,1.2
2021-08-07,PAIN AUX RAISINS,8.0,1.3999999999999997
2021-08-07,PAIN BANETTE,7.0,1.3999999999999997
2021-08-07,PAIN CHOCO AMANDES,4.0,1.5
2021-08-07,QUIM BREAD,8.0,1.0
2021-08-07,SAND JB EMMENTAL,8.0,3.5
2021-08-07,SANDWICH COMPLET,7.0,4.5
2021-08-07,SEIGLE,3.0,1.8
2021-08-07,SPECIAL BREAD,20.0,2.4
2021-08-07,TARTELETTE,10.0,2.0
2021-08-07,TRADITIONAL BAGUETTE,450.0,1.2
2021-08-08,BAGUETTE,88.0,0.9000000000000001
2021-08-08,BANETTE,80.0,1.05
2021-08-08,BANETTINE,6.0,0.6
2021-08-08,BOISSON 33CL,2.0,1.5
2021-08-08,BOULE 200G,8.0,1.1
2021-08-08,BOULE 400G,20.0,1.5
2021-08-08,BRIOCHE,12.0,5.0
2021-08-08,CAFE OU EAU,2.0,1.0
2021-08-08,CAMPAGNE,16.0,1.8
2021-08-08,CEREAL BAGUETTE,24.0,1.25
2021-08-08,CHAUSSON AUX POMMES,6.0,1.4
2021-08-08,COMPLET,8.0,1.5
2021-08-08,COOKIE,7.0,1.0
2021-08-08,COUPE,78.0,0.15
2021-08-08,CROISSANT,162.0,1.1
2021-08-08,CROISSANT AMANDES,7.0,1.3999999999999997
2021-08-08,DEMI BAGUETTE,7.0,0.45
2021-08-08,ECLAIR,22.0,2.0
2021-08-08,FICELLE,14.0,0.6
2021-08-08,FINANCIER X5,2.0,3.0
2021-08-08,FORMULE SANDWICH,10.0,6.5
2021-08-08,KOUIGN AMANN,9.0,2.1
2021-08-08,MOISSON,8.0,2.0
2021-08-08,PAIN,6.0,1.15
2021-08-08,PAIN AU CHOCOLAT,117.0,1.2
2021-08-08,PAIN AUX RAISINS,7.0,1.3999999999999997
2021-08-08,PAIN BANETTE,13.0,1.4
2021-08-08,PAIN CHOCO AMANDES,7.0,1.5
2021-08-08,QUIM BREAD,5.0,1.0
2021-08-08,SEIGLE,4.0,1.8
2021-08-08,SPECIAL BREAD,20.0,2.4
2021-08-08,TARTELETTE,25.0,2.0
2021-08-08,TRADITIONAL BAGUETTE,526.0,1.2
2021-08-09,BAGUETTE,69.0,0.9
2021-08-09,BANETTE,64.0,1.05
2021-08-09,BANETTINE,5.0,0.6
2021-08-09,BOISSON 33CL,4.0,1.5
2021-08-09,BOULE 200G,7.0,1.1
2021-08-09,BOULE 400G,23.0,1.5
2021-08-09,BRIOCHE,9.0,5.0
2021-08-09,CAFE OU EAU,1.0,1.0
2021-08-09,CAMPAGNE,15.0,1.8
2021-08-09,CEREAL BAGUETTE,25.0,1.25
2021-08-09,CHAUSSON AUX POMMES,6.0,1.4
2021-08-09,COMPLET,7.0,1.5
2021-08-09,COOKIE,13.0,1.0
2021-08-09,COUPE,75.0,0.15
2021-08-09,CROISSANT,113.0,1.1
2021-08-09,CROISSANT AMANDES,6.0,1.4
2021-08-09,DEMI BAGUETTE,3.0,0.45
2021-08-09,ECLAIR,2.0,2.0
2021-08-09,FICELLE,15.0,0.6
2021-08-09,FINANCIER X5,4.0,3.0
2021-08-09,FORMULE SANDWICH,13.0,6.5
2021-08-09,KOUIGN AMANN,13.0,2.1
2021-08-09,MOISSON,7.0,2.0
2021-08-09,PAIN,6.0,1.15
2021-08-09,PAIN AU CHOCOLAT,97.0,1.2
2021-08-09,PAIN AUX RAISINS,5.0,1.4
2021-08-09,PAIN BANETTE,12.0,1.4
2021-08-09,QUIM BREAD,5.0,1.0
2021-08-09,SAND JB EMMENTAL,3.0,3.5
2021-08-09,SANDWICH COMPLET,4.0,4.5
2021-08-09,SEIGLE,3.0,1.8
2021-08-09,SPECIAL BREAD,16.0,2.4
2021-08-09,TARTELETTE,15.0,2.0
2021-08-09,TRADITIONAL BAGUETTE,450.0,1.2
2021-08-10,BAGUETTE,58.0,0.8999999999999999
2021-08-10,BANETTE,65.0,1.05
2021-08-10,BANETTINE,6.0,0.6
2021-08-10,BOISSON 33CL,5.0,1.5
2021-08-10,BOULE 200G,13.0,1.1
2021-08-10,BOULE 400G,15.0,1.5
2021-08-10,BRIOCHE,6.0,5.0
2021-08-10,CAFE OU EAU,7.0,1.0
2021-08-10,CAMPAGNE,12.0,1.8
2021-08-10,CEREAL BAGUETTE,24.0,1.25
2021-08-10,CHAUSSON AUX POMMES,2.0,1.4
2021-08-10,COMPLET,8.0,1.5
2021-08-10,COOKIE,15.0,1.0
2021-08-10,COUPE,79.0,0.15
2021-08-10,CROISSANT,71.0,1.1
2021-08-10,CROISSANT AMANDES,3.0,1.4
2021-08-10,DEMI BAGUETTE,4.0,0.45
2021-08-10,ECLAIR,8.0,2.0
2021-08-10,FICELLE,17.0,0.6
2021-08-10,FINANCIER X5,3.0,3.0
2021-08-10,FORMULE SANDWICH,14.0,6.5
2021-08-10,KOUIGN AMANN,2.0,2.1
2021-08-10,MOISSON,8.0,2.0
2021-08-10,PAIN AU CHOCOLAT,59.0,1.2
2021-08-10,PAIN AUX RAISINS,7.0,1.3999999999999997
2021-08-10,PAIN BANETTE,10.0,1.4
2021-08-10,PAIN CHOCO AMANDES,2.0,1.5
2021-08-10,QUIM BREAD,7.0,1.0
2021-08-10,SAND JB EMMENTAL,5.0,3.5
2021-08-10,SANDWICH COMPLET,14.0,4.5
2021-08-10,SEIGLE,10.0,1.8
2021-08-10,SPECIAL BREAD,13.0,2.4
2021-08-10,TARTELETTE,10.0,2.0
2021-08-10,TRADITIONAL BAGUETTE,377.0,1.2
2021-08-11,BAGUETTE,69.0,0.9
2021-08-11,BANETTE,85.0,1.05
2021-08-11,BANETTINE,6.0,0.6
2021-08-11,BOISSON 33CL,4.0,1.5
2021-08-11,BOULE 200G,8.0,1.1
2021-08-11,BOULE 400G,2.0,1.5
2021-08-11,BRIOCHE,6.0,5.0
2021-08-11,CAFE OU EAU,2.0,1.0
2021-08-11,CAMPAGNE,14.0,1.8
2021-08-11,CEREAL BAGUETTE,24.0,1.25
2021-08-11,CHAUSSON AUX POMMES,4.0,1.4
2021-08-11,COMPLET,9.0,1.5
2021-08-11,COOKIE,13.0,1.0
2021-08-11,COUPE,62.0,0.15
2021-08-11,CROISSANT,109.0,1.1
2021-08-11,CROISSANT AMANDES,5.0,1.4
2021-08-11,DEMI BAGUETTE,1.0,0.45
2021-08-11,ECLAIR,2.0,2.0
2021-08-11,FICELLE,15.0,0.6
2021-08-11,FINANCIER X5,8.0,3.0
2021-08-11,FORMULE SANDWICH,13.0,6.5
2021-08-11,KOUIGN AMANN,12.0,2.1
2021-08-11,MOISSON,8.0,2.0
2021-08-11,PAIN,3.0,1.15
2021-08-11,PAIN AU CHOCOLAT,68.0,1.2
2021-08-11,PAIN AUX RAISINS,5.0,1.3999999999999997
2021-08-11,PAIN BANETTE,12.0,1.4
2021-08-11,QUIM BREAD,6.0,1.0
2021-08-11,SAND JB EMMENTAL,15.0,3.5
2021-08-11,SANDWICH COMPLET,12.0,4.5
2021-08-11,SEIGLE,4.0,1.8
2021-08-11,SPECIAL BREAD,16.0,2.4
2021-08-11,TARTELETTE,11.0,2.0
2021-08-11,TRADITIONAL BAGUETTE,449.0,1.2
2021-08-12,BAGUETTE,80.0,0.9
2021-08-12,BANETTE,75.0,1.05
2021-08-12,BANETTINE,7.0,0.6
2021-08-12,BOISSON 33CL,11.0,1.5
2021-08-12,BOULE 200G,10.0,1.1
2021-08-12,BOULE 400G,16.0,1.5
2021-08-12,BRIOCHE,6.0,5.0
2021-08-12,CAFE OU EAU,1.0,1.0
2021-08-12,CAMPAGNE,15.0,1.8000000000000003
2021-08-12,CEREAL BAGUETTE,26.0,1.25
2021-08-12,CHAUSSON AUX POMMES,6.0,1.3999999999999997
2021-08-12,COMPLET,6.0,1.5
2021-08-12,COOKIE,18.0,1.0
2021-08-12,COUPE,77.0,0.15
2021-08-12,CROISSANT,112.0,1.1
2021-08-12,CROISSANT AMANDES,7.0,1.4
2021-08-12,DEMI BAGUETTE,2.0,0.45
2021-08-12,ECLAIR,6.0,2.0
2021-08-12,FICELLE,11.0,0.6
2021-08-12,FINANCIER X5,13.0,3.0
2021-08-12,FORMULE SANDWICH,11.0,6.5
2021-08-12,KOUIGN AMANN,7.0,2.1
2021-08-12,MOISSON,8.0,2.0
2021-08-12,PAIN,2.0,1.15
2021-08-12,PAIN AU CHOCOLAT,91.0,1.2
2021-08-12,PAIN AUX RAISINS,6.0,1.4
2021-08-12,PAIN BANETTE,12.0,1.4
2021-08-12,PAIN CHOCO AMANDES,3.0,1.5
2021-08-12,QUIM BREAD,7.0,1.0
2021-08-12,SAND JB EMMENTAL,7.0,3.5
2021-08-12,SANDWICH COMPLET,12.0,4.5
2021-08-12,SEIGLE,5.0,1.8
2021-08-12,SPECIAL BREAD,15.0,2.4
2021-08-12,TARTELETTE,17.0,2.0
2021-08-12,TRADITIONAL BAGUETTE,464.0,1.2
2021-08-13,BAGUETTE,56.0,0.9
2021-08-13,BANETTE,77.0,1.05
2021-08-13,BANETTINE,7.0,0.6
2021-08-13,BOISSON 33CL,8.0,1.5
2021-08-13,BOULE 200G,10.0,1.1
2021-08-13,BOULE 400G,12.0,1.5
2021-08-13,BRIOCHE,5.0,5.0
2021-08-13,CAFE OU EAU,4.0,1.0
2021-08-13,CAMPAGNE,9.0,1.8
2021-08-13,CEREAL BAGUETTE,22.0,1.25
2021-08-13,CHAUSSON AUX POMMES,5.0,1.3999999999999997
2021-08-13,COMPLET,8.0,1.5
2021-08-13,COOKIE,17.0,1.0
2021-08-13,COUPE,48.0,0.15
2021-08-13,CROISSANT,93.0,1.1
2021-08-13,CROISSANT AMANDES,4.0,1.3999999999999997
2021-08-13,DEMI BAGUETTE,3.0,0.45
2021-08-13,ECLAIR,4.0,2.0
2021-08-13,FICELLE,15.0,0.6
2021-08-13,FORMULE SANDWICH,10.0,6.5
2021-08-13,KOUIGN AMANN,6.0,2.1
2021-08-13,MOISSON,10.0,2.0
2021-08-13,PAIN,1.0,1.15
2021-08-13,PAIN AU CHOCOLAT,94.0,1.2
2021-08-13,PAIN AUX RAISINS,7.0,1.3999999999999997
2021-08-13,PAIN BANETTE,11.0,1.4
2021-08-13,PAIN CHOCO AMANDES,5.0,1.5
2021-08-13,QUIM BREAD,5.0,1.0
2021-08-13,SAND JB EMMENTAL,8.0,3.5
2021-08-13,SANDWICH COMPLET,10.0,4.5
2021-08-13,SEIGLE,4.0,1.8
2021-08-13,SPECIAL BREAD,5.0,2.4
2021-08-13,TARTELETTE,6.0,2.0
2021-08-13,TRADITIONAL BAGUETTE,368.0,1.2
2021-08-14,BAGUETTE,64.0,0.9
2021-08-14,BANETTE,79.0,1.05
2021-08-14,BANETTINE,6.0,0.6
2021-08-14,BOISSON 33CL,8.0,1.5
2021-08-14,BOULE 200G,10.0,1.1
2021-08-14,BOULE 400G,8.0,1.5
2021-08-14,BRIOCHE,12.0,5.0
2021-08-14,CAFE OU EAU,4.0,1.0
2021-08-14,CAMPAGNE,15.0,1.8
2021-08-14,CEREAL BAGUETTE,27.0,1.25
2021-08-14,CHAUSSON AUX POMMES,15.0,1.4
2021-08-14,COMPLET,10.0,1.5
2021-08-14,COOKIE,24.0,1.0
2021-08-14,COUPE,72.0,0.15
2021-08-14,CROISSANT,106.0,1.1
2021-08-14,CROISSANT AMANDES,5.0,1.4
2021-08-14,DEMI BAGUETTE,5.0,0.45
2021-08-14,ECLAIR,5.0,2.0
2021-08-14,FICELLE,20.0,0.6
2021-08-14,FINANCIER X5,8.0,3.0
2021-08-14,FORMULE SANDWICH,4.0,6.5
2021-08-14,KOUIGN AMANN,10.0,2.1
2021-08-14,MOISSON,11.0,2.0
2021-08-14,PAIN,3.0,1.15
2021-08-14,PAIN AU CHOCOLAT,98.0,1.2
2021-08-14,PAIN AUX RAISINS,10.0,1.4
2021-08-14,PAIN BANETTE,10.0,1.4
2021-08-14,PAIN CHOCO AMANDES,10.0,1.5
2021-08-14,QUIM BREAD,5.0,1.0
2021-08-14,SAND JB EMMENTAL,6.0,3.5
2021-08-14,SANDWICH COMPLET,7.0,4.5
2021-08-14,SEIGLE,5.0,1.8
2021-08-14,SPECIAL BREAD,15.0,2.4
2021-08-14,TARTELETTE,14.0,2.0
2021-08-14,TRADITIONAL BAGUETTE,531.0,1.2
2021-08-15,BAGUETTE,103.0,0.9
2021-08-15,BANETTE,127.0,1.05
2021-08-15,BANETTINE,5.0,0.6
2021-08-15,BOISSON 33CL,1.0,1.5
2021-08-15,BOULE 200G,9.0,1.1
2021-08-15,BOULE 400G,20.0,1.5
2021-08-15,BRIOCHE,11.0,5.0
2021-08-15,CAFE OU EAU,2.0,1.0
2021-08-15,CAMPAGNE,18.0,1.8
2021-08-15,CEREAL BAGUETTE,22.0,1.25
2021-08-15,CHAUSSON AUX POMMES,6.0,1.4
2021-08-15,COMPLET,10.0,1.5
2021-08-15,COOKIE,19.0,1.0
2021-08-15,COUPE,89.0,0.15
2021-08-15,CROISSANT,186.0,1.1
2021-08-15,CROISSANT AMANDES,13.0,1.4
2021-08-15,DEMI BAGUETTE,2.0,0.45
2021-08-15,ECLAIR,24.0,2.0
2021-08-15,FICELLE,20.0,0.6
2021-08-15,FINANCIER X5,3.0,3.0
2021-08-15,FORMULE SANDWICH,9.0,6.5
2021-08-15,KOUIGN AMANN,12.0,2.1
2021-08-15,MOISSON,10.0,2.0
2021-08-15,PAIN,6.0,1.15
2021-08-15,PAIN AU CHOCOLAT,189.0,1.2
2021-08-15,PAIN AUX RAISINS,10.0,1.4
2021-08-15,PAIN BANETTE,12.0,1.4
2021-08-15,PAIN CHOCO AMANDES,10.0,1.5
2021-08-15,QUIM BREAD,2.0,1.0
2021-08-15,SAND JB EMMENTAL,3.0,3.5
2021-08-15,SANDWICH COMPLET,1.0,4.5
2021-08-15,SEIGLE,6.0,1.8
2021-08-15,SPECIAL BREAD,19.0,2.4
2021-08-15,TARTELETTE,29.0,2.0
2021-08-15,TRADITIONAL BAGUETTE,539.0,1.2
2021-08-16,BAGUETTE,53.0,0.9
2021-08-16,BANETTE,84.0,1.05
2021-08-16,BANETTINE,6.0,0.6
2021-08-16,BOISSON 33CL,12.0,1.5
2021-08-16,BOULE 200G,9.0,1.1
2021-08-16,BOULE 400G,15.0,1.5
2021-08-16,BRIOCHE,5.0,5.0
2021-08-16,CAFE OU EAU,4.0,1.0
2021-08-16,CAMPAGNE,13.0,1.8000000000000003
2021-08-16,CEREAL BAGUETTE,22.0,1.25
2021-08-16,CHAUSSON AUX POMMES,7.0,1.4
2021-08-16,COMPLET,8.0,1.5
2021-08-16,COOKIE,17.0,1.0
2021-08-16,COUPE,73.0,0.15
2021-08-16,CROISSANT,75.0,1.1
2021-08-16,CROISSANT AMANDES,2.0,1.4
2021-08-16,DEMI BAGUETTE,6.0,0.45
2021-08-16,ECLAIR,3.0,2.0
2021-08-16,FICELLE,13.0,0.6
2021-08-16,FORMULE SANDWICH,16.0,6.5
2021-08-16,KOUIGN AMANN,8.0,2.1
2021-08-16,MOISSON,10.0,2.0
2021-08-16,PAIN,3.0,1.15
2021-08-16,PAIN AU CHOCOLAT,54.0,1.2
2021-08-16,PAIN AUX RAISINS,7.0,1.4
2021-08-16,PAIN BANETTE,10.0,1.4
2021-08-16,PAIN CHOCO AMANDES,8.0,1.5
2021-08-16,QUIM BREAD,11.0,1.0
2021-08-16,SAND JB EMMENTAL,4.0,3.5
2021-08-16,SANDWICH COMPLET,5.0,4.5
2021-08-16,SEIGLE,6.0,1.8
2021-08-16,SPECIAL BREAD,15.0,2.4
2021-08-16,TARTELETTE,13.0,2.0
2021-08-16,TRADITIONAL BAGUETTE,482.0,1.2
2021-08-17,BAGUETTE,55.0,0.9000000000000001
2021-08-17,BANETTE,45.0,1.05
2021-08-17,BANETTINE,5.0,0.6
2021-08-17,BOISSON 33CL,2.0,1.5
2021-08-17,BOULE 200G,6.0,1.1
2021-08-17,BOULE 400G,9.0,1.5
2021-08-17,BRIOCHE,7.0,5.0
2021-08-17,CAFE OU EAU,4.0,1.0
2021-08-17,CAMPAGNE,12.0,1.8
2021-08-17,CEREAL BAGUETTE,23.0,1.25
2021-08-17,CHAUSSON AUX POMMES,3.0,1.3999999999999997
2021-08-17,COMPLET,9.0,1.5
2021-08-17,COOKIE,11.0,1.0
2021-08-17,COUPE,55.0,0.15
2021-08-17,CROISSANT,76.0,1.1
2021-08-17,CROISSANT AMANDES,10.0,1.4
2021-08-17,ECLAIR,8.0,2.0
2021-08-17,FICELLE,15.0,0.6
2021-08-17,FINANCIER X5,5.0,3.0
2021-08-17,FORMULE SANDWICH,6.0,6.5
2021-08-17,KOUIGN AMANN,2.0,2.1
2021-08-17,MOISSON,5.0,2.0
2021-08-17,PAIN,2.0,1.15
2021-08-17,PAIN AU CHOCOLAT,63.0,1.2
2021-08-17,PAIN AUX RAISINS,7.0,1.4
2021-08-17,PAIN BANETTE,12.0,1.4
2021-08-17,QUIM BREAD,7.0,1.0
2021-08-17,SAND JB EMMENTAL,6.0,3.5
2021-08-17,SANDWICH COMPLET,6.0,4.5
2021-08-17,SEIGLE,2.0,1.8
2021-08-17,SPECIAL BREAD,9.0,2.4
2021-08-17,TARTELETTE,9.0,2.0
2021-08-17,TRADITIONAL BAGUETTE,340.0,1.2
2021-08-18,BAGUETTE,55.0,0.9
2021-08-18,BANETTE,66.0,1.05
2021-08-18,BANETTINE,6.0,0.6
2021-08-18,BOISSON 33CL,6.0,1.5
2021-08-18,BOULE 200G,9.0,1.1
2021-08-18,BOULE 400G,7.0,1.5
2021-08-18,BRIOCHE,4.0,5.0
2021-08-18,CAMPAGNE,13.0,1.8
2021-08-18,CEREAL BAGUETTE,19.0,1.25
2021-08-18,CHAUSSON AUX POMMES,5.0,1.4
2021-08-18,COMPLET,10.0,1.5
2021-08-18,COOKIE,14.0,1.0
2021-08-18,COUPE,71.0,0.15
2021-08-18,CROISSANT,77.0,1.1
2021-08-18,CROISSANT AMANDES,4.0,1.3999999999999997
2021-08-18,DEMI BAGUETTE,4.0,0.45
2021-08-18,ECLAIR,9.0,2.0
2021-08-18,FICELLE,15.0,0.6
2021-08-18,FINANCIER X5,3.0,3.0
2021-08-18,FORMULE SANDWICH,9.0,6.5
2021-08-18,KOUIGN AMANN,8.0,2.1
2021-08-18,MOISSON,10.0,2.0
2021-08-18,PAIN,5.0,1.15
2021-08-18,PAIN AU CHOCOLAT,56.0,1.2
2021-08-18,PAIN AUX RAISINS,6.0,1.3999999999999997
2021-08-18,PAIN BANETTE,6.0,1.4
2021-08-18,PAIN CHOCO AMANDES,3.0,1.5
2021-08-18,QUIM BREAD,7.0,1.0
2021-08-18,SAND JB EMMENTAL,11.0,3.5
2021-08-18,SANDWICH COMPLET,4.0,4.5
2021-08-18,SEIGLE,5.0,1.8
2021-08-18,SPECIAL BREAD,14.0,2.4
2021-08-18,TARTELETTE,14.0,2.0
2021-08-18,TRADITIONAL BAGUETTE,436.0,1.2
2021-08-19,BAGUETTE,53.0,0.9
2021-08-19,BANETTE,78.0,1.05
2021-08-19,BANETTINE,6.0,0.6
2021-08-19,BOISSON 33CL,7.0,1.5
2021-08-19,BOULE 200G,9.0,1.1
2021-08-19,BOULE 400G,15.0,1.5
2021-08-19,BRIOCHE,4.0,5.0
2021-08-19,CAFE OU EAU,1.0,1.0
2021-08-19,CAMPAGNE,14.0,1.8
2021-08-19,CEREAL BAGUETTE,25.0,1.25
2021-08-19,CHAUSSON AUX POMMES,3.0,1.4
2021-08-19,COMPLET,10.0,1.5
2021-08-19,COOKIE,8.0,1.0
2021-08-19,COUPE,66.0,0.15
2021-08-19,CROISSANT,68.0,1.1
2021-08-19,CROISSANT AMANDES,5.0,1.4
2021-08-19,DEMI BAGUETTE,1.0,0.45
2021-08-19,ECLAIR,6.0,2.0
2021-08-19,FICELLE,13.0,0.6
2021-08-19,FINANCIER X5,13.0,3.0
2021-08-19,FORMULE SANDWICH,12.0,6.5
2021-08-19,KOUIGN AMANN,4.0,2.1
2021-08-19,MOISSON,9.0,2.0
2021-08-19,PAIN,6.0,1.15
2021-08-19,PAIN AU CHOCOLAT,72.0,1.2
2021-08-19,PAIN AUX RAISINS,10.0,1.3999999999999997
2021-08-19,PAIN BANETTE,12.0,1.4
2021-08-19,PAIN CHOCO AMANDES,8.0,1.5
2021-08-19,QUIM BREAD,3.0,1.0
2021-08-19,SAND JB EMMENTAL,4.0,3.5
2021-08-19,SANDWICH COMPLET,3.0,4.5
2021-08-19,SEIGLE,3.0,1.8
2021-08-19,SPECIAL BREAD,13.0,2.4
2021-08-19,TARTELETTE,18.0,2.0
2021-08-19,TRADITIONAL BAGUETTE,389.0,1.2
2021-08-20,BAGUETTE,55.0,0.8999999999999999
2021-08-20,BANETTE,48.0,1.05
2021-08-20,BANETTINE,5.0,0.6
2021-08-20,BOISSON 33CL,3.0,1.5
2021-08-20,BOULE 200G,5.0,1.1
2021-08-20,BOULE 400G,2.0,1.5
2021-08-20,BRIOCHE,5.0,5.0
2021-08-20,CAMPAGNE,11.0,1.8
2021-08-20,CEREAL BAGUETTE,16.0,1.25
2021-08-20,CHAUSSON AUX POMMES,3.0,1.3999999999999997
2021-08-20,COMPLET,7.0,1.5
2021-08-20,COOKIE,10.0,1.0
2021-08-20,COUPE,54.0,0.15
2021-08-20,CROISSANT,84.0,1.1
2021-08-20,CROISSANT AMANDES,6.0,1.3999999999999997
2021-08-20,DEMI BAGUETTE,2.0,0.45
2021-08-20,ECLAIR,2.0,2.0
2021-08-20,FICELLE,13.0,0.6
2021-08-20,FINANCIER X5,5.0,3.0
2021-08-20,FORMULE SANDWICH,9.0,6.5
2021-08-20,KOUIGN AMANN,7.0,2.1
2021-08-20,MOISSON,9.0,2.0
2021-08-20,PAIN,5.0,1.15
2021-08-20,PAIN AU CHOCOLAT,65.0,1.2
2021-08-20,PAIN AUX RAISINS,9.0,1.4
2021-08-20,PAIN BANETTE,9.0,1.4
2021-08-20,PAIN CHOCO AMANDES,5.0,1.5
2021-08-20,QUIM BREAD,9.0,1.0
2021-08-20,SAND JB EMMENTAL,11.0,3.5
2021-08-20,SANDWICH COMPLET,8.0,4.5
2021-08-20,SEIGLE,5.0,1.8
2021-08-20,SPECIAL BREAD,9.0,2.4
2021-08-20,TARTELETTE,4.0,2.0
2021-08-20,TRADITIONAL BAGUETTE,313.0,1.2
2021-08-21,BAGUETTE,74.0,0.9
2021-08-21,BANETTE,85.0,1.05
2021-08-21,BANETTINE,6.0,0.6
2021-08-21,BOISSON 33CL,3.0,1.5
2021-08-21,BOULE 200G,5.0,1.1
2021-08-21,BOULE 400G,8.0,1.5
2021-08-21,BRIOCHE,6.0,5.0
2021-08-21,CAFE OU EAU,3.0,1.0
2021-08-21,CAMPAGNE,20.0,1.8
2021-08-21,CEREAL BAGUETTE,20.0,1.25
2021-08-21,CHAUSSON AUX POMMES,7.0,1.3999999999999997
2021-08-21,COMPLET,10.0,1.5
2021-08-21,COOKIE,10.0,1.0
2021-08-21,COUPE,72.0,0.15
2021-08-21,CROISSANT,137.0,1.1
2021-08-21,CROISSANT AMANDES,5.0,1.4
2021-08-21,DEMI BAGUETTE,4.0,0.45
2021-08-21,ECLAIR,9.0,2.0
2021-08-21,FICELLE,8.0,0.6
2021-08-21,FINANCIER X5,5.0,3.0
2021-08-21,FORMULE SANDWICH,7.0,6.5
2021-08-21,KOUIGN AMANN,9.0,2.1
2021-08-21,MOISSON,10.0,2.0
2021-08-21,PAIN,4.0,1.15
2021-08-21,PAIN AU CHOCOLAT,119.0,1.2
2021-08-21,PAIN AUX RAISINS,12.0,1.4
2021-08-21,PAIN BANETTE,6.0,1.3999999999999997
2021-08-21,PAIN CHOCO AMANDES,6.0,1.5
2021-08-21,QUIM BREAD,13.0,1.0
2021-08-21,SAND JB EMMENTAL,1.0,3.5
2021-08-21,SANDWICH COMPLET,3.0,4.5
2021-08-21,SEIGLE,6.0,1.8
2021-08-21,SPECIAL BREAD,16.0,2.4
2021-08-21,TARTELETTE,19.0,2.0
2021-08-21,TRADITIONAL BAGUETTE,416.0,1.2
2021-08-22,BAGUETTE,68.0,0.9
2021-08-22,BANETTE,73.0,1.05
2021-08-22,BANETTINE,6.0,0.6
2021-08-22,BOISSON 33CL,2.0,1.5
2021-08-22,BOULE 200G,8.0,1.1
2021-08-22,BOULE 400G,14.0,1.5
2021-08-22,BRIOCHE,10.0,5.0
2021-08-22,CAFE OU EAU,4.0,1.0
2021-08-22,CAMPAGNE,13.0,1.7999999999999998
2021-08-22,CEREAL BAGUETTE,20.0,1.25
2021-08-22,CHAUSSON AUX POMMES,3.0,1.3999999999999997
2021-08-22,COMPLET,10.0,1.5
2021-08-22,COOKIE,10.0,1.0
2021-08-22,COUPE,65.0,0.15
2021-08-22,CROISSANT,144.0,1.1
2021-08-22,CROISSANT AMANDES,8.0,1.4
2021-08-22,DEMI BAGUETTE,10.0,0.45
2021-08-22,ECLAIR,27.0,2.0
2021-08-22,FICELLE,15.0,0.6
2021-08-22,FINANCIER X5,2.0,3.0
2021-08-22,FORMULE SANDWICH,6.0,6.5
2021-08-22,KOUIGN AMANN,14.0,2.1
2021-08-22,MOISSON,7.0,2.0
2021-08-22,PAIN,5.0,1.15
2021-08-22,PAIN AU CHOCOLAT,154.0,1.2
2021-08-22,PAIN AUX RAISINS,8.0,1.3999999999999997
2021-08-22,PAIN BANETTE,12.0,1.4
2021-08-22,PAIN CHOCO AMANDES,6.0,1.5
2021-08-22,QUIM BREAD,12.0,1.0
2021-08-22,SEIGLE,4.0,1.8
2021-08-22,SPECIAL BREAD,15.0,2.4
2021-08-22,TARTELETTE,15.0,2.0
2021-08-22,TRADITIONAL BAGUETTE,478.0,1.2
2021-08-23,BAGUETTE,69.0,0.9000000000000001
2021-08-23,BANETTE,64.0,1.05
2021-08-23,BANETTINE,5.0,0.6
2021-08-23,BOISSON 33CL,5.0,1.5
2021-08-23,BOULE 200G,8.0,1.1
2021-08-23,BOULE 400G,10.0,1.5
2021-08-23,BRIOCHE,3.0,5.0
2021-08-23,CAFE OU EAU,8.0,1.0
2021-08-23,CAMPAGNE,13.0,1.8
2021-08-23,CEREAL BAGUETTE,20.0,1.25
2021-08-23,CHAUSSON AUX POMMES,8.0,1.3999999999999997
2021-08-23,COMPLET,8.0,1.5
2021-08-23,COOKIE,5.0,1.0
2021-08-23,COUPE,59.0,0.15
2021-08-23,CROISSANT,74.0,1.1
2021-08-23,CROISSANT AMANDES,10.0,1.4
2021-08-23,DEMI BAGUETTE,6.0,0.45
2021-08-23,ECLAIR,2.0,2.0
2021-08-23,FICELLE,9.0,0.6
2021-08-23,FINANCIER X5,3.0,3.0
2021-08-23,FORMULE SANDWICH,11.0,6.5
2021-08-23,KOUIGN AMANN,7.0,2.1
2021-08-23,MOISSON,4.0,2.0
2021-08-23,PAIN,3.0,1.15
2021-08-23,PAIN AU CHOCOLAT,60.0,1.2
2021-08-23,PAIN AUX RAISINS,5.0,1.4
2021-08-23,PAIN BANETTE,8.0,1.3999999999999997
2021-08-23,QUIM BREAD,4.0,1.0
2021-08-23,SAND JB EMMENTAL,7.0,3.5
2021-08-23,SANDWICH COMPLET,8.0,4.5
2021-08-23,SEIGLE,5.0,1.8
2021-08-23,SPECIAL BREAD,15.0,2.4
2021-08-23,TARTELETTE,10.0,2.0
2021-08-23,TRADITIONAL BAGUETTE,297.0,1.2
2021-08-24,BAGUETTE,81.0,0.9
2021-08-24,BANETTE,50.0,1.05
2021-08-24,BANETTINE,6.0,0.6
2021-08-24,BOISSON 33CL,8.0,1.5
2021-08-24,BOULE 200G,3.0,1.1
2021-08-24,BOULE 400G,10.0,1.5
2021-08-24,BRIOCHE,4.0,5.0
2021-08-24,CAFE OU EAU,15.0,1.0
2021-08-24,CAMPAGNE,11.0,1.8
2021-08-24,CEREAL BAGUETTE,14.0,1.25
2021-08-24,CHAUSSON AUX POMMES,5.0,1.3999999999999997
2021-08-24,COMPLET,10.0,1.5
2021-08-24,COOKIE,13.0,1.0
2021-08-24,COUPE,62.0,0.15
2021-08-24,CROISSANT,76.0,1.1
2021-08-24,CROISSANT AMANDES,6.0,1.4
2021-08-24,DEMI BAGUETTE,1.0,0.45
2021-08-24,ECLAIR,12.0,2.0
2021-08-24,FICELLE,14.0,0.6
2021-08-24,FINANCIER X5,6.0,3.0
2021-08-24,FORMULE SANDWICH,11.0,6.5
2021-08-24,KOUIGN AMANN,3.0,2.1
2021-08-24,MOISSON,10.0,2.0
2021-08-24,PAIN,2.0,1.15
2021-08-24,PAIN AU CHOCOLAT,43.0,1.2
2021-08-24,PAIN AUX RAISINS,9.0,1.4
2021-08-24,PAIN BANETTE,12.0,1.4
2021-08-24,PAIN CHOCO AMANDES,5.0,1.5
2021-08-24,QUIM BREAD,10.0,1.0
2021-08-24,SAND JB EMMENTAL,9.0,3.5
2021-08-24,SANDWICH COMPLET,6.0,4.5
2021-08-24,SEIGLE,5.0,1.8
2021-08-24,SPECIAL BREAD,15.0,2.4
2021-08-24,TARTELETTE,6.0,2.0
2021-08-24,TRADITIONAL BAGUETTE,282.0,1.2
2021-08-25,BAGUETTE,55.0,0.9000000000000001
2021-08-25,BANETTE,49.0,1.05
2021-08-25,BANETTINE,6.0,0.6
2021-08-25,BOISSON 33CL,8.0,1.5
2021-08-25,BOULE 200G,7.0,1.1
2021-08-25,BOULE 400G,9.0,1.5
2021-08-25,BRIOCHE,5.0,5.0
2021-08-25,CAFE OU EAU,8.0,1.0
2021-08-25,CAMPAGNE,11.0,1.8
2021-08-25,CEREAL BAGUETTE,20.0,1.25
2021-08-25,CHAUSSON AUX POMMES,4.0,1.4
2021-08-25,COMPLET,7.0,1.5
2021-08-25,COOKIE,10.0,1.0
2021-08-25,COUPE,55.0,0.15
2021-08-25,CROISSANT,37.0,1.1
2021-08-25,CROISSANT AMANDES,5.0,1.3999999999999997
2021-08-25,DEMI BAGUETTE,1.0,0.45
2021-08-25,FICELLE,7.0,0.6
2021-08-25,FINANCIER X5,5.0,3.0
2021-08-25,FORMULE SANDWICH,8.0,6.5
2021-08-25,KOUIGN AMANN,5.0,2.1
2021-08-25,MOISSON,3.0,2.0
2021-08-25,PAIN,4.0,1.15
2021-08-25,PAIN AU CHOCOLAT,23.0,1.2
2021-08-25,PAIN AUX RAISINS,8.0,1.4
2021-08-25,PAIN BANETTE,6.0,1.3999999999999997
2021-08-25,PAIN CHOCO AMANDES,4.0,1.5
2021-08-25,QUIM BREAD,10.0,1.0
2021-08-25,SAND JB EMMENTAL,5.0,3.5
2021-08-25,SANDWICH COMPLET,6.0,4.5
2021-08-25,SEIGLE,6.0,1.8
2021-08-25,SPECIAL BREAD,8.0,2.4
2021-08-25,TARTELETTE,9.0,2.0
2021-08-25,TRADITIONAL BAGUETTE,295.0,1.2
2021-08-26,BAGUETTE,65.0,0.9000000000000001
2021-08-26,BANETTE,62.0,1.05
2021-08-26,BANETTINE,5.0,0.6
2021-08-26,BOISSON 33CL,9.0,1.5
2021-08-26,BOULE 200G,4.0,1.1
2021-08-26,BOULE 400G,13.0,1.5
2021-08-26,BRIOCHE,5.0,5.0
2021-08-26,CAFE OU EAU,2.0,1.0
2021-08-26,CAMPAGNE,15.0,1.8
2021-08-26,CEREAL BAGUETTE,18.0,1.25
2021-08-26,CHAUSSON AUX POMMES,6.0,1.4
2021-08-26,COMPLET,8.0,1.5
2021-08-26,COOKIE,14.0,1.0
2021-08-26,COUPE,55.0,0.15
2021-08-26,CROISSANT,80.0,1.1
2021-08-26,CROISSANT AMANDES,3.0,1.3999999999999997
2021-08-26,DEMI BAGUETTE,2.0,0.45
2021-08-26,ECLAIR,8.0,2.0
2021-08-26,FICELLE,14.0,0.6
2021-08-26,FINANCIER X5,7.0,3.0
2021-08-26,FORMULE SANDWICH,8.0,6.5
2021-08-26,KOUIGN AMANN,9.0,2.1
2021-08-26,MOISSON,10.0,2.0
2021-08-26,PAIN,4.0,1.15
2021-08-26,PAIN AU CHOCOLAT,72.0,1.2
2021-08-26,PAIN AUX RAISINS,7.0,1.4
2021-08-26,PAIN BANETTE,7.0,1.4
2021-08-26,PAIN CHOCO AMANDES,2.0,1.5
2021-08-26,QUIM BREAD,5.0,1.0
2021-08-26,SAND JB EMMENTAL,8.0,3.5
2021-08-26,SANDWICH COMPLET,3.0,4.5
2021-08-26,SEIGLE,2.0,1.8
2021-08-26,SPECIAL BREAD,11.0,2.4
2021-08-26,TARTELETTE,9.0,2.0
2021-08-26,TRADITIONAL BAGUETTE,322.0,1.2
2021-08-27,BAGUETTE,38.0,0.9
2021-08-27,BANETTE,49.0,1.05
2021-08-27,BANETTINE,7.0,0.6
2021-08-27,BOISSON 33CL,8.0,1.5
2021-08-27,BOULE 200G,7.0,1.1
2021-08-27,BOULE 400G,9.0,1.5
2021-08-27,BRIOCHE,1.0,5.0
2021-08-27,CAFE OU EAU,8.0,1.0
2021-08-27,CAMPAGNE,9.0,1.8
2021-08-27,CEREAL BAGUETTE,16.0,1.25
2021-08-27,CHAUSSON AUX POMMES,5.0,1.3999999999999997
2021-08-27,COMPLET,8.0,1.5
2021-08-27,COOKIE,12.0,1.0
2021-08-27,COUPE,47.0,0.15
2021-08-27,CROISSANT,43.0,1.1
2021-08-27,DEMI BAGUETTE,2.0,0.45
2021-08-27,ECLAIR,7.0,2.0
2021-08-27,FICELLE,12.0,0.6
2021-08-27,FINANCIER X5,3.0,3.0
2021-08-27,FORMULE SANDWICH,12.0,6.5
2021-08-27,KOUIGN AMANN,2.0,2.1
2021-08-27,MOISSON,8.0,2.0
2021-08-27,PAIN,4.0,1.15
2021-08-27,PAIN AU CHOCOLAT,34.0,1.2
2021-08-27,PAIN AUX RAISINS,8.0,1.3999999999999997
2021-08-27,PAIN BANETTE,8.0,1.4
2021-08-27,PAIN CHOCO AMANDES,6.0,1.5
2021-08-27,QUIM BREAD,6.0,1.0
2021-08-27,SAND JB EMMENTAL,8.0,3.5
2021-08-27,SANDWICH COMPLET,9.0,4.5
2021-08-27,SEIGLE,3.0,1.8
2021-08-27,SPECIAL BREAD,8.0,2.4
2021-08-27,TARTELETTE,14.0,2.0
2021-08-27,TRADITIONAL BAGUETTE,253.0,1.2
2021-08-28,BAGUETTE,65.0,0.9
2021-08-28,BANETTE,55.0,1.05
2021-08-28,BANETTINE,6.0,0.6
2021-08-28,BOULE 200G,10.0,1.1
2021-08-28,BOULE 400G,15.0,1.5
2021-08-28,BRIOCHE,5.0,5.0
2021-08-28,CAFE OU EAU,5.0,1.0
2021-08-28,CAMPAGNE,13.0,1.8
2021-08-28,CEREAL BAGUETTE,22.0,1.25
2021-08-28,CHAUSSON AUX POMMES,10.0,1.4
2021-08-28,COMPLET,10.0,1.5
2021-08-28,COOKIE,18.0,1.0
2021-08-28,COUPE,68.0,0.15
2021-08-28,CROISSANT,78.0,1.1
2021-08-28,CROISSANT AMANDES,4.0,1.3999999999999997
2021-08-28,DEMI BAGUETTE,4.0,0.45
2021-08-28,ECLAIR,12.0,2.0
2021-08-28,FICELLE,12.0,0.6
2021-08-28,FINANCIER X5,1.0,3.0
2021-08-28,FORMULE SANDWICH,10.0,6.5
2021-08-28,KOUIGN AMANN,17.0,2.1
2021-08-28,MOISSON,10.0,2.0
2021-08-28,PAIN,4.0,1.15
2021-08-28,PAIN AU CHOCOLAT,67.0,1.2
2021-08-28,PAIN AUX RAISINS,11.0,1.4
2021-08-28,PAIN BANETTE,12.0,1.4
2021-08-28,PAIN CHOCO AMANDES,5.0,1.5
2021-08-28,QUIM BREAD,7.0,1.0
2021-08-28,SAND JB EMMENTAL,3.0,3.5
2021-08-28,SANDWICH COMPLET,7.0,4.5
2021-08-28,SEIGLE,3.0,1.8
2021-08-28,SPECIAL BREAD,11.0,2.4
2021-08-28,TARTELETTE,9.0,2.0
2021-08-28,TRADITIONAL BAGUETTE,290.0,1.2
2021-08-29,BAGUETTE,76.0,0.9
2021-08-29,BANETTE,65.0,1.05
2021-08-29,BANETTINE,6.0,0.6
2021-08-29,BOISSON 33CL,2.0,1.5
2021-08-29,BOULE 200G,9.0,1.1
2021-08-29,BOULE 400G,20.0,1.5
2021-08-29,BRIOCHE,6.0,5.0
2021-08-29,CAFE OU EAU,2.0,1.0
2021-08-29,CAMPAGNE,15.0,1.8
2021-08-29,CEREAL BAGUETTE,23.0,1.25
2021-08-29,CHAUSSON AUX POMMES,6.0,1.3999999999999997
2021-08-29,COMPLET,10.0,1.5
2021-08-29,COOKIE,12.0,1.0
2021-08-29,COUPE,91.0,0.15
2021-08-29,CROISSANT,100.0,1.1
2021-08-29,CROISSANT AMANDES,6.0,1.4
2021-08-29,DEMI BAGUETTE,6.0,0.45
2021-08-29,ECLAIR,12.0,2.0
2021-08-29,FICELLE,10.0,0.6
2021-08-29,FINANCIER X5,1.0,3.0
2021-08-29,FORMULE SANDWICH,9.0,6.5
2021-08-29,KOUIGN AMANN,5.0,2.1
2021-08-29,MOISSON,10.0,2.0
2021-08-29,PAIN,6.0,1.15
2021-08-29,PAIN AU CHOCOLAT,74.0,1.2
2021-08-29,PAIN AUX RAISINS,9.0,1.3999999999999997
2021-08-29,PAIN BANETTE,6.0,1.3999999999999997
2021-08-29,PAIN CHOCO AMANDES,3.0,1.5
2021-08-29,QUIM BREAD,7.0,1.0
2021-08-29,SAND JB EMMENTAL,8.0,3.5
2021-08-29,SANDWICH COMPLET,2.0,4.5
2021-08-29,SEIGLE,5.0,1.8
2021-08-29,SPECIAL BREAD,16.0,2.4
2021-08-29,TARTELETTE,25.0,2.0
2021-08-29,TRADITIONAL BAGUETTE,392.0,1.2
2021-08-30,BAGUETTE,33.0,0.9
2021-08-30,BANETTE,45.0,1.05
2021-08-30,BANETTINE,6.0,0.6
2021-08-30,BOISSON 33CL,4.0,1.5
2021-08-30,BOULE 200G,8.0,1.1
2021-08-30,BOULE 400G,8.0,1.5
2021-08-30,BRIOCHE,1.0,5.0
2021-08-30,CAFE OU EAU,4.0,1.0
2021-08-30,CAMPAGNE,10.0,1.7999999999999998
2021-08-30,CEREAL BAGUETTE,19.0,1.25
2021-08-30,CHAUSSON AUX POMMES,4.0,1.4
2021-08-30,COMPLET,10.0,1.5
2021-08-30,COOKIE,9.0,1.0
2021-08-30,COUPE,47.0,0.15
2021-08-30,CROISSANT,60.0,1.1
2021-08-30,CROISSANT AMANDES,7.0,1.4
2021-08-30,DEMI BAGUETTE,3.0,0.45
2021-08-30,ECLAIR,9.0,2.0
2021-08-30,FICELLE,8.0,0.6
2021-08-30,FINANCIER X5,7.0,3.0
2021-08-30,FORMULE SANDWICH,7.0,6.5
2021-08-30,KOUIGN AMANN,3.0,2.1
2021-08-30,MOISSON,10.0,2.0
2021-08-30,PAIN,4.0,1.15
2021-08-30,PAIN AU CHOCOLAT,36.0,1.2
2021-08-30,PAIN AUX RAISINS,5.0,1.4
2021-08-30,PAIN BANETTE,6.0,1.4
2021-08-30,PAIN CHOCO AMANDES,6.0,1.5
2021-08-30,QUIM BREAD,5.0,1.0
2021-08-30,SAND JB EMMENTAL,6.0,3.5
2021-08-30,SANDWICH COMPLET,8.0,4.5
2021-08-30,SEIGLE,4.0,1.8
2021-08-30,SPECIAL BREAD,8.0,2.4
2021-08-30,TARTELETTE,8.0,2.0
2021-08-30,TRADITIONAL BAGUETTE,207.0,1.2
2021-08-31,BAGUETTE,35.0,0.9
2021-08-31,BANETTE,41.0,1.05
2021-08-31,BANETTINE,6.0,0.6
2021-08-31,BOISSON 33CL,4.0,1.5
2021-08-31,BOULE 200G,7.0,1.1
2021-08-31,BOULE 400G,6.0,1.5
2021-08-31,BRIOCHE,1.0,5.0
2021-08-31,CAFE OU EAU,14.0,1.0
2021-08-31,CAMPAGNE,5.0,1.8
2021-08-31,CEREAL BAGUETTE,12.0,1.25
2021-08-31,CHAUSSON AUX POMMES,7.0,1.3999999999999997
2021-08-31,COMPLET,9.0,1.5
2021-08-31,COOKIE,6.0,1.0
2021-08-31,COUPE,34.0,0.15
2021-08-31,CROISSANT,48.0,1.1
2021-08-31,CROISSANT AMANDES,3.0,1.3999999999999997
2021-08-31,DEMI BAGUETTE,1.0,0.45
2021-08-31,ECLAIR,3.0,2.0
2021-08-31,FICELLE,6.0,0.6
2021-08-31,FINANCIER X5,1.0,3.0
2021-08-31,FORMULE SANDWICH,12.0,6.5
2021-08-31,KOUIGN AMANN,1.0,2.1
2021-08-31,MOISSON,10.0,2.0
2021-08-31,PAIN,1.0,1.15
2021-08-31,PAIN AU CHOCOLAT,52.0,1.2
2021-08-31,PAIN AUX RAISINS,6.0,1.3999999999999997
2021-08-31,PAIN BANETTE,4.0,1.4
2021-08-31,PAIN CHOCO AMANDES,1.0,1.5
2021-08-31,QUIM BREAD,7.0,1.0
2021-08-31,SAND JB EMMENTAL,4.0,3.5
2021-08-31,SANDWICH COMPLET,13.0,4.5
2021-08-31,SEIGLE,4.0,1.8
2021-08-31,SPECIAL BREAD,6.0,2.4
2021-08-31,TARTELETTE,12.0,2.0
2021-08-31,TRADITIONAL BAGUETTE,151.0,1.2
2021-09-01,BAGUETTE,33.0,0.9
2021-09-01,BANETTE,29.0,1.05
2021-09-01,BANETTINE,7.0,0.6
2021-09-01,BOISSON 33CL,3.0,1.5
2021-09-01,BOULE 200G,4.0,1.1
2021-09-01,BOULE 400G,8.0,1.5
2021-09-01,BRIOCHE,2.0,5.0
2021-09-01,CAMPAGNE,3.0,1.8
2021-09-01,CEREAL BAGUETTE,16.0,1.25
2021-09-01,CHAUSSON AUX POMMES,4.0,1.3999999999999997
2021-09-01,COMPLET,6.0,1.5
2021-09-01,COOKIE,3.0,1.0
2021-09-01,COUPE,32.0,0.15
2021-09-01,CROISSANT,37.0,1.1
2021-09-01,CROISSANT AMANDES,1.0,1.4
2021-09-01,DEMI BAGUETTE,3.0,0.45
2021-09-01,ECLAIR,3.0,2.0
2021-09-01,FICELLE,3.0,0.6
2021-09-01,FINANCIER X5,1.0,3.0
2021-09-01,FORMULE SANDWICH,7.0,6.5
2021-09-01,MOISSON,8.0,2.0
2021-09-01,PAIN,6.0,1.15
2021-09-01,PAIN AU CHOCOLAT,16.0,1.2
2021-09-01,PAIN AUX RAISINS,7.0,1.4
2021-09-01,PAIN BANETTE,4.0,1.4
2021-09-01,PAIN CHOCO AMANDES,2.0,1.5
2021-09-01,SAND JB EMMENTAL,6.0,3.5
2021-09-01,SANDWICH COMPLET,13.0,4.5
2021-09-01,SEIGLE,3.0,1.8
2021-09-01,SPECIAL BREAD,9.0,2.4
2021-09-01,TARTELETTE,11.0,2.0
2021-09-01,TRADITIONAL BAGUETTE,168.0,1.2
2021-09-02,BAGUETTE,29.0,0.9000000000000001
2021-09-02,BANETTE,44.0,1.05
2021-09-02,BANETTINE,5.0,0.6
2021-09-02,BOISSON 33CL,3.0,1.5
2021-09-02,BOULE 200G,7.0,1.1
2021-09-02,BOULE 400G,7.0,1.5
2021-09-02,BRIOCHE,1.0,5.0
2021-09-02,CAFE OU EAU,4.0,1.0
2021-09-02,CAMPAGNE,6.0,1.8
2021-09-02,CEREAL BAGUETTE,19.0,1.25
2021-09-02,CHAUSSON AUX POMMES,5.0,1.4
2021-09-02,COMPLET,5.0,1.5
2021-09-02,COOKIE,4.0,1.0
2021-09-02,COUPE,27.0,0.15
2021-09-02,CROISSANT,47.0,1.1
2021-09-02,CROISSANT AMANDES,4.0,1.3999999999999997
2021-09-02,DEMI BAGUETTE,3.0,0.45
2021-09-02,ECLAIR,4.0,2.0
2021-09-02,FICELLE,5.0,0.6
2021-09-02,FINANCIER X5,1.0,3.0
2021-09-02,FORMULE SANDWICH,15.0,6.5
2021-09-02,KOUIGN AMANN,2.0,2.1
2021-09-02,MOISSON,7.0,2.0
2021-09-02,PAIN,3.0,1.15
2021-09-02,PAIN AU CHOCOLAT,22.0,1.2
2021-09-02,PAIN AUX RAISINS,6.0,1.3999999999999997
2021-09-02,PAIN BANETTE,6.0,1.4
2021-09-02,PAIN CHOCO AMANDES,4.0,1.5
2021-09-02,SAND JB EMMENTAL,4.0,3.5
2021-09-02,SANDWICH COMPLET,5.0,4.5
2021-09-02,SEIGLE,2.0,1.8
2021-09-02,SPECIAL BREAD,2.0,2.4
2021-09-02,TARTELETTE,9.0,2.0
2021-09-02,TRADITIONAL BAGUETTE,155.0,1.2
2021-09-03,BAGUETTE,36.0,0.9
2021-09-03,BANETTE,28.0,1.05
2021-09-03,BANETTINE,6.0,0.6
2021-09-03,BOISSON 33CL,8.0,1.5
2021-09-03,BOULE 200G,8.0,1.1
2021-09-03,BOULE 400G,7.0,1.5
2021-09-03,BRIOCHE,1.0,5.0
2021-09-03,CAFE OU EAU,1.0,1.0
2021-09-03,CAMPAGNE,5.0,1.8
2021-09-03,CEREAL BAGUETTE,14.0,1.25
2021-09-03,CHAUSSON AUX POMMES,5.0,1.3999999999999997
2021-09-03,COMPLET,9.0,1.5
2021-09-03,COOKIE,5.0,1.0
2021-09-03,COUPE,49.0,0.15
2021-09-03,CROISSANT,38.0,1.1
2021-09-03,CROISSANT AMANDES,8.0,1.4
2021-09-03,ECLAIR,3.0,2.0
2021-09-03,FICELLE,10.0,0.6
2021-09-03,FINANCIER X5,6.0,3.0
2021-09-03,FORMULE SANDWICH,7.0,6.5
2021-09-03,KOUIGN AMANN,5.0,2.1
2021-09-03,MOISSON,5.0,2.0
2021-09-03,PAIN,5.0,1.15
2021-09-03,PAIN AU CHOCOLAT,38.0,1.2
2021-09-03,PAIN AUX RAISINS,6.0,1.3999999999999997
2021-09-03,PAIN BANETTE,4.0,1.4
2021-09-03,PAIN CHOCO AMANDES,6.0,1.5
2021-09-03,SAND JB EMMENTAL,5.0,3.5
2021-09-03,SANDWICH COMPLET,6.0,4.5
2021-09-03,SEIGLE,1.0,1.8
2021-09-03,SPECIAL BREAD,8.0,2.4
2021-09-03,TARTELETTE,14.0,2.0
2021-09-03,TRADITIONAL BAGUETTE,187.0,1.2
2021-09-04,BAGUETTE,49.0,0.9
2021-09-04,BANETTE,43.0,1.05
2021-09-04,BANETTINE,7.0,0.6
2021-09-04,BOISSON 33CL,2.0,1.5
2021-09-04,BOULE 200G,9.0,1.1
2021-09-04,BOULE 400G,19.0,1.5
2021-09-04,BRIOCHE,2.0,5.0
2021-09-04,CAFE OU EAU,7.0,1.0
2021-09-04,CAMPAGNE,21.0,1.8
2021-09-04,CEREAL BAGUETTE,15.0,1.25
2021-09-04,CHAUSSON AUX POMMES,4.0,1.3999999999999997
2021-09-04,COMPLET,8.0,1.5
2021-09-04,COOKIE,11.0,1.0
2021-09-04,COUPE,78.0,0.15
2021-09-04,CROISSANT,70.0,1.1
2021-09-04,CROISSANT AMANDES,1.0,1.4
2021-09-04,DEMI BAGUETTE,4.0,0.45
2021-09-04,ECLAIR,3.0,2.0
2021-09-04,FICELLE,6.0,0.6
2021-09-04,FINANCIER X5,4.0,3.0
2021-09-04,FORMULE SANDWICH,3.0,6.5
2021-09-04,KOUIGN AMANN,2.0,2.1
2021-09-04,MOISSON,6.0,2.0
2021-09-04,PAIN,5.0,1.15
2021-09-04,PAIN AU CHOCOLAT,66.0,1.2
2021-09-04,PAIN AUX RAISINS,4.0,1.4
2021-09-04,PAIN BANETTE,7.0,1.4
2021-09-04,PAIN CHOCO AMANDES,4.0,1.5
2021-09-04,QUIM BREAD,7.0,1.0
2021-09-04,SAND JB EMMENTAL,2.0,3.5
2021-09-04,SANDWICH COMPLET,3.0,4.5
2021-09-04,SEIGLE,4.0,1.8
2021-09-04,SPECIAL BREAD,10.0,2.4
2021-09-04,TARTELETTE,6.0,2.0
2021-09-04,TRADITIONAL BAGUETTE,264.0,1.2
2021-09-05,BAGUETTE,76.0,0.9
2021-09-05,BANETTE,63.0,1.05
2021-09-05,BANETTINE,7.0,0.6
2021-09-05,BOISSON 33CL,2.0,1.5
2021-09-05,BOULE 200G,7.0,1.1
2021-09-05,BOULE 400G,11.0,1.5
2021-09-05,BRIOCHE,4.0,5.0
2021-09-05,CAFE OU EAU,3.0,1.0
2021-09-05,CAMPAGNE,11.0,1.8
2021-09-05,CEREAL BAGUETTE,31.0,1.25
2021-09-05,CHAUSSON AUX POMMES,7.0,1.4
2021-09-05,COMPLET,8.0,1.5
2021-09-05,COOKIE,9.0,1.0
2021-09-05,COUPE,54.0,0.15
2021-09-05,CROISSANT,112.0,1.1
2021-09-05,CROISSANT AMANDES,2.0,1.4
2021-09-05,DEMI BAGUETTE,3.0,0.45
2021-09-05,ECLAIR,19.0,2.0
2021-09-05,FICELLE,9.0,0.6
2021-09-05,FINANCIER X5,1.0,3.0
2021-09-05,FORMULE SANDWICH,2.0,6.5
2021-09-05,KOUIGN AMANN,5.0,2.1
2021-09-05,MOISSON,8.0,2.0
2021-09-05,PAIN,5.0,1.15
2021-09-05,PAIN AU CHOCOLAT,77.0,1.2
2021-09-05,PAIN AUX RAISINS,3.0,1.3999999999999997
2021-09-05,PAIN BANETTE,4.0,1.4
2021-09-05,PAIN CHOCO AMANDES,4.0,1.5
2021-09-05,QUIM BREAD,3.0,1.0
2021-09-05,SAND JB EMMENTAL,4.0,3.5
2021-09-05,SANDWICH COMPLET,5.0,4.5
2021-09-05,SEIGLE,4.0,1.8
2021-09-05,SPECIAL BREAD,9.0,2.4
2021-09-05,TARTELETTE,30.0,2.0
2021-09-05,TRADITIONAL BAGUETTE,251.0,1.2
2021-09-06,BAGUETTE,38.0,0.9
2021-09-06,BANETTE,35.0,1.05
2021-09-06,BANETTINE,5.0,0.6
2021-09-06,BOISSON 33CL,2.0,1.5
2021-09-06,BOULE 200G,2.0,1.1
2021-09-06,BOULE 400G,4.0,1.5
2021-09-06,BRIOCHE,3.0,5.0
2021-09-06,CAFE OU EAU,3.0,1.0
2021-09-06,CAMPAGNE,8.0,1.8
2021-09-06,CEREAL BAGUETTE,10.0,1.25
2021-09-06,CHAUSSON AUX POMMES,3.0,1.4
2021-09-06,COMPLET,5.0,1.5
2021-09-06,COOKIE,3.0,1.0
2021-09-06,COUPE,30.0,0.15
2021-09-06,CROISSANT,40.0,1.1
2021-09-06,CROISSANT AMANDES,3.0,1.4
2021-09-06,DEMI BAGUETTE,3.0,0.45
2021-09-06,ECLAIR,3.0,2.0
2021-09-06,FICELLE,10.0,0.6
2021-09-06,FINANCIER X5,3.0,3.0
2021-09-06,FORMULE SANDWICH,14.0,6.5
2021-09-06,KOUIGN AMANN,8.0,2.1
2021-09-06,MOISSON,6.0,2.0
2021-09-06,PAIN,5.0,1.15
2021-09-06,PAIN AU CHOCOLAT,18.0,1.2
2021-09-06,PAIN AUX RAISINS,7.0,1.4
2021-09-06,PAIN BANETTE,5.0,1.4
2021-09-06,PAIN CHOCO AMANDES,5.0,1.5
2021-09-06,QUIM BREAD,4.0,1.0
2021-09-06,SAND JB EMMENTAL,4.0,3.5
2021-09-06,SANDWICH COMPLET,11.0,4.5
2021-09-06,SEIGLE,2.0,1.8
2021-09-06,SPECIAL BREAD,10.0,2.4
2021-09-06,TARTELETTE,1.0,2.0
2021-09-06,TRADITIONAL BAGUETTE,159.0,1.2
2021-09-07,BAGUETTE,47.0,0.9
2021-09-07,BANETTE,44.0,1.05
2021-09-07,BANETTINE,5.0,0.6
2021-09-07,BOISSON 33CL,6.0,1.5
2021-09-07,BOULE 200G,8.0,1.1
2021-09-07,BOULE 400G,2.0,1.5
2021-09-07,BRIOCHE,1.0,5.0
2021-09-07,CAFE OU EAU,10.0,1.0
2021-09-07,CAMPAGNE,8.0,1.8
2021-09-07,CEREAL BAGUETTE,12.0,1.25
2021-09-07,CHAUSSON AUX POMMES,1.0,1.4
2021-09-07,COMPLET,7.0,1.5
2021-09-07,COOKIE,6.0,1.0
2021-09-07,COUPE,34.0,0.15
2021-09-07,CROISSANT,26.0,1.1
2021-09-07,CROISSANT AMANDES,7.0,1.3999999999999997
2021-09-07,DEMI BAGUETTE,4.0,0.45
2021-09-07,ECLAIR,3.0,2.0
2021-09-07,FICELLE,8.0,0.6
2021-09-07,FINANCIER X5,1.0,3.0
2021-09-07,FORMULE SANDWICH,10.0,6.5
2021-09-07,KOUIGN AMANN,7.0,2.1
2021-09-07,MOISSON,6.0,2.0
2021-09-07,PAIN,5.0,1.15
2021-09-07,PAIN AU CHOCOLAT,27.0,1.2
2021-09-07,PAIN AUX RAISINS,3.0,1.4
2021-09-07,PAIN BANETTE,6.0,1.3999999999999997
2021-09-07,PAIN CHOCO AMANDES,7.0,1.5
2021-09-07,QUIM BREAD,3.0,1.0
2021-09-07,SAND JB EMMENTAL,4.0,3.5
2021-09-07,SANDWICH COMPLET,9.0,4.5
2021-09-07,SEIGLE,4.0,1.8
2021-09-07,SPECIAL BREAD,9.0,2.4
2021-09-07,TARTELETTE,7.0,2.0
2021-09-07,TRADITIONAL BAGUETTE,133.0,1.2
2021-09-08,BAGUETTE,18.0,0.9
2021-09-08,BANETTE,35.0,1.05
2021-09-08,BANETTINE,3.0,0.6
2021-09-08,BOISSON 33CL,6.0,1.5
2021-09-08,BOULE 200G,6.0,1.1
2021-09-08,BOULE 400G,5.0,1.5
2021-09-08,BRIOCHE,1.0,5.0
2021-09-08,CAFE OU EAU,5.0,1.0
2021-09-08,CAMPAGNE,4.0,1.8
2021-09-08,CEREAL BAGUETTE,11.0,1.25
2021-09-08,CHAUSSON AUX POMMES,2.0,1.4
2021-09-08,COMPLET,5.0,1.5
2021-09-08,COOKIE,1.0,1.0
2021-09-08,COUPE,34.0,0.15
2021-09-08,CROISSANT,33.0,1.1
2021-09-08,CROISSANT AMANDES,4.0,1.4
2021-09-08,DEMI BAGUETTE,2.0,0.45
2021-09-08,ECLAIR,4.0,2.0
2021-09-08,FICELLE,7.0,0.6
2021-09-08,FINANCIER X5,4.0,3.0
2021-09-08,FORMULE SANDWICH,12.0,6.5
2021-09-08,MOISSON,7.0,2.0
2021-09-08,PAIN,2.0,1.15
2021-09-08,PAIN AU CHOCOLAT,27.0,1.2
2021-09-08,PAIN AUX RAISINS,3.0,1.4
2021-09-08,PAIN BANETTE,5.0,1.4
2021-09-08,PAIN CHOCO AMANDES,4.0,1.5
2021-09-08,QUIM BREAD,7.0,1.0
2021-09-08,SAND JB EMMENTAL,6.0,3.5
2021-09-08,SANDWICH COMPLET,11.0,4.5
2021-09-08,SEIGLE,2.0,1.8
2021-09-08,SPECIAL BREAD,10.0,2.4
2021-09-08,TARTELETTE,7.0,2.0
2021-09-08,TRADITIONAL BAGUETTE,163.0,1.2
2021-09-09,BAGUETTE,39.0,0.9
2021-09-09,BANETTE,38.0,1.05
2021-09-09,BANETTINE,6.0,0.6
2021-09-09,BOISSON 33CL,4.0,1.5
2021-09-09,BOULE 200G,3.0,1.1
2021-09-09,BOULE 400G,1.0,1.5
2021-09-09,BRIOCHE,1.0,5.0
2021-09-09,CAFE OU EAU,1.0,1.0
2021-09-09,CAMPAGNE,6.0,1.8
2021-09-09,CEREAL BAGUETTE,5.0,1.25
2021-09-09,CHAUSSON AUX POMMES,2.0,1.4
2021-09-09,COMPLET,6.0,1.5
2021-09-09,COOKIE,2.0,1.0
2021-09-09,COUPE,36.0,0.15
2021-09-09,CROISSANT,41.0,1.1
2021-09-09,DEMI BAGUETTE,2.0,0.45
2021-09-09,ECLAIR,9.0,2.0
2021-09-09,FICELLE,9.0,0.6
2021-09-09,FINANCIER X5,1.0,3.0
2021-09-09,FORMULE SANDWICH,10.0,6.5
2021-09-09,MOISSON,10.0,2.0
2021-09-09,PAIN,5.0,1.15
2021-09-09,PAIN AU CHOCOLAT,12.0,1.2
2021-09-09,PAIN AUX RAISINS,3.0,1.4
2021-09-09,PAIN BANETTE,5.0,1.3999999999999997
2021-09-09,PAIN CHOCO AMANDES,3.0,1.5
2021-09-09,QUIM BREAD,3.0,1.0
2021-09-09,SAND JB EMMENTAL,8.0,3.5
2021-09-09,SANDWICH COMPLET,10.0,4.5
2021-09-09,SEIGLE,3.0,1.8
2021-09-09,SPECIAL BREAD,10.0,2.4
2021-09-09,TARTELETTE,2.0,2.0
2021-09-09,TRADITIONAL BAGUETTE,168.0,1.2
2021-09-10,BAGUETTE,32.0,0.9000000000000001
2021-09-10,BANETTE,25.0,1.05
2021-09-10,BANETTINE,6.0,0.6
2021-09-10,BOISSON 33CL,7.0,1.5
2021-09-10,BOULE 200G,6.0,1.1
2021-09-10,BOULE 400G,10.0,1.5
2021-09-10,CAFE OU EAU,6.0,1.0
2021-09-10,CAMPAGNE,7.0,1.8
2021-09-10,CEREAL BAGUETTE,10.0,1.25
2021-09-10,CHAUSSON AUX POMMES,4.0,1.4
2021-09-10,COMPLET,6.0,1.5
2021-09-10,COOKIE,4.0,1.0
2021-09-10,COUPE,37.0,0.15
2021-09-10,CROISSANT,31.0,1.1
2021-09-10,CROISSANT AMANDES,5.0,1.4
2021-09-10,DEMI BAGUETTE,1.0,0.45
2021-09-10,ECLAIR,7.0,2.0
2021-09-10,FICELLE,5.0,0.6
2021-09-10,FINANCIER X5,1.0,3.0
2021-09-10,FORMULE SANDWICH,16.0,6.5
2021-09-10,KOUIGN AMANN,2.0,2.1
2021-09-10,MOISSON,6.0,2.0
2021-09-10,PAIN,5.0,1.15
2021-09-10,PAIN AU CHOCOLAT,24.0,1.2
2021-09-10,PAIN AUX RAISINS,5.0,1.3999999999999997
2021-09-10,PAIN BANETTE,5.0,1.4
2021-09-10,PAIN CHOCO AMANDES,4.0,1.5
2021-09-10,QUIM BREAD,4.0,1.0
2021-09-10,SAND JB EMMENTAL,5.0,3.5
2021-09-10,SANDWICH COMPLET,7.0,4.5
2021-09-10,SEIGLE,2.0,1.8
2021-09-10,SPECIAL BREAD,8.0,2.4
2021-09-10,TARTELETTE,4.0,2.0
2021-09-10,TRADITIONAL BAGUETTE,133.0,1.2
2021-09-11,BAGUETTE,67.0,0.9
2021-09-11,BANETTE,39.0,1.05
2021-09-11,BANETTINE,6.0,0.6
2021-09-11,BOISSON 33CL,6.0,1.5
2021-09-11,BOULE 200G,3.0,1.1
2021-09-11,BOULE 400G,15.0,1.5
2021-09-11,BRIOCHE,4.0,5.0
2021-09-11,CAFE OU EAU,6.0,1.0
2021-09-11,CAMPAGNE,11.0,1.8
2021-09-11,CEREAL BAGUETTE,18.0,1.25
2021-09-11,CHAUSSON AUX POMMES,5.0,1.3999999999999997
2021-09-11,COMPLET,6.0,1.5
2021-09-11,COOKIE,4.0,1.0
2021-09-11,COUPE,57.0,0.15
2021-09-11,CROISSANT,71.0,1.1
2021-09-11,CROISSANT AMANDES,2.0,1.4
2021-09-11,DEMI BAGUETTE,4.0,0.45
2021-09-11,ECLAIR,9.0,2.0
2021-09-11,FICELLE,10.0,0.6
2021-09-11,FINANCIER X5,3.0,3.0
2021-09-11,FORMULE SANDWICH,2.0,6.5
2021-09-11,MOISSON,6.0,2.0
2021-09-11,PAIN,3.0,1.15
2021-09-11,PAIN AU CHOCOLAT,33.0,1.2
2021-09-11,PAIN AUX RAISINS,2.0,1.4
2021-09-11,PAIN BANETTE,3.0,1.3999999999999997
2021-09-11,PAIN CHOCO AMANDES,3.0,1.5
2021-09-11,QUIM BREAD,2.0,1.0
2021-09-11,SAND JB EMMENTAL,1.0,3.5
2021-09-11,SANDWICH COMPLET,3.0,4.5
2021-09-11,SEIGLE,4.0,1.8
2021-09-11,SPECIAL BREAD,15.0,2.4
2021-09-11,TARTELETTE,5.0,2.0
2021-09-11,TRADITIONAL BAGUETTE,222.0,1.2
2021-09-12,BAGUETTE,68.0,0.9
2021-09-12,BANETTE,53.0,1.05
2021-09-12,BANETTINE,6.0,0.6
2021-09-12,BOISSON 33CL,1.0,1.5
2021-09-12,BOULE 200G,3.0,1.1
2021-09-12,BOULE 400G,12.0,1.5
2021-09-12,BRIOCHE,4.0,5.0
2021-09-12,CAFE OU EAU,2.0,1.0
2021-09-12,CAMPAGNE,14.0,1.8
2021-09-12,CEREAL BAGUETTE,12.0,1.25
2021-09-12,CHAUSSON AUX POMMES,2.0,1.4
2021-09-12,COMPLET,6.0,1.5
2021-09-12,COOKIE,5.0,1.0
2021-09-12,COUPE,51.0,0.15
2021-09-12,CROISSANT,118.0,1.1
2021-09-12,CROISSANT AMANDES,3.0,1.3999999999999997
2021-09-12,DEMI BAGUETTE,5.0,0.45
2021-09-12,ECLAIR,19.0,2.0
2021-09-12,FICELLE,10.0,0.6
2021-09-12,FINANCIER X5,2.0,3.0
2021-09-12,FORMULE SANDWICH,6.0,6.5
2021-09-12,KOUIGN AMANN,8.0,2.1
2021-09-12,MOISSON,6.0,2.0
2021-09-12,PAIN,6.0,1.15
2021-09-12,PAIN AU CHOCOLAT,89.0,1.2
2021-09-12,PAIN AUX RAISINS,6.0,1.4
2021-09-12,PAIN BANETTE,3.0,1.4
2021-09-12,PAIN CHOCO AMANDES,3.0,1.5
2021-09-12,QUIM BREAD,4.0,1.0
2021-09-12,SEIGLE,5.0,1.8
2021-09-12,SPECIAL BREAD,14.0,2.4
2021-09-12,TARTELETTE,24.0,2.0
2021-09-12,TRADITIONAL BAGUETTE,278.0,1.2
2021-09-13,BAGUETTE,47.0,0.8999999999999999
2021-09-13,BANETTE,33.0,1.05
2021-09-13,BANETTINE,3.0,0.6
2021-09-13,BOISSON 33CL,5.0,1.5
2021-09-13,BOULE 200G,2.0,1.1
2021-09-13,BOULE 400G,7.0,1.5
2021-09-13,BRIOCHE,1.0,5.0
2021-09-13,CAFE OU EAU,3.0,1.0
2021-09-13,CAMPAGNE,10.0,1.8
2021-09-13,CEREAL BAGUETTE,17.0,1.25
2021-09-13,CHAUSSON AUX POMMES,6.0,1.3999999999999997
2021-09-13,COMPLET,6.0,1.5
2021-09-13,COOKIE,10.0,1.0
2021-09-13,COUPE,40.0,0.15
2021-09-13,CROISSANT,23.0,1.1
2021-09-13,CROISSANT AMANDES,1.0,1.4
2021-09-13,DEMI BAGUETTE,4.0,0.45
2021-09-13,FICELLE,9.0,0.6
2021-09-13,FORMULE SANDWICH,9.0,6.5
2021-09-13,MOISSON,6.0,2.0
2021-09-13,PAIN,2.0,1.15
2021-09-13,PAIN AU CHOCOLAT,31.0,1.2
2021-09-13,PAIN AUX RAISINS,5.0,1.4
2021-09-13,PAIN BANETTE,3.0,1.3999999999999997
2021-09-13,PAIN CHOCO AMANDES,2.0,1.5
2021-09-13,QUIM BREAD,7.0,1.0
2021-09-13,SAND JB EMMENTAL,4.0,3.5
2021-09-13,SANDWICH COMPLET,8.0,4.5
2021-09-13,SEIGLE,3.0,1.8
2021-09-13,SPECIAL BREAD,11.0,2.4
2021-09-13,TRADITIONAL BAGUETTE,164.0,1.2
2021-09-14,BAGUETTE,24.0,0.9
2021-09-14,BANETTE,29.0,1.05
2021-09-14,BANETTINE,6.0,0.6
2021-09-14,BOISSON 33CL,3.0,1.5
2021-09-14,BOULE 200G,6.0,1.1
2021-09-14,BOULE 400G,7.0,1.5
2021-09-14,BRIOCHE,2.0,5.0
2021-09-14,CAFE OU EAU,5.0,1.0
2021-09-14,CAMPAGNE,4.0,1.8
2021-09-14,CEREAL BAGUETTE,7.0,1.25
2021-09-14,CHAUSSON AUX POMMES,1.0,1.4
2021-09-14,COMPLET,5.0,1.5
2021-09-14,COOKIE,9.0,1.0
2021-09-14,COUPE,26.0,0.15
2021-09-14,CROISSANT,24.0,1.1
2021-09-14,CROISSANT AMANDES,7.0,1.4
2021-09-14,DEMI BAGUETTE,3.0,0.45
2021-09-14,ECLAIR,3.0,2.0
2021-09-14,FICELLE,9.0,0.6
2021-09-14,FINANCIER X5,6.0,3.0
2021-09-14,FORMULE SANDWICH,8.0,6.5
2021-09-14,KOUIGN AMANN,3.0,2.1
2021-09-14,MOISSON,3.0,2.0
2021-09-14,PAIN AU CHOCOLAT,23.0,1.2
2021-09-14,PAIN AUX RAISINS,5.0,1.3999999999999997
2021-09-14,PAIN BANETTE,3.0,1.3999999999999997
2021-09-14,PAIN CHOCO AMANDES,2.0,1.5
2021-09-14,QUIM BREAD,2.0,1.0
2021-09-14,SAND JB EMMENTAL,4.0,3.5
2021-09-14,SANDWICH COMPLET,11.0,4.5
2021-09-14,SEIGLE,2.0,1.8
2021-09-14,SPECIAL BREAD,2.0,2.4
2021-09-14,TARTELETTE,4.0,2.0
2021-09-14,TRADITIONAL BAGUETTE,105.0,1.2
2021-09-15,BAGUETTE,24.0,0.9
2021-09-15,BANETTE,21.0,1.05
2021-09-15,BANETTINE,3.0,0.6
2021-09-15,BOISSON 33CL,2.0,1.5
2021-09-15,BOULE 200G,2.0,1.1
2021-09-15,BOULE 400G,4.0,1.5
2021-09-15,BRIOCHE,1.0,5.0
2021-09-15,CAMPAGNE,3.0,1.8
2021-09-15,CEREAL BAGUETTE,12.0,1.25
2021-09-15,CHAUSSON AUX POMMES,1.0,1.4
2021-09-15,COMPLET,5.0,1.5
2021-09-15,COOKIE,8.0,1.0
2021-09-15,COUPE,23.0,0.15
2021-09-15,CROISSANT,28.0,1.1
2021-09-15,CROISSANT AMANDES,5.0,1.4
2021-09-15,ECLAIR,9.0,2.0
2021-09-15,FICELLE,7.0,0.6
2021-09-15,FINANCIER X5,2.0,3.0
2021-09-15,FORMULE SANDWICH,12.0,6.5
2021-09-15,KOUIGN AMANN,1.0,2.1
2021-09-15,MOISSON,4.0,2.0
2021-09-15,PAIN,4.0,1.15
2021-09-15,PAIN AU CHOCOLAT,20.0,1.2
2021-09-15,PAIN AUX RAISINS,6.0,1.4
2021-09-15,PAIN BANETTE,2.0,1.4
2021-09-15,PAIN CHOCO AMANDES,5.0,1.5
2021-09-15,QUIM BREAD,1.0,1.0
2021-09-15,SAND JB EMMENTAL,6.0,3.5
2021-09-15,SANDWICH COMPLET,9.0,4.5
2021-09-15,SPECIAL BREAD,7.0,2.4
2021-09-15,TARTELETTE,10.0,2.0
2021-09-15,TRADITIONAL BAGUETTE,115.0,1.2
2021-09-16,BAGUETTE,37.0,0.9
2021-09-16,BANETTE,39.0,1.05
2021-09-16,BANETTINE,3.0,0.6
2021-09-16,BOISSON 33CL,1.0,1.5
2021-09-16,BOULE 200G,5.0,1.1
2021-09-16,BOULE 400G,7.0,1.5
2021-09-16,CAFE OU EAU,2.0,1.0
2021-09-16,CAMPAGNE,5.0,1.8
2021-09-16,CEREAL BAGUETTE,10.0,1.25
2021-09-16,CHAUSSON AUX POMMES,2.0,1.4
2021-09-16,COMPLET,1.0,1.5
2021-09-16,COOKIE,4.0,1.0
2021-09-16,COUPE,21.0,0.15
2021-09-16,CROISSANT,26.0,1.1
2021-09-16,CROISSANT AMANDES,3.0,1.3999999999999997
2021-09-16,DEMI BAGUETTE,3.0,0.45
2021-09-16,ECLAIR,1.0,2.0
2021-09-16,FICELLE,4.0,0.6
2021-09-16,FORMULE SANDWICH,12.0,6.5
2021-09-16,MOISSON,3.0,2.0
2021-09-16,PAIN,2.0,1.15
2021-09-16,PAIN AU CHOCOLAT,23.0,1.2
2021-09-16,PAIN AUX RAISINS,2.0,1.4
2021-09-16,PAIN BANETTE,5.0,1.4
2021-09-16,PAIN CHOCO AMANDES,6.0,1.5
2021-09-16,SAND JB EMMENTAL,9.0,3.5
2021-09-16,SANDWICH COMPLET,9.0,4.5
2021-09-16,SEIGLE,1.0,1.8
2021-09-16,SPECIAL BREAD,2.0,2.4
2021-09-16,TARTELETTE,7.0,2.0
2021-09-16,TRADITIONAL BAGUETTE,107.0,1.2
2021-09-17,BAGUETTE,29.0,0.9000000000000001
2021-09-17,BANETTE,35.0,1.05
2021-09-17,BANETTINE,6.0,0.6
2021-09-17,BOISSON 33CL,5.0,1.5
2021-09-17,BOULE 200G,5.0,1.1
2021-09-17,BOULE 400G,1.0,1.5
2021-09-17,BRIOCHE,2.0,5.0
2021-09-17,CAFE OU EAU,2.0,1.0
2021-09-17,CAMPAGNE,5.0,1.8
2021-09-17,CEREAL BAGUETTE,11.0,1.25
2021-09-17,COMPLET,2.0,1.5
2021-09-17,COOKIE,6.0,1.0
2021-09-17,COUPE,22.0,0.15
2021-09-17,CROISSANT,23.0,1.1
2021-09-17,CROISSANT AMANDES,3.0,1.3999999999999997
2021-09-17,DEMI BAGUETTE,2.0,0.45
2021-09-17,ECLAIR,4.0,2.0
2021-09-17,FICELLE,4.0,0.6
2021-09-17,FINANCIER X5,1.0,3.0
2021-09-17,FORMULE SANDWICH,13.0,6.5
2021-09-17,KOUIGN AMANN,1.0,2.1
2021-09-17,MOISSON,4.0,2.0
2021-09-17,PAIN,1.0,1.15
2021-09-17,PAIN AU CHOCOLAT,30.0,1.2
2021-09-17,PAIN AUX RAISINS,6.0,1.4
2021-09-17,PAIN BANETTE,4.0,1.4
2021-09-17,PAIN CHOCO AMANDES,3.0,1.5
2021-09-17,QUIM BREAD,2.0,1.0
2021-09-17,SAND JB EMMENTAL,2.0,3.5
2021-09-17,SANDWICH COMPLET,6.0,4.5
2021-09-17,SPECIAL BREAD,4.0,2.4
2021-09-17,TARTELETTE,4.0,2.0
2021-09-17,TRADITIONAL BAGUETTE,111.0,1.2
2021-09-18,BAGUETTE,48.0,0.9
2021-09-18,BANETTE,43.0,1.05
2021-09-18,BANETTINE,6.0,0.6
2021-09-18,BOISSON 33CL,4.0,1.5
2021-09-18,BOULE 200G,4.0,1.1
2021-09-18,BOULE 400G,16.0,1.5
2021-09-18,BRIOCHE,1.0,5.0
2021-09-18,CAFE OU EAU,1.0,1.0
2021-09-18,CAMPAGNE,6.0,1.8
2021-09-18,CEREAL BAGUETTE,30.0,1.25
2021-09-18,COMPLET,6.0,1.5
2021-09-18,COOKIE,1.0,1.0
2021-09-18,COUPE,58.0,0.15
2021-09-18,CROISSANT,52.0,1.1
2021-09-18,CROISSANT AMANDES,1.0,1.4
2021-09-18,DEMI BAGUETTE,2.0,0.45
2021-09-18,ECLAIR,3.0,2.0
2021-09-18,FICELLE,7.0,0.6
2021-09-18,FINANCIER X5,4.0,3.0
2021-09-18,FORMULE SANDWICH,4.0,6.5
2021-09-18,KOUIGN AMANN,5.0,2.1
2021-09-18,MOISSON,4.0,2.0
2021-09-18,PAIN,6.0,1.15
2021-09-18,PAIN AU CHOCOLAT,43.0,1.2
2021-09-18,PAIN AUX RAISINS,3.0,1.4
2021-09-18,PAIN BANETTE,7.0,1.4
2021-09-18,PAIN CHOCO AMANDES,2.0,1.5
2021-09-18,QUIM BREAD,6.0,1.0
2021-09-18,SAND JB EMMENTAL,1.0,3.5
2021-09-18,SANDWICH COMPLET,1.0,4.5
2021-09-18,SEIGLE,3.0,1.8
2021-09-18,SPECIAL BREAD,9.0,2.4
2021-09-18,TARTELETTE,15.0,2.0
2021-09-18,TRADITIONAL BAGUETTE,179.0,1.2
2021-09-19,BAGUETTE,39.0,0.9
2021-09-19,BANETTE,43.0,1.05
2021-09-19,BANETTINE,6.0,0.6
2021-09-19,BOULE 200G,7.0,1.1
2021-09-19,BOULE 400G,9.0,1.5
2021-09-19,BRIOCHE,9.0,5.0
2021-09-19,CAFE OU EAU,3.0,1.0
2021-09-19,CAMPAGNE,7.0,1.8
2021-09-19,CEREAL BAGUETTE,28.0,1.25
2021-09-19,CHAUSSON AUX POMMES,2.0,1.4
2021-09-19,COMPLET,6.0,1.5
2021-09-19,COOKIE,7.0,1.0
2021-09-19,COUPE,50.0,0.15
2021-09-19,CROISSANT,88.0,1.1
2021-09-19,CROISSANT AMANDES,3.0,1.3999999999999997
2021-09-19,DEMI BAGUETTE,8.0,0.45
2021-09-19,ECLAIR,8.0,2.0
2021-09-19,FICELLE,7.0,0.6
2021-09-19,FINANCIER X5,1.0,3.0
2021-09-19,FORMULE SANDWICH,4.0,6.5
2021-09-19,KOUIGN AMANN,1.0,2.1
2021-09-19,MOISSON,6.0,2.0
2021-09-19,PAIN,5.0,1.15
2021-09-19,PAIN AU CHOCOLAT,43.0,1.2
2021-09-19,PAIN AUX RAISINS,4.0,1.3999999999999997
2021-09-19,PAIN BANETTE,6.0,1.4
2021-09-19,PAIN CHOCO AMANDES,7.0,1.5
2021-09-19,QUIM BREAD,5.0,1.0
2021-09-19,SANDWICH COMPLET,1.0,4.5
2021-09-19,SEIGLE,3.0,1.8
2021-09-19,SPECIAL BREAD,11.0,2.4
2021-09-19,TARTELETTE,15.0,2.0
2021-09-19,TRADITIONAL BAGUETTE,227.0,1.2
2021-09-20,BAGUETTE,29.0,0.9
2021-09-20,BANETTE,31.0,1.05
2021-09-20,BANETTINE,4.0,0.6
2021-09-20,BOISSON 33CL,3.0,1.5
2021-09-20,BOULE 200G,5.0,1.1
2021-09-20,BOULE 400G,7.0,1.5
2021-09-20,CAFE OU EAU,2.0,1.0
2021-09-20,CAMPAGNE,7.0,1.8
2021-09-20,CEREAL BAGUETTE,12.0,1.25
2021-09-20,CHAUSSON AUX POMMES,2.0,1.4
2021-09-20,COMPLET,6.0,1.5
2021-09-20,COUPE,35.0,0.15
2021-09-20,CROISSANT,34.0,1.1
2021-09-20,CROISSANT AMANDES,6.0,1.4
2021-09-20,DEMI BAGUETTE,4.0,0.45
2021-09-20,ECLAIR,3.0,2.0
2021-09-20,FICELLE,8.0,0.6
2021-09-20,FINANCIER X5,1.0,3.0
2021-09-20,FORMULE SANDWICH,7.0,6.5
2021-09-20,MOISSON,7.0,2.0
2021-09-20,PAIN,3.0,1.15
2021-09-20,PAIN AU CHOCOLAT,23.0,1.2
2021-09-20,PAIN AUX RAISINS,4.0,1.4
2021-09-20,PAIN BANETTE,6.0,1.3999999999999997
2021-09-20,PAIN CHOCO AMANDES,4.0,1.5
2021-09-20,QUIM BREAD,1.0,1.0
2021-09-20,SAND JB EMMENTAL,7.0,3.5
2021-09-20,SANDWICH COMPLET,12.0,4.5
2021-09-20,SEIGLE,3.0,1.8
2021-09-20,SPECIAL BREAD,5.0,2.4
2021-09-20,TARTELETTE,9.0,2.0
2021-09-20,TRADITIONAL BAGUETTE,165.0,1.2
2021-09-21,BAGUETTE,24.0,0.9
2021-09-21,BANETTE,28.0,1.05
2021-09-21,BANETTINE,6.0,0.6
2021-09-21,BOISSON 33CL,3.0,1.5
2021-09-21,BOULE 200G,5.0,1.1
2021-09-21,BOULE 400G,7.0,1.5
2021-09-21,BRIOCHE,2.0,5.0
2021-09-21,CAFE OU EAU,6.0,1.0
2021-09-21,CAMPAGNE,6.0,1.8
2021-09-21,CEREAL BAGUETTE,11.0,1.25
2021-09-21,CHAUSSON AUX POMMES,4.0,1.3999999999999997
2021-09-21,COMPLET,6.0,1.5
2021-09-21,COOKIE,10.0,1.0
2021-09-21,COUPE,29.0,0.15
2021-09-21,CROISSANT,21.0,1.1
2021-09-21,CROISSANT AMANDES,4.0,1.3999999999999997
2021-09-21,DEMI BAGUETTE,2.0,0.45
2021-09-21,ECLAIR,4.0,2.0
2021-09-21,FICELLE,5.0,0.6
2021-09-21,FORMULE SANDWICH,15.0,6.5
2021-09-21,KOUIGN AMANN,1.0,2.1
2021-09-21,MOISSON,5.0,2.0
2021-09-21,PAIN,5.0,1.15
2021-09-21,PAIN AU CHOCOLAT,23.0,1.2
2021-09-21,PAIN AUX RAISINS,3.0,1.4
2021-09-21,PAIN BANETTE,3.0,1.3999999999999997
2021-09-21,PAIN CHOCO AMANDES,2.0,1.5
2021-09-21,QUIM BREAD,4.0,1.0
2021-09-21,SAND JB EMMENTAL,9.0,3.5
2021-09-21,SANDWICH COMPLET,7.0,4.5
2021-09-21,SEIGLE,1.0,1.8
2021-09-21,SPECIAL BREAD,5.0,2.4
2021-09-21,TARTELETTE,11.0,2.0
2021-09-21,TRADITIONAL BAGUETTE,135.0,1.2
2021-09-22,BAGUETTE,3.0,0.9
2021-09-22,BANETTE,7.0,1.05
2021-09-22,CAMPAGNE,1.0,1.8
2021-09-22,CEREAL BAGUETTE,2.0,1.25
2021-09-22,COUPE,3.0,0.15
2021-09-22,FINANCIER X5,1.0,3.0
2021-09-22,KOUIGN AMANN,6.0,2.1
2021-09-22,MOISSON,2.0,2.0
2021-09-22,PAIN CHOCO AMANDES,3.0,1.5
2021-09-22,QUIM BREAD,4.0,1.0
2021-09-22,SEIGLE,1.0,1.8
2021-09-22,SPECIAL BREAD,2.0,2.4
2021-09-22,TRADITIONAL BAGUETTE,32.0,1.2
2021-09-23,BAGUETTE,27.0,0.9
2021-09-23,BANETTE,30.0,1.05
2021-09-23,BANETTINE,3.0,0.6
2021-09-23,BOISSON 33CL,4.0,1.5
2021-09-23,BOULE 200G,2.0,1.1
2021-09-23,BOULE 400G,3.0,1.5
2021-09-23,BRIOCHE,1.0,5.0
2021-09-23,CAMPAGNE,6.0,1.8
2021-09-23,CEREAL BAGUETTE,8.0,1.25
2021-09-23,COMPLET,4.0,1.5
2021-09-23,COOKIE,2.0,1.0
2021-09-23,COUPE,18.0,0.15
2021-09-23,CROISSANT,33.0,1.1
2021-09-23,CROISSANT AMANDES,3.0,1.4
2021-09-23,DEMI BAGUETTE,1.0,0.45
2021-09-23,ECLAIR,6.0,2.0
2021-09-23,FICELLE,1.0,0.6
2021-09-23,FINANCIER X5,2.0,3.0
2021-09-23,FORMULE SANDWICH,6.0,6.5
2021-09-23,MOISSON,3.0,2.0
2021-09-23,PAIN,4.0,1.15
2021-09-23,PAIN AU CHOCOLAT,31.0,1.2
2021-09-23,PAIN AUX RAISINS,3.0,1.4
2021-09-23,PAIN BANETTE,1.0,1.4
2021-09-23,PAIN CHOCO AMANDES,3.0,1.5
2021-09-23,QUIM BREAD,5.0,1.0
2021-09-23,SAND JB EMMENTAL,7.0,3.5
2021-09-23,SANDWICH COMPLET,12.0,4.5
2021-09-23,SEIGLE,3.0,1.8
2021-09-23,SPECIAL BREAD,3.0,2.4
2021-09-23,TARTELETTE,2.0,2.0
2021-09-23,TRADITIONAL BAGUETTE,113.0,1.2
2021-09-24,BAGUETTE,43.0,0.9
2021-09-24,BANETTE,39.0,1.05
2021-09-24,BANETTINE,6.0,0.6
2021-09-24,BOISSON 33CL,5.0,1.5
2021-09-24,BOULE 200G,3.0,1.1
2021-09-24,BOULE 400G,8.0,1.5
2021-09-24,BRIOCHE,1.0,5.0
2021-09-24,CAMPAGNE,9.0,1.8
2021-09-24,CEREAL BAGUETTE,20.0,1.25
2021-09-24,CHAUSSON AUX POMMES,1.0,1.4
2021-09-24,COMPLET,1.0,1.5
2021-09-24,COOKIE,3.0,1.0
2021-09-24,COUPE,33.0,0.15
2021-09-24,CROISSANT,20.0,1.1
2021-09-24,CROISSANT AMANDES,1.0,1.4
2021-09-24,DEMI BAGUETTE,2.0,0.45
2021-09-24,ECLAIR,3.0,2.0
2021-09-24,FICELLE,7.0,0.6
2021-09-24,FINANCIER X5,3.0,3.0
2021-09-24,FORMULE SANDWICH,21.0,6.5
2021-09-24,KOUIGN AMANN,1.0,2.1
2021-09-24,MOISSON,2.0,2.0
2021-09-24,PAIN,2.0,1.15
2021-09-24,PAIN AU CHOCOLAT,32.0,1.2
2021-09-24,PAIN AUX RAISINS,3.0,1.4
2021-09-24,PAIN BANETTE,3.0,1.3999999999999997
2021-09-24,PAIN CHOCO AMANDES,4.0,1.5
2021-09-24,QUIM BREAD,3.0,1.0
2021-09-24,SAND JB EMMENTAL,2.0,3.5
2021-09-24,SANDWICH COMPLET,5.0,4.5
2021-09-24,SEIGLE,2.0,1.8
2021-09-24,SPECIAL BREAD,9.0,2.4
2021-09-24,TARTELETTE,7.0,2.0
2021-09-24,TRADITIONAL BAGUETTE,109.0,1.2
2021-09-25,BAGUETTE,42.0,0.9
2021-09-25,BANETTE,57.0,1.05
2021-09-25,BANETTINE,5.0,0.6
2021-09-25,BOISSON 33CL,3.0,1.5
2021-09-25,BOULE 200G,2.0,1.1
2021-09-25,BOULE 400G,12.0,1.5
2021-09-25,BRIOCHE,3.0,5.0
2021-09-25,CAFE OU EAU,2.0,1.0
2021-09-25,CAMPAGNE,24.0,1.8
2021-09-25,CEREAL BAGUETTE,20.0,1.25
2021-09-25,CHAUSSON AUX POMMES,3.0,1.3999999999999997
2021-09-25,COMPLET,8.0,1.5
2021-09-25,COOKIE,7.0,1.0
2021-09-25,COUPE,77.0,0.15
2021-09-25,CROISSANT,57.0,1.1
2021-09-25,CROISSANT AMANDES,3.0,1.3999999999999997
2021-09-25,DEMI BAGUETTE,2.0,0.45
2021-09-25,ECLAIR,3.0,2.0
2021-09-25,FICELLE,6.0,0.6
2021-09-25,FORMULE SANDWICH,2.0,6.5
2021-09-25,KOUIGN AMANN,3.0,2.1
2021-09-25,MOISSON,4.0,2.0
2021-09-25,PAIN,6.0,1.15
2021-09-25,PAIN AU CHOCOLAT,45.0,1.2
2021-09-25,PAIN AUX RAISINS,6.0,1.4
2021-09-25,PAIN BANETTE,5.0,1.4
2021-09-25,PAIN CHOCO AMANDES,4.0,1.5
2021-09-25,SAND JB EMMENTAL,1.0,3.5
2021-09-25,SANDWICH COMPLET,3.0,4.5
2021-09-25,SEIGLE,3.0,1.8
2021-09-25,SPECIAL BREAD,7.0,2.4
2021-09-25,TARTELETTE,2.0,2.0
2021-09-25,TRADITIONAL BAGUETTE,197.0,1.2
2021-09-26,BAGUETTE,45.0,0.9
2021-09-26,BANETTE,41.0,1.05
2021-09-26,BANETTINE,6.0,0.6
2021-09-26,BOISSON 33CL,1.0,1.5
2021-09-26,BOULE 200G,8.0,1.1
2021-09-26,BOULE 400G,14.0,1.5
2021-09-26,BRIOCHE,4.0,5.0
2021-09-26,CAFE OU EAU,1.0,1.0
2021-09-26,CAMPAGNE,7.0,1.8
2021-09-26,CEREAL BAGUETTE,16.0,1.25
2021-09-26,CHAUSSON AUX POMMES,5.0,1.4
2021-09-26,COMPLET,4.0,1.5
2021-09-26,COOKIE,7.0,1.0
2021-09-26,COUPE,52.0,0.15
2021-09-26,CROISSANT,95.0,1.1
2021-09-26,CROISSANT AMANDES,5.0,1.3999999999999997
2021-09-26,DEMI BAGUETTE,4.0,0.45
2021-09-26,ECLAIR,7.0,2.0
2021-09-26,FICELLE,7.0,0.6
2021-09-26,FINANCIER X5,1.0,3.0
2021-09-26,KOUIGN AMANN,2.0,2.1
2021-09-26,MOISSON,5.0,2.0
2021-09-26,PAIN,4.0,1.15
2021-09-26,PAIN AU CHOCOLAT,67.0,1.2
2021-09-26,PAIN AUX RAISINS,3.0,1.3999999999999997
2021-09-26,PAIN BANETTE,5.0,1.4
2021-09-26,PAIN CHOCO AMANDES,6.0,1.5
2021-09-26,QUIM BREAD,3.0,1.0
2021-09-26,SANDWICH COMPLET,3.0,4.5
2021-09-26,SEIGLE,3.0,1.8
2021-09-26,SPECIAL BREAD,11.0,2.4
2021-09-26,TARTELETTE,17.0,2.0
2021-09-26,TRADITIONAL BAGUETTE,212.0,1.2
2021-09-27,BAGUETTE,24.0,0.9
2021-09-27,BANETTE,19.0,1.05
2021-09-27,BANETTINE,2.0,0.6
2021-09-27,BOISSON 33CL,4.0,1.5
2021-09-27,BOULE 200G,4.0,1.1
2021-09-27,BOULE 400G,5.0,1.5
2021-09-27,CAMPAGNE,3.0,1.8
2021-09-27,CEREAL BAGUETTE,5.0,1.25
2021-09-27,CHAUSSON AUX POMMES,2.0,1.4
2021-09-27,COMPLET,4.0,1.5
2021-09-27,COOKIE,8.0,1.0
2021-09-27,COUPE,19.0,0.15
2021-09-27,CROISSANT,18.0,1.1
2021-09-27,CROISSANT AMANDES,4.0,1.3999999999999997
2021-09-27,DEMI BAGUETTE,2.0,0.45
2021-09-27,ECLAIR,2.0,2.0
2021-09-27,FICELLE,2.0,0.6
2021-09-27,FORMULE SANDWICH,6.0,6.5
2021-09-27,KOUIGN AMANN,1.0,2.1
2021-09-27,MOISSON,2.0,2.0
2021-09-27,PAIN,3.0,1.15
2021-09-27,PAIN AU CHOCOLAT,19.0,1.2
2021-09-27,PAIN AUX RAISINS,1.0,1.4
2021-09-27,PAIN BANETTE,6.0,1.3999999999999997
2021-09-27,PAIN CHOCO AMANDES,1.0,1.5
2021-09-27,SAND JB EMMENTAL,5.0,3.5
2021-09-27,SANDWICH COMPLET,5.0,4.5
2021-09-27,SEIGLE,1.0,1.8
2021-09-27,SPECIAL BREAD,1.0,2.4
2021-09-27,TRADITIONAL BAGUETTE,113.0,1.2
2021-09-28,BAGUETTE,27.0,0.9
2021-09-28,BANETTE,17.0,1.05
2021-09-28,BANETTINE,4.0,0.6
2021-09-28,BOISSON 33CL,6.0,1.5
2021-09-28,BOULE 200G,1.0,1.1
2021-09-28,BOULE 400G,3.0,1.5
2021-09-28,BRIOCHE,1.0,5.0
2021-09-28,CAFE OU EAU,4.0,1.0
2021-09-28,CAMPAGNE,4.0,1.8
2021-09-28,CEREAL BAGUETTE,16.0,1.25
2021-09-28,CHAUSSON AUX POMMES,2.0,1.4
2021-09-28,COMPLET,2.0,1.5
2021-09-28,COOKIE,1.0,1.0
2021-09-28,COUPE,14.0,0.15
2021-09-28,CROISSANT,21.0,1.1
2021-09-28,CROISSANT AMANDES,4.0,1.4
2021-09-28,FICELLE,5.0,0.6
2021-09-28,FORMULE SANDWICH,11.0,6.5
2021-09-28,KOUIGN AMANN,1.0,2.1
2021-09-28,MOISSON,4.0,2.0
2021-09-28,PAIN,6.0,1.15
2021-09-28,PAIN AU CHOCOLAT,27.0,1.2
2021-09-28,PAIN AUX RAISINS,5.0,1.3999999999999997
2021-09-28,PAIN BANETTE,5.0,1.4
2021-09-28,PAIN CHOCO AMANDES,3.0,1.5
2021-09-28,QUIM BREAD,2.0,1.0
2021-09-28,SAND JB EMMENTAL,4.0,3.5
2021-09-28,SANDWICH COMPLET,7.0,4.5
2021-09-28,SEIGLE,2.0,1.8
2021-09-28,SPECIAL BREAD,4.0,2.4
2021-09-28,TARTELETTE,1.0,2.0
2021-09-28,TRADITIONAL BAGUETTE,93.0,1.2
2021-09-29,BAGUETTE,17.0,0.9
2021-09-29,BANETTE,27.0,1.05
2021-09-29,BANETTINE,4.0,0.6
2021-09-29,BOISSON 33CL,1.0,1.5
2021-09-29,BOULE 200G,3.0,1.1
2021-09-29,BOULE 400G,6.0,1.5
2021-09-29,BRIOCHE,1.0,5.0
2021-09-29,CAFE OU EAU,2.0,1.0
2021-09-29,CAMPAGNE,4.0,1.8
2021-09-29,CEREAL BAGUETTE,7.0,1.25
2021-09-29,CHAUSSON AUX POMMES,4.0,1.4
2021-09-29,COMPLET,1.0,1.5
2021-09-29,COOKIE,1.0,1.0
2021-09-29,COUPE,17.0,0.15
2021-09-29,CROISSANT,19.0,1.1
2021-09-29,CROISSANT AMANDES,1.0,1.4
2021-09-29,ECLAIR,2.0,2.0
2021-09-29,FICELLE,2.0,0.6
2021-09-29,FORMULE SANDWICH,11.0,6.5
2021-09-29,MOISSON,3.0,2.0
2021-09-29,PAIN,1.0,1.15
2021-09-29,PAIN AU CHOCOLAT,27.0,1.2
2021-09-29,PAIN AUX RAISINS,6.0,1.4
2021-09-29,PAIN BANETTE,4.0,1.4
2021-09-29,PAIN CHOCO AMANDES,2.0,1.5
2021-09-29,QUIM BREAD,3.0,1.0
2021-09-29,SAND JB EMMENTAL,4.0,3.5
2021-09-29,SANDWICH COMPLET,6.0,4.5
2021-09-29,SPECIAL BREAD,6.0,2.4
2021-09-29,TARTELETTE,5.0,2.0
2021-09-29,TRADITIONAL BAGUETTE,108.0,1.2
2021-09-30,BAGUETTE,22.0,0.9
2021-09-30,BANETTE,24.0,1.05
2021-09-30,BANETTINE,3.0,0.6
2021-09-30,BOISSON 33CL,5.0,1.5
2021-09-30,BOULE 200G,4.0,1.1
2021-09-30,BOULE 400G,3.0,1.5
2021-09-30,CAFE OU EAU,5.0,1.0
2021-09-30,CAMPAGNE,3.0,1.8
2021-09-30,CEREAL BAGUETTE,11.0,1.25
2021-09-30,CHAUSSON AUX POMMES,4.0,1.4
2021-09-30,COMPLET,1.0,1.5
2021-09-30,COOKIE,1.0,1.0
2021-09-30,COUPE,16.0,0.15
2021-09-30,CROISSANT,26.0,1.1
2021-09-30,DEMI BAGUETTE,1.0,0.45
2021-09-30,FICELLE,2.0,0.6
2021-09-30,FINANCIER X5,1.0,3.0
2021-09-30,FORMULE SANDWICH,14.0,6.5
2021-09-30,KOUIGN AMANN,2.0,2.1
2021-09-30,MOISSON,2.0,2.0
2021-09-30,PAIN,3.0,1.15
2021-09-30,PAIN AU CHOCOLAT,19.0,1.2
2021-09-30,PAIN AUX RAISINS,5.0,1.4
2021-09-30,PAIN BANETTE,4.0,1.4
2021-09-30,PAIN CHOCO AMANDES,2.0,1.5
2021-09-30,QUIM BREAD,1.0,1.0
2021-09-30,SAND JB EMMENTAL,5.0,3.5
2021-09-30,SANDWICH COMPLET,1.0,4.5
2021-09-30,SEIGLE,1.0,1.8
2021-09-30,SPECIAL BREAD,6.0,2.4
2021-09-30,TARTELETTE,7.0,2.0
2021-09-30,TRADITIONAL BAGUETTE,99.0,1.2
2021-10-01,BAGUETTE,27.0,0.9
2021-10-01,BANETTE,25.0,1.05
2021-10-01,BANETTINE,2.0,0.6
2021-10-01,BOISSON 33CL,4.0,1.5
2021-10-01,BOULE 200G,6.0,1.1
2021-10-01,BOULE 400G,6.0,1.5
2021-10-01,BRIOCHE,2.0,5.0
2021-10-01,CAFE OU EAU,2.0,1.0
2021-10-01,CAMPAGNE,2.0,1.8
2021-10-01,CEREAL BAGUETTE,10.0,1.25
2021-10-01,CHAUSSON AUX POMMES,1.0,1.4
2021-10-01,COMPLET,6.0,1.5
2021-10-01,COOKIE,4.0,1.0
2021-10-01,COUPE,28.0,0.15
2021-10-01,CROISSANT,21.0,1.1
2021-10-01,CROISSANT AMANDES,2.0,1.4
2021-10-01,DEMI BAGUETTE,1.0,0.45
2021-10-01,ECLAIR,4.0,2.0
2021-10-01,FICELLE,1.0,0.6
2021-10-01,FINANCIER X5,1.0,3.0
2021-10-01,FORMULE SANDWICH,10.0,6.5
2021-10-01,KOUIGN AMANN,4.0,2.1
2021-10-01,MOISSON,4.0,2.0
2021-10-01,PAIN,3.0,1.15
2021-10-01,PAIN AU CHOCOLAT,24.0,1.2
2021-10-01,PAIN AUX RAISINS,4.0,1.4
2021-10-01,PAIN BANETTE,5.0,1.4
2021-10-01,PAIN CHOCO AMANDES,4.0,1.5
2021-10-01,QUIM BREAD,1.0,1.0
2021-10-01,SAND JB EMMENTAL,5.0,3.5
2021-10-01,SANDWICH COMPLET,6.0,4.5
2021-10-01,SEIGLE,2.0,1.8
2021-10-01,SPECIAL BREAD,3.0,2.4
2021-10-01,TARTELETTE,5.0,2.0
2021-10-01,TRADITIONAL BAGUETTE,112.0,1.2
2021-10-02,BAGUETTE,32.0,0.9000000000000001
2021-10-02,BANETTE,14.0,1.05
2021-10-02,BANETTINE,3.0,0.6
2021-10-02,BOISSON 33CL,1.0,1.5
2021-10-02,BOULE 200G,8.0,1.1
2021-10-02,BOULE 400G,7.0,1.5
2021-10-02,BRIOCHE,1.0,5.0
2021-10-02,CAFE OU EAU,10.0,1.0
2021-10-02,CAMPAGNE,4.0,1.8
2021-10-02,CEREAL BAGUETTE,9.0,1.25
2021-10-02,CHAUSSON AUX POMMES,4.0,1.3999999999999997
2021-10-02,COMPLET,4.0,1.5
2021-10-02,COOKIE,5.0,1.0
2021-10-02,COUPE,35.0,0.15
2021-10-02,CROISSANT,45.0,1.1
2021-10-02,CROISSANT AMANDES,5.0,1.4
2021-10-02,DEMI BAGUETTE,1.0,0.45
2021-10-02,ECLAIR,6.0,2.0
2021-10-02,FICELLE,6.0,0.6
2021-10-02,FINANCIER X5,2.0,3.0
2021-10-02,KOUIGN AMANN,4.0,2.1
2021-10-02,MOISSON,2.0,2.0
2021-10-02,PAIN,3.0,1.15
2021-10-02,PAIN AU CHOCOLAT,42.0,1.2
2021-10-02,PAIN AUX RAISINS,3.0,1.3999999999999997
2021-10-02,PAIN BANETTE,6.0,1.4
2021-10-02,PAIN CHOCO AMANDES,3.0,1.5
2021-10-02,QUIM BREAD,3.0,1.0
2021-10-02,SAND JB EMMENTAL,2.0,3.5
2021-10-02,SANDWICH COMPLET,3.0,4.5
2021-10-02,SEIGLE,3.0,1.8
2021-10-02,SPECIAL BREAD,4.0,2.4
2021-10-02,TARTELETTE,9.0,2.0
2021-10-02,TRADITIONAL BAGUETTE,138.0,1.2
2021-10-03,BAGUETTE,41.0,0.9
2021-10-03,BANETTE,31.0,1.05
2021-10-03,BANETTINE,6.0,0.6
2021-10-03,BOISSON 33CL,3.0,1.5
2021-10-03,BOULE 200G,5.0,1.1
2021-10-03,BOULE 400G,8.0,1.5
2021-10-03,BRIOCHE,6.0,5.0
2021-10-03,CAFE OU EAU,1.0,1.0
2021-10-03,CAMPAGNE,5.0,1.8
2021-10-03,CEREAL BAGUETTE,9.0,1.25
2021-10-03,CHAUSSON AUX POMMES,8.0,1.4
2021-10-03,COMPLET,4.0,1.5
2021-10-03,COOKIE,11.0,1.0
2021-10-03,COUPE,37.0,0.15
2021-10-03,CROISSANT,73.0,1.1
2021-10-03,CROISSANT AMANDES,2.0,1.4
2021-10-03,DEMI BAGUETTE,1.0,0.45
2021-10-03,ECLAIR,22.0,2.0
2021-10-03,FICELLE,5.0,0.6
2021-10-03,FINANCIER X5,2.0,3.0
2021-10-03,FORMULE SANDWICH,3.0,6.5
2021-10-03,MOISSON,6.0,2.0
2021-10-03,PAIN,4.0,1.15
2021-10-03,PAIN AU CHOCOLAT,48.0,1.2
2021-10-03,PAIN AUX RAISINS,6.0,1.4
2021-10-03,PAIN BANETTE,5.0,1.4
2021-10-03,PAIN CHOCO AMANDES,5.0,1.5
2021-10-03,SANDWICH COMPLET,4.0,4.5
2021-10-03,SEIGLE,1.0,1.8
2021-10-03,SPECIAL BREAD,8.0,2.4
2021-10-03,TARTELETTE,18.0,2.0
2021-10-03,TRADITIONAL BAGUETTE,186.0,1.2
2021-10-04,BAGUETTE,29.0,0.9
2021-10-04,BANETTE,25.0,1.05
2021-10-04,BANETTINE,5.0,0.6
2021-10-04,BOISSON 33CL,1.0,1.5
2021-10-04,BOULE 200G,2.0,1.1
2021-10-04,BOULE 400G,6.0,1.5
2021-10-04,BRIOCHE,1.0,5.0
2021-10-04,CAFE OU EAU,4.0,1.0
2021-10-04,CAMPAGNE,3.0,1.8
2021-10-04,CEREAL BAGUETTE,5.0,1.25
2021-10-04,COMPLET,4.0,1.5
2021-10-04,COOKIE,7.0,1.0
2021-10-04,COUPE,20.0,0.15
2021-10-04,CROISSANT,20.0,1.1
2021-10-04,CROISSANT AMANDES,5.0,1.4
2021-10-04,DEMI BAGUETTE,2.0,0.45
2021-10-04,ECLAIR,1.0,2.0
2021-10-04,FICELLE,5.0,0.6
2021-10-04,FINANCIER X5,1.0,3.0
2021-10-04,FORMULE SANDWICH,11.0,6.5
2021-10-04,KOUIGN AMANN,1.0,2.1
2021-10-04,MOISSON,2.0,2.0
2021-10-04,PAIN,6.0,1.15
2021-10-04,PAIN AU CHOCOLAT,22.0,1.2
2021-10-04,PAIN AUX RAISINS,3.0,1.4
2021-10-04,PAIN BANETTE,4.0,1.4
2021-10-04,PAIN CHOCO AMANDES,6.0,1.5
2021-10-04,QUIM BREAD,4.0,1.0
2021-10-04,SAND JB EMMENTAL,3.0,3.5
2021-10-04,SANDWICH COMPLET,1.0,4.5
2021-10-04,SEIGLE,1.0,1.8
2021-10-04,SPECIAL BREAD,7.0,2.4
2021-10-04,TRADITIONAL BAGUETTE,123.0,1.2
2021-10-05,BAGUETTE,24.0,0.8999999999999999
2021-10-05,BANETTE,13.0,1.05
2021-10-05,BANETTINE,5.0,0.6
2021-10-05,BOISSON 33CL,1.0,1.5
2021-10-05,BOULE 200G,5.0,1.1
2021-10-05,BOULE 400G,7.0,1.5
2021-10-05,CAFE OU EAU,8.0,1.0
2021-10-05,CAMPAGNE,2.0,1.8
2021-10-05,CEREAL BAGUETTE,3.0,1.25
2021-10-05,CHAUSSON AUX POMMES,1.0,1.4
2021-10-05,COMPLET,3.0,1.5
2021-10-05,COOKIE,5.0,1.0
2021-10-05,COUPE,19.0,0.15
2021-10-05,CROISSANT,14.0,1.1
2021-10-05,CROISSANT AMANDES,4.0,1.4
2021-10-05,DEMI BAGUETTE,4.0,0.45
2021-10-05,ECLAIR,4.0,2.0
2021-10-05,FICELLE,3.0,0.6
2021-10-05,FINANCIER X5,3.0,3.0
2021-10-05,FORMULE SANDWICH,12.0,6.5
2021-10-05,KOUIGN AMANN,1.0,2.1
2021-10-05,MOISSON,5.0,2.0
2021-10-05,PAIN,1.0,1.15
2021-10-05,PAIN AU CHOCOLAT,23.0,1.2
2021-10-05,PAIN AUX RAISINS,4.0,1.3999999999999997
2021-10-05,PAIN BANETTE,3.0,1.3999999999999997
2021-10-05,PAIN CHOCO AMANDES,3.0,1.5
2021-10-05,QUIM BREAD,2.0,1.0
2021-10-05,SAND JB EMMENTAL,4.0,3.5
2021-10-05,SANDWICH COMPLET,9.0,4.5
2021-10-05,SEIGLE,2.0,1.8
2021-10-05,SPECIAL BREAD,2.0,2.4
2021-10-05,TARTELETTE,2.0,2.0
2021-10-05,TRADITIONAL BAGUETTE,96.0,1.2
2021-10-06,BAGUETTE,21.0,0.9
2021-10-06,BANETTE,21.0,1.05
2021-10-06,BANETTINE,4.0,0.6
2021-10-06,BOISSON 33CL,4.0,1.5
2021-10-06,BOULE 200G,3.0,1.1
2021-10-06,BOULE 400G,3.0,1.5
2021-10-06,CAMPAGNE,4.0,1.8
2021-10-06,CEREAL BAGUETTE,3.0,1.25
2021-10-06,CHAUSSON AUX POMMES,2.0,1.4
2021-10-06,COMPLET,5.0,1.5
2021-10-06,COOKIE,9.0,1.0
2021-10-06,COUPE,29.0,0.15
2021-10-06,CROISSANT,18.0,1.1
2021-10-06,CROISSANT AMANDES,3.0,1.4
2021-10-06,DEMI BAGUETTE,3.0,0.45
2021-10-06,FICELLE,1.0,0.6
2021-10-06,FORMULE SANDWICH,13.0,6.5
2021-10-06,KOUIGN AMANN,1.0,2.1
2021-10-06,MOISSON,6.0,2.0
2021-10-06,PAIN,6.0,1.15
2021-10-06,PAIN AU CHOCOLAT,23.0,1.2
2021-10-06,PAIN AUX RAISINS,2.0,1.4
2021-10-06,PAIN BANETTE,4.0,1.4
2021-10-06,QUIM BREAD,3.0,1.0
2021-10-06,SAND JB EMMENTAL,2.0,3.5
2021-10-06,SANDWICH COMPLET,5.0,4.5
2021-10-06,SEIGLE,2.0,1.8
2021-10-06,SPECIAL BREAD,5.0,2.4
2021-10-06,TARTELETTE,9.0,2.0
2021-10-06,TRADITIONAL BAGUETTE,109.0,1.2
2021-10-07,BAGUETTE,33.0,0.9
2021-10-07,BANETTE,30.0,1.05
2021-10-07,BANETTINE,5.0,0.6
2021-10-07,BOULE 200G,6.0,1.1
2021-10-07,BOULE 400G,8.0,1.5
2021-10-07,CAFE OU EAU,2.0,1.0
2021-10-07,CAMPAGNE,5.0,1.8
2021-10-07,CEREAL BAGUETTE,3.0,1.25
2021-10-07,CHAUSSON AUX POMMES,5.0,1.3999999999999997
2021-10-07,COMPLET,5.0,1.5
2021-10-07,COOKIE,7.0,1.0
2021-10-07,COUPE,35.0,0.15
2021-10-07,CROISSANT,29.0,1.1
2021-10-07,CROISSANT AMANDES,5.0,1.4
2021-10-07,DEMI BAGUETTE,2.0,0.45
2021-10-07,FICELLE,5.0,0.6
2021-10-07,FINANCIER X5,6.0,3.0
2021-10-07,FORMULE SANDWICH,8.0,6.5
2021-10-07,KOUIGN AMANN,5.0,2.1
2021-10-07,MOISSON,6.0,2.0
2021-10-07,PAIN,5.0,1.15
2021-10-07,PAIN AU CHOCOLAT,27.0,1.2
2021-10-07,PAIN AUX RAISINS,4.0,1.4
2021-10-07,PAIN BANETTE,4.0,1.4
2021-10-07,PAIN CHOCO AMANDES,5.0,1.5
2021-10-07,QUIM BREAD,1.0,1.0
2021-10-07,SAND JB EMMENTAL,3.0,3.5
2021-10-07,SANDWICH COMPLET,5.0,4.5
2021-10-07,SEIGLE,3.0,1.8
2021-10-07,SPECIAL BREAD,6.0,2.4
2021-10-07,TARTELETTE,17.0,2.0
2021-10-07,TRADITIONAL BAGUETTE,100.0,1.2
2021-10-08,BAGUETTE,24.0,0.8999999999999999
2021-10-08,BANETTE,30.0,1.05
2021-10-08,BANETTINE,6.0,0.6
2021-10-08,BOISSON 33CL,5.0,1.5
2021-10-08,BOULE 200G,6.0,1.1
2021-10-08,BOULE 400G,8.0,1.5
2021-10-08,BRIOCHE,1.0,5.0
2021-10-08,CAFE OU EAU,4.0,1.0
2021-10-08,CAMPAGNE,10.0,1.8
2021-10-08,CEREAL BAGUETTE,8.0,1.25
2021-10-08,CHAUSSON AUX POMMES,3.0,1.4
2021-10-08,COMPLET,6.0,1.5
2021-10-08,COOKIE,10.0,1.0
2021-10-08,COUPE,45.0,0.15
2021-10-08,CROISSANT,22.0,1.1
2021-10-08,CROISSANT AMANDES,6.0,1.4
2021-10-08,DEMI BAGUETTE,1.0,0.45
2021-10-08,ECLAIR,8.0,2.0
2021-10-08,FICELLE,5.0,0.6
2021-10-08,FORMULE SANDWICH,10.0,6.5
2021-10-08,KOUIGN AMANN,3.0,2.1
2021-10-08,MOISSON,6.0,2.0
2021-10-08,PAIN,6.0,1.15
2021-10-08,PAIN AU CHOCOLAT,27.0,1.2
2021-10-08,PAIN AUX RAISINS,4.0,1.3999999999999997
2021-10-08,PAIN BANETTE,6.0,1.4
2021-10-08,PAIN CHOCO AMANDES,4.0,1.5
2021-10-08,QUIM BREAD,5.0,1.0
2021-10-08,SAND JB EMMENTAL,4.0,3.5
2021-10-08,SANDWICH COMPLET,9.0,4.5
2021-10-08,SEIGLE,2.0,1.8
2021-10-08,SPECIAL BREAD,6.0,2.4
2021-10-08,TARTELETTE,10.0,2.0
2021-10-08,TRADITIONAL BAGUETTE,119.0,1.2
2021-10-09,BAGUETTE,44.0,0.9
2021-10-09,BANETTE,44.0,1.05
2021-10-09,BANETTINE,6.0,0.6
2021-10-09,BOISSON 33CL,2.0,1.5
2021-10-09,BOULE 200G,3.0,1.1
2021-10-09,BOULE 400G,8.0,1.5
2021-10-09,BRIOCHE,3.0,5.0
2021-10-09,CAFE OU EAU,3.0,1.0
2021-10-09,CAMPAGNE,5.0,1.8
2021-10-09,CEREAL BAGUETTE,8.0,1.25
2021-10-09,CHAUSSON AUX POMMES,2.0,1.4
2021-10-09,COMPLET,7.0,1.5
2021-10-09,COOKIE,3.0,1.0
2021-10-09,COUPE,40.0,0.15
2021-10-09,CROISSANT,41.0,1.1
2021-10-09,CROISSANT AMANDES,6.0,1.3999999999999997
2021-10-09,DEMI BAGUETTE,4.0,0.45
2021-10-09,ECLAIR,9.0,2.0
2021-10-09,FICELLE,4.0,0.6
2021-10-09,FINANCIER X5,2.0,3.0
2021-10-09,FORMULE SANDWICH,7.0,6.5
2021-10-09,KOUIGN AMANN,1.0,2.1
2021-10-09,MOISSON,7.0,2.0
2021-10-09,PAIN,4.0,1.15
2021-10-09,PAIN AU CHOCOLAT,38.0,1.2
2021-10-09,PAIN AUX RAISINS,6.0,1.4
2021-10-09,PAIN BANETTE,6.0,1.3999999999999997
2021-10-09,PAIN CHOCO AMANDES,4.0,1.5
2021-10-09,QUIM BREAD,3.0,1.0
2021-10-09,SAND JB EMMENTAL,3.0,3.5
2021-10-09,SANDWICH COMPLET,17.0,4.5
2021-10-09,SEIGLE,2.0,1.8
2021-10-09,SPECIAL BREAD,9.0,2.4
2021-10-09,TARTELETTE,11.0,2.0
2021-10-09,TRADITIONAL BAGUETTE,177.0,1.2
2021-10-10,BAGUETTE,48.0,0.9000000000000001
2021-10-10,BANETTE,49.0,1.05
2021-10-10,BANETTINE,6.0,0.6
2021-10-10,BOISSON 33CL,1.0,1.5
2021-10-10,BOULE 200G,6.0,1.1
2021-10-10,BOULE 400G,9.0,1.5
2021-10-10,BRIOCHE,3.0,5.0
2021-10-10,CAFE OU EAU,3.0,1.0
2021-10-10,CAMPAGNE,9.0,1.8
2021-10-10,CEREAL BAGUETTE,8.0,1.25
2021-10-10,CHAUSSON AUX POMMES,5.0,1.4
2021-10-10,COMPLET,6.0,1.5
2021-10-10,COOKIE,7.0,1.0
2021-10-10,COUPE,42.0,0.15
2021-10-10,CROISSANT,95.0,1.1
2021-10-10,CROISSANT AMANDES,1.0,1.4
2021-10-10,DEMI BAGUETTE,1.0,0.45
2021-10-10,ECLAIR,18.0,2.0
2021-10-10,FICELLE,6.0,0.6
2021-10-10,FORMULE SANDWICH,1.0,6.5
2021-10-10,KOUIGN AMANN,7.0,2.1
2021-10-10,MOISSON,3.0,2.0
2021-10-10,PAIN,6.0,1.15
2021-10-10,PAIN AU CHOCOLAT,70.0,1.2
2021-10-10,PAIN AUX RAISINS,6.0,1.4
2021-10-10,PAIN BANETTE,6.0,1.3999999999999997
2021-10-10,PAIN CHOCO AMANDES,6.0,1.5
2021-10-10,QUIM BREAD,8.0,1.0
2021-10-10,SAND JB EMMENTAL,1.0,3.5
2021-10-10,SANDWICH COMPLET,4.0,4.5
2021-10-10,SEIGLE,3.0,1.8
2021-10-10,SPECIAL BREAD,9.0,2.4
2021-10-10,TARTELETTE,14.0,2.0
2021-10-10,TRADITIONAL BAGUETTE,240.0,1.2
2021-10-11,BAGUETTE,28.0,0.9000000000000001
2021-10-11,BANETTE,16.0,1.05
2021-10-11,BANETTINE,2.0,0.6
2021-10-11,BOULE 200G,1.0,1.1
2021-10-11,BOULE 400G,4.0,1.5
2021-10-11,CAFE OU EAU,1.0,1.0
2021-10-11,CAMPAGNE,5.0,1.8
2021-10-11,CEREAL BAGUETTE,4.0,1.25
2021-10-11,COMPLET,6.0,1.5
2021-10-11,COUPE,20.0,0.15
2021-10-11,CROISSANT,31.0,1.1
2021-10-11,CROISSANT AMANDES,1.0,1.4
2021-10-11,FICELLE,6.0,0.6
2021-10-11,FORMULE SANDWICH,14.0,6.5
2021-10-11,KOUIGN AMANN,3.0,2.1
2021-10-11,MOISSON,3.0,2.0
2021-10-11,PAIN,4.0,1.15
2021-10-11,PAIN AU CHOCOLAT,22.0,1.2
2021-10-11,PAIN AUX RAISINS,3.0,1.3999999999999997
2021-10-11,PAIN BANETTE,3.0,1.3999999999999997
2021-10-11,PAIN CHOCO AMANDES,1.0,1.5
2021-10-11,QUIM BREAD,1.0,1.0
2021-10-11,SAND JB EMMENTAL,2.0,3.5
2021-10-11,SANDWICH COMPLET,3.0,4.5
2021-10-11,SEIGLE,2.0,1.8
2021-10-11,SPECIAL BREAD,5.0,2.4
2021-10-11,TARTELETTE,7.0,2.0
2021-10-11,TRADITIONAL BAGUETTE,110.0,1.2
2021-10-12,BAGUETTE,15.0,0.9
2021-10-12,BANETTE,16.0,1.05
2021-10-12,BANETTINE,4.0,0.6
2021-10-12,BOISSON 33CL,6.0,1.5
2021-10-12,BOULE 200G,2.0,1.1
2021-10-12,BOULE 400G,2.0,1.5
2021-10-12,BRIOCHE,1.0,5.0
2021-10-12,CAMPAGNE,2.0,1.8
2021-10-12,CEREAL BAGUETTE,9.0,1.25
2021-10-12,COMPLET,5.0,1.5
2021-10-12,COOKIE,4.0,1.0
2021-10-12,COUPE,10.0,0.15
2021-10-12,CROISSANT,16.0,1.1
2021-10-12,CROISSANT AMANDES,1.0,1.4
2021-10-12,DEMI BAGUETTE,3.0,0.45
2021-10-12,FICELLE,3.0,0.6
2021-10-12,FORMULE SANDWICH,11.0,6.5
2021-10-12,KOUIGN AMANN,5.0,2.1
2021-10-12,MOISSON,2.0,2.0
2021-10-12,PAIN,2.0,1.15
2021-10-12,PAIN AU CHOCOLAT,17.0,1.2
2021-10-12,PAIN AUX RAISINS,3.0,1.4
2021-10-12,PAIN BANETTE,3.0,1.3999999999999997
2021-10-12,PAIN CHOCO AMANDES,3.0,1.5
2021-10-12,QUIM BREAD,4.0,1.0
2021-10-12,SAND JB EMMENTAL,1.0,3.5
2021-10-12,SANDWICH COMPLET,6.0,4.5
2021-10-12,SEIGLE,1.0,1.8
2021-10-12,SPECIAL BREAD,3.0,2.4
2021-10-12,TRADITIONAL BAGUETTE,72.0,1.2
2021-10-13,BAGUETTE,11.0,0.9
2021-10-13,BANETTE,18.0,1.05
2021-10-13,BANETTINE,2.0,0.6
2021-10-13,BOISSON 33CL,2.0,1.5
2021-10-13,BOULE 200G,3.0,1.1
2021-10-13,BOULE 400G,2.0,1.5
2021-10-13,BRIOCHE,1.0,5.0
2021-10-13,CAMPAGNE,2.0,1.8
2021-10-13,CEREAL BAGUETTE,6.0,1.25
2021-10-13,CHAUSSON AUX POMMES,4.0,1.4
2021-10-13,COMPLET,2.0,1.5
2021-10-13,COUPE,14.0,0.15
2021-10-13,CROISSANT,22.0,1.1
2021-10-13,ECLAIR,9.0,2.0
2021-10-13,FICELLE,3.0,0.6
2021-10-13,FINANCIER X5,1.0,3.0
2021-10-13,FORMULE SANDWICH,15.0,6.5
2021-10-13,MOISSON,4.0,2.0
2021-10-13,PAIN,2.0,1.15
2021-10-13,PAIN AU CHOCOLAT,24.0,1.2
2021-10-13,PAIN AUX RAISINS,6.0,1.3999999999999997
2021-10-13,PAIN BANETTE,5.0,1.4
2021-10-13,PAIN CHOCO AMANDES,4.0,1.5
2021-10-13,SAND JB EMMENTAL,6.0,3.5
2021-10-13,SEIGLE,1.0,1.8
2021-10-13,SPECIAL BREAD,3.0,2.4
2021-10-13,TARTELETTE,4.0,2.0
2021-10-13,TRADITIONAL BAGUETTE,93.0,1.2
2021-10-14,BAGUETTE,21.0,0.9
2021-10-14,BANETTE,16.0,1.05
2021-10-14,BANETTINE,4.0,0.6
2021-10-14,BOISSON 33CL,2.0,1.5
2021-10-14,BOULE 200G,3.0,1.1
2021-10-14,BOULE 400G,5.0,1.5
2021-10-14,BRIOCHE,2.0,5.0
2021-10-14,CAFE OU EAU,1.0,1.0
2021-10-14,CAMPAGNE,5.0,1.8
2021-10-14,CEREAL BAGUETTE,8.0,1.25
2021-10-14,COMPLET,4.0,1.5
2021-10-14,COOKIE,2.0,1.0
2021-10-14,COUPE,19.0,0.15
2021-10-14,CROISSANT,16.0,1.1
2021-10-14,CROISSANT AMANDES,1.0,1.4
2021-10-14,DEMI BAGUETTE,2.0,0.45
2021-10-14,ECLAIR,2.0,2.0
2021-10-14,FICELLE,3.0,0.6
2021-10-14,FINANCIER X5,1.0,3.0
2021-10-14,FORMULE SANDWICH,18.0,6.5
2021-10-14,KOUIGN AMANN,2.0,2.1
2021-10-14,MOISSON,3.0,2.0
2021-10-14,PAIN,1.0,1.15
2021-10-14,PAIN AU CHOCOLAT,15.0,1.2
2021-10-14,PAIN AUX RAISINS,4.0,1.4
2021-10-14,PAIN BANETTE,3.0,1.3999999999999997
2021-10-14,PAIN CHOCO AMANDES,4.0,1.5
2021-10-14,QUIM BREAD,1.0,1.0
2021-10-14,SAND JB EMMENTAL,6.0,3.5
2021-10-14,SANDWICH COMPLET,4.0,4.5
2021-10-14,SPECIAL BREAD,1.0,2.4
2021-10-14,TARTELETTE,4.0,2.0
2021-10-14,TRADITIONAL BAGUETTE,92.0,1.2
2021-10-15,BAGUETTE,18.0,0.9
2021-10-15,BANETTE,10.0,1.05
2021-10-15,BANETTINE,6.0,0.6
2021-10-15,BOULE 200G,1.0,1.1
2021-10-15,BOULE 400G,2.0,1.5
2021-10-15,CAFE OU EAU,1.0,1.0
2021-10-15,CAMPAGNE,3.0,1.8
2021-10-15,CEREAL BAGUETTE,3.0,1.25
2021-10-15,CHAUSSON AUX POMMES,6.0,1.3999999999999997
2021-10-15,COMPLET,7.0,1.5
2021-10-15,COOKIE,2.0,1.0
2021-10-15,COUPE,24.0,0.15
2021-10-15,CROISSANT,43.0,1.1
2021-10-15,CROISSANT AMANDES,5.0,1.4
2021-10-15,DEMI BAGUETTE,1.0,0.45
2021-10-15,FICELLE,1.0,0.6
2021-10-15,FINANCIER X5,1.0,3.0
2021-10-15,FORMULE SANDWICH,5.0,6.5
2021-10-15,MOISSON,1.0,2.0
2021-10-15,PAIN,2.0,1.15
2021-10-15,PAIN AU CHOCOLAT,31.0,1.2
2021-10-15,PAIN AUX RAISINS,5.0,1.3999999999999997
2021-10-15,PAIN BANETTE,2.0,1.4
2021-10-15,PAIN CHOCO AMANDES,1.0,1.5
2021-10-15,QUIM BREAD,2.0,1.0
2021-10-15,SAND JB EMMENTAL,4.0,3.5
2021-10-15,SANDWICH COMPLET,5.0,4.5
2021-10-15,SEIGLE,2.0,1.8
2021-10-15,SPECIAL BREAD,4.0,2.4
2021-10-15,TARTELETTE,4.0,2.0
2021-10-15,TRADITIONAL BAGUETTE,84.0,1.2
2021-10-16,BAGUETTE,27.0,0.9000000000000001
2021-10-16,BANETTE,30.0,1.05
2021-10-16,BANETTINE,3.0,0.6
2021-10-16,BOULE 200G,6.0,1.1
2021-10-16,BOULE 400G,25.0,1.5
2021-10-16,BRIOCHE,4.0,5.0
2021-10-16,CAFE OU EAU,3.0,1.0
2021-10-16,CAMPAGNE,5.0,1.8
2021-10-16,CEREAL BAGUETTE,7.0,1.25
2021-10-16,CHAUSSON AUX POMMES,3.0,1.4
2021-10-16,COMPLET,8.0,1.5
2021-10-16,COOKIE,6.0,1.0
2021-10-16,COUPE,52.0,0.15
2021-10-16,CROISSANT,48.0,1.1
2021-10-16,CROISSANT AMANDES,1.0,1.4
2021-10-16,DEMI BAGUETTE,2.0,0.45
2021-10-16,ECLAIR,4.0,2.0
2021-10-16,FICELLE,4.0,0.6
2021-10-16,FORMULE SANDWICH,2.0,6.5
2021-10-16,KOUIGN AMANN,4.0,2.1
2021-10-16,MOISSON,3.0,2.0
2021-10-16,PAIN,5.0,1.15
2021-10-16,PAIN AU CHOCOLAT,23.0,1.2
2021-10-16,PAIN AUX RAISINS,2.0,1.4
2021-10-16,PAIN BANETTE,2.0,1.4
2021-10-16,PAIN CHOCO AMANDES,6.0,1.5
2021-10-16,QUIM BREAD,4.0,1.0
2021-10-16,SAND JB EMMENTAL,1.0,3.5
2021-10-16,SANDWICH COMPLET,7.0,4.5
2021-10-16,SEIGLE,3.0,1.8
2021-10-16,SPECIAL BREAD,6.0,2.4
2021-10-16,TARTELETTE,1.0,2.0
2021-10-16,TRADITIONAL BAGUETTE,165.0,1.2
2021-10-17,BAGUETTE,49.0,0.9
2021-10-17,BANETTE,37.0,1.05
2021-10-17,BANETTINE,6.0,0.6
2021-10-17,BOULE 200G,5.0,1.1
2021-10-17,BOULE 400G,10.0,1.5
2021-10-17,BRIOCHE,4.0,5.0
2021-10-17,CAMPAGNE,7.0,1.8
2021-10-17,CEREAL BAGUETTE,7.0,1.25
2021-10-17,CHAUSSON AUX POMMES,4.0,1.3999999999999997
2021-10-17,COMPLET,6.0,1.5
2021-10-17,COOKIE,5.0,1.0
2021-10-17,COUPE,44.0,0.15
2021-10-17,CROISSANT,83.0,1.1
2021-10-17,ECLAIR,12.0,2.0
2021-10-17,FICELLE,8.0,0.6
2021-10-17,FINANCIER X5,1.0,3.0
2021-10-17,FORMULE SANDWICH,2.0,6.5
2021-10-17,KOUIGN AMANN,5.0,2.1
2021-10-17,MOISSON,5.0,2.0
2021-10-17,PAIN,6.0,1.15
2021-10-17,PAIN AU CHOCOLAT,58.0,1.2
2021-10-17,PAIN AUX RAISINS,6.0,1.4
2021-10-17,PAIN BANETTE,4.0,1.4
2021-10-17,PAIN CHOCO AMANDES,3.0,1.5
2021-10-17,QUIM BREAD,4.0,1.0
2021-10-17,SANDWICH COMPLET,3.0,4.5
2021-10-17,SEIGLE,1.0,1.8
2021-10-17,SPECIAL BREAD,8.0,2.4
2021-10-17,TARTELETTE,19.0,2.0
2021-10-17,TRADITIONAL BAGUETTE,208.0,1.2
2021-10-18,BAGUETTE,28.0,0.9
2021-10-18,BANETTE,21.0,1.05
2021-10-18,BANETTINE,5.0,0.6
2021-10-18,BOISSON 33CL,1.0,1.5
2021-10-18,BOULE 200G,5.0,1.1
2021-10-18,BOULE 400G,4.0,1.5
2021-10-18,BRIOCHE,1.0,5.0
2021-10-18,CAMPAGNE,5.0,1.8
2021-10-18,CEREAL BAGUETTE,9.0,1.25
2021-10-18,CHAUSSON AUX POMMES,3.0,1.4
2021-10-18,COMPLET,6.0,1.5
2021-10-18,COOKIE,1.0,1.0
2021-10-18,COUPE,26.0,0.15
2021-10-18,CROISSANT,18.0,1.1
2021-10-18,DEMI BAGUETTE,1.0,0.45
2021-10-18,ECLAIR,1.0,2.0
2021-10-18,FICELLE,5.0,0.6
2021-10-18,FORMULE SANDWICH,8.0,6.5
2021-10-18,MOISSON,5.0,2.0
2021-10-18,PAIN,3.0,1.15
2021-10-18,PAIN AU CHOCOLAT,8.0,1.2
2021-10-18,PAIN AUX RAISINS,5.0,1.4
2021-10-18,PAIN BANETTE,5.0,1.4
2021-10-18,PAIN CHOCO AMANDES,2.0,1.5
2021-10-18,QUIM BREAD,4.0,1.0
2021-10-18,SAND JB EMMENTAL,1.0,3.5
2021-10-18,SANDWICH COMPLET,4.0,4.5
2021-10-18,SPECIAL BREAD,6.0,2.4
2021-10-18,TARTELETTE,1.0,2.0
2021-10-18,TRADITIONAL BAGUETTE,87.0,1.2
2021-10-19,BAGUETTE,19.0,0.8999999999999999
2021-10-19,BANETTE,26.0,1.05
2021-10-19,BANETTINE,4.0,0.6
2021-10-19,BOISSON 33CL,5.0,1.5
2021-10-19,BOULE 200G,1.0,1.1
2021-10-19,BOULE 400G,6.0,1.5
2021-10-19,BRIOCHE,1.0,5.0
2021-10-19,CAFE OU EAU,6.0,1.0
2021-10-19,CAMPAGNE,2.0,1.8
2021-10-19,CEREAL BAGUETTE,4.0,1.25
2021-10-19,CHAUSSON AUX POMMES,5.0,1.3999999999999997
2021-10-19,COMPLET,4.0,1.5
2021-10-19,COOKIE,7.0,1.0
2021-10-19,COUPE,13.0,0.15
2021-10-19,CROISSANT,22.0,1.1
2021-10-19,CROISSANT AMANDES,1.0,1.4
2021-10-19,DEMI BAGUETTE,1.0,0.45
2021-10-19,FICELLE,2.0,0.6
2021-10-19,FINANCIER X5,2.0,3.0
2021-10-19,FORMULE SANDWICH,15.0,6.5
2021-10-19,KOUIGN AMANN,1.0,2.1
2021-10-19,MOISSON,5.0,2.0
2021-10-19,PAIN,6.0,1.15
2021-10-19,PAIN AU CHOCOLAT,23.0,1.2
2021-10-19,PAIN AUX RAISINS,5.0,1.4
2021-10-19,PAIN BANETTE,2.0,1.4
2021-10-19,PAIN CHOCO AMANDES,2.0,1.5
2021-10-19,QUIM BREAD,4.0,1.0
2021-10-19,SAND JB EMMENTAL,5.0,3.5
2021-10-19,SANDWICH COMPLET,6.0,4.5
2021-10-19,SEIGLE,2.0,1.8
2021-10-19,SPECIAL BREAD,1.0,2.4
2021-10-19,TARTELETTE,3.0,2.0
2021-10-19,TRADITIONAL BAGUETTE,143.0,1.2
2021-10-20,BAGUETTE,14.0,0.9000000000000001
2021-10-20,BANETTE,13.0,1.05
2021-10-20,BANETTINE,4.0,0.6
2021-10-20,BOULE 200G,3.0,1.1
2021-10-20,BOULE 400G,5.0,1.5
2021-10-20,BRIOCHE,2.0,5.0
2021-10-20,CAFE OU EAU,1.0,1.0
2021-10-20,CAMPAGNE,1.0,1.8
2021-10-20,CEREAL BAGUETTE,4.0,1.25
2021-10-20,CHAUSSON AUX POMMES,4.0,1.3999999999999997
2021-10-20,COMPLET,3.0,1.5
2021-10-20,COOKIE,4.0,1.0
2021-10-20,COUPE,14.0,0.15
2021-10-20,CROISSANT,19.0,1.1
2021-10-20,CROISSANT AMANDES,5.0,1.4
2021-10-20,DEMI BAGUETTE,3.0,0.45
2021-10-20,ECLAIR,1.0,2.0
2021-10-20,FICELLE,5.0,0.6
2021-10-20,FINANCIER X5,3.0,3.0
2021-10-20,FORMULE SANDWICH,12.0,6.5
2021-10-20,KOUIGN AMANN,7.0,2.1
2021-10-20,MOISSON,3.0,2.0
2021-10-20,PAIN,2.0,1.15
2021-10-20,PAIN AU CHOCOLAT,20.0,1.2
2021-10-20,PAIN AUX RAISINS,4.0,1.4
2021-10-20,PAIN BANETTE,2.0,1.4
2021-10-20,PAIN CHOCO AMANDES,5.0,1.5
2021-10-20,QUIM BREAD,4.0,1.0
2021-10-20,SAND JB EMMENTAL,3.0,3.5
2021-10-20,SANDWICH COMPLET,5.0,4.5
2021-10-20,SPECIAL BREAD,2.0,2.4
2021-10-20,TARTELETTE,7.0,2.0
2021-10-20,TRADITIONAL BAGUETTE,111.0,1.2
2021-10-21,BAGUETTE,33.0,0.9
2021-10-21,BANETTE,27.0,1.05
2021-10-21,BANETTINE,2.0,0.6
2021-10-21,BOULE 200G,4.0,1.1
2021-10-21,BOULE 400G,6.0,1.5
2021-10-21,BRIOCHE,1.0,5.0
2021-10-21,CAFE OU EAU,3.0,1.0
2021-10-21,CAMPAGNE,5.0,1.8
2021-10-21,CEREAL BAGUETTE,4.0,1.25
2021-10-21,CHAUSSON AUX POMMES,4.0,1.3999999999999997
2021-10-21,COMPLET,4.0,1.5
2021-10-21,COOKIE,5.0,1.0
2021-10-21,COUPE,24.0,0.15
2021-10-21,CROISSANT,24.0,1.1
2021-10-21,CROISSANT AMANDES,2.0,1.4
2021-10-21,DEMI BAGUETTE,2.0,0.45
2021-10-21,ECLAIR,2.0,2.0
2021-10-21,FICELLE,4.0,0.6
2021-10-21,FINANCIER X5,1.0,3.0
2021-10-21,FORMULE SANDWICH,7.0,6.5
2021-10-21,MOISSON,6.0,2.0
2021-10-21,PAIN,6.0,1.15
2021-10-21,PAIN AU CHOCOLAT,19.0,1.2
2021-10-21,PAIN AUX RAISINS,2.0,1.4
2021-10-21,PAIN BANETTE,5.0,1.4
2021-10-21,SAND JB EMMENTAL,4.0,3.5
2021-10-21,SANDWICH COMPLET,1.0,4.5
2021-10-21,SEIGLE,3.0,1.8
2021-10-21,SPECIAL BREAD,6.0,2.4
2021-10-21,TARTELETTE,11.0,2.0
2021-10-21,TRADITIONAL BAGUETTE,123.0,1.2
2021-10-22,BAGUETTE,31.0,0.9000000000000001
2021-10-22,BANETTE,26.0,1.05
2021-10-22,BANETTINE,5.0,0.6
2021-10-22,BOISSON 33CL,2.0,1.5
2021-10-22,BOULE 200G,2.0,1.1
2021-10-22,BOULE 400G,2.0,1.5
2021-10-22,BRIOCHE,1.0,5.0
2021-10-22,CAFE OU EAU,8.0,1.0
2021-10-22,CAMPAGNE,2.0,1.8
2021-10-22,CEREAL BAGUETTE,2.0,1.25
2021-10-22,CHAUSSON AUX POMMES,3.0,1.3999999999999997
2021-10-22,COMPLET,6.0,1.5
2021-10-22,COOKIE,1.0,1.0
2021-10-22,COUPE,25.0,0.15
2021-10-22,CROISSANT,26.0,1.1
2021-10-22,CROISSANT AMANDES,1.0,1.4
2021-10-22,FICELLE,3.0,0.6
2021-10-22,FORMULE SANDWICH,9.0,6.5
2021-10-22,KOUIGN AMANN,1.0,2.1
2021-10-22,MOISSON,3.0,2.0
2021-10-22,PAIN,4.0,1.15
2021-10-22,PAIN AU CHOCOLAT,21.0,1.2
2021-10-22,PAIN AUX RAISINS,4.0,1.3999999999999997
2021-10-22,PAIN BANETTE,3.0,1.3999999999999997
2021-10-22,PAIN CHOCO AMANDES,4.0,1.5
2021-10-22,QUIM BREAD,1.0,1.0
2021-10-22,SAND JB EMMENTAL,4.0,3.5
2021-10-22,SANDWICH COMPLET,4.0,4.5
2021-10-22,SEIGLE,1.0,1.8
2021-10-22,SPECIAL BREAD,6.0,2.4
2021-10-22,TARTELETTE,8.0,2.0
2021-10-22,TRADITIONAL BAGUETTE,118.0,1.2
2021-10-23,BAGUETTE,48.0,0.9
2021-10-23,BANETTE,32.0,1.05
2021-10-23,BANETTINE,3.0,0.6
2021-10-23,BOULE 200G,4.0,1.1
2021-10-23,BOULE 400G,10.0,1.5
2021-10-23,BRIOCHE,2.0,5.0
2021-10-23,CAFE OU EAU,7.0,1.0
2021-10-23,CAMPAGNE,9.0,1.7999999999999998
2021-10-23,CEREAL BAGUETTE,15.0,1.25
2021-10-23,CHAUSSON AUX POMMES,9.0,1.4
2021-10-23,COMPLET,6.0,1.5
2021-10-23,COOKIE,14.0,1.0
2021-10-23,COUPE,37.0,0.15
2021-10-23,CROISSANT,48.0,1.1
2021-10-23,CROISSANT AMANDES,5.0,1.3999999999999997
2021-10-23,DEMI BAGUETTE,1.0,0.45
2021-10-23,ECLAIR,4.0,2.0
2021-10-23,FICELLE,6.0,0.6
2021-10-23,FINANCIER X5,1.0,3.0
2021-10-23,FORMULE SANDWICH,3.0,6.5
2021-10-23,KOUIGN AMANN,3.0,2.1
2021-10-23,MOISSON,6.0,2.0
2021-10-23,PAIN,3.0,1.15
2021-10-23,PAIN AU CHOCOLAT,45.0,1.2
2021-10-23,PAIN AUX RAISINS,8.0,1.4
2021-10-23,PAIN BANETTE,4.0,1.4
2021-10-23,PAIN CHOCO AMANDES,5.0,1.5
2021-10-23,QUIM BREAD,4.0,1.0
2021-10-23,SAND JB EMMENTAL,2.0,3.5
2021-10-23,SANDWICH COMPLET,3.0,4.5
2021-10-23,SEIGLE,2.0,1.8
2021-10-23,SPECIAL BREAD,1.0,2.4
2021-10-23,TARTELETTE,7.0,2.0
2021-10-23,TRADITIONAL BAGUETTE,216.0,1.2
2021-10-24,BAGUETTE,54.0,0.9
2021-10-24,BANETTE,61.0,1.05
2021-10-24,BANETTINE,6.0,0.6
2021-10-24,BOISSON 33CL,4.0,1.5
2021-10-24,BOULE 200G,6.0,1.1
2021-10-24,BOULE 400G,8.0,1.5
2021-10-24,BRIOCHE,5.0,5.0
2021-10-24,CAFE OU EAU,1.0,1.0
2021-10-24,CAMPAGNE,11.0,1.8
2021-10-24,CEREAL BAGUETTE,15.0,1.25
2021-10-24,CHAUSSON AUX POMMES,7.0,1.4
2021-10-24,COMPLET,6.0,1.5
2021-10-24,COOKIE,6.0,1.0
2021-10-24,COUPE,46.0,0.15
2021-10-24,CROISSANT,96.0,1.1
2021-10-24,CROISSANT AMANDES,4.0,1.4
2021-10-24,DEMI BAGUETTE,1.0,0.45
2021-10-24,ECLAIR,19.0,2.0
2021-10-24,FICELLE,4.0,0.6
2021-10-24,FINANCIER X5,1.0,3.0
2021-10-24,FORMULE SANDWICH,4.0,6.5
2021-10-24,KOUIGN AMANN,5.0,2.1
2021-10-24,MOISSON,6.0,2.0
2021-10-24,PAIN,6.0,1.15
2021-10-24,PAIN AU CHOCOLAT,68.0,1.2
2021-10-24,PAIN AUX RAISINS,6.0,1.4
2021-10-24,PAIN BANETTE,6.0,1.3999999999999997
2021-10-24,PAIN CHOCO AMANDES,8.0,1.5
2021-10-24,QUIM BREAD,2.0,1.0
2021-10-24,SEIGLE,3.0,1.8
2021-10-24,SPECIAL BREAD,10.0,2.4
2021-10-24,TARTELETTE,19.0,2.0
2021-10-24,TRADITIONAL BAGUETTE,252.0,1.2
2021-10-25,BAGUETTE,40.0,0.9
2021-10-25,BANETTE,34.0,1.05
2021-10-25,BANETTINE,6.0,0.6
2021-10-25,BOISSON 33CL,2.0,1.5
2021-10-25,BOULE 200G,3.0,1.1
2021-10-25,BOULE 400G,6.0,1.5
2021-10-25,CAFE OU EAU,8.0,1.0
2021-10-25,CAMPAGNE,6.0,1.8
2021-10-25,CEREAL BAGUETTE,17.0,1.25
2021-10-25,COMPLET,6.0,1.5
2021-10-25,COOKIE,10.0,1.0
2021-10-25,COUPE,28.0,0.15
2021-10-25,CROISSANT,25.0,1.1
2021-10-25,CROISSANT AMANDES,2.0,1.4
2021-10-25,ECLAIR,4.0,2.0
2021-10-25,FICELLE,5.0,0.6
2021-10-25,FORMULE SANDWICH,7.0,6.5
2021-10-25,KOUIGN AMANN,1.0,2.1
2021-10-25,MOISSON,3.0,2.0
2021-10-25,PAIN,6.0,1.15
2021-10-25,PAIN AU CHOCOLAT,26.0,1.2
2021-10-25,PAIN AUX RAISINS,6.0,1.4
2021-10-25,PAIN BANETTE,4.0,1.3999999999999997
2021-10-25,PAIN CHOCO AMANDES,1.0,1.5
2021-10-25,QUIM BREAD,4.0,1.0
2021-10-25,SAND JB EMMENTAL,1.0,3.5
2021-10-25,SANDWICH COMPLET,6.0,4.5
2021-10-25,SEIGLE,3.0,1.8
2021-10-25,SPECIAL BREAD,8.0,2.4
2021-10-25,TARTELETTE,7.0,2.0
2021-10-25,TRADITIONAL BAGUETTE,150.0,1.2
2021-10-26,BAGUETTE,38.0,0.9
2021-10-26,BANETTE,42.0,1.05
2021-10-26,BANETTINE,3.0,0.6
2021-10-26,BOISSON 33CL,3.0,1.5
2021-10-26,BOULE 200G,6.0,1.1
2021-10-26,BOULE 400G,8.0,1.5
2021-10-26,BRIOCHE,3.0,5.0
2021-10-26,CAFE OU EAU,10.0,1.0
2021-10-26,CAMPAGNE,8.0,1.8
2021-10-26,CEREAL BAGUETTE,11.0,1.25
2021-10-26,CHAUSSON AUX POMMES,6.0,1.4
2021-10-26,COMPLET,6.0,1.5
2021-10-26,COOKIE,10.0,1.0
2021-10-26,COUPE,24.0,0.15
2021-10-26,CROISSANT,41.0,1.1
2021-10-26,DEMI BAGUETTE,1.0,0.45
2021-10-26,ECLAIR,5.0,2.0
2021-10-26,FICELLE,5.0,0.6
2021-10-26,FINANCIER X5,2.0,3.0
2021-10-26,FORMULE SANDWICH,12.0,6.5
2021-10-26,KOUIGN AMANN,2.0,2.1
2021-10-26,MOISSON,3.0,2.0
2021-10-26,PAIN AU CHOCOLAT,39.0,1.2
2021-10-26,PAIN AUX RAISINS,5.0,1.4
2021-10-26,PAIN BANETTE,5.0,1.4
2021-10-26,PAIN CHOCO AMANDES,4.0,1.5
2021-10-26,QUIM BREAD,3.0,1.0
2021-10-26,SAND JB EMMENTAL,2.0,3.5
2021-10-26,SANDWICH COMPLET,7.0,4.5
2021-10-26,SPECIAL BREAD,7.0,2.4
2021-10-26,TARTELETTE,4.0,2.0
2021-10-26,TRADITIONAL BAGUETTE,182.0,1.2
2021-10-27,BAGUETTE,23.0,0.8999999999999999
2021-10-27,BANETTE,32.0,1.05
2021-10-27,BANETTINE,4.0,0.6
2021-10-27,BOISSON 33CL,3.0,1.5
2021-10-27,BOULE 200G,2.0,1.1
2021-10-27,BOULE 400G,8.0,1.5
2021-10-27,BRIOCHE,2.0,5.0
2021-10-27,CAFE OU EAU,5.0,1.0
2021-10-27,CAMPAGNE,6.0,1.8
2021-10-27,CEREAL BAGUETTE,13.0,1.25
2021-10-27,CHAUSSON AUX POMMES,1.0,1.4
2021-10-27,COMPLET,5.0,1.5
2021-10-27,COOKIE,9.0,1.0
2021-10-27,COUPE,25.0,0.15
2021-10-27,CROISSANT,21.0,1.1
2021-10-27,CROISSANT AMANDES,5.0,1.4
2021-10-27,DEMI BAGUETTE,2.0,0.45
2021-10-27,ECLAIR,10.0,2.0
2021-10-27,FICELLE,2.0,0.6
2021-10-27,FINANCIER X5,4.0,3.0
2021-10-27,FORMULE SANDWICH,10.0,6.5
2021-10-27,KOUIGN AMANN,1.0,2.1
2021-10-27,MOISSON,8.0,2.0
2021-10-27,PAIN,6.0,1.15
2021-10-27,PAIN AU CHOCOLAT,47.0,1.2
2021-10-27,PAIN AUX RAISINS,5.0,1.4
2021-10-27,PAIN BANETTE,5.0,1.4
2021-10-27,PAIN CHOCO AMANDES,3.0,1.5
2021-10-27,QUIM BREAD,3.0,1.0
2021-10-27,SAND JB EMMENTAL,6.0,3.5
2021-10-27,SANDWICH COMPLET,8.0,4.5
2021-10-27,SPECIAL BREAD,6.0,2.4
2021-10-27,TARTELETTE,6.0,2.0
2021-10-27,TRADITIONAL BAGUETTE,185.0,1.2
2021-10-28,BAGUETTE,24.0,0.9
2021-10-28,BANETTE,36.0,1.05
2021-10-28,BANETTINE,1.0,0.6
2021-10-28,BOISSON 33CL,2.0,1.5
2021-10-28,BOULE 200G,3.0,1.1
2021-10-28,BOULE 400G,11.0,1.5
2021-10-28,BRIOCHE,3.0,5.0
2021-10-28,CAFE OU EAU,4.0,1.0
2021-10-28,CAMPAGNE,9.0,1.7999999999999998
2021-10-28,CEREAL BAGUETTE,15.0,1.25
2021-10-28,CHAUSSON AUX POMMES,4.0,1.4
2021-10-28,COMPLET,8.0,1.5
2021-10-28,COOKIE,8.0,1.0
2021-10-28,COUPE,38.0,0.15
2021-10-28,CROISSANT,22.0,1.1
2021-10-28,CROISSANT AMANDES,2.0,1.4
2021-10-28,DEMI BAGUETTE,1.0,0.45
2021-10-28,ECLAIR,2.0,2.0
2021-10-28,FICELLE,2.0,0.6
2021-10-28,FINANCIER X5,2.0,3.0
2021-10-28,FORMULE SANDWICH,8.0,6.5
2021-10-28,KOUIGN AMANN,1.0,2.1
2021-10-28,MOISSON,8.0,2.0
2021-10-28,PAIN,6.0,1.15
2021-10-28,PAIN AU CHOCOLAT,28.0,1.2
2021-10-28,PAIN AUX RAISINS,4.0,1.4
2021-10-28,PAIN BANETTE,3.0,1.3999999999999997
2021-10-28,PAIN CHOCO AMANDES,5.0,1.5
2021-10-28,QUIM BREAD,2.0,1.0
2021-10-28,SAND JB EMMENTAL,4.0,3.5
2021-10-28,SANDWICH COMPLET,4.0,4.5
2021-10-28,SEIGLE,3.0,1.8
2021-10-28,SPECIAL BREAD,8.0,2.4
2021-10-28,TARTELETTE,4.0,2.0
2021-10-28,TRADITIONAL BAGUETTE,191.0,1.2
2021-10-29,BAGUETTE,38.0,0.9000000000000001
2021-10-29,BANETTE,29.0,1.05
2021-10-29,BANETTINE,4.0,0.6
2021-10-29,BOISSON 33CL,3.0,1.5
2021-10-29,BOULE 200G,6.0,1.1
2021-10-29,BOULE 400G,6.0,1.5
2021-10-29,CAFE OU EAU,4.0,1.0
2021-10-29,CAMPAGNE,10.0,1.7999999999999998
2021-10-29,CEREAL BAGUETTE,17.0,1.25
2021-10-29,CHAUSSON AUX POMMES,3.0,1.3999999999999997
2021-10-29,COMPLET,6.0,1.5
2021-10-29,COOKIE,3.0,1.0
2021-10-29,COUPE,43.0,0.15
2021-10-29,CROISSANT,30.0,1.1
2021-10-29,CROISSANT AMANDES,8.0,1.4
2021-10-29,DEMI BAGUETTE,2.0,0.45
2021-10-29,FICELLE,5.0,0.6
2021-10-29,FINANCIER X5,4.0,3.0
2021-10-29,FORMULE SANDWICH,11.0,6.5
2021-10-29,MOISSON,6.0,2.0
2021-10-29,PAIN,4.0,1.15
2021-10-29,PAIN AU CHOCOLAT,42.0,1.2
2021-10-29,PAIN AUX RAISINS,3.0,1.4
2021-10-29,PAIN BANETTE,4.0,1.4
2021-10-29,PAIN CHOCO AMANDES,4.0,1.5
2021-10-29,QUIM BREAD,2.0,1.0
2021-10-29,SAND JB EMMENTAL,2.0,3.5
2021-10-29,SANDWICH COMPLET,2.0,4.5
2021-10-29,SEIGLE,3.0,1.8
2021-10-29,SPECIAL BREAD,11.0,2.4
2021-10-29,TARTELETTE,8.0,2.0
2021-10-29,TRADITIONAL BAGUETTE,171.0,1.2
2021-10-30,BAGUETTE,46.0,0.9000000000000001
2021-10-30,BANETTE,57.0,1.05
2021-10-30,BANETTINE,2.0,0.6
2021-10-30,BOISSON 33CL,1.0,1.5
2021-10-30,BOULE 200G,6.0,1.1
2021-10-30,BOULE 400G,11.0,1.5
2021-10-30,BRIOCHE,5.0,5.0
2021-10-30,CAFE OU EAU,4.0,1.0
2021-10-30,CAMPAGNE,13.0,1.8
2021-10-30,CEREAL BAGUETTE,15.0,1.25
2021-10-30,CHAUSSON AUX POMMES,7.0,1.4
2021-10-30,COMPLET,6.0,1.5
2021-10-30,COOKIE,8.0,1.0
2021-10-30,COUPE,54.0,0.15
2021-10-30,CROISSANT,69.0,1.1
2021-10-30,CROISSANT AMANDES,4.0,1.4
2021-10-30,DEMI BAGUETTE,2.0,0.45
2021-10-30,ECLAIR,16.0,2.0
2021-10-30,FICELLE,5.0,0.6
2021-10-30,FINANCIER X5,5.0,3.0
2021-10-30,FORMULE SANDWICH,2.0,6.5
2021-10-30,KOUIGN AMANN,4.0,2.1
2021-10-30,MOISSON,8.0,2.0
2021-10-30,PAIN,6.0,1.15
2021-10-30,PAIN AU CHOCOLAT,45.0,1.2
2021-10-30,PAIN AUX RAISINS,8.0,1.4
2021-10-30,PAIN BANETTE,4.0,1.4
2021-10-30,PAIN CHOCO AMANDES,2.0,1.5
2021-10-30,QUIM BREAD,3.0,1.0
2021-10-30,SEIGLE,3.0,1.8
2021-10-30,SPECIAL BREAD,15.0,2.4
2021-10-30,TARTELETTE,11.0,2.0
2021-10-30,TRADITIONAL BAGUETTE,257.0,1.2
2021-10-31,BAGUETTE,55.0,0.9
2021-10-31,BANETTE,91.0,1.05
2021-10-31,BANETTINE,6.0,0.6
2021-10-31,BOISSON 33CL,1.0,1.5
2021-10-31,BOULE 200G,6.0,1.1
2021-10-31,BOULE 400G,16.0,1.5
2021-10-31,BRIOCHE,8.0,5.0
2021-10-31,CAMPAGNE,10.0,1.8
2021-10-31,CEREAL BAGUETTE,18.0,1.25
2021-10-31,CHAUSSON AUX POMMES,4.0,1.4
2021-10-31,COMPLET,6.0,1.5
2021-10-31,COOKIE,7.0,1.0
2021-10-31,COUPE,56.0,0.15
2021-10-31,CROISSANT,119.0,1.1
2021-10-31,DEMI BAGUETTE,3.0,0.45
2021-10-31,ECLAIR,29.0,2.0
2021-10-31,FICELLE,4.0,0.6
2021-10-31,FINANCIER X5,6.0,3.0
2021-10-31,FORMULE SANDWICH,1.0,6.5
2021-10-31,KOUIGN AMANN,2.0,2.1
2021-10-31,MOISSON,8.0,2.0
2021-10-31,PAIN,6.0,1.15
2021-10-31,PAIN AU CHOCOLAT,96.0,1.2
2021-10-31,PAIN AUX RAISINS,8.0,1.4
2021-10-31,PAIN BANETTE,5.0,1.4
2021-10-31,PAIN CHOCO AMANDES,1.0,1.5
2021-10-31,SEIGLE,3.0,1.8
2021-10-31,SPECIAL BREAD,10.0,2.4
2021-10-31,TARTELETTE,28.0,2.0
2021-10-31,TRADITIONAL BAGUETTE,369.0,1.2
2021-11-01,BAGUETTE,31.0,0.9000000000000001
2021-11-01,BANETTE,67.0,1.05
2021-11-01,BANETTINE,6.0,0.6
2021-11-01,BOULE 200G,6.0,1.1
2021-11-01,BOULE 400G,14.0,1.5
2021-11-01,BRIOCHE,6.0,5.0
2021-11-01,CAMPAGNE,9.0,1.7999999999999998
2021-11-01,CEREAL BAGUETTE,19.0,1.25
2021-11-01,CHAUSSON AUX POMMES,2.0,1.4
2021-11-01,COMPLET,7.0,1.5
2021-11-01,COOKIE,3.0,1.0
2021-11-01,COUPE,59.0,0.15
2021-11-01,CROISSANT,46.0,1.1
2021-11-01,CROISSANT AMANDES,6.0,1.4
2021-11-01,DEMI BAGUETTE,1.0,0.45
2021-11-01,ECLAIR,22.0,2.0
2021-11-01,FICELLE,5.0,0.6
2021-11-01,FINANCIER X5,1.0,3.0
2021-11-01,KOUIGN AMANN,13.0,2.1
2021-11-01,MOISSON,8.0,2.0
2021-11-01,PAIN,6.0,1.15
2021-11-01,PAIN AU CHOCOLAT,76.0,1.2
2021-11-01,PAIN AUX RAISINS,9.0,1.3999999999999997
2021-11-01,PAIN BANETTE,5.0,1.3999999999999997
2021-11-01,PAIN CHOCO AMANDES,9.0,1.5
2021-11-01,QUIM BREAD,7.0,1.0
2021-11-01,SAND JB EMMENTAL,1.0,3.5
2021-11-01,SEIGLE,3.0,1.8
2021-11-01,SPECIAL BREAD,12.0,2.4
2021-11-01,TARTELETTE,26.0,2.0
2021-11-01,TRADITIONAL BAGUETTE,359.0,1.2
2021-11-02,BAGUETTE,27.0,0.8999999999999999
2021-11-02,BANETTE,27.0,1.05
2021-11-02,BANETTINE,5.0,0.6
2021-11-02,BOISSON 33CL,1.0,1.5
2021-11-02,BOULE 200G,4.0,1.1
2021-11-02,BOULE 400G,12.0,1.5
2021-11-02,CAFE OU EAU,8.0,1.0
2021-11-02,CAMPAGNE,3.0,1.8
2021-11-02,CEREAL BAGUETTE,17.0,1.25
2021-11-02,CHAUSSON AUX POMMES,4.0,1.4
2021-11-02,COMPLET,2.0,1.5
2021-11-02,COOKIE,4.0,1.0
2021-11-02,COUPE,32.0,0.15
2021-11-02,CROISSANT,38.0,1.1
2021-11-02,CROISSANT AMANDES,7.0,1.3999999999999997
2021-11-02,DEMI BAGUETTE,1.0,0.45
2021-11-02,ECLAIR,7.0,2.0
2021-11-02,FICELLE,2.0,0.6
2021-11-02,FORMULE SANDWICH,16.0,6.5
2021-11-02,KOUIGN AMANN,4.0,2.1
2021-11-02,MOISSON,7.0,2.0
2021-11-02,PAIN,10.0,1.15
2021-11-02,PAIN AU CHOCOLAT,38.0,1.2
2021-11-02,PAIN AUX RAISINS,5.0,1.4
2021-11-02,PAIN BANETTE,5.0,1.4
2021-11-02,PAIN CHOCO AMANDES,5.0,1.5
2021-11-02,SAND JB EMMENTAL,3.0,3.5
2021-11-02,SANDWICH COMPLET,4.0,4.5
2021-11-02,SEIGLE,3.0,1.8
2021-11-02,SPECIAL BREAD,8.0,2.4
2021-11-02,TARTELETTE,4.0,2.0
2021-11-02,TRADITIONAL BAGUETTE,184.0,1.2
2021-11-03,BAGUETTE,47.0,0.9
2021-11-03,BANETTE,33.0,1.05
2021-11-03,BANETTINE,6.0,0.6
2021-11-03,BOISSON 33CL,2.0,1.5
2021-11-03,BOULE 200G,1.0,1.1
2021-11-03,BOULE 400G,3.0,1.5
2021-11-03,BRIOCHE,1.0,5.0
2021-11-03,CAMPAGNE,12.0,1.8
2021-11-03,CEREAL BAGUETTE,18.0,1.25
2021-11-03,CHAUSSON AUX POMMES,1.0,1.4
2021-11-03,COMPLET,8.0,1.5
2021-11-03,COOKIE,8.0,1.0
2021-11-03,COUPE,34.0,0.15
2021-11-03,CROISSANT,25.0,1.1
2021-11-03,CROISSANT AMANDES,5.0,1.3999999999999997
2021-11-03,DEMI BAGUETTE,2.0,0.45
2021-11-03,FICELLE,1.0,0.6
2021-11-03,FINANCIER X5,5.0,3.0
2021-11-03,FORMULE SANDWICH,8.0,6.5
2021-11-03,KOUIGN AMANN,5.0,2.1
2021-11-03,MOISSON,6.0,2.0
2021-11-03,PAIN,14.0,1.15
2021-11-03,PAIN AU CHOCOLAT,20.0,1.2
2021-11-03,PAIN AUX RAISINS,1.0,1.4
2021-11-03,PAIN BANETTE,2.0,1.4
2021-11-03,PAIN CHOCO AMANDES,6.0,1.5
2021-11-03,QUIM BREAD,4.0,1.0
2021-11-03,SAND JB EMMENTAL,1.0,3.5
2021-11-03,SANDWICH COMPLET,3.0,4.5
2021-11-03,SEIGLE,1.0,1.8
2021-11-03,SPECIAL BREAD,9.0,2.4
2021-11-03,TARTELETTE,10.0,2.0
2021-11-03,TRADITIONAL BAGUETTE,177.0,1.2
2021-11-04,BAGUETTE,25.0,0.9000000000000001
2021-11-04,BANETTE,50.0,1.05
2021-11-04,BANETTINE,4.0,0.6
2021-11-04,BOISSON 33CL,4.0,1.5
2021-11-04,BOULE 200G,5.0,1.1
2021-11-04,BOULE 400G,2.0,1.5
2021-11-04,BRIOCHE,2.0,5.0
2021-11-04,CAFE OU EAU,2.0,1.0
2021-11-04,CAMPAGNE,2.0,1.8
2021-11-04,CEREAL BAGUETTE,10.0,1.25
2021-11-04,CHAUSSON AUX POMMES,3.0,1.3999999999999997
2021-11-04,COMPLET,3.0,1.5
2021-11-04,COOKIE,4.0,1.0
2021-11-04,COUPE,21.0,0.15
2021-11-04,CROISSANT,25.0,1.1
2021-11-04,CROISSANT AMANDES,5.0,1.3999999999999997
2021-11-04,DEMI BAGUETTE,4.0,0.45
2021-11-04,ECLAIR,15.0,2.0
2021-11-04,FICELLE,6.0,0.6
2021-11-04,FINANCIER X5,5.0,3.0
2021-11-04,FORMULE SANDWICH,11.0,6.5
2021-11-04,KOUIGN AMANN,3.0,2.1
2021-11-04,MOISSON,4.0,2.0
2021-11-04,PAIN,11.0,1.15
2021-11-04,PAIN AU CHOCOLAT,20.0,1.2
2021-11-04,PAIN AUX RAISINS,3.0,1.3999999999999997
2021-11-04,PAIN BANETTE,4.0,1.4
2021-11-04,PAIN CHOCO AMANDES,6.0,1.5
2021-11-04,QUIM BREAD,5.0,1.0
2021-11-04,SAND JB EMMENTAL,2.0,3.5
2021-11-04,SANDWICH COMPLET,2.0,4.5
2021-11-04,SEIGLE,2.0,1.8
2021-11-04,SPECIAL BREAD,7.0,2.4
2021-11-04,TARTELETTE,5.0,2.0
2021-11-04,TRADITIONAL BAGUETTE,159.0,1.2
2021-11-05,BAGUETTE,33.0,0.8999999999999999
2021-11-05,BANETTE,22.0,1.05
2021-11-05,BANETTINE,3.0,0.6
2021-11-05,BOISSON 33CL,1.0,1.5
2021-11-05,BOULE 200G,2.0,1.1
2021-11-05,BOULE 400G,5.0,1.5
2021-11-05,BRIOCHE,2.0,5.0
2021-11-05,CAFE OU EAU,6.0,1.0
2021-11-05,CAMPAGNE,5.0,1.8
2021-11-05,CEREAL BAGUETTE,16.0,1.25
2021-11-05,CHAUSSON AUX POMMES,4.0,1.3999999999999997
2021-11-05,COMPLET,4.0,1.5
2021-11-05,COOKIE,2.0,1.0
2021-11-05,COUPE,28.0,0.15
2021-11-05,CROISSANT,33.0,1.1
2021-11-05,CROISSANT AMANDES,4.0,1.4
2021-11-05,ECLAIR,5.0,2.0
2021-11-05,FICELLE,4.0,0.6
2021-11-05,FINANCIER X5,4.0,3.0
2021-11-05,FORMULE SANDWICH,8.0,6.5
2021-11-05,MOISSON,6.0,2.0
2021-11-05,PAIN,14.0,1.15
2021-11-05,PAIN AU CHOCOLAT,23.0,1.2
2021-11-05,PAIN AUX RAISINS,6.0,1.4
2021-11-05,PAIN BANETTE,5.0,1.4
2021-11-05,PAIN CHOCO AMANDES,7.0,1.5
2021-11-05,QUIM BREAD,6.0,1.0
2021-11-05,SAND JB EMMENTAL,3.0,3.5
2021-11-05,SANDWICH COMPLET,7.0,4.5
2021-11-05,SEIGLE,4.0,1.8
2021-11-05,SPECIAL BREAD,6.0,2.4
2021-11-05,TARTELETTE,9.0,2.0
2021-11-05,TRADITIONAL BAGUETTE,159.0,1.2
2021-11-06,BAGUETTE,27.0,0.8999999999999999
2021-11-06,BANETTE,36.0,1.05
2021-11-06,BANETTINE,4.0,0.6
2021-11-06,BOULE 200G,6.0,1.1
2021-11-06,BOULE 400G,5.0,1.5
2021-11-06,BRIOCHE,2.0,5.0
2021-11-06,CAFE OU EAU,4.0,1.0
2021-11-06,CAMPAGNE,4.0,1.8
2021-11-06,CEREAL BAGUETTE,12.0,1.25
2021-11-06,CHAUSSON AUX POMMES,2.0,1.4
2021-11-06,COMPLET,6.0,1.5
2021-11-06,COOKIE,3.0,1.0
2021-11-06,COUPE,33.0,0.15
2021-11-06,CROISSANT,49.0,1.1
2021-11-06,CROISSANT AMANDES,1.0,1.4
2021-11-06,ECLAIR,5.0,2.0
2021-11-06,FICELLE,2.0,0.6
2021-11-06,FINANCIER X5,1.0,3.0
2021-11-06,FORMULE SANDWICH,9.0,6.5
2021-11-06,KOUIGN AMANN,13.0,2.1
2021-11-06,MOISSON,4.0,2.0
2021-11-06,PAIN,6.0,1.15
2021-11-06,PAIN AU CHOCOLAT,59.0,1.2
2021-11-06,PAIN AUX RAISINS,3.0,1.3999999999999997
2021-11-06,PAIN BANETTE,5.0,1.4
2021-11-06,PAIN CHOCO AMANDES,4.0,1.5
2021-11-06,QUIM BREAD,11.0,1.0
2021-11-06,SAND JB EMMENTAL,3.0,3.5
2021-11-06,SANDWICH COMPLET,1.0,4.5
2021-11-06,SEIGLE,4.0,1.8
2021-11-06,SPECIAL BREAD,7.0,2.4
2021-11-06,TARTELETTE,6.0,2.0
2021-11-06,TRADITIONAL BAGUETTE,196.0,1.2
2021-11-07,BAGUETTE,31.0,0.9
2021-11-07,BANETTE,41.0,1.05
2021-11-07,BANETTINE,7.0,0.6
2021-11-07,BOISSON 33CL,1.0,1.5
2021-11-07,BOULE 200G,6.0,1.1
2021-11-07,BOULE 400G,4.0,1.5
2021-11-07,BRIOCHE,5.0,5.0
2021-11-07,CAMPAGNE,7.0,1.8
2021-11-07,CEREAL BAGUETTE,12.0,1.25
2021-11-07,CHAUSSON AUX POMMES,1.0,1.4
2021-11-07,COMPLET,5.0,1.5
2021-11-07,COOKIE,2.0,1.0
2021-11-07,COUPE,34.0,0.15
2021-11-07,CROISSANT,57.0,1.1
2021-11-07,CROISSANT AMANDES,2.0,1.4
2021-11-07,DEMI BAGUETTE,4.0,0.45
2021-11-07,ECLAIR,18.0,2.0
2021-11-07,FICELLE,5.0,0.6
2021-11-07,FINANCIER X5,3.0,3.0
2021-11-07,FORMULE SANDWICH,1.0,6.5
2021-11-07,KOUIGN AMANN,5.0,2.1
2021-11-07,MOISSON,6.0,2.0
2021-11-07,PAIN,5.0,1.15
2021-11-07,PAIN AU CHOCOLAT,44.0,1.2
2021-11-07,PAIN AUX RAISINS,2.0,1.4
2021-11-07,PAIN BANETTE,5.0,1.4
2021-11-07,PAIN CHOCO AMANDES,6.0,1.5
2021-11-07,SANDWICH COMPLET,1.0,4.5
2021-11-07,SPECIAL BREAD,8.0,2.4
2021-11-07,TARTELETTE,15.0,2.0
2021-11-07,TRADITIONAL BAGUETTE,174.0,1.2
2021-11-08,BAGUETTE,62.0,0.9
2021-11-08,BANETTE,19.0,1.05
2021-11-08,BANETTINE,5.0,0.6
2021-11-08,BOISSON 33CL,3.0,1.5
2021-11-08,BOULE 200G,1.0,1.1
2021-11-08,BOULE 400G,3.0,1.5
2021-11-08,BRIOCHE,1.0,5.0
2021-11-08,CAFE OU EAU,7.0,1.0
2021-11-08,CAMPAGNE,23.0,1.8
2021-11-08,CEREAL BAGUETTE,4.0,1.25
2021-11-08,COMPLET,2.0,1.5
2021-11-08,COOKIE,1.0,1.0
2021-11-08,COUPE,36.0,0.15
2021-11-08,CROISSANT,17.0,1.1
2021-11-08,CROISSANT AMANDES,3.0,1.4
2021-11-08,DEMI BAGUETTE,1.0,0.45
2021-11-08,ECLAIR,1.0,2.0
2021-11-08,FICELLE,2.0,0.6
2021-11-08,FORMULE SANDWICH,7.0,6.5
2021-11-08,MOISSON,3.0,2.0
2021-11-08,PAIN,3.0,1.15
2021-11-08,PAIN AU CHOCOLAT,30.0,1.2
2021-11-08,PAIN AUX RAISINS,1.0,1.4
2021-11-08,PAIN BANETTE,2.0,1.4
2021-11-08,PAIN CHOCO AMANDES,3.0,1.5
2021-11-08,QUIM BREAD,4.0,1.0
2021-11-08,SAND JB EMMENTAL,4.0,3.5
2021-11-08,SANDWICH COMPLET,12.0,4.5
2021-11-08,SEIGLE,2.0,1.8
2021-11-08,SPECIAL BREAD,5.0,2.4
2021-11-08,TARTELETTE,4.0,2.0
2021-11-08,TRADITIONAL BAGUETTE,85.0,1.2
2021-11-09,BAGUETTE,43.0,0.9
2021-11-09,BANETTE,17.0,1.05
2021-11-09,BANETTINE,6.0,0.6
2021-11-09,BOISSON 33CL,6.0,1.5
2021-11-09,BOULE 200G,1.0,1.1
2021-11-09,BOULE 400G,2.0,1.5
2021-11-09,BRIOCHE,1.0,5.0
2021-11-09,CAFE OU EAU,10.0,1.0
2021-11-09,CAMPAGNE,5.0,1.8
2021-11-09,CEREAL BAGUETTE,8.0,1.25
2021-11-09,CHAUSSON AUX POMMES,3.0,1.4
2021-11-09,COMPLET,4.0,1.5
2021-11-09,COOKIE,5.0,1.0
2021-11-09,COUPE,15.0,0.15
2021-11-09,CROISSANT,14.0,1.1
2021-11-09,CROISSANT AMANDES,3.0,1.4
2021-11-09,ECLAIR,1.0,2.0
2021-11-09,FICELLE,3.0,0.6
2021-11-09,FORMULE SANDWICH,9.0,6.5
2021-11-09,KOUIGN AMANN,2.0,2.1
2021-11-09,MOISSON,4.0,2.0
2021-11-09,PAIN,1.0,1.15
2021-11-09,PAIN AU CHOCOLAT,12.0,1.2
2021-11-09,PAIN AUX RAISINS,3.0,1.4
2021-11-09,PAIN BANETTE,2.0,1.4
2021-11-09,PAIN CHOCO AMANDES,3.0,1.5
2021-11-09,QUIM BREAD,4.0,1.0
2021-11-09,SAND JB EMMENTAL,3.0,3.5
2021-11-09,SANDWICH COMPLET,11.0,4.5
2021-11-09,SEIGLE,2.0,1.8
2021-11-09,SPECIAL BREAD,6.0,2.4
2021-11-09,TARTELETTE,7.0,2.0
2021-11-09,TRADITIONAL BAGUETTE,92.0,1.2
2021-11-10,BAGUETTE,17.0,0.9000000000000001
2021-11-10,BANETTE,30.0,1.05
2021-11-10,BANETTINE,6.0,0.6
2021-11-10,BOISSON 33CL,3.0,1.5
2021-11-10,BOULE 200G,4.0,1.1
2021-11-10,BOULE 400G,6.0,1.5
2021-11-10,BRIOCHE,2.0,5.0
2021-11-10,CAFE OU EAU,5.0,1.0
2021-11-10,CAMPAGNE,5.0,1.8
2021-11-10,CEREAL BAGUETTE,11.0,1.25
2021-11-10,CHAUSSON AUX POMMES,2.0,1.4
2021-11-10,COMPLET,4.0,1.5
2021-11-10,COOKIE,5.0,1.0
2021-11-10,COUPE,22.0,0.15
2021-11-10,CROISSANT,16.0,1.1
2021-11-10,CROISSANT AMANDES,3.0,1.3999999999999997
2021-11-10,DEMI BAGUETTE,1.0,0.45
2021-11-10,ECLAIR,5.0,2.0
2021-11-10,FICELLE,5.0,0.6
2021-11-10,FINANCIER X5,2.0,3.0
2021-11-10,FORMULE SANDWICH,9.0,6.5
2021-11-10,KOUIGN AMANN,3.0,2.1
2021-11-10,MOISSON,4.0,2.0
2021-11-10,PAIN,4.0,1.15
2021-11-10,PAIN AU CHOCOLAT,29.0,1.2
2021-11-10,PAIN AUX RAISINS,1.0,1.4
2021-11-10,PAIN BANETTE,4.0,1.4
2021-11-10,PAIN CHOCO AMANDES,1.0,1.5
2021-11-10,SAND JB EMMENTAL,4.0,3.5
2021-11-10,SANDWICH COMPLET,9.0,4.5
2021-11-10,SEIGLE,2.0,1.8
2021-11-10,SPECIAL BREAD,5.0,2.4
2021-11-10,TARTELETTE,9.0,2.0
2021-11-10,TRADITIONAL BAGUETTE,96.0,1.2
2021-11-11,BAGUETTE,30.0,0.9
2021-11-11,BANETTE,39.0,1.05
2021-11-11,BANETTINE,6.0,0.6
2021-11-11,BOISSON 33CL,2.0,1.5
2021-11-11,BOULE 200G,4.0,1.1
2021-11-11,BOULE 400G,7.0,1.5
2021-11-11,BRIOCHE,2.0,5.0
2021-11-11,CAFE OU EAU,2.0,1.0
2021-11-11,CAMPAGNE,7.0,1.7999999999999998
2021-11-11,CEREAL BAGUETTE,9.0,1.25
2021-11-11,CHAUSSON AUX POMMES,3.0,1.3999999999999997
2021-11-11,COMPLET,6.0,1.5
2021-11-11,COOKIE,5.0,1.0
2021-11-11,COUPE,30.0,0.15
2021-11-11,CROISSANT,53.0,1.1
2021-11-11,CROISSANT AMANDES,1.0,1.4
2021-11-11,DEMI BAGUETTE,1.0,0.45
2021-11-11,ECLAIR,4.0,2.0
2021-11-11,FICELLE,5.0,0.6
2021-11-11,FINANCIER X5,6.0,3.0
2021-11-11,MOISSON,6.0,2.0
2021-11-11,PAIN,4.0,1.15
2021-11-11,PAIN AU CHOCOLAT,41.0,1.2
2021-11-11,PAIN AUX RAISINS,5.0,1.4
2021-11-11,PAIN BANETTE,3.0,1.3999999999999997
2021-11-11,PAIN CHOCO AMANDES,1.0,1.5
2021-11-11,QUIM BREAD,2.0,1.0
2021-11-11,SAND JB EMMENTAL,1.0,3.5
2021-11-11,SANDWICH COMPLET,6.0,4.5
2021-11-11,SEIGLE,2.0,1.8
2021-11-11,SPECIAL BREAD,8.0,2.4
2021-11-11,TARTELETTE,6.0,2.0
2021-11-11,TRADITIONAL BAGUETTE,175.0,1.2
2021-11-12,BAGUETTE,16.0,0.9
2021-11-12,BANETTE,27.0,1.05
2021-11-12,BANETTINE,5.0,0.6
2021-11-12,BOISSON 33CL,2.0,1.5
2021-11-12,BOULE 200G,3.0,1.1
2021-11-12,BOULE 400G,8.0,1.5
2021-11-12,BRIOCHE,2.0,5.0
2021-11-12,CAFE OU EAU,2.0,1.0
2021-11-12,CAMPAGNE,5.0,1.8
2021-11-12,CEREAL BAGUETTE,10.0,1.25
2021-11-12,COMPLET,3.0,1.5
2021-11-12,COOKIE,6.0,1.0
2021-11-12,COUPE,32.0,0.15
2021-11-12,CROISSANT,14.0,1.1
2021-11-12,ECLAIR,4.0,2.0
2021-11-12,FINANCIER X5,1.0,3.0
2021-11-12,FORMULE SANDWICH,4.0,6.5
2021-11-12,KOUIGN AMANN,2.0,2.1
2021-11-12,MOISSON,3.0,2.0
2021-11-12,PAIN,4.0,1.15
2021-11-12,PAIN AU CHOCOLAT,19.0,1.2
2021-11-12,PAIN AUX RAISINS,6.0,1.3999999999999997
2021-11-12,PAIN BANETTE,3.0,1.3999999999999997
2021-11-12,PAIN CHOCO AMANDES,1.0,1.5
2021-11-12,SANDWICH COMPLET,1.0,4.5
2021-11-12,SEIGLE,2.0,1.8
2021-11-12,SPECIAL BREAD,5.0,2.4
2021-11-12,TARTELETTE,3.0,2.0
2021-11-12,TRADITIONAL BAGUETTE,105.0,1.2
2021-11-13,BAGUETTE,25.0,0.9000000000000001
2021-11-13,BANETTE,30.0,1.05
2021-11-13,BANETTINE,5.0,0.6
2021-11-13,BOULE 200G,1.0,1.1
2021-11-13,BOULE 400G,5.0,1.5
2021-11-13,BRIOCHE,1.0,5.0
2021-11-13,CAFE OU EAU,5.0,1.0
2021-11-13,CAMPAGNE,5.0,1.8
2021-11-13,CEREAL BAGUETTE,10.0,1.25
2021-11-13,COMPLET,6.0,1.5
2021-11-13,COOKIE,6.0,1.0
2021-11-13,COUPE,26.0,0.15
2021-11-13,CROISSANT,33.0,1.1
2021-11-13,CROISSANT AMANDES,3.0,1.4
2021-11-13,DEMI BAGUETTE,4.0,0.45
2021-11-13,ECLAIR,11.0,2.0
2021-11-13,FICELLE,1.0,0.6
2021-11-13,FINANCIER X5,2.0,3.0
2021-11-13,FORMULE SANDWICH,1.0,6.5
2021-11-13,MOISSON,1.0,2.0
2021-11-13,PAIN,2.0,1.15
2021-11-13,PAIN AU CHOCOLAT,21.0,1.2
2021-11-13,PAIN AUX RAISINS,2.0,1.4
2021-11-13,PAIN BANETTE,3.0,1.3999999999999997
2021-11-13,PAIN CHOCO AMANDES,3.0,1.5
2021-11-13,QUIM BREAD,1.0,1.0
2021-11-13,SANDWICH COMPLET,1.0,4.5
2021-11-13,SEIGLE,2.0,1.8
2021-11-13,SPECIAL BREAD,7.0,2.4
2021-11-13,TARTELETTE,12.0,2.0
2021-11-13,TRADITIONAL BAGUETTE,141.0,1.2
2021-11-14,BAGUETTE,38.0,0.9
2021-11-14,BANETTE,37.0,1.05
2021-11-14,BANETTINE,6.0,0.6
2021-11-14,BOULE 200G,4.0,1.1
2021-11-14,BOULE 400G,10.0,1.5
2021-11-14,BRIOCHE,3.0,5.0
2021-11-14,CAFE OU EAU,2.0,1.0
2021-11-14,CAMPAGNE,8.0,1.8
2021-11-14,CEREAL BAGUETTE,9.0,1.25
2021-11-14,CHAUSSON AUX POMMES,4.0,1.3999999999999997
2021-11-14,COMPLET,6.0,1.5
2021-11-14,COOKIE,3.0,1.0
2021-11-14,COUPE,47.0,0.15
2021-11-14,CROISSANT,81.0,1.1
2021-11-14,CROISSANT AMANDES,1.0,1.4
2021-11-14,DEMI BAGUETTE,3.0,0.45
2021-11-14,ECLAIR,6.0,2.0
2021-11-14,FICELLE,5.0,0.6
2021-11-14,FORMULE SANDWICH,4.0,6.5
2021-11-14,KOUIGN AMANN,4.0,2.1
2021-11-14,MOISSON,6.0,2.0
2021-11-14,PAIN,1.0,1.15
2021-11-14,PAIN AU CHOCOLAT,70.0,1.2
2021-11-14,PAIN AUX RAISINS,2.0,1.4
2021-11-14,PAIN BANETTE,5.0,1.4
2021-11-14,PAIN CHOCO AMANDES,4.0,1.5
2021-11-14,QUIM BREAD,4.0,1.0
2021-11-14,SANDWICH COMPLET,1.0,4.5
2021-11-14,SEIGLE,2.0,1.8
2021-11-14,SPECIAL BREAD,5.0,2.4
2021-11-14,TARTELETTE,13.0,2.0
2021-11-14,TRADITIONAL BAGUETTE,175.0,1.2
2021-11-15,BAGUETTE,27.0,0.9
2021-11-15,BANETTE,26.0,1.05
2021-11-15,BANETTINE,6.0,0.6
2021-11-15,BOISSON 33CL,3.0,1.5
2021-11-15,BOULE 200G,5.0,1.1
2021-11-15,BOULE 400G,5.0,1.5
2021-11-15,BRIOCHE,1.0,5.0
2021-11-15,CAFE OU EAU,1.0,1.0
2021-11-15,CAMPAGNE,1.0,1.8
2021-11-15,CEREAL BAGUETTE,9.0,1.25
2021-11-15,CHAUSSON AUX POMMES,3.0,1.3999999999999997
2021-11-15,COMPLET,3.0,1.5
2021-11-15,COOKIE,3.0,1.0
2021-11-15,COUPE,16.0,0.15
2021-11-15,CROISSANT,28.0,1.1
2021-11-15,CROISSANT AMANDES,3.0,1.4
2021-11-15,ECLAIR,3.0,2.0
2021-11-15,FICELLE,5.0,0.6
2021-11-15,FORMULE SANDWICH,6.0,6.5
2021-11-15,MOISSON,4.0,2.0
2021-11-15,PAIN,3.0,1.15
2021-11-15,PAIN AU CHOCOLAT,3.0,1.2
2021-11-15,PAIN AUX RAISINS,1.0,1.4
2021-11-15,PAIN BANETTE,2.0,1.4
2021-11-15,PAIN CHOCO AMANDES,1.0,1.5
2021-11-15,QUIM BREAD,1.0,1.0
2021-11-15,SAND JB EMMENTAL,2.0,3.5
2021-11-15,SANDWICH COMPLET,4.0,4.5
2021-11-15,SEIGLE,1.0,1.8
2021-11-15,SPECIAL BREAD,4.0,2.4
2021-11-15,TRADITIONAL BAGUETTE,89.0,1.2
2021-11-16,BAGUETTE,16.0,0.9
2021-11-16,BANETTE,13.0,1.05
2021-11-16,BANETTINE,6.0,0.6
2021-11-16,BOISSON 33CL,6.0,1.5
2021-11-16,BOULE 400G,4.0,1.5
2021-11-16,BRIOCHE,1.0,5.0
2021-11-16,CAFE OU EAU,10.0,1.0
2021-11-16,CAMPAGNE,3.0,1.8
2021-11-16,CEREAL BAGUETTE,4.0,1.25
2021-11-16,CHAUSSON AUX POMMES,3.0,1.4
2021-11-16,COMPLET,3.0,1.5
2021-11-16,COOKIE,5.0,1.0
2021-11-16,COUPE,14.0,0.15
2021-11-16,CROISSANT,18.0,1.1
2021-11-16,CROISSANT AMANDES,2.0,1.4
2021-11-16,FICELLE,4.0,0.6
2021-11-16,FORMULE SANDWICH,15.0,6.5
2021-11-16,MOISSON,4.0,2.0
2021-11-16,PAIN,2.0,1.15
2021-11-16,PAIN AU CHOCOLAT,19.0,1.2
2021-11-16,PAIN AUX RAISINS,3.0,1.4
2021-11-16,PAIN BANETTE,1.0,1.4
2021-11-16,PAIN CHOCO AMANDES,4.0,1.5
2021-11-16,QUIM BREAD,1.0,1.0
2021-11-16,SAND JB EMMENTAL,3.0,3.5
2021-11-16,SANDWICH COMPLET,2.0,4.5
2021-11-16,SEIGLE,1.0,1.8
2021-11-16,SPECIAL BREAD,3.0,2.4
2021-11-16,TARTELETTE,2.0,2.0
2021-11-16,TRADITIONAL BAGUETTE,70.0,1.2
2021-11-18,BAGUETTE,20.0,0.9
2021-11-18,BANETTE,25.0,1.05
2021-11-18,BANETTINE,5.0,0.6
2021-11-18,BOISSON 33CL,2.0,1.5
2021-11-18,BOULE 200G,2.0,1.1
2021-11-18,BOULE 400G,1.0,1.5
2021-11-18,CAFE OU EAU,2.0,1.0
2021-11-18,CAMPAGNE,5.0,1.8
2021-11-18,CEREAL BAGUETTE,10.0,1.25
2021-11-18,CHAUSSON AUX POMMES,2.0,1.4
2021-11-18,COMPLET,4.0,1.5
2021-11-18,COOKIE,1.0,1.0
2021-11-18,COUPE,20.0,0.15
2021-11-18,CROISSANT,21.0,1.1
2021-11-18,CROISSANT AMANDES,6.0,1.4
2021-11-18,FORMULE SANDWICH,9.0,6.5
2021-11-18,MOISSON,4.0,2.0
2021-11-18,PAIN,4.0,1.15
2021-11-18,PAIN AU CHOCOLAT,13.0,1.2
2021-11-18,PAIN AUX RAISINS,3.0,1.4
2021-11-18,PAIN BANETTE,4.0,1.4
2021-11-18,PAIN CHOCO AMANDES,1.0,1.5
2021-11-18,QUIM BREAD,4.0,1.0
2021-11-18,SANDWICH COMPLET,4.0,4.5
2021-11-18,SEIGLE,2.0,1.8
2021-11-18,SPECIAL BREAD,5.0,2.4
2021-11-18,TARTELETTE,7.0,2.0
2021-11-18,TRADITIONAL BAGUETTE,84.0,1.2
2021-11-19,BAGUETTE,26.0,0.9000000000000001
2021-11-19,BANETTE,15.0,1.05
2021-11-19,BANETTINE,5.0,0.6
2021-11-19,BOISSON 33CL,5.0,1.5
2021-11-19,BOULE 200G,1.0,1.1
2021-11-19,BOULE 400G,4.0,1.5
2021-11-19,BRIOCHE,1.0,5.0
2021-11-19,CAFE OU EAU,1.0,1.0
2021-11-19,CAMPAGNE,3.0,1.8
2021-11-19,CEREAL BAGUETTE,1.0,1.25
2021-11-19,CHAUSSON AUX POMMES,5.0,1.4
2021-11-19,COMPLET,4.0,1.5
2021-11-19,COOKIE,7.0,1.0
2021-11-19,COUPE,19.0,0.15
2021-11-19,CROISSANT,28.0,1.1
2021-11-19,CROISSANT AMANDES,3.0,1.4
2021-11-19,DEMI BAGUETTE,1.0,0.45
2021-11-19,FICELLE,4.0,0.6
2021-11-19,FINANCIER X5,3.0,3.0
2021-11-19,FORMULE SANDWICH,7.0,6.5
2021-11-19,KOUIGN AMANN,2.0,2.1
2021-11-19,MOISSON,2.0,2.0
2021-11-19,PAIN,5.0,1.15
2021-11-19,PAIN AU CHOCOLAT,13.0,1.2
2021-11-19,PAIN AUX RAISINS,3.0,1.3999999999999997
2021-11-19,PAIN BANETTE,5.0,1.4
2021-11-19,PAIN CHOCO AMANDES,6.0,1.5
2021-11-19,QUIM BREAD,3.0,1.0
2021-11-19,SAND JB EMMENTAL,2.0,3.5
2021-11-19,SANDWICH COMPLET,3.0,4.5
2021-11-19,SPECIAL BREAD,6.0,2.4
2021-11-19,TARTELETTE,5.0,2.0
2021-11-19,TRADITIONAL BAGUETTE,98.0,1.2
2021-11-20,BAGUETTE,38.0,0.8999999999999999
2021-11-20,BANETTE,30.0,1.05
2021-11-20,BANETTINE,6.0,0.6
2021-11-20,BOISSON 33CL,2.0,1.5
2021-11-20,BOULE 200G,1.0,1.1
2021-11-20,BOULE 400G,3.0,1.5
2021-11-20,BRIOCHE,1.0,5.0
2021-11-20,CAFE OU EAU,4.0,1.0
2021-11-20,CAMPAGNE,2.0,1.8
2021-11-20,CEREAL BAGUETTE,3.0,1.25
2021-11-20,CHAUSSON AUX POMMES,5.0,1.3999999999999997
2021-11-20,COMPLET,3.0,1.5
2021-11-20,COOKIE,2.0,1.0
2021-11-20,COUPE,23.0,0.15
2021-11-20,CROISSANT,44.0,1.1
2021-11-20,CROISSANT AMANDES,4.0,1.3999999999999997
2021-11-20,ECLAIR,5.0,2.0
2021-11-20,FICELLE,4.0,0.6
2021-11-20,FINANCIER X5,3.0,3.0
2021-11-20,FORMULE SANDWICH,4.0,6.5
2021-11-20,MOISSON,4.0,2.0
2021-11-20,PAIN,4.0,1.15
2021-11-20,PAIN AU CHOCOLAT,32.0,1.2
2021-11-20,PAIN BANETTE,5.0,1.4
2021-11-20,PAIN CHOCO AMANDES,3.0,1.5
2021-11-20,QUIM BREAD,1.0,1.0
2021-11-20,SANDWICH COMPLET,3.0,4.5
2021-11-20,SEIGLE,2.0,1.8
2021-11-20,SPECIAL BREAD,7.0,2.4
2021-11-20,TARTELETTE,3.0,2.0
2021-11-20,TRADITIONAL BAGUETTE,112.0,1.2
2021-11-21,BAGUETTE,36.0,0.9000000000000001
2021-11-21,BANETTE,29.0,1.05
2021-11-21,BANETTINE,3.0,0.6
2021-11-21,BOISSON 33CL,2.0,1.5
2021-11-21,BOULE 200G,5.0,1.1
2021-11-21,BOULE 400G,4.0,1.5
2021-11-21,BRIOCHE,6.0,5.0
2021-11-21,CAFE OU EAU,1.0,1.0
2021-11-21,CAMPAGNE,2.0,1.8
2021-11-21,CEREAL BAGUETTE,5.0,1.25
2021-11-21,CHAUSSON AUX POMMES,5.0,1.3999999999999997
2021-11-21,COMPLET,2.0,1.5
2021-11-21,COOKIE,3.0,1.0
2021-11-21,COUPE,22.0,0.15
2021-11-21,CROISSANT,69.0,1.1
2021-11-21,CROISSANT AMANDES,3.0,1.3999999999999997
2021-11-21,DEMI BAGUETTE,2.0,0.45
2021-11-21,ECLAIR,9.0,2.0
2021-11-21,FICELLE,5.0,0.6
2021-11-21,FINANCIER X5,1.0,3.0
2021-11-21,KOUIGN AMANN,4.0,2.1
2021-11-21,MOISSON,1.0,2.0
2021-11-21,PAIN,3.0,1.15
2021-11-21,PAIN AU CHOCOLAT,44.0,1.2
2021-11-21,PAIN AUX RAISINS,3.0,1.3999999999999997
2021-11-21,PAIN BANETTE,3.0,1.3999999999999997
2021-11-21,PAIN CHOCO AMANDES,7.0,1.5
2021-11-21,QUIM BREAD,4.0,1.0
2021-11-21,SANDWICH COMPLET,1.0,4.5
2021-11-21,SPECIAL BREAD,5.0,2.4
2021-11-21,TARTELETTE,17.0,2.0
2021-11-21,TRADITIONAL BAGUETTE,171.0,1.2
2021-11-22,BAGUETTE,14.0,0.9
2021-11-22,BANETTE,19.0,1.05
2021-11-22,BANETTINE,4.0,0.6
2021-11-22,BOISSON 33CL,7.0,1.5
2021-11-22,BOULE 200G,6.0,1.1
2021-11-22,BRIOCHE,2.0,5.0
2021-11-22,CAMPAGNE,4.0,1.8
2021-11-22,CEREAL BAGUETTE,8.0,1.25
2021-11-22,CHAUSSON AUX POMMES,3.0,1.4
2021-11-22,COOKIE,4.0,1.0
2021-11-22,COUPE,13.0,0.15
2021-11-22,CROISSANT,17.0,1.1
2021-11-22,ECLAIR,3.0,2.0
2021-11-22,FICELLE,6.0,0.6
2021-11-22,FORMULE SANDWICH,12.0,6.5
2021-11-22,KOUIGN AMANN,3.0,2.1
2021-11-22,MOISSON,1.0,2.0
2021-11-22,PAIN,5.0,1.15
2021-11-22,PAIN AU CHOCOLAT,12.0,1.2
2021-11-22,PAIN AUX RAISINS,3.0,1.4
2021-11-22,PAIN BANETTE,5.0,1.4
2021-11-22,QUIM BREAD,3.0,1.0
2021-11-22,SAND JB EMMENTAL,1.0,3.5
2021-11-22,SANDWICH COMPLET,2.0,4.5
2021-11-22,SEIGLE,2.0,1.8
2021-11-22,SPECIAL BREAD,3.0,2.4
2021-11-22,TARTELETTE,1.0,2.0
2021-11-22,TRADITIONAL BAGUETTE,81.0,1.2
2021-11-23,BAGUETTE,23.0,0.9
2021-11-23,BANETTE,17.0,1.05
2021-11-23,BANETTINE,3.0,0.6
2021-11-23,BOISSON 33CL,6.0,1.5
2021-11-23,BOULE 200G,6.0,1.1
2021-11-23,BOULE 400G,4.0,1.5
2021-11-23,CAFE OU EAU,9.0,1.0
2021-11-23,CAMPAGNE,5.0,1.8
2021-11-23,CEREAL BAGUETTE,5.0,1.25
2021-11-23,CHAUSSON AUX POMMES,1.0,1.4
2021-11-23,COMPLET,4.0,1.5
2021-11-23,COOKIE,1.0,1.0
2021-11-23,COUPE,28.0,0.15
2021-11-23,CROISSANT,4.0,1.1
2021-11-23,CROISSANT AMANDES,4.0,1.4
2021-11-23,FICELLE,4.0,0.6
2021-11-23,FINANCIER X5,3.0,3.0
2021-11-23,FORMULE SANDWICH,11.0,6.5
2021-11-23,KOUIGN AMANN,1.0,2.1
2021-11-23,MOISSON,4.0,2.0
2021-11-23,PAIN,1.0,1.15
2021-11-23,PAIN AU CHOCOLAT,16.0,1.2
2021-11-23,PAIN BANETTE,2.0,1.4
2021-11-23,PAIN CHOCO AMANDES,2.0,1.5
2021-11-23,SAND JB EMMENTAL,2.0,3.5
2021-11-23,SANDWICH COMPLET,7.0,4.5
2021-11-23,SEIGLE,2.0,1.8
2021-11-23,SPECIAL BREAD,5.0,2.4
2021-11-23,TARTELETTE,2.0,2.0
2021-11-23,TRADITIONAL BAGUETTE,68.0,1.2
2021-11-25,BAGUETTE,25.0,0.8999999999999999
2021-11-25,BANETTE,30.0,1.05
2021-11-25,BANETTINE,4.0,0.6
2021-11-25,BOULE 200G,4.0,1.1
2021-11-25,BOULE 400G,6.0,1.5
2021-11-25,BRIOCHE,1.0,5.0
2021-11-25,CAFE OU EAU,2.0,1.0
2021-11-25,CAMPAGNE,3.0,1.8
2021-11-25,CEREAL BAGUETTE,10.0,1.25
2021-11-25,CHAUSSON AUX POMMES,5.0,1.4
2021-11-25,COMPLET,4.0,1.5
2021-11-25,COOKIE,4.0,1.0
2021-11-25,COUPE,23.0,0.15
2021-11-25,CROISSANT,20.0,1.1
2021-11-25,DEMI BAGUETTE,2.0,0.45
2021-11-25,FICELLE,1.0,0.6
2021-11-25,FORMULE SANDWICH,8.0,6.5
2021-11-25,KOUIGN AMANN,2.0,2.1
2021-11-25,MOISSON,3.0,2.0
2021-11-25,PAIN,5.0,1.15
2021-11-25,PAIN AU CHOCOLAT,12.0,1.2
2021-11-25,PAIN AUX RAISINS,4.0,1.3999999999999997
2021-11-25,PAIN BANETTE,5.0,1.4
2021-11-25,PAIN CHOCO AMANDES,1.0,1.5
2021-11-25,QUIM BREAD,2.0,1.0
2021-11-25,SAND JB EMMENTAL,1.0,3.5
2021-11-25,SANDWICH COMPLET,6.0,4.5
2021-11-25,SPECIAL BREAD,5.0,2.4
2021-11-25,TARTELETTE,3.0,2.0
2021-11-25,TRADITIONAL BAGUETTE,85.0,1.2
2021-11-26,BAGUETTE,18.0,0.9000000000000001
2021-11-26,BANETTE,13.0,1.05
2021-11-26,BOISSON 33CL,2.0,1.5
2021-11-26,BOULE 200G,1.0,1.1
2021-11-26,BOULE 400G,4.0,1.5
2021-11-26,BRIOCHE,1.0,5.0
2021-11-26,CAMPAGNE,1.0,1.8
2021-11-26,CEREAL BAGUETTE,9.0,1.25
2021-11-26,CHAUSSON AUX POMMES,4.0,1.4
2021-11-26,COMPLET,4.0,1.5
2021-11-26,COOKIE,5.0,1.0
2021-11-26,COUPE,18.0,0.15
2021-11-26,CROISSANT,3.0,1.1
2021-11-26,CROISSANT AMANDES,3.0,1.4
2021-11-26,ECLAIR,6.0,2.0
2021-11-26,FICELLE,3.0,0.6
2021-11-26,FINANCIER X5,1.0,3.0
2021-11-26,FORMULE SANDWICH,6.0,6.5
2021-11-26,MOISSON,3.0,2.0
2021-11-26,PAIN,2.0,1.15
2021-11-26,PAIN AU CHOCOLAT,16.0,1.2
2021-11-26,PAIN AUX RAISINS,1.0,1.4
2021-11-26,PAIN BANETTE,2.0,1.4
2021-11-26,PAIN CHOCO AMANDES,2.0,1.5
2021-11-26,QUIM BREAD,4.0,1.0
2021-11-26,SAND JB EMMENTAL,2.0,3.5
2021-11-26,SANDWICH COMPLET,6.0,4.5
2021-11-26,SEIGLE,1.0,1.8
2021-11-26,SPECIAL BREAD,5.0,2.4
2021-11-26,TARTELETTE,3.0,2.0
2021-11-26,TRADITIONAL BAGUETTE,90.0,1.2
2021-11-27,BAGUETTE,35.0,0.8999999999999999
2021-11-27,BANETTE,21.0,1.05
2021-11-27,BANETTINE,1.0,0.6
2021-11-27,BOISSON 33CL,1.0,1.5
2021-11-27,BOULE 400G,2.0,1.5
2021-11-27,BRIOCHE,2.0,5.0
2021-11-27,CAFE OU EAU,4.0,1.0
2021-11-27,CAMPAGNE,3.0,1.8
2021-11-27,CEREAL BAGUETTE,4.0,1.25
2021-11-27,CHAUSSON AUX POMMES,3.0,1.3999999999999997
2021-11-27,COMPLET,4.0,1.5
2021-11-27,COOKIE,3.0,1.0
2021-11-27,COUPE,17.0,0.15
2021-11-27,CROISSANT,21.0,1.1
2021-11-27,CROISSANT AMANDES,5.0,1.3999999999999997
2021-11-27,DEMI BAGUETTE,1.0,0.45
2021-11-27,FICELLE,3.0,0.6
2021-11-27,MOISSON,3.0,2.0
2021-11-27,PAIN,5.0,1.15
2021-11-27,PAIN AU CHOCOLAT,21.0,1.2
2021-11-27,PAIN AUX RAISINS,6.0,1.4
2021-11-27,PAIN BANETTE,5.0,1.3999999999999997
2021-11-27,PAIN CHOCO AMANDES,4.0,1.5
2021-11-27,QUIM BREAD,1.0,1.0
2021-11-27,SAND JB EMMENTAL,2.0,3.5
2021-11-27,SANDWICH COMPLET,2.0,4.5
2021-11-27,SEIGLE,1.0,1.8
2021-11-27,SPECIAL BREAD,8.0,2.4
2021-11-27,TARTELETTE,11.0,2.0
2021-11-27,TRADITIONAL BAGUETTE,118.0,1.2
2021-11-28,BAGUETTE,45.0,0.9
2021-11-28,BANETTE,35.0,1.05
2021-11-28,BANETTINE,6.0,0.6
2021-11-28,BOULE 200G,6.0,1.1
2021-11-28,BOULE 400G,6.0,1.5
2021-11-28,BRIOCHE,3.0,5.0
2021-11-28,CAMPAGNE,1.0,1.8
2021-11-28,CEREAL BAGUETTE,9.0,1.25
2021-11-28,CHAUSSON AUX POMMES,2.0,1.4
2021-11-28,COMPLET,3.0,1.5
2021-11-28,COOKIE,2.0,1.0
2021-11-28,COUPE,35.0,0.15
2021-11-28,CROISSANT,87.0,1.1
2021-11-28,CROISSANT AMANDES,6.0,1.3999999999999997
2021-11-28,DEMI BAGUETTE,4.0,0.45
2021-11-28,ECLAIR,7.0,2.0
2021-11-28,FICELLE,6.0,0.6
2021-11-28,KOUIGN AMANN,2.0,2.1
2021-11-28,MOISSON,4.0,2.0
2021-11-28,PAIN,3.0,1.15
2021-11-28,PAIN AU CHOCOLAT,64.0,1.2
2021-11-28,PAIN AUX RAISINS,6.0,1.4
2021-11-28,PAIN BANETTE,5.0,1.4
2021-11-28,PAIN CHOCO AMANDES,4.0,1.5
2021-11-28,SEIGLE,2.0,1.8
2021-11-28,SPECIAL BREAD,10.0,2.4
2021-11-28,TARTELETTE,26.0,2.0
2021-11-28,TRADITIONAL BAGUETTE,143.0,1.2
2021-11-29,BAGUETTE,28.0,0.9
2021-11-29,BANETTE,16.0,1.05
2021-11-29,BANETTINE,1.0,0.6
2021-11-29,BOISSON 33CL,3.0,1.5
2021-11-29,BOULE 200G,6.0,1.1
2021-11-29,BOULE 400G,5.0,1.5
2021-11-29,CAFE OU EAU,1.0,1.0
2021-11-29,CAMPAGNE,4.0,1.8
2021-11-29,CEREAL BAGUETTE,5.0,1.25
2021-11-29,CHAUSSON AUX POMMES,2.0,1.4
2021-11-29,COMPLET,2.0,1.5
2021-11-29,COOKIE,6.0,1.0
2021-11-29,COUPE,19.0,0.15
2021-11-29,CROISSANT,16.0,1.1
2021-11-29,CROISSANT AMANDES,1.0,1.4
2021-11-29,DEMI BAGUETTE,1.0,0.45
2021-11-29,FICELLE,2.0,0.6
2021-11-29,FORMULE SANDWICH,12.0,6.5
2021-11-29,KOUIGN AMANN,1.0,2.1
2021-11-29,MOISSON,3.0,2.0
2021-11-29,PAIN,5.0,1.15
2021-11-29,PAIN AU CHOCOLAT,19.0,1.2
2021-11-29,PAIN AUX RAISINS,2.0,1.4
2021-11-29,PAIN BANETTE,4.0,1.4
2021-11-29,PAIN CHOCO AMANDES,3.0,1.5
2021-11-29,QUIM BREAD,2.0,1.0
2021-11-29,SAND JB EMMENTAL,3.0,3.5
2021-11-29,SANDWICH COMPLET,1.0,4.5
2021-11-29,SEIGLE,1.0,1.8
2021-11-29,SPECIAL BREAD,5.0,2.4
2021-11-29,TARTELETTE,1.0,2.0
2021-11-29,TRADITIONAL BAGUETTE,84.0,1.2
2021-11-30,BAGUETTE,21.0,0.9
2021-11-30,BANETTE,14.0,1.05
2021-11-30,BANETTINE,3.0,0.6
2021-11-30,BOISSON 33CL,5.0,1.5
2021-11-30,BOULE 200G,1.0,1.1
2021-11-30,BOULE 400G,5.0,1.5
2021-11-30,BRIOCHE,1.0,5.0
2021-11-30,CAFE OU EAU,12.0,1.0
2021-11-30,CAMPAGNE,4.0,1.8
2021-11-30,CEREAL BAGUETTE,7.0,1.25
2021-11-30,CHAUSSON AUX POMMES,3.0,1.3999999999999997
2021-11-30,COMPLET,4.0,1.5
2021-11-30,COOKIE,1.0,1.0
2021-11-30,COUPE,18.0,0.15
2021-11-30,CROISSANT,17.0,1.1
2021-11-30,CROISSANT AMANDES,3.0,1.3999999999999997
2021-11-30,DEMI BAGUETTE,1.0,0.45
2021-11-30,ECLAIR,5.0,2.0
2021-11-30,FICELLE,5.0,0.6
2021-11-30,FINANCIER X5,1.0,3.0
2021-11-30,FORMULE SANDWICH,10.0,6.5
2021-11-30,KOUIGN AMANN,2.0,2.1
2021-11-30,MOISSON,4.0,2.0
2021-11-30,PAIN,1.0,1.15
2021-11-30,PAIN AU CHOCOLAT,22.0,1.2
2021-11-30,PAIN AUX RAISINS,4.0,1.3999999999999997
2021-11-30,PAIN BANETTE,1.0,1.4
2021-11-30,PAIN CHOCO AMANDES,2.0,1.5
2021-11-30,QUIM BREAD,3.0,1.0
2021-11-30,SAND JB EMMENTAL,3.0,3.5
2021-11-30,SANDWICH COMPLET,5.0,4.5
2021-11-30,SEIGLE,1.0,1.8
2021-11-30,SPECIAL BREAD,6.0,2.4
2021-11-30,TARTELETTE,9.0,2.0
2021-11-30,TRADITIONAL BAGUETTE,94.0,1.2
2021-12-02,BAGUETTE,16.0,0.9
2021-12-02,BANETTE,16.0,1.05
2021-12-02,BANETTINE,3.0,0.6
2021-12-02,BOISSON 33CL,1.0,1.5
2021-12-02,BOULE 200G,1.0,1.1
2021-12-02,BOULE 400G,1.0,1.5
2021-12-02,BRIOCHE,2.0,5.0
2021-12-02,CAFE OU EAU,4.0,1.0
2021-12-02,CAMPAGNE,4.0,1.8
2021-12-02,CEREAL BAGUETTE,6.0,1.25
2021-12-02,CHAUSSON AUX POMMES,4.0,1.3999999999999997
2021-12-02,COMPLET,1.0,1.5
2021-12-02,COOKIE,4.0,1.0
2021-12-02,COUPE,10.0,0.15
2021-12-02,CROISSANT,19.0,1.1
2021-12-02,CROISSANT AMANDES,4.0,1.3999999999999997
2021-12-02,ECLAIR,3.0,2.0
2021-12-02,FICELLE,2.0,0.6
2021-12-02,FINANCIER X5,1.0,3.0
2021-12-02,FORMULE SANDWICH,8.0,6.5
2021-12-02,KOUIGN AMANN,2.0,2.1
2021-12-02,MOISSON,1.0,2.0
2021-12-02,PAIN,1.0,1.15
2021-12-02,PAIN AU CHOCOLAT,18.0,1.2
2021-12-02,PAIN AUX RAISINS,2.0,1.4
2021-12-02,PAIN BANETTE,4.0,1.4
2021-12-02,PAIN CHOCO AMANDES,5.0,1.5
2021-12-02,QUIM BREAD,1.0,1.0
2021-12-02,SAND JB EMMENTAL,1.0,3.5
2021-12-02,SANDWICH COMPLET,4.0,4.5
2021-12-02,SEIGLE,2.0,1.8
2021-12-02,SPECIAL BREAD,5.0,2.4
2021-12-02,TARTELETTE,2.0,2.0
2021-12-02,TRADITIONAL BAGUETTE,68.0,1.2
2021-12-03,BAGUETTE,27.0,0.9
2021-12-03,BANETTE,14.0,1.05
2021-12-03,BANETTINE,3.0,0.6
2021-12-03,BOULE 400G,4.0,1.5
2021-12-03,BRIOCHE,2.0,5.0
2021-12-03,CAFE OU EAU,2.0,1.0
2021-12-03,CAMPAGNE,1.0,1.8
2021-12-03,CEREAL BAGUETTE,6.0,1.25
2021-12-03,COMPLET,5.0,1.5
2021-12-03,COOKIE,12.0,1.0
2021-12-03,COUPE,21.0,0.15
2021-12-03,CROISSANT,33.0,1.1
2021-12-03,CROISSANT AMANDES,5.0,1.4
2021-12-03,FICELLE,3.0,0.6
2021-12-03,FINANCIER X5,8.0,3.0
2021-12-03,FORMULE SANDWICH,7.0,6.5
2021-12-03,MOISSON,3.0,2.0
2021-12-03,PAIN,4.0,1.15
2021-12-03,PAIN AU CHOCOLAT,31.0,1.2
2021-12-03,PAIN AUX RAISINS,3.0,1.3999999999999997
2021-12-03,PAIN BANETTE,1.0,1.4
2021-12-03,QUIM BREAD,3.0,1.0
2021-12-03,SEIGLE,2.0,1.8
2021-12-03,SPECIAL BREAD,6.0,2.4
2021-12-03,TARTELETTE,3.0,2.0
2021-12-03,TRADITIONAL BAGUETTE,60.0,1.2
2021-12-04,BAGUETTE,20.0,0.9
2021-12-04,BANETTE,26.0,1.05
2021-12-04,BANETTINE,4.0,0.6
2021-12-04,BOULE 400G,3.0,1.5
2021-12-04,BRIOCHE,1.0,5.0
2021-12-04,CAFE OU EAU,7.0,1.0
2021-12-04,CAMPAGNE,4.0,1.8
2021-12-04,CEREAL BAGUETTE,7.0,1.25
2021-12-04,CHAUSSON AUX POMMES,2.0,1.4
2021-12-04,COMPLET,5.0,1.5
2021-12-04,COOKIE,8.0,1.0
2021-12-04,COUPE,18.0,0.15
2021-12-04,CROISSANT,11.0,1.1
2021-12-04,CROISSANT AMANDES,5.0,1.4
2021-12-04,FICELLE,3.0,0.6
2021-12-04,FINANCIER X5,1.0,3.0
2021-12-04,FORMULE SANDWICH,6.0,6.5
2021-12-04,KOUIGN AMANN,3.0,2.1
2021-12-04,MOISSON,1.0,2.0
2021-12-04,PAIN,4.0,1.15
2021-12-04,PAIN AU CHOCOLAT,21.0,1.2
2021-12-04,PAIN AUX RAISINS,5.0,1.4
2021-12-04,PAIN BANETTE,2.0,1.4
2021-12-04,PAIN CHOCO AMANDES,6.0,1.5
2021-12-04,QUIM BREAD,4.0,1.0
2021-12-04,SAND JB EMMENTAL,1.0,3.5
2021-12-04,SEIGLE,1.0,1.8
2021-12-04,SPECIAL BREAD,6.0,2.4
2021-12-04,TARTELETTE,6.0,2.0
2021-12-04,TRADITIONAL BAGUETTE,107.0,1.2
2021-12-05,BAGUETTE,40.0,0.9
2021-12-05,BANETTE,30.0,1.05
2021-12-05,BANETTINE,6.0,0.6
2021-12-05,BOISSON 33CL,1.0,1.5
2021-12-05,BOULE 200G,6.0,1.1
2021-12-05,BOULE 400G,10.0,1.5
2021-12-05,BRIOCHE,2.0,5.0
2021-12-05,CAFE OU EAU,1.0,1.0
2021-12-05,CAMPAGNE,10.0,1.8
2021-12-05,CEREAL BAGUETTE,10.0,1.25
2021-12-05,CHAUSSON AUX POMMES,5.0,1.4
2021-12-05,COMPLET,6.0,1.5
2021-12-05,COOKIE,4.0,1.0
2021-12-05,COUPE,51.0,0.15
2021-12-05,CROISSANT,72.0,1.1
2021-12-05,CROISSANT AMANDES,3.0,1.3999999999999997
2021-12-05,ECLAIR,13.0,2.0
2021-12-05,FICELLE,5.0,0.6
2021-12-05,KOUIGN AMANN,4.0,2.1
2021-12-05,MOISSON,6.0,2.0
2021-12-05,PAIN,5.0,1.15
2021-12-05,PAIN AU CHOCOLAT,47.0,1.2
2021-12-05,PAIN AUX RAISINS,1.0,1.4
2021-12-05,PAIN BANETTE,5.0,1.3999999999999997
2021-12-05,PAIN CHOCO AMANDES,3.0,1.5
2021-12-05,SEIGLE,2.0,1.8
2021-12-05,SPECIAL BREAD,12.0,2.4
2021-12-05,TARTELETTE,16.0,2.0
2021-12-05,TRADITIONAL BAGUETTE,148.0,1.2
2021-12-09,BAGUETTE,21.0,0.8999999999999999
2021-12-09,BANETTE,19.0,1.05
2021-12-09,BANETTINE,2.0,0.6
2021-12-09,BOULE 200G,2.0,1.1
2021-12-09,BOULE 400G,3.0,1.5
2021-12-09,BRIOCHE,1.0,5.0
2021-12-09,CAMPAGNE,3.0,1.8
2021-12-09,CEREAL BAGUETTE,8.0,1.25
2021-12-09,CHAUSSON AUX POMMES,1.0,1.4
2021-12-09,COMPLET,2.0,1.5
2021-12-09,COOKIE,2.0,1.0
2021-12-09,COUPE,15.0,0.15
2021-12-09,CROISSANT,39.0,1.1
2021-12-09,CROISSANT AMANDES,4.0,1.3999999999999997
2021-12-09,DEMI BAGUETTE,2.0,0.45
2021-12-09,FICELLE,1.0,0.6
2021-12-09,FORMULE SANDWICH,5.0,6.5
2021-12-09,MOISSON,4.0,2.0
2021-12-09,PAIN,4.0,1.15
2021-12-09,PAIN AU CHOCOLAT,16.0,1.2
2021-12-09,PAIN AUX RAISINS,1.0,1.4
2021-12-09,PAIN BANETTE,5.0,1.4
2021-12-09,PAIN CHOCO AMANDES,3.0,1.5
2021-12-09,QUIM BREAD,1.0,1.0
2021-12-09,SAND JB EMMENTAL,2.0,3.5
2021-12-09,SANDWICH COMPLET,5.0,4.5
2021-12-09,SEIGLE,2.0,1.8
2021-12-09,SPECIAL BREAD,2.0,2.4
2021-12-09,TRADITIONAL BAGUETTE,54.0,1.2
2021-12-10,BAGUETTE,18.0,0.9
2021-12-10,BANETTE,8.0,1.05
2021-12-10,BANETTINE,4.0,0.6
2021-12-10,BOISSON 33CL,1.0,1.5
2021-12-10,BOULE 400G,1.0,1.5
2021-12-10,BRIOCHE,1.0,5.0
2021-12-10,CAFE OU EAU,5.0,1.0
2021-12-10,CEREAL BAGUETTE,10.0,1.25
2021-12-10,CHAUSSON AUX POMMES,3.0,1.4
2021-12-10,COMPLET,4.0,1.5
2021-12-10,COOKIE,6.0,1.0
2021-12-10,COUPE,17.0,0.15
2021-12-10,CROISSANT,10.0,1.1
2021-12-10,CROISSANT AMANDES,2.0,1.4
2021-12-10,ECLAIR,2.0,2.0
2021-12-10,FICELLE,6.0,0.6
2021-12-10,FINANCIER X5,2.0,3.0
2021-12-10,FORMULE SANDWICH,11.0,6.5
2021-12-10,MOISSON,4.0,2.0
2021-12-10,PAIN,1.0,1.15
2021-12-10,PAIN AU CHOCOLAT,25.0,1.2
2021-12-10,PAIN AUX RAISINS,4.0,1.4
2021-12-10,PAIN BANETTE,2.0,1.4
2021-12-10,PAIN CHOCO AMANDES,3.0,1.5
2021-12-10,SAND JB EMMENTAL,1.0,3.5
2021-12-10,SANDWICH COMPLET,4.0,4.5
2021-12-10,SEIGLE,1.0,1.8
2021-12-10,SPECIAL BREAD,6.0,2.4
2021-12-10,TARTELETTE,7.0,2.0
2021-12-10,TRADITIONAL BAGUETTE,76.0,1.2
2021-12-11,BAGUETTE,33.0,0.9
2021-12-11,BANETTE,19.0,1.05
2021-12-11,BANETTINE,5.0,0.6
2021-12-11,BOISSON 33CL,2.0,1.5
2021-12-11,BOULE 200G,5.0,1.1
2021-12-11,BOULE 400G,5.0,1.5
2021-12-11,BRIOCHE,2.0,5.0
2021-12-11,CAFE OU EAU,2.0,1.0
2021-12-11,CAMPAGNE,5.0,1.8
2021-12-11,CEREAL BAGUETTE,2.0,1.25
2021-12-11,CHAUSSON AUX POMMES,5.0,1.4
2021-12-11,COMPLET,2.0,1.5
2021-12-11,COOKIE,7.0,1.0
2021-12-11,COUPE,26.0,0.15
2021-12-11,CROISSANT,34.0,1.1
2021-12-11,CROISSANT AMANDES,2.0,1.4
2021-12-11,ECLAIR,1.0,2.0
2021-12-11,FICELLE,1.0,0.6
2021-12-11,FORMULE SANDWICH,2.0,6.5
2021-12-11,KOUIGN AMANN,1.0,2.1
2021-12-11,MOISSON,3.0,2.0
2021-12-11,PAIN,4.0,1.15
2021-12-11,PAIN AU CHOCOLAT,39.0,1.2
2021-12-11,PAIN AUX RAISINS,4.0,1.4
2021-12-11,PAIN BANETTE,2.0,1.4
2021-12-11,PAIN CHOCO AMANDES,1.0,1.5
2021-12-11,QUIM BREAD,2.0,1.0
2021-12-11,SAND JB EMMENTAL,1.0,3.5
2021-12-11,SANDWICH COMPLET,4.0,4.5
2021-12-11,SEIGLE,1.0,1.8
2021-12-11,SPECIAL BREAD,6.0,2.4
2021-12-11,TARTELETTE,3.0,2.0
2021-12-11,TRADITIONAL BAGUETTE,111.0,1.2
2021-12-12,BAGUETTE,33.0,0.9
2021-12-12,BANETTE,41.0,1.05
2021-12-12,BANETTINE,6.0,0.6
2021-12-12,BOULE 200G,6.0,1.1
2021-12-12,BOULE 400G,7.0,1.5
2021-12-12,BRIOCHE,2.0,5.0
2021-12-12,CAMPAGNE,1.0,1.8
2021-12-12,CEREAL BAGUETTE,10.0,1.25
2021-12-12,CHAUSSON AUX POMMES,4.0,1.4
2021-12-12,COMPLET,5.0,1.5
2021-12-12,COOKIE,6.0,1.0
2021-12-12,COUPE,39.0,0.15
2021-12-12,CROISSANT,70.0,1.1
2021-12-12,CROISSANT AMANDES,4.0,1.3999999999999997
2021-12-12,ECLAIR,15.0,2.0
2021-12-12,FICELLE,5.0,0.6
2021-12-12,KOUIGN AMANN,1.0,2.1
2021-12-12,MOISSON,5.0,2.0
2021-12-12,PAIN,4.0,1.15
2021-12-12,PAIN AU CHOCOLAT,48.0,1.2
2021-12-12,PAIN AUX RAISINS,3.0,1.4
2021-12-12,PAIN BANETTE,4.0,1.4
2021-12-12,PAIN CHOCO AMANDES,5.0,1.5
2021-12-12,QUIM BREAD,4.0,1.0
2021-12-12,SEIGLE,1.0,1.8
2021-12-12,SPECIAL BREAD,10.0,2.4
2021-12-12,TARTELETTE,12.0,2.0
2021-12-12,TRADITIONAL BAGUETTE,139.0,1.2
2021-12-13,BAGUETTE,19.0,0.9
2021-12-13,BANETTE,25.0,1.05
2021-12-13,BANETTINE,4.0,0.6
2021-12-13,BOISSON 33CL,2.0,1.5
2021-12-13,BOULE 200G,2.0,1.1
2021-12-13,BOULE 400G,3.0,1.5
2021-12-13,CAFE OU EAU,3.0,1.0
2021-12-13,CAMPAGNE,3.0,1.8
2021-12-13,CEREAL BAGUETTE,8.0,1.25
2021-12-13,CHAUSSON AUX POMMES,2.0,1.4
2021-12-13,COMPLET,5.0,1.5
2021-12-13,COOKIE,3.0,1.0
2021-12-13,COUPE,18.0,0.15
2021-12-13,CROISSANT,13.0,1.1
2021-12-13,CROISSANT AMANDES,3.0,1.4
2021-12-13,DEMI BAGUETTE,1.0,0.45
2021-12-13,ECLAIR,2.0,2.0
2021-12-13,FICELLE,4.0,0.6
2021-12-13,FINANCIER X5,1.0,3.0
2021-12-13,FORMULE SANDWICH,10.0,6.5
2021-12-13,KOUIGN AMANN,1.0,2.1
2021-12-13,MOISSON,5.0,2.0
2021-12-13,PAIN,5.0,1.15
2021-12-13,PAIN AU CHOCOLAT,11.0,1.2
2021-12-13,PAIN AUX RAISINS,4.0,1.4
2021-12-13,PAIN BANETTE,2.0,1.4
2021-12-13,PAIN CHOCO AMANDES,3.0,1.5
2021-12-13,QUIM BREAD,1.0,1.0
2021-12-13,SAND JB EMMENTAL,5.0,3.5
2021-12-13,SANDWICH COMPLET,11.0,4.5
2021-12-13,SEIGLE,1.0,1.8
2021-12-13,SPECIAL BREAD,4.0,2.4
2021-12-13,TARTELETTE,4.0,2.0
2021-12-13,TRADITIONAL BAGUETTE,82.0,1.2
2021-12-14,BAGUETTE,18.0,0.9
2021-12-14,BANETTE,15.0,1.05
2021-12-14,BANETTINE,6.0,0.6
2021-12-14,BOISSON 33CL,2.0,1.5
2021-12-14,BOULE 200G,1.0,1.1
2021-12-14,BOULE 400G,6.0,1.5
2021-12-14,BRIOCHE,2.0,5.0
2021-12-14,CAFE OU EAU,9.0,1.0
2021-12-14,CAMPAGNE,4.0,1.8
2021-12-14,CEREAL BAGUETTE,9.0,1.25
2021-12-14,CHAUSSON AUX POMMES,2.0,1.4
2021-12-14,COMPLET,1.0,1.5
2021-12-14,COOKIE,4.0,1.0
2021-12-14,COUPE,17.0,0.15
2021-12-14,CROISSANT,27.0,1.1
2021-12-14,CROISSANT AMANDES,4.0,1.3999999999999997
2021-12-14,ECLAIR,1.0,2.0
2021-12-14,FICELLE,2.0,0.6
2021-12-14,FORMULE SANDWICH,10.0,6.5
2021-12-14,KOUIGN AMANN,2.0,2.1
2021-12-14,MOISSON,4.0,2.0
2021-12-14,PAIN,4.0,1.15
2021-12-14,PAIN AU CHOCOLAT,18.0,1.2
2021-12-14,PAIN AUX RAISINS,2.0,1.4
2021-12-14,PAIN BANETTE,3.0,1.4
2021-12-14,PAIN CHOCO AMANDES,1.0,1.5
2021-12-14,QUIM BREAD,2.0,1.0
2021-12-14,SAND JB EMMENTAL,2.0,3.5
2021-12-14,SANDWICH COMPLET,2.0,4.5
2021-12-14,SEIGLE,1.0,1.8
2021-12-14,SPECIAL BREAD,6.0,2.4
2021-12-14,TARTELETTE,6.0,2.0
2021-12-14,TRADITIONAL BAGUETTE,78.0,1.2
2021-12-16,BAGUETTE,19.0,0.9
2021-12-16,BANETTE,14.0,1.05
2021-12-16,BANETTINE,6.0,0.6
2021-12-16,BOISSON 33CL,3.0,1.5
2021-12-16,BOULE 200G,3.0,1.1
2021-12-16,BOULE 400G,1.0,1.5
2021-12-16,BRIOCHE,1.0,5.0
2021-12-16,CAFE OU EAU,2.0,1.0
2021-12-16,CAMPAGNE,5.0,1.8
2021-12-16,CEREAL BAGUETTE,5.0,1.25
2021-12-16,CHAUSSON AUX POMMES,4.0,1.4
2021-12-16,COMPLET,3.0,1.5
2021-12-16,COOKIE,5.0,1.0
2021-12-16,COUPE,21.0,0.15
2021-12-16,CROISSANT,24.0,1.1
2021-12-16,CROISSANT AMANDES,5.0,1.4
2021-12-16,DEMI BAGUETTE,1.0,0.45
2021-12-16,FICELLE,3.0,0.6
2021-12-16,FORMULE SANDWICH,7.0,6.5
2021-12-16,KOUIGN AMANN,3.0,2.1
2021-12-16,MOISSON,4.0,2.0
2021-12-16,PAIN,5.0,1.15
2021-12-16,PAIN AU CHOCOLAT,17.0,1.2
2021-12-16,PAIN AUX RAISINS,3.0,1.3999999999999997
2021-12-16,PAIN BANETTE,3.0,1.4
2021-12-16,PAIN CHOCO AMANDES,4.0,1.5
2021-12-16,QUIM BREAD,4.0,1.0
2021-12-16,SAND JB EMMENTAL,6.0,3.5
2021-12-16,SANDWICH COMPLET,12.0,4.5
2021-12-16,SPECIAL BREAD,8.0,2.4
2021-12-16,TARTELETTE,9.0,2.0
2021-12-16,TRADITIONAL BAGUETTE,81.0,1.2
2021-12-17,BAGUETTE,30.0,0.8999999999999999
2021-12-17,BANETTE,26.0,1.05
2021-12-17,BANETTINE,5.0,0.6
2021-12-17,BOISSON 33CL,3.0,1.5
2021-12-17,BOULE 200G,2.0,1.1
2021-12-17,BOULE 400G,6.0,1.5
2021-12-17,CAFE OU EAU,1.0,1.0
2021-12-17,CAMPAGNE,5.0,1.8
2021-12-17,CEREAL BAGUETTE,3.0,1.25
2021-12-17,CHAUSSON AUX POMMES,7.0,1.4
2021-12-17,COMPLET,5.0,1.5
2021-12-17,COOKIE,3.0,1.0
2021-12-17,COUPE,30.0,0.15
2021-12-17,CROISSANT,42.0,1.1
2021-12-17,CROISSANT AMANDES,6.0,1.3999999999999997
2021-12-17,DEMI BAGUETTE,1.0,0.45
2021-12-17,ECLAIR,4.0,2.0
2021-12-17,FICELLE,2.0,0.6
2021-12-17,FINANCIER X5,3.0,3.0
2021-12-17,FORMULE SANDWICH,9.0,6.5
2021-12-17,MOISSON,5.0,2.0
2021-12-17,PAIN,4.0,1.15
2021-12-17,PAIN AU CHOCOLAT,43.0,1.2
2021-12-17,PAIN AUX RAISINS,4.0,1.3999999999999997
2021-12-17,PAIN BANETTE,4.0,1.4
2021-12-17,PAIN CHOCO AMANDES,2.0,1.5
2021-12-17,QUIM BREAD,7.0,1.0
2021-12-17,SAND JB EMMENTAL,2.0,3.5
2021-12-17,SANDWICH COMPLET,4.0,4.5
2021-12-17,SEIGLE,2.0,1.8
2021-12-17,SPECIAL BREAD,7.0,2.4
2021-12-17,TARTELETTE,3.0,2.0
2021-12-17,TRADITIONAL BAGUETTE,95.0,1.2
2021-12-18,BAGUETTE,36.0,0.9
2021-12-18,BANETTE,24.0,1.05
2021-12-18,BANETTINE,6.0,0.6
2021-12-18,BOISSON 33CL,1.0,1.5
2021-12-18,BOULE 400G,4.0,1.5
2021-12-18,BRIOCHE,2.0,5.0
2021-12-18,CAFE OU EAU,3.0,1.0
2021-12-18,CAMPAGNE,5.0,1.8
2021-12-18,CEREAL BAGUETTE,3.0,1.25
2021-12-18,CHAUSSON AUX POMMES,1.0,1.4
2021-12-18,COMPLET,7.0,1.5
2021-12-18,COOKIE,8.0,1.0
2021-12-18,COUPE,26.0,0.15
2021-12-18,CROISSANT,36.0,1.1
2021-12-18,CROISSANT AMANDES,3.0,1.4
2021-12-18,ECLAIR,4.0,2.0
2021-12-18,FICELLE,4.0,0.6
2021-12-18,FINANCIER X5,7.0,3.0
2021-12-18,MOISSON,4.0,2.0
2021-12-18,PAIN,3.0,1.15
2021-12-18,PAIN AU CHOCOLAT,28.0,1.2
2021-12-18,PAIN AUX RAISINS,2.0,1.4
2021-12-18,PAIN BANETTE,5.0,1.4
2021-12-18,PAIN CHOCO AMANDES,3.0,1.5
2021-12-18,QUIM BREAD,5.0,1.0
2021-12-18,SANDWICH COMPLET,1.0,4.5
2021-12-18,SEIGLE,2.0,1.8
2021-12-18,SPECIAL BREAD,8.0,2.4
2021-12-18,TARTELETTE,4.0,2.0
2021-12-18,TRADITIONAL BAGUETTE,127.0,1.2
2021-12-19,BAGUETTE,35.0,0.9000000000000001
2021-12-19,BANETTE,31.0,1.05
2021-12-19,BANETTINE,4.0,0.6
2021-12-19,BOULE 200G,4.0,1.1
2021-12-19,BOULE 400G,4.0,1.5
2021-12-19,BRIOCHE,2.0,5.0
2021-12-19,CAMPAGNE,5.0,1.8
2021-12-19,CEREAL BAGUETTE,20.0,1.25
2021-12-19,CHAUSSON AUX POMMES,2.0,1.4
2021-12-19,COMPLET,4.0,1.5
2021-12-19,COOKIE,2.0,1.0
2021-12-19,COUPE,28.0,0.15
2021-12-19,CROISSANT,75.0,1.1
2021-12-19,CROISSANT AMANDES,2.0,1.4
2021-12-19,ECLAIR,8.0,2.0
2021-12-19,FICELLE,5.0,0.6
2021-12-19,FORMULE SANDWICH,1.0,6.5
2021-12-19,KOUIGN AMANN,3.0,2.1
2021-12-19,MOISSON,5.0,2.0
2021-12-19,PAIN,5.0,1.15
2021-12-19,PAIN AU CHOCOLAT,62.0,1.2
2021-12-19,PAIN AUX RAISINS,5.0,1.4
2021-12-19,PAIN BANETTE,4.0,1.3999999999999997
2021-12-19,PAIN CHOCO AMANDES,2.0,1.5
2021-12-19,QUIM BREAD,6.0,1.0
2021-12-19,SEIGLE,2.0,1.8
2021-12-19,SPECIAL BREAD,9.0,2.4
2021-12-19,TARTELETTE,12.0,2.0
2021-12-19,TRADITIONAL BAGUETTE,186.0,1.2
2021-12-20,BAGUETTE,26.0,0.9
2021-12-20,BANETTE,26.0,1.05
2021-12-20,BANETTINE,6.0,0.6
2021-12-20,BOISSON 33CL,5.0,1.5
2021-12-20,BOULE 400G,8.0,1.5
2021-12-20,BRIOCHE,2.0,5.0
2021-12-20,CAFE OU EAU,2.0,1.0
2021-12-20,CAMPAGNE,3.0,1.8
2021-12-20,CEREAL BAGUETTE,14.0,1.25
2021-12-20,COMPLET,2.0,1.5
2021-12-20,COOKIE,3.0,1.0
2021-12-20,COUPE,26.0,0.15
2021-12-20,CROISSANT,35.0,1.1
2021-12-20,CROISSANT AMANDES,2.0,1.4
2021-12-20,DEMI BAGUETTE,1.0,0.45
2021-12-20,ECLAIR,6.0,2.0
2021-12-20,FICELLE,3.0,0.6
2021-12-20,FINANCIER X5,1.0,3.0
2021-12-20,FORMULE SANDWICH,2.0,6.5
2021-12-20,KOUIGN AMANN,6.0,2.1
2021-12-20,MOISSON,4.0,2.0
2021-12-20,PAIN,6.0,1.15
2021-12-20,PAIN AU CHOCOLAT,34.0,1.2
2021-12-20,PAIN AUX RAISINS,5.0,1.3999999999999997
2021-12-20,PAIN BANETTE,5.0,1.3999999999999997
2021-12-20,PAIN CHOCO AMANDES,1.0,1.5
2021-12-20,QUIM BREAD,3.0,1.0
2021-12-20,SAND JB EMMENTAL,2.0,3.5
2021-12-20,SANDWICH COMPLET,5.0,4.5
2021-12-20,SEIGLE,2.0,1.8
2021-12-20,SPECIAL BREAD,12.0,2.4
2021-12-20,TARTELETTE,3.0,2.0
2021-12-20,TRADITIONAL BAGUETTE,111.0,1.2
2021-12-21,BAGUETTE,27.0,0.9
2021-12-21,BANETTE,29.0,1.05
2021-12-21,BANETTINE,4.0,0.6
2021-12-21,BOISSON 33CL,6.0,1.5
2021-12-21,BOULE 200G,1.0,1.1
2021-12-21,BOULE 400G,5.0,1.5
2021-12-21,BRIOCHE,3.0,5.0
2021-12-21,CAFE OU EAU,9.0,1.0
2021-12-21,CAMPAGNE,5.0,1.8
2021-12-21,CEREAL BAGUETTE,11.0,1.25
2021-12-21,CHAUSSON AUX POMMES,4.0,1.3999999999999997
2021-12-21,COMPLET,5.0,1.5
2021-12-21,COOKIE,10.0,1.0
2021-12-21,COUPE,27.0,0.15
2021-12-21,CROISSANT,35.0,1.1
2021-12-21,CROISSANT AMANDES,8.0,1.4
2021-12-21,DEMI BAGUETTE,2.0,0.45
2021-12-21,ECLAIR,2.0,2.0
2021-12-21,FICELLE,5.0,0.6
2021-12-21,FINANCIER X5,3.0,3.0
2021-12-21,FORMULE SANDWICH,4.0,6.5
2021-12-21,KOUIGN AMANN,1.0,2.1
2021-12-21,MOISSON,6.0,2.0
2021-12-21,PAIN,5.0,1.15
2021-12-21,PAIN AU CHOCOLAT,33.0,1.2
2021-12-21,PAIN AUX RAISINS,5.0,1.4
2021-12-21,PAIN BANETTE,4.0,1.3999999999999997
2021-12-21,PAIN CHOCO AMANDES,4.0,1.5
2021-12-21,QUIM BREAD,2.0,1.0
2021-12-21,SAND JB EMMENTAL,4.0,3.5
2021-12-21,SANDWICH COMPLET,5.0,4.5
2021-12-21,SEIGLE,1.0,1.8
2021-12-21,SPECIAL BREAD,7.0,2.4
2021-12-21,TARTELETTE,6.0,2.0
2021-12-21,TRADITIONAL BAGUETTE,116.0,1.2
2021-12-22,BAGUETTE,18.0,0.9
2021-12-22,BANETTE,30.0,1.05
2021-12-22,BANETTINE,3.0,0.6
2021-12-22,BOISSON 33CL,1.0,1.5
2021-12-22,BOULE 200G,4.0,1.1
2021-12-22,BOULE 400G,3.0,1.5
2021-12-22,BRIOCHE,2.0,5.0
2021-12-22,CAFE OU EAU,5.0,1.0
2021-12-22,CAMPAGNE,5.0,1.8
2021-12-22,CEREAL BAGUETTE,20.0,1.25
2021-12-22,CHAUSSON AUX POMMES,2.0,1.4
2021-12-22,COMPLET,3.0,1.5
2021-12-22,COOKIE,8.0,1.0
2021-12-22,COUPE,27.0,0.15
2021-12-22,CROISSANT,15.0,1.1
2021-12-22,CROISSANT AMANDES,1.0,1.4
2021-12-22,DEMI BAGUETTE,2.0,0.45
2021-12-22,FICELLE,5.0,0.6
2021-12-22,FINANCIER X5,7.0,3.0
2021-12-22,FORMULE SANDWICH,9.0,6.5
2021-12-22,MOISSON,2.0,2.0
2021-12-22,PAIN,3.0,1.15
2021-12-22,PAIN AU CHOCOLAT,16.0,1.2
2021-12-22,PAIN AUX RAISINS,3.0,1.3999999999999997
2021-12-22,PAIN BANETTE,4.0,1.3999999999999997
2021-12-22,PAIN CHOCO AMANDES,1.0,1.5
2021-12-22,QUIM BREAD,1.0,1.0
2021-12-22,SAND JB EMMENTAL,1.0,3.5
2021-12-22,SANDWICH COMPLET,2.0,4.5
2021-12-22,SEIGLE,2.0,1.8
2021-12-22,SPECIAL BREAD,8.0,2.4
2021-12-22,TARTELETTE,2.0,2.0
2021-12-22,TRADITIONAL BAGUETTE,121.0,1.2
2021-12-23,BAGUETTE,29.0,0.9
2021-12-23,BANETTE,25.0,1.05
2021-12-23,BANETTINE,5.0,0.6
2021-12-23,BOULE 200G,2.0,1.1
2021-12-23,BOULE 400G,3.0,1.5
2021-12-23,BRIOCHE,3.0,5.0
2021-12-23,CAFE OU EAU,5.0,1.0
2021-12-23,CAMPAGNE,7.0,1.8
2021-12-23,CEREAL BAGUETTE,18.0,1.25
2021-12-23,CHAUSSON AUX POMMES,1.0,1.4
2021-12-23,COMPLET,6.0,1.5
2021-12-23,COOKIE,10.0,1.0
2021-12-23,COUPE,29.0,0.15
2021-12-23,CROISSANT,32.0,1.1
2021-12-23,CROISSANT AMANDES,3.0,1.3999999999999997
2021-12-23,ECLAIR,6.0,2.0
2021-12-23,FICELLE,5.0,0.6
2021-12-23,FINANCIER X5,4.0,3.0
2021-12-23,FORMULE SANDWICH,9.0,6.5
2021-12-23,KOUIGN AMANN,1.0,2.1
2021-12-23,MOISSON,2.0,2.0
2021-12-23,PAIN,4.0,1.15
2021-12-23,PAIN AU CHOCOLAT,29.0,1.2
2021-12-23,PAIN AUX RAISINS,4.0,1.4
2021-12-23,PAIN BANETTE,2.0,1.4
2021-12-23,PAIN CHOCO AMANDES,3.0,1.5
2021-12-23,SANDWICH COMPLET,1.0,4.5
2021-12-23,SEIGLE,1.0,1.8
2021-12-23,SPECIAL BREAD,12.0,2.4
2021-12-23,TARTELETTE,4.0,2.0
2021-12-23,TRADITIONAL BAGUETTE,139.0,1.2
2021-12-24,BAGUETTE,36.0,0.9000000000000001
2021-12-24,BANETTE,42.0,1.05
2021-12-24,BANETTINE,6.0,0.6
2021-12-24,BOISSON 33CL,1.0,1.5
2021-12-24,BOULE 200G,6.0,1.1
2021-12-24,BOULE 400G,19.0,1.5
2021-12-24,BRIOCHE,2.0,5.0
2021-12-24,CAFE OU EAU,3.0,1.0
2021-12-24,CAMPAGNE,23.0,1.7999999999999998
2021-12-24,CEREAL BAGUETTE,16.0,1.25
2021-12-24,CHAUSSON AUX POMMES,2.0,1.4
2021-12-24,COMPLET,10.0,1.5
2021-12-24,COOKIE,9.0,1.0
2021-12-24,COUPE,165.0,0.15
2021-12-24,CROISSANT,36.0,1.1
2021-12-24,DEMI BAGUETTE,2.0,0.45
2021-12-24,ECLAIR,3.0,2.0
2021-12-24,FICELLE,7.0,0.6
2021-12-24,FINANCIER X5,3.0,3.0
2021-12-24,FORMULE SANDWICH,4.0,6.5
2021-12-24,KOUIGN AMANN,3.0,2.1
2021-12-24,MOISSON,21.0,2.0
2021-12-24,PAIN,6.0,1.15
2021-12-24,PAIN AU CHOCOLAT,37.0,1.2
2021-12-24,PAIN AUX RAISINS,4.0,1.4
2021-12-24,PAIN BANETTE,4.0,1.4
2021-12-24,QUIM BREAD,6.0,1.0
2021-12-24,SAND JB EMMENTAL,1.0,3.5
2021-12-24,SANDWICH COMPLET,2.0,4.5
2021-12-24,SEIGLE,16.0,1.8
2021-12-24,SPECIAL BREAD,18.0,2.4
2021-12-24,TARTELETTE,17.0,2.0
2021-12-24,TRADITIONAL BAGUETTE,333.0,1.2
2021-12-25,BAGUETTE,32.0,0.9000000000000001
2021-12-25,BANETTE,30.0,1.05
2021-12-25,BANETTINE,4.0,0.6
2021-12-25,BOISSON 33CL,5.0,1.5
2021-12-25,BOULE 200G,4.0,1.1
2021-12-25,BOULE 400G,12.0,1.5
2021-12-25,BRIOCHE,2.0,5.0
2021-12-25,CAMPAGNE,5.0,1.8
2021-12-25,CEREAL BAGUETTE,8.0,1.25
2021-12-25,CHAUSSON AUX POMMES,2.0,1.4
2021-12-25,COMPLET,7.0,1.5
2021-12-25,COOKIE,4.0,1.0
2021-12-25,COUPE,65.0,0.15
2021-12-25,CROISSANT,72.0,1.1
2021-12-25,CROISSANT AMANDES,1.0,1.4
2021-12-25,DEMI BAGUETTE,2.0,0.45
2021-12-25,FICELLE,6.0,0.6
2021-12-25,FINANCIER X5,2.0,3.0
2021-12-25,KOUIGN AMANN,5.0,2.1
2021-12-25,PAIN,2.0,1.15
2021-12-25,PAIN AU CHOCOLAT,61.0,1.2
2021-12-25,PAIN AUX RAISINS,5.0,1.4
2021-12-25,PAIN BANETTE,1.0,1.4
2021-12-25,PAIN CHOCO AMANDES,1.0,1.5
2021-12-25,QUIM BREAD,5.0,1.0
2021-12-25,SEIGLE,4.0,1.8
2021-12-25,SPECIAL BREAD,9.0,2.4
2021-12-25,TRADITIONAL BAGUETTE,225.0,1.2
2021-12-26,BAGUETTE,32.0,0.9
2021-12-26,BANETTE,34.0,1.05
2021-12-26,BANETTINE,4.0,0.6
2021-12-26,BOISSON 33CL,3.0,1.5
2021-12-26,BOULE 200G,6.0,1.1
2021-12-26,BOULE 400G,42.0,1.5
2021-12-26,BRIOCHE,4.0,5.0
2021-12-26,CAMPAGNE,15.0,1.8
2021-12-26,CEREAL BAGUETTE,20.0,1.25
2021-12-26,CHAUSSON AUX POMMES,2.0,1.4
2021-12-26,COOKIE,10.0,1.0
2021-12-26,COUPE,63.0,0.15
2021-12-26,CROISSANT,66.0,1.1
2021-12-26,CROISSANT AMANDES,1.0,1.4
2021-12-26,ECLAIR,10.0,2.0
2021-12-26,FICELLE,6.0,0.6
2021-12-26,FINANCIER X5,1.0,3.0
2021-12-26,KOUIGN AMANN,2.0,2.1
2021-12-26,MOISSON,1.0,2.0
2021-12-26,PAIN,2.0,1.15
2021-12-26,PAIN AU CHOCOLAT,59.0,1.2
2021-12-26,PAIN AUX RAISINS,3.0,1.3999999999999997
2021-12-26,PAIN BANETTE,4.0,1.4
2021-12-26,QUIM BREAD,5.0,1.0
2021-12-26,SPECIAL BREAD,12.0,2.4
2021-12-26,TARTELETTE,3.0,2.0
2021-12-26,TRADITIONAL BAGUETTE,245.0,1.2
2021-12-27,BAGUETTE,36.0,0.9
2021-12-27,BANETTE,33.0,1.05
2021-12-27,BANETTINE,3.0,0.6
2021-12-27,BOULE 200G,3.0,1.1
2021-12-27,BOULE 400G,6.0,1.5
2021-12-27,BRIOCHE,3.0,5.0
2021-12-27,CAMPAGNE,4.0,1.8
2021-12-27,CEREAL BAGUETTE,19.0,1.25
2021-12-27,CHAUSSON AUX POMMES,3.0,1.3999999999999997
2021-12-27,COMPLET,5.0,1.5
2021-12-27,COOKIE,1.0,1.0
2021-12-27,COUPE,31.0,0.15
2021-12-27,CROISSANT,25.0,1.1
2021-12-27,DEMI BAGUETTE,3.0,0.45
2021-12-27,ECLAIR,1.0,2.0
2021-12-27,FICELLE,4.0,0.6
2021-12-27,FORMULE SANDWICH,3.0,6.5
2021-12-27,KOUIGN AMANN,3.0,2.1
2021-12-27,MOISSON,5.0,2.0
2021-12-27,PAIN,5.0,1.15
2021-12-27,PAIN AU CHOCOLAT,37.0,1.2
2021-12-27,PAIN AUX RAISINS,5.0,1.3999999999999997
2021-12-27,PAIN BANETTE,3.0,1.3999999999999997
2021-12-27,PAIN CHOCO AMANDES,3.0,1.5
2021-12-27,QUIM BREAD,3.0,1.0
2021-12-27,SAND JB EMMENTAL,1.0,3.5
2021-12-27,SEIGLE,5.0,1.8
2021-12-27,SPECIAL BREAD,11.0,2.4
2021-12-27,TARTELETTE,1.0,2.0
2021-12-27,TRADITIONAL BAGUETTE,201.0,1.2
2021-12-28,BAGUETTE,41.0,0.9
2021-12-28,BANETTE,43.0,1.05
2021-12-28,BANETTINE,5.0,0.6
2021-12-28,BOULE 400G,5.0,1.5
2021-12-28,BRIOCHE,3.0,5.0
2021-12-28,CAFE OU EAU,5.0,1.0
2021-12-28,CAMPAGNE,9.0,1.8
2021-12-28,CEREAL BAGUETTE,17.0,1.25
2021-12-28,CHAUSSON AUX POMMES,6.0,1.4
2021-12-28,COMPLET,5.0,1.5
2021-12-28,COOKIE,7.0,1.0
2021-12-28,COUPE,38.0,0.15
2021-12-28,CROISSANT,36.0,1.1
2021-12-28,CROISSANT AMANDES,2.0,1.4
2021-12-28,DEMI BAGUETTE,1.0,0.45
2021-12-28,FICELLE,4.0,0.6
2021-12-28,FINANCIER X5,3.0,3.0
2021-12-28,FORMULE SANDWICH,4.0,6.5
2021-12-28,KOUIGN AMANN,4.0,2.1
2021-12-28,MOISSON,5.0,2.0
2021-12-28,PAIN,5.0,1.15
2021-12-28,PAIN AU CHOCOLAT,27.0,1.2
2021-12-28,PAIN AUX RAISINS,6.0,1.4
2021-12-28,PAIN BANETTE,5.0,1.4
2021-12-28,PAIN CHOCO AMANDES,5.0,1.5
2021-12-28,SAND JB EMMENTAL,2.0,3.5
2021-12-28,SANDWICH COMPLET,1.0,4.5
2021-12-28,SEIGLE,3.0,1.8
2021-12-28,SPECIAL BREAD,11.0,2.4
2021-12-28,TARTELETTE,5.0,2.0
2021-12-28,TRADITIONAL BAGUETTE,159.0,1.2
2021-12-29,BAGUETTE,35.0,0.9
2021-12-29,BANETTE,30.0,1.05
2021-12-29,BANETTINE,6.0,0.6
2021-12-29,BOISSON 33CL,1.0,1.5
2021-12-29,BOULE 400G,3.0,1.5
2021-12-29,BRIOCHE,4.0,5.0
2021-12-29,CAFE OU EAU,9.0,1.0
2021-12-29,CAMPAGNE,8.0,1.8
2021-12-29,CEREAL BAGUETTE,9.0,1.25
2021-12-29,CHAUSSON AUX POMMES,1.0,1.4
2021-12-29,COMPLET,3.0,1.5
2021-12-29,COOKIE,1.0,1.0
2021-12-29,COUPE,29.0,0.15
2021-12-29,CROISSANT,25.0,1.1
2021-12-29,CROISSANT AMANDES,2.0,1.4
2021-12-29,ECLAIR,5.0,2.0
2021-12-29,FICELLE,9.0,0.6
2021-12-29,FINANCIER X5,2.0,3.0
2021-12-29,FORMULE SANDWICH,6.0,6.5
2021-12-29,KOUIGN AMANN,1.0,2.1
2021-12-29,MOISSON,5.0,2.0
2021-12-29,PAIN,9.0,1.15
2021-12-29,PAIN AU CHOCOLAT,38.0,1.2
2021-12-29,PAIN AUX RAISINS,5.0,1.4
2021-12-29,PAIN BANETTE,1.0,1.4
2021-12-29,PAIN CHOCO AMANDES,4.0,1.5
2021-12-29,QUIM BREAD,4.0,1.0
2021-12-29,SAND JB EMMENTAL,1.0,3.5
2021-12-29,SANDWICH COMPLET,3.0,4.5
2021-12-29,SEIGLE,4.0,1.8
2021-12-29,SPECIAL BREAD,10.0,2.4
2021-12-29,TRADITIONAL BAGUETTE,145.0,1.2
2021-12-30,BAGUETTE,29.0,0.9
2021-12-30,BANETTE,26.0,1.05
2021-12-30,BANETTINE,6.0,0.6
2021-12-30,BOULE 200G,1.0,1.1
2021-12-30,BOULE 400G,2.0,1.5
2021-12-30,BRIOCHE,4.0,5.0
2021-12-30,CAFE OU EAU,4.0,1.0
2021-12-30,CAMPAGNE,8.0,1.8
2021-12-30,CEREAL BAGUETTE,13.0,1.25
2021-12-30,CHAUSSON AUX POMMES,3.0,1.4
2021-12-30,COMPLET,4.0,1.5
2021-12-30,COOKIE,7.0,1.0
2021-12-30,COUPE,29.0,0.15
2021-12-30,CROISSANT,29.0,1.1
2021-12-30,CROISSANT AMANDES,5.0,1.4
2021-12-30,ECLAIR,10.0,2.0
2021-12-30,FICELLE,4.0,0.6
2021-12-30,FINANCIER X5,4.0,3.0
2021-12-30,FORMULE SANDWICH,9.0,6.5
2021-12-30,KOUIGN AMANN,2.0,2.1
2021-12-30,MOISSON,3.0,2.0
2021-12-30,PAIN,5.0,1.15
2021-12-30,PAIN AU CHOCOLAT,22.0,1.2
2021-12-30,PAIN AUX RAISINS,6.0,1.4
2021-12-30,PAIN BANETTE,2.0,1.4
2021-12-30,PAIN CHOCO AMANDES,5.0,1.5
2021-12-30,QUIM BREAD,4.0,1.0
2021-12-30,SANDWICH COMPLET,7.0,4.5
2021-12-30,SEIGLE,2.0,1.8
2021-12-30,SPECIAL BREAD,10.0,2.4
2021-12-30,TARTELETTE,6.0,2.0
2021-12-30,TRADITIONAL BAGUETTE,179.0,1.2
2021-12-31,BAGUETTE,49.0,0.9
2021-12-31,BANETTE,41.0,1.05
2021-12-31,BANETTINE,6.0,0.6
2021-12-31,BOISSON 33CL,2.0,1.5
2021-12-31,BOULE 200G,6.0,1.1
2021-12-31,BOULE 400G,15.0,1.5
2021-12-31,BRIOCHE,6.0,5.0
2021-12-31,CAFE OU EAU,2.0,1.0
2021-12-31,CAMPAGNE,11.0,1.8
2021-12-31,CEREAL BAGUETTE,20.0,1.25
2021-12-31,CHAUSSON AUX POMMES,1.0,1.4
2021-12-31,COMPLET,7.0,1.5
2021-12-31,COOKIE,8.0,1.0
2021-12-31,COUPE,119.0,0.15
2021-12-31,CROISSANT,50.0,1.1
2021-12-31,CROISSANT AMANDES,5.0,1.4
2021-12-31,DEMI BAGUETTE,2.0,0.45
2021-12-31,ECLAIR,8.0,2.0
2021-12-31,FICELLE,5.0,0.6
2021-12-31,FINANCIER X5,3.0,3.0
2021-12-31,KOUIGN AMANN,12.0,2.1
2021-12-31,MOISSON,5.0,2.0
2021-12-31,PAIN,5.0,1.15
2021-12-31,PAIN AU CHOCOLAT,30.0,1.2
2021-12-31,PAIN AUX RAISINS,3.0,1.3999999999999997
2021-12-31,PAIN BANETTE,5.0,1.4
2021-12-31,PAIN CHOCO AMANDES,4.0,1.5
2021-12-31,QUIM BREAD,2.0,1.0
2021-12-31,SANDWICH COMPLET,1.0,4.5
2021-12-31,SEIGLE,16.0,1.8
2021-12-31,SPECIAL BREAD,16.0,2.4
2021-12-31,TARTELETTE,9.0,2.0
2021-12-31,TRADITIONAL BAGUETTE,251.0,1.2
2022-01-02,BAGUETTE,55.0,0.9000000000000001
2022-01-02,BANETTE,67.0,1.05
2022-01-02,BANETTINE,8.0,0.6
2022-01-02,BOISSON 33CL,3.0,1.5
2022-01-02,BOULE 200G,6.0,1.1
2022-01-02,BOULE 400G,12.0,1.5
2022-01-02,BRIOCHE,3.0,5.0
2022-01-02,CAFE OU EAU,1.0,1.0
2022-01-02,CAMPAGNE,11.0,1.8
2022-01-02,CEREAL BAGUETTE,16.0,1.25
2022-01-02,CHAUSSON AUX POMMES,5.0,1.3999999999999997
2022-01-02,COMPLET,6.0,1.5
2022-01-02,COOKIE,6.0,1.0
2022-01-02,COUPE,63.0,0.15
2022-01-02,CROISSANT,69.0,1.1
2022-01-02,CROISSANT AMANDES,6.0,1.4
2022-01-02,DEMI BAGUETTE,3.0,0.45
2022-01-02,ECLAIR,16.0,2.0
2022-01-02,FICELLE,5.0,0.6
2022-01-02,FINANCIER X5,3.0,3.0
2022-01-02,FORMULE SANDWICH,3.0,6.5
2022-01-02,KOUIGN AMANN,5.0,2.1
2022-01-02,MOISSON,6.0,2.0
2022-01-02,PAIN,7.0,1.15
2022-01-02,PAIN AU CHOCOLAT,71.0,1.2
2022-01-02,PAIN AUX RAISINS,6.0,1.4
2022-01-02,PAIN BANETTE,4.0,1.4
2022-01-02,PAIN CHOCO AMANDES,6.0,1.5
2022-01-02,QUIM BREAD,7.0,1.0
2022-01-02,SAND JB EMMENTAL,1.0,3.5
2022-01-02,SANDWICH COMPLET,3.0,4.5
2022-01-02,SEIGLE,7.0,1.8
2022-01-02,SPECIAL BREAD,14.0,2.4
2022-01-02,TRADITIONAL BAGUETTE,274.0,1.2
2022-01-03,BAGUETTE,15.0,0.9000000000000001
2022-01-03,BANETTE,14.0,1.05
2022-01-03,BANETTINE,3.0,0.6
2022-01-03,BOISSON 33CL,1.0,1.5
2022-01-03,BOULE 200G,3.0,1.1
2022-01-03,BOULE 400G,5.0,1.5
2022-01-03,BRIOCHE,1.0,5.0
2022-01-03,CAFE OU EAU,2.0,1.0
2022-01-03,CAMPAGNE,2.0,1.8
2022-01-03,CEREAL BAGUETTE,9.0,1.25
2022-01-03,CHAUSSON AUX POMMES,1.0,1.4
2022-01-03,COMPLET,7.0,1.5
2022-01-03,COOKIE,10.0,1.0
2022-01-03,COUPE,26.0,0.15
2022-01-03,CROISSANT,17.0,1.1
2022-01-03,CROISSANT AMANDES,2.0,1.4
2022-01-03,DEMI BAGUETTE,2.0,0.45
2022-01-03,ECLAIR,8.0,2.0
2022-01-03,FORMULE SANDWICH,10.0,6.5
2022-01-03,KOUIGN AMANN,1.0,2.1
2022-01-03,MOISSON,6.0,2.0
2022-01-03,PAIN,3.0,1.15
2022-01-03,PAIN AU CHOCOLAT,22.0,1.2
2022-01-03,PAIN AUX RAISINS,3.0,1.3999999999999997
2022-01-03,PAIN BANETTE,3.0,1.3999999999999997
2022-01-03,PAIN CHOCO AMANDES,1.0,1.5
2022-01-03,QUIM BREAD,5.0,1.0
2022-01-03,SAND JB EMMENTAL,3.0,3.5
2022-01-03,SANDWICH COMPLET,4.0,4.5
2022-01-03,SEIGLE,2.0,1.8
2022-01-03,SPECIAL BREAD,6.0,2.4
2022-01-03,TRADITIONAL BAGUETTE,127.0,1.2
2022-01-04,BAGUETTE,1.0,0.9
2022-01-04,BANETTE,2.0,1.05
2022-01-04,BOULE 400G,3.0,1.5
2022-01-04,CAMPAGNE,1.0,1.8
2022-01-04,CEREAL BAGUETTE,3.0,1.25
2022-01-04,COMPLET,1.0,1.5
2022-01-04,COOKIE,2.0,1.0
2022-01-04,COUPE,6.0,0.15
2022-01-04,CROISSANT,1.0,1.1
2022-01-04,ECLAIR,2.0,2.0
2022-01-04,FICELLE,2.0,0.6
2022-01-04,PAIN AU CHOCOLAT,6.0,1.2
2022-01-04,PAIN CHOCO AMANDES,1.0,1.5
2022-01-04,SPECIAL BREAD,2.0,2.4
2022-01-04,TRADITIONAL BAGUETTE,27.0,1.2
2022-01-06,BAGUETTE,23.0,0.9
2022-01-06,BANETTE,23.0,1.05
2022-01-06,BANETTINE,3.0,0.6
2022-01-06,BOISSON 33CL,1.0,1.5
2022-01-06,BOULE 400G,4.0,1.5
2022-01-06,BRIOCHE,2.0,5.0
2022-01-06,CAMPAGNE,5.0,1.8
2022-01-06,CEREAL BAGUETTE,4.0,1.25
2022-01-06,CHAUSSON AUX POMMES,4.0,1.3999999999999997
2022-01-06,COMPLET,5.0,1.5
2022-01-06,COOKIE,11.0,1.0
2022-01-06,COUPE,22.0,0.15
2022-01-06,CROISSANT,28.0,1.1
2022-01-06,CROISSANT AMANDES,5.0,1.4
2022-01-06,DEMI BAGUETTE,1.0,0.45
2022-01-06,ECLAIR,2.0,2.0
2022-01-06,FICELLE,3.0,0.6
2022-01-06,FINANCIER X5,5.0,3.0
2022-01-06,FORMULE SANDWICH,4.0,6.5
2022-01-06,MOISSON,3.0,2.0
2022-01-06,PAIN,3.0,1.15
2022-01-06,PAIN AU CHOCOLAT,23.0,1.2
2022-01-06,PAIN AUX RAISINS,4.0,1.4
2022-01-06,PAIN BANETTE,3.0,1.3999999999999997
2022-01-06,QUIM BREAD,3.0,1.0
2022-01-06,SAND JB EMMENTAL,2.0,3.5
2022-01-06,SANDWICH COMPLET,7.0,4.5
2022-01-06,SEIGLE,2.0,1.8
2022-01-06,SPECIAL BREAD,7.0,2.4
2022-01-06,TARTELETTE,7.0,2.0
2022-01-06,TRADITIONAL BAGUETTE,78.0,1.2
2022-01-07,BAGUETTE,14.0,0.9
2022-01-07,BANETTE,18.0,1.05
2022-01-07,BANETTINE,2.0,0.6
2022-01-07,BOISSON 33CL,2.0,1.5
2022-01-07,BOULE 200G,3.0,1.1
2022-01-07,BOULE 400G,6.0,1.5
2022-01-07,CAFE OU EAU,2.0,1.0
2022-01-07,CAMPAGNE,1.0,1.8
2022-01-07,CEREAL BAGUETTE,6.0,1.25
2022-01-07,CHAUSSON AUX POMMES,2.0,1.4
2022-01-07,COMPLET,3.0,1.5
2022-01-07,COOKIE,6.0,1.0
2022-01-07,COUPE,29.0,0.15
2022-01-07,CROISSANT,11.0,1.1
2022-01-07,DEMI BAGUETTE,2.0,0.45
2022-01-07,ECLAIR,2.0,2.0
2022-01-07,FICELLE,4.0,0.6
2022-01-07,FORMULE SANDWICH,5.0,6.5
2022-01-07,KOUIGN AMANN,2.0,2.1
2022-01-07,MOISSON,6.0,2.0
2022-01-07,PAIN,5.0,1.15
2022-01-07,PAIN AU CHOCOLAT,12.0,1.2
2022-01-07,PAIN AUX RAISINS,3.0,1.4
2022-01-07,PAIN CHOCO AMANDES,2.0,1.5
2022-01-07,QUIM BREAD,3.0,1.0
2022-01-07,SAND JB EMMENTAL,2.0,3.5
2022-01-07,SANDWICH COMPLET,5.0,4.5
2022-01-07,SPECIAL BREAD,4.0,2.4
2022-01-07,TARTELETTE,2.0,2.0
2022-01-07,TRADITIONAL BAGUETTE,88.0,1.2
2022-01-08,BAGUETTE,20.0,0.9
2022-01-08,BANETTE,20.0,1.05
2022-01-08,BANETTINE,3.0,0.6
2022-01-08,BOULE 200G,1.0,1.1
2022-01-08,BOULE 400G,6.0,1.5
2022-01-08,BRIOCHE,4.0,5.0
2022-01-08,CAMPAGNE,2.0,1.8
2022-01-08,CEREAL BAGUETTE,9.0,1.25
2022-01-08,CHAUSSON AUX POMMES,1.0,1.4
2022-01-08,COMPLET,4.0,1.5
2022-01-08,COOKIE,4.0,1.0
2022-01-08,COUPE,21.0,0.15
2022-01-08,CROISSANT,22.0,1.1
2022-01-08,DEMI BAGUETTE,3.0,0.45
2022-01-08,ECLAIR,1.0,2.0
2022-01-08,FICELLE,3.0,0.6
2022-01-08,FINANCIER X5,3.0,3.0
2022-01-08,FORMULE SANDWICH,1.0,6.5
2022-01-08,KOUIGN AMANN,3.0,2.1
2022-01-08,MOISSON,7.0,2.0
2022-01-08,PAIN AU CHOCOLAT,19.0,1.2
2022-01-08,PAIN AUX RAISINS,4.0,1.4
2022-01-08,PAIN BANETTE,4.0,1.3999999999999997
2022-01-08,PAIN CHOCO AMANDES,2.0,1.5
2022-01-08,QUIM BREAD,5.0,1.0
2022-01-08,SEIGLE,1.0,1.8
2022-01-08,SPECIAL BREAD,4.0,2.4
2022-01-08,TARTELETTE,8.0,2.0
2022-01-08,TRADITIONAL BAGUETTE,84.0,1.2
2022-01-09,BAGUETTE,27.0,0.9
2022-01-09,BANETTE,33.0,1.05
2022-01-09,BANETTINE,6.0,0.6
2022-01-09,BOISSON 33CL,2.0,1.5
2022-01-09,BOULE 200G,4.0,1.1
2022-01-09,BOULE 400G,8.0,1.5
2022-01-09,BRIOCHE,2.0,5.0
2022-01-09,CAMPAGNE,1.0,1.8
2022-01-09,CEREAL BAGUETTE,5.0,1.25
2022-01-09,COMPLET,5.0,1.5
2022-01-09,COOKIE,2.0,1.0
2022-01-09,COUPE,30.0,0.15
2022-01-09,CROISSANT,56.0,1.1
2022-01-09,DEMI BAGUETTE,4.0,0.45
2022-01-09,ECLAIR,5.0,2.0
2022-01-09,FICELLE,4.0,0.6
2022-01-09,FINANCIER X5,3.0,3.0
2022-01-09,MOISSON,5.0,2.0
2022-01-09,PAIN,3.0,1.15
2022-01-09,PAIN AU CHOCOLAT,33.0,1.2
2022-01-09,PAIN AUX RAISINS,2.0,1.4
2022-01-09,PAIN BANETTE,4.0,1.4
2022-01-09,PAIN CHOCO AMANDES,3.0,1.5
2022-01-09,QUIM BREAD,2.0,1.0
2022-01-09,SEIGLE,2.0,1.8
2022-01-09,SPECIAL BREAD,5.0,2.4
2022-01-09,TRADITIONAL BAGUETTE,170.0,1.2
2022-01-10,BAGUETTE,23.0,0.9
2022-01-10,BANETTE,18.0,1.05
2022-01-10,BANETTINE,5.0,0.6
2022-01-10,BOISSON 33CL,4.0,1.5
2022-01-10,BOULE 200G,3.0,1.1
2022-01-10,BOULE 400G,1.0,1.5
2022-01-10,CAFE OU EAU,4.0,1.0
2022-01-10,CAMPAGNE,1.0,1.8
2022-01-10,CEREAL BAGUETTE,4.0,1.25
2022-01-10,COMPLET,5.0,1.5
2022-01-10,COOKIE,2.0,1.0
2022-01-10,COUPE,19.0,0.15
2022-01-10,CROISSANT,11.0,1.1
2022-01-10,DEMI BAGUETTE,1.0,0.45
2022-01-10,ECLAIR,3.0,2.0
2022-01-10,FICELLE,1.0,0.6
2022-01-10,FORMULE SANDWICH,10.0,6.5
2022-01-10,KOUIGN AMANN,2.0,2.1
2022-01-10,MOISSON,4.0,2.0
2022-01-10,PAIN,2.0,1.15
2022-01-10,PAIN AU CHOCOLAT,14.0,1.2
2022-01-10,PAIN AUX RAISINS,1.0,1.4
2022-01-10,PAIN BANETTE,1.0,1.4
2022-01-10,PAIN CHOCO AMANDES,1.0,1.5
2022-01-10,SAND JB EMMENTAL,3.0,3.5
2022-01-10,SANDWICH COMPLET,7.0,4.5
2022-01-10,SEIGLE,1.0,1.8
2022-01-10,SPECIAL BREAD,4.0,2.4
2022-01-10,TRADITIONAL BAGUETTE,86.0,1.2
2022-01-11,BAGUETTE,16.0,0.9
2022-01-11,BANETTE,17.0,1.05
2022-01-11,BANETTINE,7.0,0.6
2022-01-11,BOULE 200G,3.0,1.1
2022-01-11,BOULE 400G,6.0,1.5
2022-01-11,CAFE OU EAU,7.0,1.0
2022-01-11,CAMPAGNE,2.0,1.8
2022-01-11,CEREAL BAGUETTE,3.0,1.25
2022-01-11,COMPLET,5.0,1.5
2022-01-11,COOKIE,8.0,1.0
2022-01-11,COUPE,23.0,0.15
2022-01-11,CROISSANT,17.0,1.1
2022-01-11,CROISSANT AMANDES,2.0,1.4
2022-01-11,ECLAIR,4.0,2.0
2022-01-11,FICELLE,4.0,0.6
2022-01-11,FORMULE SANDWICH,11.0,6.5
2022-01-11,KOUIGN AMANN,1.0,2.1
2022-01-11,MOISSON,6.0,2.0
2022-01-11,PAIN,4.0,1.15
2022-01-11,PAIN AU CHOCOLAT,17.0,1.2
2022-01-11,PAIN AUX RAISINS,1.0,1.4
2022-01-11,PAIN BANETTE,4.0,1.3999999999999997
2022-01-11,PAIN CHOCO AMANDES,1.0,1.5
2022-01-11,QUIM BREAD,2.0,1.0
2022-01-11,SAND JB EMMENTAL,1.0,3.5
2022-01-11,SANDWICH COMPLET,1.0,4.5
2022-01-11,SEIGLE,2.0,1.8
2022-01-11,SPECIAL BREAD,9.0,2.4
2022-01-11,TARTELETTE,5.0,2.0
2022-01-11,TRADITIONAL BAGUETTE,72.0,1.2
2022-01-13,BAGUETTE,15.0,0.9000000000000001
2022-01-13,BANETTE,22.0,1.05
2022-01-13,BANETTINE,3.0,0.6
2022-01-13,BOULE 200G,2.0,1.1
2022-01-13,BOULE 400G,2.0,1.5
2022-01-13,CAMPAGNE,4.0,1.8
2022-01-13,CEREAL BAGUETTE,10.0,1.25
2022-01-13,COMPLET,3.0,1.5
2022-01-13,COOKIE,6.0,1.0
2022-01-13,COUPE,11.0,0.15
2022-01-13,CROISSANT,20.0,1.1
2022-01-13,CROISSANT AMANDES,3.0,1.3999999999999997
2022-01-13,DEMI BAGUETTE,2.0,0.45
2022-01-13,FICELLE,3.0,0.6
2022-01-13,FINANCIER X5,1.0,3.0
2022-01-13,FORMULE SANDWICH,5.0,6.5
2022-01-13,PAIN,2.0,1.15
2022-01-13,PAIN AU CHOCOLAT,7.0,1.2
2022-01-13,PAIN AUX RAISINS,4.0,1.3999999999999997
2022-01-13,PAIN BANETTE,2.0,1.4
2022-01-13,SAND JB EMMENTAL,6.0,3.5
2022-01-13,SANDWICH COMPLET,10.0,4.5
2022-01-13,SEIGLE,1.0,1.8
2022-01-13,SPECIAL BREAD,2.0,2.4
2022-01-13,TARTELETTE,1.0,2.0
2022-01-13,TRADITIONAL BAGUETTE,68.0,1.2
2022-01-14,BAGUETTE,19.0,0.9
2022-01-14,BANETTE,15.0,1.05
2022-01-14,BANETTINE,2.0,0.6
2022-01-14,BOISSON 33CL,3.0,1.5
2022-01-14,BOULE 200G,4.0,1.1
2022-01-14,BOULE 400G,2.0,1.5
2022-01-14,BRIOCHE,1.0,5.0
2022-01-14,CAFE OU EAU,2.0,1.0
2022-01-14,CEREAL BAGUETTE,8.0,1.25
2022-01-14,COMPLET,5.0,1.5
2022-01-14,COOKIE,5.0,1.0
2022-01-14,COUPE,18.0,0.15
2022-01-14,CROISSANT,27.0,1.1
2022-01-14,CROISSANT AMANDES,2.0,1.4
2022-01-14,DEMI BAGUETTE,1.0,0.45
2022-01-14,ECLAIR,2.0,2.0
2022-01-14,FICELLE,1.0,0.6
2022-01-14,FINANCIER X5,2.0,3.0
2022-01-14,FORMULE SANDWICH,2.0,6.5
2022-01-14,MOISSON,5.0,2.0
2022-01-14,PAIN,4.0,1.15
2022-01-14,PAIN AU CHOCOLAT,19.0,1.2
2022-01-14,PAIN AUX RAISINS,4.0,1.4
2022-01-14,PAIN BANETTE,3.0,1.3999999999999997
2022-01-14,PAIN CHOCO AMANDES,3.0,1.5
2022-01-14,SAND JB EMMENTAL,6.0,3.5
2022-01-14,SANDWICH COMPLET,6.0,4.5
2022-01-14,SEIGLE,2.0,1.8
2022-01-14,SPECIAL BREAD,4.0,2.4
2022-01-14,TARTELETTE,5.0,2.0
2022-01-14,TRADITIONAL BAGUETTE,85.0,1.2
2022-01-15,BAGUETTE,27.0,0.9
2022-01-15,BANETTE,16.0,1.05
2022-01-15,BANETTINE,2.0,0.6
2022-01-15,BOISSON 33CL,3.0,1.5
2022-01-15,BOULE 200G,2.0,1.1
2022-01-15,BOULE 400G,5.0,1.5
2022-01-15,BRIOCHE,1.0,5.0
2022-01-15,CAFE OU EAU,6.0,1.0
2022-01-15,CAMPAGNE,2.0,1.8
2022-01-15,CEREAL BAGUETTE,3.0,1.25
2022-01-15,COMPLET,1.0,1.5
2022-01-15,COOKIE,4.0,1.0
2022-01-15,COUPE,17.0,0.15
2022-01-15,CROISSANT,26.0,1.1
2022-01-15,CROISSANT AMANDES,1.0,1.4
2022-01-15,DEMI BAGUETTE,1.0,0.45
2022-01-15,ECLAIR,6.0,2.0
2022-01-15,FICELLE,1.0,0.6
2022-01-15,FINANCIER X5,1.0,3.0
2022-01-15,FORMULE SANDWICH,1.0,6.5
2022-01-15,PAIN,2.0,1.15
2022-01-15,PAIN AU CHOCOLAT,22.0,1.2
2022-01-15,PAIN AUX RAISINS,3.0,1.4
2022-01-15,PAIN BANETTE,2.0,1.4
2022-01-15,PAIN CHOCO AMANDES,2.0,1.5
2022-01-15,QUIM BREAD,3.0,1.0
2022-01-15,SAND JB EMMENTAL,3.0,3.5
2022-01-15,SANDWICH COMPLET,1.0,4.5
2022-01-15,SPECIAL BREAD,5.0,2.4
2022-01-15,TARTELETTE,2.0,2.0
2022-01-15,TRADITIONAL BAGUETTE,103.0,1.2
2022-01-16,BAGUETTE,33.0,0.9
2022-01-16,BANETTE,26.0,1.05
2022-01-16,BANETTINE,4.0,0.6
2022-01-16,BOULE 200G,6.0,1.1
2022-01-16,BOULE 400G,6.0,1.5
2022-01-16,BRIOCHE,1.0,5.0
2022-01-16,CAFE OU EAU,1.0,1.0
2022-01-16,CAMPAGNE,5.0,1.8
2022-01-16,CEREAL BAGUETTE,9.0,1.25
2022-01-16,COMPLET,5.0,1.5
2022-01-16,COOKIE,3.0,1.0
2022-01-16,COUPE,32.0,0.15
2022-01-16,CROISSANT,63.0,1.1
2022-01-16,CROISSANT AMANDES,2.0,1.4
2022-01-16,DEMI BAGUETTE,2.0,0.45
2022-01-16,ECLAIR,9.0,2.0
2022-01-16,FICELLE,5.0,0.6
2022-01-16,FINANCIER X5,1.0,3.0
2022-01-16,KOUIGN AMANN,3.0,2.1
2022-01-16,MOISSON,4.0,2.0
2022-01-16,PAIN AU CHOCOLAT,52.0,1.2
2022-01-16,PAIN AUX RAISINS,2.0,1.4
2022-01-16,PAIN BANETTE,2.0,1.4
2022-01-16,PAIN CHOCO AMANDES,2.0,1.5
2022-01-16,QUIM BREAD,4.0,1.0
2022-01-16,SEIGLE,3.0,1.8
2022-01-16,SPECIAL BREAD,6.0,2.4
2022-01-16,TARTELETTE,7.0,2.0
2022-01-16,TRADITIONAL BAGUETTE,132.0,1.2
2022-01-17,BAGUETTE,19.0,0.9
2022-01-17,BANETTE,16.0,1.05
2022-01-17,BANETTINE,4.0,0.6
2022-01-17,BOISSON 33CL,3.0,1.5
2022-01-17,BOULE 200G,3.0,1.1
2022-01-17,BOULE 400G,1.0,1.5
2022-01-17,BRIOCHE,1.0,5.0
2022-01-17,CAFE OU EAU,8.0,1.0
2022-01-17,CAMPAGNE,1.0,1.8
2022-01-17,CEREAL BAGUETTE,8.0,1.25
2022-01-17,COMPLET,4.0,1.5
2022-01-17,COOKIE,3.0,1.0
2022-01-17,COUPE,10.0,0.15
2022-01-17,CROISSANT,13.0,1.1
2022-01-17,CROISSANT AMANDES,3.0,1.4
2022-01-17,DEMI BAGUETTE,4.0,0.45
2022-01-17,FICELLE,4.0,0.6
2022-01-17,FINANCIER X5,1.0,3.0
2022-01-17,FORMULE SANDWICH,11.0,6.5
2022-01-17,MOISSON,1.0,2.0
2022-01-17,PAIN,5.0,1.15
2022-01-17,PAIN AU CHOCOLAT,10.0,1.2
2022-01-17,PAIN AUX RAISINS,3.0,1.3999999999999997
2022-01-17,PAIN BANETTE,4.0,1.4
2022-01-17,PAIN CHOCO AMANDES,2.0,1.5
2022-01-17,SAND JB EMMENTAL,7.0,3.5
2022-01-17,SANDWICH COMPLET,14.0,4.5
2022-01-17,SPECIAL BREAD,13.0,2.4
2022-01-17,TRADITIONAL BAGUETTE,93.0,1.2
2022-01-18,BAGUETTE,18.0,0.9
2022-01-18,BANETTE,16.0,1.05
2022-01-18,BANETTINE,3.0,0.6
2022-01-18,BOISSON 33CL,1.0,1.5
2022-01-18,BOULE 200G,3.0,1.1
2022-01-18,BOULE 400G,1.0,1.5
2022-01-18,BRIOCHE,2.0,5.0
2022-01-18,CAFE OU EAU,8.0,1.0
2022-01-18,CAMPAGNE,4.0,1.8
2022-01-18,CEREAL BAGUETTE,3.0,1.25
2022-01-18,COMPLET,4.0,1.5
2022-01-18,COOKIE,2.0,1.0
2022-01-18,COUPE,16.0,0.15
2022-01-18,CROISSANT,21.0,1.1
2022-01-18,CROISSANT AMANDES,1.0,1.4
2022-01-18,FICELLE,6.0,0.6
2022-01-18,FINANCIER X5,2.0,3.0
2022-01-18,FORMULE SANDWICH,6.0,6.5
2022-01-18,MOISSON,4.0,2.0
2022-01-18,PAIN,4.0,1.15
2022-01-18,PAIN AU CHOCOLAT,14.0,1.2
2022-01-18,PAIN AUX RAISINS,1.0,1.4
2022-01-18,PAIN BANETTE,4.0,1.4
2022-01-18,QUIM BREAD,2.0,1.0
2022-01-18,SAND JB EMMENTAL,4.0,3.5
2022-01-18,SANDWICH COMPLET,5.0,4.5
2022-01-18,SEIGLE,1.0,1.8
2022-01-18,SPECIAL BREAD,6.0,2.4
2022-01-18,TARTELETTE,2.0,2.0
2022-01-18,TRADITIONAL BAGUETTE,74.0,1.2
2022-01-20,BAGUETTE,20.0,0.9
2022-01-20,BANETTE,23.0,1.05
2022-01-20,BANETTINE,3.0,0.6
2022-01-20,BOISSON 33CL,4.0,1.5
2022-01-20,BOULE 200G,3.0,1.1
2022-01-20,BOULE 400G,3.0,1.5
2022-01-20,CAFE OU EAU,4.0,1.0
2022-01-20,CAMPAGNE,4.0,1.8
2022-01-20,CEREAL BAGUETTE,7.0,1.25
2022-01-20,COMPLET,2.0,1.5
2022-01-20,COOKIE,5.0,1.0
2022-01-20,COUPE,16.0,0.15
2022-01-20,CROISSANT,18.0,1.1
2022-01-20,CROISSANT AMANDES,5.0,1.3999999999999997
2022-01-20,DEMI BAGUETTE,2.0,0.45
2022-01-20,FICELLE,3.0,0.6
2022-01-20,FINANCIER X5,1.0,3.0
2022-01-20,FORMULE SANDWICH,8.0,6.5
2022-01-20,KOUIGN AMANN,3.0,2.1
2022-01-20,MOISSON,1.0,2.0
2022-01-20,PAIN,4.0,1.15
2022-01-20,PAIN AU CHOCOLAT,23.0,1.2
2022-01-20,PAIN AUX RAISINS,3.0,1.4
2022-01-20,PAIN BANETTE,4.0,1.3999999999999997
2022-01-20,PAIN CHOCO AMANDES,3.0,1.5
2022-01-20,QUIM BREAD,4.0,1.0
2022-01-20,SAND JB EMMENTAL,4.0,3.5
2022-01-20,SANDWICH COMPLET,5.0,4.5
2022-01-20,SEIGLE,2.0,1.8
2022-01-20,SPECIAL BREAD,6.0,2.4
2022-01-20,TARTELETTE,7.0,2.0
2022-01-20,TRADITIONAL BAGUETTE,82.0,1.2
2022-01-21,BAGUETTE,23.0,0.9
2022-01-21,BANETTE,16.0,1.05
2022-01-21,BANETTINE,2.0,0.6
2022-01-21,BOULE 200G,3.0,1.1
2022-01-21,BOULE 400G,2.0,1.5
2022-01-21,BRIOCHE,2.0,5.0
2022-01-21,CAFE OU EAU,4.0,1.0
2022-01-21,CAMPAGNE,5.0,1.8
2022-01-21,CEREAL BAGUETTE,9.0,1.25
2022-01-21,CHAUSSON AUX POMMES,4.0,1.3999999999999997
2022-01-21,COMPLET,3.0,1.5
2022-01-21,COOKIE,5.0,1.0
2022-01-21,COUPE,21.0,0.15
2022-01-21,CROISSANT,10.0,1.1
2022-01-21,CROISSANT AMANDES,3.0,1.4
2022-01-21,DEMI BAGUETTE,2.0,0.45
2022-01-21,FICELLE,5.0,0.6
2022-01-21,FINANCIER X5,2.0,3.0
2022-01-21,FORMULE SANDWICH,9.0,6.5
2022-01-21,MOISSON,3.0,2.0
2022-01-21,PAIN,4.0,1.15
2022-01-21,PAIN AU CHOCOLAT,30.0,1.2
2022-01-21,PAIN AUX RAISINS,3.0,1.4
2022-01-21,PAIN BANETTE,3.0,1.3999999999999997
2022-01-21,QUIM BREAD,3.0,1.0
2022-01-21,SAND JB EMMENTAL,3.0,3.5
2022-01-21,SANDWICH COMPLET,6.0,4.5
2022-01-21,SEIGLE,2.0,1.8
2022-01-21,SPECIAL BREAD,4.0,2.4
2022-01-21,TARTELETTE,2.0,2.0
2022-01-21,TRADITIONAL BAGUETTE,80.0,1.2
2022-01-22,BAGUETTE,28.0,0.9000000000000001
2022-01-22,BANETTE,13.0,1.05
2022-01-22,BANETTINE,5.0,0.6
2022-01-22,BOISSON 33CL,1.0,1.5
2022-01-22,BOULE 200G,2.0,1.1
2022-01-22,BOULE 400G,2.0,1.5
2022-01-22,BRIOCHE,1.0,5.0
2022-01-22,CAFE OU EAU,2.0,1.0
2022-01-22,CAMPAGNE,3.0,1.8
2022-01-22,CEREAL BAGUETTE,7.0,1.25
2022-01-22,COMPLET,5.0,1.5
2022-01-22,COOKIE,6.0,1.0
2022-01-22,COUPE,18.0,0.15
2022-01-22,CROISSANT,38.0,1.1
2022-01-22,CROISSANT AMANDES,3.0,1.3999999999999997
2022-01-22,DEMI BAGUETTE,4.0,0.45
2022-01-22,ECLAIR,8.0,2.0
2022-01-22,FICELLE,4.0,0.6
2022-01-22,FINANCIER X5,1.0,3.0
2022-01-22,KOUIGN AMANN,3.0,2.1
2022-01-22,MOISSON,3.0,2.0
2022-01-22,PAIN,5.0,1.15
2022-01-22,PAIN AU CHOCOLAT,12.0,1.2
2022-01-22,PAIN AUX RAISINS,1.0,1.4
2022-01-22,PAIN BANETTE,4.0,1.4
2022-01-22,PAIN CHOCO AMANDES,2.0,1.5
2022-01-22,QUIM BREAD,3.0,1.0
2022-01-22,SANDWICH COMPLET,2.0,4.5
2022-01-22,SEIGLE,2.0,1.8
2022-01-22,SPECIAL BREAD,6.0,2.4
2022-01-22,TARTELETTE,2.0,2.0
2022-01-22,TRADITIONAL BAGUETTE,128.0,1.2
2022-01-23,BAGUETTE,51.0,0.9
2022-01-23,BANETTE,41.0,1.05
2022-01-23,BANETTINE,5.0,0.6
2022-01-23,BOULE 200G,8.0,1.1
2022-01-23,BOULE 400G,6.0,1.5
2022-01-23,BRIOCHE,1.0,5.0
2022-01-23,CAMPAGNE,5.0,1.8
2022-01-23,CEREAL BAGUETTE,9.0,1.25
2022-01-23,COMPLET,5.0,1.5
2022-01-23,COOKIE,7.0,1.0
2022-01-23,COUPE,38.0,0.15
2022-01-23,CROISSANT,57.0,1.1
2022-01-23,CROISSANT AMANDES,3.0,1.4
2022-01-23,DEMI BAGUETTE,2.0,0.45
2022-01-23,ECLAIR,18.0,2.0
2022-01-23,FICELLE,4.0,0.6
2022-01-23,MOISSON,2.0,2.0
2022-01-23,PAIN,4.0,1.15
2022-01-23,PAIN AU CHOCOLAT,38.0,1.2
2022-01-23,PAIN BANETTE,6.0,1.4
2022-01-23,PAIN CHOCO AMANDES,1.0,1.5
2022-01-23,QUIM BREAD,7.0,1.0
2022-01-23,SEIGLE,1.0,1.8
2022-01-23,SPECIAL BREAD,9.0,2.4
2022-01-23,TARTELETTE,14.0,2.0
2022-01-23,TRADITIONAL BAGUETTE,132.0,1.2
2022-01-24,BAGUETTE,19.0,0.8999999999999999
2022-01-24,BANETTE,18.0,1.05
2022-01-24,BANETTINE,3.0,0.6
2022-01-24,BOULE 200G,3.0,1.1
2022-01-24,BOULE 400G,6.0,1.5
2022-01-24,BRIOCHE,1.0,5.0
2022-01-24,CAMPAGNE,5.0,1.8
2022-01-24,CEREAL BAGUETTE,8.0,1.25
2022-01-24,CHAUSSON AUX POMMES,3.0,1.3999999999999997
2022-01-24,COMPLET,3.0,1.5
2022-01-24,COOKIE,3.0,1.0
2022-01-24,COUPE,25.0,0.15
2022-01-24,CROISSANT,9.0,1.1
2022-01-24,CROISSANT AMANDES,4.0,1.3999999999999997
2022-01-24,DEMI BAGUETTE,1.0,0.45
2022-01-24,FICELLE,6.0,0.6
2022-01-24,FORMULE SANDWICH,12.0,6.5
2022-01-24,MOISSON,4.0,2.0
2022-01-24,PAIN,2.0,1.15
2022-01-24,PAIN AU CHOCOLAT,7.0,1.2
2022-01-24,PAIN AUX RAISINS,1.0,1.4
2022-01-24,PAIN BANETTE,1.0,1.4
2022-01-24,SAND JB EMMENTAL,1.0,3.5
2022-01-24,SANDWICH COMPLET,4.0,4.5
2022-01-24,SEIGLE,2.0,1.8
2022-01-24,SPECIAL BREAD,8.0,2.4
2022-01-24,TARTELETTE,2.0,2.0
2022-01-24,TRADITIONAL BAGUETTE,85.0,1.2
2022-01-25,BAGUETTE,24.0,0.9
2022-01-25,BANETTE,7.0,1.05
2022-01-25,BANETTINE,5.0,0.6
2022-01-25,BOULE 200G,5.0,1.1
2022-01-25,BOULE 400G,4.0,1.5
2022-01-25,BRIOCHE,1.0,5.0
2022-01-25,CAFE OU EAU,6.0,1.0
2022-01-25,CAMPAGNE,4.0,1.8
2022-01-25,CEREAL BAGUETTE,5.0,1.25
2022-01-25,CHAUSSON AUX POMMES,4.0,1.3999999999999997
2022-01-25,COMPLET,5.0,1.5
2022-01-25,COOKIE,2.0,1.0
2022-01-25,COUPE,23.0,0.15
2022-01-25,CROISSANT,11.0,1.1
2022-01-25,CROISSANT AMANDES,3.0,1.4
2022-01-25,DEMI BAGUETTE,2.0,0.45
2022-01-25,FICELLE,1.0,0.6
2022-01-25,FINANCIER X5,1.0,3.0
2022-01-25,FORMULE SANDWICH,10.0,6.5
2022-01-25,MOISSON,6.0,2.0
2022-01-25,PAIN,5.0,1.15
2022-01-25,PAIN AU CHOCOLAT,23.0,1.2
2022-01-25,PAIN BANETTE,3.0,1.4
2022-01-25,QUIM BREAD,5.0,1.0
2022-01-25,SAND JB EMMENTAL,2.0,3.5
2022-01-25,SANDWICH COMPLET,4.0,4.5
2022-01-25,SPECIAL BREAD,8.0,2.4
2022-01-25,TARTELETTE,2.0,2.0
2022-01-25,TRADITIONAL BAGUETTE,81.0,1.2
2022-01-27,BAGUETTE,28.0,0.9
2022-01-27,BANETTE,24.0,1.05
2022-01-27,BANETTINE,3.0,0.6
2022-01-27,BOISSON 33CL,2.0,1.5
2022-01-27,BOULE 200G,2.0,1.1
2022-01-27,BOULE 400G,4.0,1.5
2022-01-27,BRIOCHE,2.0,5.0
2022-01-27,CAFE OU EAU,2.0,1.0
2022-01-27,CAMPAGNE,5.0,1.8
2022-01-27,CEREAL BAGUETTE,8.0,1.25
2022-01-27,CHAUSSON AUX POMMES,2.0,1.4
2022-01-27,COMPLET,6.0,1.5
2022-01-27,COOKIE,6.0,1.0
2022-01-27,COUPE,23.0,0.15
2022-01-27,CROISSANT,23.0,1.1
2022-01-27,CROISSANT AMANDES,5.0,1.3999999999999997
2022-01-27,DEMI BAGUETTE,1.0,0.45
2022-01-27,FICELLE,5.0,0.6
2022-01-27,FINANCIER X5,3.0,3.0
2022-01-27,FORMULE SANDWICH,12.0,6.5
2022-01-27,KOUIGN AMANN,1.0,2.1
2022-01-27,MOISSON,7.0,2.0
2022-01-27,PAIN,3.0,1.15
2022-01-27,PAIN AU CHOCOLAT,23.0,1.2
2022-01-27,PAIN AUX RAISINS,2.0,1.4
2022-01-27,PAIN BANETTE,1.0,1.4
2022-01-27,PAIN CHOCO AMANDES,5.0,1.5
2022-01-27,QUIM BREAD,3.0,1.0
2022-01-27,SAND JB EMMENTAL,1.0,3.5
2022-01-27,SANDWICH COMPLET,5.0,4.5
2022-01-27,SEIGLE,1.0,1.8
2022-01-27,SPECIAL BREAD,4.0,2.4
2022-01-27,TARTELETTE,4.0,2.0
2022-01-27,TRADITIONAL BAGUETTE,101.0,1.2
2022-01-28,BAGUETTE,23.0,0.9
2022-01-28,BANETTE,10.0,1.05
2022-01-28,BANETTINE,4.0,0.6
2022-01-28,BOISSON 33CL,3.0,1.5
2022-01-28,BOULE 400G,2.0,1.5
2022-01-28,BRIOCHE,1.0,5.0
2022-01-28,CAMPAGNE,5.0,1.8
2022-01-28,CEREAL BAGUETTE,3.0,1.25
2022-01-28,CHAUSSON AUX POMMES,1.0,1.4
2022-01-28,COMPLET,3.0,1.5
2022-01-28,COOKIE,7.0,1.0
2022-01-28,COUPE,16.0,0.15
2022-01-28,CROISSANT,39.0,1.1
2022-01-28,CROISSANT AMANDES,2.0,1.4
2022-01-28,DEMI BAGUETTE,2.0,0.45
2022-01-28,FICELLE,4.0,0.6
2022-01-28,FINANCIER X5,2.0,3.0
2022-01-28,FORMULE SANDWICH,9.0,6.5
2022-01-28,MOISSON,5.0,2.0
2022-01-28,PAIN,4.0,1.15
2022-01-28,PAIN AU CHOCOLAT,29.0,1.2
2022-01-28,PAIN AUX RAISINS,3.0,1.3999999999999997
2022-01-28,PAIN BANETTE,3.0,1.4
2022-01-28,PAIN CHOCO AMANDES,3.0,1.5
2022-01-28,SAND JB EMMENTAL,1.0,3.5
2022-01-28,SANDWICH COMPLET,6.0,4.5
2022-01-28,SEIGLE,2.0,1.8
2022-01-28,SPECIAL BREAD,6.0,2.4
2022-01-28,TARTELETTE,3.0,2.0
2022-01-28,TRADITIONAL BAGUETTE,62.0,1.2
2022-01-29,BAGUETTE,24.0,0.9
2022-01-29,BANETTE,19.0,1.05
2022-01-29,BANETTINE,6.0,0.6
2022-01-29,BOULE 200G,4.0,1.1
2022-01-29,BOULE 400G,1.0,1.5
2022-01-29,BRIOCHE,2.0,5.0
2022-01-29,CAFE OU EAU,6.0,1.0
2022-01-29,CAMPAGNE,2.0,1.8
2022-01-29,CEREAL BAGUETTE,8.0,1.25
2022-01-29,COMPLET,3.0,1.5
2022-01-29,COOKIE,4.0,1.0
2022-01-29,COUPE,25.0,0.15
2022-01-29,CROISSANT,31.0,1.1
2022-01-29,CROISSANT AMANDES,6.0,1.4
2022-01-29,ECLAIR,2.0,2.0
2022-01-29,FICELLE,4.0,0.6
2022-01-29,FINANCIER X5,1.0,3.0
2022-01-29,FORMULE SANDWICH,2.0,6.5
2022-01-29,MOISSON,2.0,2.0
2022-01-29,PAIN,4.0,1.15
2022-01-29,PAIN AU CHOCOLAT,29.0,1.2
2022-01-29,PAIN AUX RAISINS,4.0,1.3999999999999997
2022-01-29,PAIN BANETTE,3.0,1.3999999999999997
2022-01-29,PAIN CHOCO AMANDES,2.0,1.5
2022-01-29,QUIM BREAD,1.0,1.0
2022-01-29,SAND JB EMMENTAL,3.0,3.5
2022-01-29,SANDWICH COMPLET,3.0,4.5
2022-01-29,SEIGLE,1.0,1.8
2022-01-29,SPECIAL BREAD,9.0,2.4
2022-01-29,TARTELETTE,12.0,2.0
2022-01-29,TRADITIONAL BAGUETTE,94.0,1.2
2022-01-30,BAGUETTE,35.0,0.9
2022-01-30,BANETTE,40.0,1.05
2022-01-30,BANETTINE,6.0,0.6
2022-01-30,BOULE 200G,6.0,1.1
2022-01-30,BOULE 400G,6.0,1.5
2022-01-30,BRIOCHE,3.0,5.0
2022-01-30,CAFE OU EAU,1.0,1.0
2022-01-30,CAMPAGNE,5.0,1.8
2022-01-30,CEREAL BAGUETTE,10.0,1.25
2022-01-30,CHAUSSON AUX POMMES,2.0,1.4
2022-01-30,COMPLET,3.0,1.5
2022-01-30,COOKIE,4.0,1.0
2022-01-30,COUPE,34.0,0.15
2022-01-30,CROISSANT,48.0,1.1
2022-01-30,CROISSANT AMANDES,3.0,1.4
2022-01-30,DEMI BAGUETTE,1.0,0.45
2022-01-30,ECLAIR,20.0,2.0
2022-01-30,FICELLE,5.0,0.6
2022-01-30,FINANCIER X5,1.0,3.0
2022-01-30,KOUIGN AMANN,7.0,2.1
2022-01-30,MOISSON,3.0,2.0
2022-01-30,PAIN,4.0,1.15
2022-01-30,PAIN AU CHOCOLAT,47.0,1.2
2022-01-30,PAIN AUX RAISINS,1.0,1.4
2022-01-30,PAIN BANETTE,3.0,1.3999999999999997
2022-01-30,PAIN CHOCO AMANDES,3.0,1.5
2022-01-30,QUIM BREAD,4.0,1.0
2022-01-30,SEIGLE,2.0,1.8
2022-01-30,SPECIAL BREAD,8.0,2.4
2022-01-30,TARTELETTE,5.0,2.0
2022-01-30,TRADITIONAL BAGUETTE,150.0,1.2
2022-01-31,BAGUETTE,17.0,0.9
2022-01-31,BANETTE,23.0,1.05
2022-01-31,BANETTINE,5.0,0.6
2022-01-31,BOISSON 33CL,1.0,1.5
2022-01-31,BOULE 200G,1.0,1.1
2022-01-31,BOULE 400G,3.0,1.5
2022-01-31,CAFE OU EAU,4.0,1.0
2022-01-31,CAMPAGNE,2.0,1.8
2022-01-31,CEREAL BAGUETTE,7.0,1.25
2022-01-31,CHAUSSON AUX POMMES,1.0,1.4
2022-01-31,COMPLET,3.0,1.5
2022-01-31,COOKIE,5.0,1.0
2022-01-31,COUPE,13.0,0.15
2022-01-31,CROISSANT,17.0,1.1
2022-01-31,CROISSANT AMANDES,2.0,1.4
2022-01-31,DEMI BAGUETTE,1.0,0.45
2022-01-31,ECLAIR,3.0,2.0
2022-01-31,FICELLE,4.0,0.6
2022-01-31,FINANCIER X5,2.0,3.0
2022-01-31,FORMULE SANDWICH,7.0,6.5
2022-01-31,MOISSON,1.0,2.0
2022-01-31,PAIN,3.0,1.15
2022-01-31,PAIN AU CHOCOLAT,12.0,1.2
2022-01-31,PAIN AUX RAISINS,3.0,1.4
2022-01-31,PAIN BANETTE,4.0,1.3999999999999997
2022-01-31,QUIM BREAD,1.0,1.0
2022-01-31,SAND JB EMMENTAL,3.0,3.5
2022-01-31,SANDWICH COMPLET,1.0,4.5
2022-01-31,SEIGLE,2.0,1.8
2022-01-31,SPECIAL BREAD,4.0,2.4
2022-01-31,TARTELETTE,7.0,2.0
2022-01-31,TRADITIONAL BAGUETTE,84.0,1.2
2022-02-01,BAGUETTE,25.0,0.9
2022-02-01,BANETTE,23.0,1.05
2022-02-01,BANETTINE,1.0,0.6
2022-02-01,BOULE 200G,4.0,1.1
2022-02-01,BOULE 400G,4.0,1.5
2022-02-01,BRIOCHE,1.0,5.0
2022-02-01,CAFE OU EAU,3.0,1.0
2022-02-01,CAMPAGNE,1.0,1.8
2022-02-01,CEREAL BAGUETTE,6.0,1.25
2022-02-01,CHAUSSON AUX POMMES,3.0,1.3999999999999997
2022-02-01,COUPE,9.0,0.15
2022-02-01,CROISSANT,9.0,1.1
2022-02-01,CROISSANT AMANDES,2.0,1.4
2022-02-01,DEMI BAGUETTE,3.0,0.45
2022-02-01,FICELLE,2.0,0.6
2022-02-01,FINANCIER X5,3.0,3.0
2022-02-01,FORMULE SANDWICH,7.0,6.5
2022-02-01,MOISSON,1.0,2.0
2022-02-01,PAIN,10.0,1.15
2022-02-01,PAIN AU CHOCOLAT,12.0,1.2
2022-02-01,PAIN AUX RAISINS,2.0,1.4
2022-02-01,PAIN BANETTE,5.0,1.4
2022-02-01,PAIN CHOCO AMANDES,1.0,1.5
2022-02-01,QUIM BREAD,1.0,1.0
2022-02-01,SAND JB EMMENTAL,1.0,3.5
2022-02-01,SANDWICH COMPLET,1.0,4.5
2022-02-01,SEIGLE,1.0,1.8
2022-02-01,SPECIAL BREAD,4.0,2.4
2022-02-01,TARTELETTE,1.0,2.0
2022-02-01,TRADITIONAL BAGUETTE,96.0,1.2
2022-02-03,BAGUETTE,23.0,0.8999999999999999
2022-02-03,BANETTE,13.0,1.05
2022-02-03,BANETTINE,2.0,0.6
2022-02-03,BOISSON 33CL,4.0,1.5
2022-02-03,BOULE 200G,2.0,1.1
2022-02-03,BOULE 400G,4.0,1.5
2022-02-03,CAFE OU EAU,4.0,1.0
2022-02-03,CAMPAGNE,5.0,1.8
2022-02-03,CEREAL BAGUETTE,5.0,1.25
2022-02-03,CHAUSSON AUX POMMES,2.0,1.4
2022-02-03,COMPLET,3.0,1.5
2022-02-03,COOKIE,3.0,1.0
2022-02-03,COUPE,20.0,0.15
2022-02-03,CROISSANT,18.0,1.1
2022-02-03,CROISSANT AMANDES,1.0,1.4
2022-02-03,DEMI BAGUETTE,2.0,0.45
2022-02-03,FICELLE,5.0,0.6
2022-02-03,FINANCIER X5,2.0,3.0
2022-02-03,FORMULE SANDWICH,11.0,6.5
2022-02-03,KOUIGN AMANN,2.0,2.1
2022-02-03,MOISSON,2.0,2.0
2022-02-03,PAIN,5.0,1.15
2022-02-03,PAIN AU CHOCOLAT,17.0,1.2
2022-02-03,PAIN AUX RAISINS,4.0,1.3999999999999997
2022-02-03,PAIN BANETTE,5.0,1.4
2022-02-03,PAIN CHOCO AMANDES,1.0,1.5
2022-02-03,QUIM BREAD,3.0,1.0
2022-02-03,SAND JB EMMENTAL,5.0,3.5
2022-02-03,SANDWICH COMPLET,3.0,4.5
2022-02-03,SEIGLE,1.0,1.8
2022-02-03,SPECIAL BREAD,5.0,2.4
2022-02-03,TARTELETTE,7.0,2.0
2022-02-03,TRADITIONAL BAGUETTE,81.0,1.2
2022-02-04,BAGUETTE,21.0,0.9
2022-02-04,BANETTE,14.0,1.05
2022-02-04,BANETTINE,6.0,0.6
2022-02-04,BOISSON 33CL,4.0,1.5
2022-02-04,BOULE 400G,3.0,1.5
2022-02-04,BRIOCHE,1.0,5.0
2022-02-04,CAFE OU EAU,3.0,1.0
2022-02-04,CAMPAGNE,2.0,1.8
2022-02-04,CEREAL BAGUETTE,3.0,1.25
2022-02-04,CHAUSSON AUX POMMES,1.0,1.4
2022-02-04,COMPLET,2.0,1.5
2022-02-04,COOKIE,14.0,1.0
2022-02-04,COUPE,14.0,0.15
2022-02-04,CROISSANT,15.0,1.1
2022-02-04,CROISSANT AMANDES,3.0,1.3999999999999997
2022-02-04,ECLAIR,3.0,2.0
2022-02-04,FICELLE,2.0,0.6
2022-02-04,FINANCIER X5,5.0,3.0
2022-02-04,FORMULE SANDWICH,13.0,6.5
2022-02-04,MOISSON,5.0,2.0
2022-02-04,PAIN AU CHOCOLAT,8.0,1.2
2022-02-04,PAIN AUX RAISINS,1.0,1.4
2022-02-04,PAIN BANETTE,4.0,1.4
2022-02-04,PAIN CHOCO AMANDES,2.0,1.5
2022-02-04,SAND JB EMMENTAL,4.0,3.5
2022-02-04,SANDWICH COMPLET,8.0,4.5
2022-02-04,SEIGLE,2.0,1.8
2022-02-04,SPECIAL BREAD,4.0,2.4
2022-02-04,TARTELETTE,5.0,2.0
2022-02-04,TRADITIONAL BAGUETTE,79.0,1.2
2022-02-05,BAGUETTE,24.0,0.9
2022-02-05,BANETTE,31.0,1.05
2022-02-05,BANETTINE,2.0,0.6
2022-02-05,BOISSON 33CL,1.0,1.5
2022-02-05,BOULE 200G,3.0,1.1
2022-02-05,BOULE 400G,7.0,1.5
2022-02-05,BRIOCHE,1.0,5.0
2022-02-05,CAFE OU EAU,2.0,1.0
2022-02-05,CAMPAGNE,5.0,1.8
2022-02-05,CEREAL BAGUETTE,6.0,1.25
2022-02-05,CHAUSSON AUX POMMES,1.0,1.4
2022-02-05,COMPLET,3.0,1.5
2022-02-05,COOKIE,3.0,1.0
2022-02-05,COUPE,23.0,0.15
2022-02-05,CROISSANT,24.0,1.1
2022-02-05,DEMI BAGUETTE,2.0,0.45
2022-02-05,ECLAIR,9.0,2.0
2022-02-05,FICELLE,1.0,0.6
2022-02-05,FORMULE SANDWICH,1.0,6.5
2022-02-05,MOISSON,1.0,2.0
2022-02-05,PAIN,3.0,1.15
2022-02-05,PAIN AU CHOCOLAT,19.0,1.2
2022-02-05,PAIN AUX RAISINS,3.0,1.4
2022-02-05,PAIN BANETTE,3.0,1.3999999999999997
2022-02-05,PAIN CHOCO AMANDES,4.0,1.5
2022-02-05,QUIM BREAD,6.0,1.0
2022-02-05,SAND JB EMMENTAL,1.0,3.5
2022-02-05,SANDWICH COMPLET,3.0,4.5
2022-02-05,SEIGLE,1.0,1.8
2022-02-05,SPECIAL BREAD,7.0,2.4
2022-02-05,TARTELETTE,14.0,2.0
2022-02-05,TRADITIONAL BAGUETTE,101.0,1.2
2022-02-06,BAGUETTE,55.0,0.9
2022-02-06,BANETTE,41.0,1.05
2022-02-06,BANETTINE,5.0,0.6
2022-02-06,BOULE 200G,7.0,1.1
2022-02-06,BOULE 400G,13.0,1.5
2022-02-06,BRIOCHE,3.0,5.0
2022-02-06,CAFE OU EAU,2.0,1.0
2022-02-06,CAMPAGNE,6.0,1.8
2022-02-06,CEREAL BAGUETTE,9.0,1.25
2022-02-06,COMPLET,6.0,1.5
2022-02-06,COOKIE,8.0,1.0
2022-02-06,COUPE,51.0,0.15
2022-02-06,CROISSANT,77.0,1.1
2022-02-06,CROISSANT AMANDES,3.0,1.3999999999999997
2022-02-06,DEMI BAGUETTE,2.0,0.45
2022-02-06,ECLAIR,11.0,2.0
2022-02-06,FICELLE,3.0,0.6
2022-02-06,FINANCIER X5,1.0,3.0
2022-02-06,MOISSON,6.0,2.0
2022-02-06,PAIN,3.0,1.15
2022-02-06,PAIN AU CHOCOLAT,38.0,1.2
2022-02-06,PAIN AUX RAISINS,4.0,1.3999999999999997
2022-02-06,PAIN CHOCO AMANDES,1.0,1.5
2022-02-06,QUIM BREAD,1.0,1.0
2022-02-06,SEIGLE,3.0,1.8
2022-02-06,SPECIAL BREAD,8.0,2.4
2022-02-06,TARTELETTE,7.0,2.0
2022-02-06,TRADITIONAL BAGUETTE,162.0,1.2
2022-02-07,BAGUETTE,27.0,0.95
2022-02-07,BANETTE,38.0,1.1
2022-02-07,BANETTINE,4.0,0.65
2022-02-07,BOISSON 33CL,7.0,1.5
2022-02-07,BOULE 200G,3.0,1.15
2022-02-07,BOULE 400G,6.0,1.6
2022-02-07,BRIOCHE,3.0,6.0
2022-02-07,CAMPAGNE,2.0,1.9
2022-02-07,CEREAL BAGUETTE,9.0,1.3
2022-02-07,CHAUSSON AUX POMMES,3.0,1.5
2022-02-07,COMPLET,5.0,1.8
2022-02-07,COOKIE,3.0,1.1
2022-02-07,COUPE,17.0,0.15
2022-02-07,CROISSANT,13.0,1.15
2022-02-07,CROISSANT AMANDES,2.0,1.5
2022-02-07,DEMI BAGUETTE,3.0,0.5
2022-02-07,ECLAIR,4.0,2.1
2022-02-07,FINANCIER X5,1.0,3.5
2022-02-07,FORMULE SANDWICH,5.0,6.5
2022-02-07,KOUIGN AMANN,2.0,2.2
2022-02-07,MOISSON,2.0,2.1
2022-02-07,PAIN,3.0,1.25
2022-02-07,PAIN AU CHOCOLAT,14.0,1.25
2022-02-07,PAIN AUX RAISINS,1.0,1.5
2022-02-07,PAIN BANETTE,5.0,1.5
2022-02-07,PAIN CHOCO AMANDES,1.0,1.6
2022-02-07,QUIM BREAD,5.0,1.1
2022-02-07,SAND JB EMMENTAL,5.0,3.5
2022-02-07,SANDWICH COMPLET,3.0,4.5
2022-02-07,SEIGLE,1.0,1.9
2022-02-07,SPECIAL BREAD,5.0,2.5
2022-02-07,TARTELETTE,6.0,2.1
2022-02-07,TRADITIONAL BAGUETTE,101.0,1.25
2022-02-08,BAGUETTE,30.0,0.95
2022-02-08,BANETTE,21.0,1.1
2022-02-08,BANETTINE,5.0,0.65
2022-02-08,BOISSON 33CL,2.0,1.5
2022-02-08,BOULE 200G,2.0,1.15
2022-02-08,BOULE 400G,4.0,1.6000000000000003
2022-02-08,CAFE OU EAU,6.0,1.0
2022-02-08,CAMPAGNE,5.0,1.9
2022-02-08,CEREAL BAGUETTE,7.0,1.3
2022-02-08,CHAUSSON AUX POMMES,4.0,1.5
2022-02-08,COMPLET,5.0,1.8
2022-02-08,COOKIE,7.0,1.1
2022-02-08,COUPE,27.0,0.15
2022-02-08,CROISSANT,5.0,1.15
2022-02-08,CROISSANT AMANDES,3.0,1.5
2022-02-08,ECLAIR,2.0,2.1
2022-02-08,FICELLE,2.0,0.65
2022-02-08,FINANCIER X5,2.0,3.5
2022-02-08,FORMULE SANDWICH,8.0,6.5
2022-02-08,KOUIGN AMANN,3.0,2.2
2022-02-08,MOISSON,5.0,2.1
2022-02-08,PAIN,5.0,1.25
2022-02-08,PAIN AU CHOCOLAT,23.0,1.25
2022-02-08,PAIN AUX RAISINS,4.0,1.5
2022-02-08,PAIN BANETTE,5.0,1.5
2022-02-08,PAIN CHOCO AMANDES,1.0,1.6
2022-02-08,QUIM BREAD,4.0,1.1
2022-02-08,SAND JB EMMENTAL,5.0,3.5
2022-02-08,SANDWICH COMPLET,3.0,4.5
2022-02-08,SEIGLE,1.0,1.9
2022-02-08,SPECIAL BREAD,8.0,2.5
2022-02-08,TARTELETTE,7.0,2.1
2022-02-08,TRADITIONAL BAGUETTE,85.0,1.25
2022-02-10,BAGUETTE,24.0,0.9499999999999998
2022-02-10,BANETTE,24.0,1.1
2022-02-10,BANETTINE,5.0,0.65
2022-02-10,BOISSON 33CL,1.0,1.5
2022-02-10,BOULE 200G,6.0,1.15
2022-02-10,BOULE 400G,6.0,1.6000000000000003
2022-02-10,CAFE OU EAU,1.0,1.0
2022-02-10,CAMPAGNE,5.0,1.9
2022-02-10,CEREAL BAGUETTE,7.0,1.3
2022-02-10,CHAUSSON AUX POMMES,3.0,1.5
2022-02-10,COMPLET,6.0,1.8
2022-02-10,COOKIE,5.0,1.1
2022-02-10,COUPE,30.0,0.15
2022-02-10,CROISSANT,30.0,1.15
2022-02-10,CROISSANT AMANDES,1.0,1.5
2022-02-10,DEMI BAGUETTE,4.0,0.5
2022-02-10,FICELLE,5.0,0.65
2022-02-10,FINANCIER X5,1.0,3.5
2022-02-10,FORMULE SANDWICH,8.0,6.5
2022-02-10,KOUIGN AMANN,1.0,2.2
2022-02-10,MOISSON,5.0,2.1
2022-02-10,PAIN,4.0,1.25
2022-02-10,PAIN AU CHOCOLAT,28.0,1.25
2022-02-10,PAIN BANETTE,2.0,1.5
2022-02-10,PAIN CHOCO AMANDES,1.0,1.6
2022-02-10,QUIM BREAD,5.0,1.1
2022-02-10,SAND JB EMMENTAL,4.0,3.5
2022-02-10,SANDWICH COMPLET,2.0,4.5
2022-02-10,SEIGLE,1.0,1.9
2022-02-10,SPECIAL BREAD,6.0,2.5
2022-02-10,TARTELETTE,5.0,2.1
2022-02-10,TRADITIONAL BAGUETTE,95.0,1.25
2022-02-11,BAGUETTE,23.0,0.95
2022-02-11,BANETTE,22.0,1.1
2022-02-11,BANETTINE,5.0,0.65
2022-02-11,BOISSON 33CL,1.0,1.5
2022-02-11,BOULE 200G,2.0,1.15
2022-02-11,BOULE 400G,3.0,1.6000000000000003
2022-02-11,BRIOCHE,3.0,6.0
2022-02-11,CAFE OU EAU,2.0,1.0
2022-02-11,CAMPAGNE,3.0,1.8999999999999997
2022-02-11,CEREAL BAGUETTE,4.0,1.3
2022-02-11,CHAUSSON AUX POMMES,2.0,1.5
2022-02-11,COMPLET,2.0,1.8
2022-02-11,COOKIE,9.0,1.1
2022-02-11,COUPE,22.0,0.15
2022-02-11,CROISSANT,16.0,1.15
2022-02-11,CROISSANT AMANDES,3.0,1.5
2022-02-11,DEMI BAGUETTE,1.0,0.5
2022-02-11,ECLAIR,16.0,2.1
2022-02-11,FICELLE,5.0,0.65
2022-02-11,FINANCIER X5,2.0,3.5
2022-02-11,FORMULE SANDWICH,11.0,6.5
2022-02-11,KOUIGN AMANN,2.0,2.2
2022-02-11,MOISSON,3.0,2.1
2022-02-11,PAIN,5.0,1.25
2022-02-11,PAIN AU CHOCOLAT,23.0,1.25
2022-02-11,PAIN AUX RAISINS,4.0,1.5
2022-02-11,PAIN BANETTE,3.0,1.5
2022-02-11,PAIN CHOCO AMANDES,1.0,1.6
2022-02-11,QUIM BREAD,2.0,1.1
2022-02-11,SAND JB EMMENTAL,5.0,3.5
2022-02-11,SANDWICH COMPLET,7.0,4.5
2022-02-11,SEIGLE,1.0,1.9
2022-02-11,SPECIAL BREAD,3.0,2.5
2022-02-11,TARTELETTE,6.0,2.1
2022-02-11,TRADITIONAL BAGUETTE,85.0,1.25
2022-02-12,BAGUETTE,21.0,0.95
2022-02-12,BANETTE,29.0,1.1
2022-02-12,BANETTINE,6.0,0.65
2022-02-12,BOISSON 33CL,2.0,1.5
2022-02-12,BOULE 200G,3.0,1.15
2022-02-12,BOULE 400G,6.0,1.6000000000000003
2022-02-12,BRIOCHE,2.0,6.0
2022-02-12,CAFE OU EAU,2.0,1.0
2022-02-12,CAMPAGNE,5.0,1.9
2022-02-12,CEREAL BAGUETTE,10.0,1.3
2022-02-12,COMPLET,3.0,1.8
2022-02-12,COOKIE,5.0,1.1
2022-02-12,COUPE,35.0,0.15
2022-02-12,CROISSANT,33.0,1.15
2022-02-12,DEMI BAGUETTE,1.0,0.5
2022-02-12,ECLAIR,5.0,2.1
2022-02-12,FICELLE,5.0,0.65
2022-02-12,FINANCIER X5,3.0,3.5
2022-02-12,FORMULE SANDWICH,5.0,6.5
2022-02-12,MOISSON,5.0,2.1
2022-02-12,PAIN,4.0,1.25
2022-02-12,PAIN AU CHOCOLAT,17.0,1.25
2022-02-12,PAIN AUX RAISINS,1.0,1.5
2022-02-12,PAIN BANETTE,5.0,1.5
2022-02-12,PAIN CHOCO AMANDES,1.0,1.6
2022-02-12,QUIM BREAD,5.0,1.1
2022-02-12,SAND JB EMMENTAL,6.0,3.5
2022-02-12,SANDWICH COMPLET,3.0,4.5
2022-02-12,SEIGLE,3.0,1.8999999999999997
2022-02-12,SPECIAL BREAD,10.0,2.5
2022-02-12,TARTELETTE,6.0,2.1
2022-02-12,TRADITIONAL BAGUETTE,156.0,1.25
2022-02-13,BAGUETTE,45.0,0.95
2022-02-13,BANETTE,30.0,1.1
2022-02-13,BANETTINE,6.0,0.65
2022-02-13,BOULE 200G,6.0,1.15
2022-02-13,BOULE 400G,12.0,1.6
2022-02-13,BRIOCHE,3.0,6.0
2022-02-13,CAFE OU EAU,1.0,1.0
2022-02-13,CAMPAGNE,12.0,1.8999999999999997
2022-02-13,CEREAL BAGUETTE,17.0,1.3
2022-02-13,CHAUSSON AUX POMMES,1.0,1.5
2022-02-13,COMPLET,6.0,1.8
2022-02-13,COOKIE,4.0,1.1
2022-02-13,COUPE,53.0,0.15
2022-02-13,CROISSANT,78.0,1.15
2022-02-13,CROISSANT AMANDES,4.0,1.5
2022-02-13,DEMI BAGUETTE,2.0,0.5
2022-02-13,ECLAIR,17.0,2.1
2022-02-13,FICELLE,4.0,0.65
2022-02-13,FINANCIER X5,6.0,3.5
2022-02-13,FORMULE SANDWICH,1.0,6.5
2022-02-13,KOUIGN AMANN,3.0,2.2
2022-02-13,MOISSON,6.0,2.1
2022-02-13,PAIN AU CHOCOLAT,52.0,1.25
2022-02-13,PAIN AUX RAISINS,4.0,1.5
2022-02-13,PAIN BANETTE,1.0,1.5
2022-02-13,PAIN CHOCO AMANDES,4.0,1.6000000000000003
2022-02-13,QUIM BREAD,3.0,1.1
2022-02-13,SAND JB EMMENTAL,1.0,3.5
2022-02-13,SEIGLE,3.0,1.9
2022-02-13,SPECIAL BREAD,14.0,2.5
2022-02-13,TARTELETTE,17.0,2.1
2022-02-13,TRADITIONAL BAGUETTE,193.0,1.25
2022-02-14,BAGUETTE,28.0,0.9499999999999998
2022-02-14,BANETTE,29.0,1.1
2022-02-14,BANETTINE,6.0,0.65
2022-02-14,BOISSON 33CL,5.0,1.5
2022-02-14,BOULE 200G,2.0,1.15
2022-02-14,BOULE 400G,2.0,1.6
2022-02-14,BRIOCHE,2.0,6.0
2022-02-14,CAFE OU EAU,3.0,1.0
2022-02-14,CAMPAGNE,4.0,1.9
2022-02-14,CEREAL BAGUETTE,10.0,1.3
2022-02-14,CHAUSSON AUX POMMES,1.0,1.5
2022-02-14,COMPLET,6.0,1.8
2022-02-14,COOKIE,8.0,1.1
2022-02-14,COUPE,22.0,0.15
2022-02-14,CROISSANT,22.0,1.15
2022-02-14,CROISSANT AMANDES,1.0,1.5
2022-02-14,DEMI BAGUETTE,2.0,0.5
2022-02-14,ECLAIR,1.0,2.1
2022-02-14,FICELLE,4.0,0.65
2022-02-14,FINANCIER X5,2.0,3.5
2022-02-14,FORMULE SANDWICH,7.0,6.5
2022-02-14,KOUIGN AMANN,1.0,2.2
2022-02-14,MOISSON,4.0,2.1
2022-02-14,PAIN,13.0,1.25
2022-02-14,PAIN AU CHOCOLAT,18.0,1.25
2022-02-14,PAIN AUX RAISINS,3.0,1.5
2022-02-14,PAIN BANETTE,1.0,1.5
2022-02-14,PAIN CHOCO AMANDES,4.0,1.6
2022-02-14,QUIM BREAD,4.0,1.1
2022-02-14,SAND JB EMMENTAL,3.0,3.5
2022-02-14,SANDWICH COMPLET,5.0,4.5
2022-02-14,SEIGLE,1.0,1.9
2022-02-14,SPECIAL BREAD,7.0,2.5
2022-02-14,TARTELETTE,5.0,2.1
2022-02-14,TRADITIONAL BAGUETTE,126.0,1.25
2022-02-15,BAGUETTE,31.0,0.9499999999999998
2022-02-15,BANETTE,36.0,1.1
2022-02-15,BANETTINE,6.0,0.65
2022-02-15,BOISSON 33CL,4.0,1.5
2022-02-15,BOULE 200G,8.0,1.15
2022-02-15,BOULE 400G,11.0,1.6
2022-02-15,BRIOCHE,2.0,6.0
2022-02-15,CAFE OU EAU,8.0,1.0
2022-02-15,CAMPAGNE,5.0,1.9
2022-02-15,CEREAL BAGUETTE,10.0,1.3
2022-02-15,CHAUSSON AUX POMMES,3.0,1.5
2022-02-15,COMPLET,6.0,1.8
2022-02-15,COOKIE,8.0,1.1
2022-02-15,COUPE,37.0,0.15
2022-02-15,CROISSANT,54.0,1.15
2022-02-15,CROISSANT AMANDES,3.0,1.5
2022-02-15,DEMI BAGUETTE,1.0,0.5
2022-02-15,ECLAIR,3.0,2.1
2022-02-15,FICELLE,5.0,0.65
2022-02-15,FINANCIER X5,1.0,3.5
2022-02-15,FORMULE SANDWICH,13.0,6.5
2022-02-15,KOUIGN AMANN,3.0,2.2
2022-02-15,MOISSON,6.0,2.1
2022-02-15,PAIN,13.0,1.25
2022-02-15,PAIN AU CHOCOLAT,46.0,1.25
2022-02-15,PAIN AUX RAISINS,4.0,1.5
2022-02-15,PAIN BANETTE,5.0,1.5
2022-02-15,PAIN CHOCO AMANDES,2.0,1.6
2022-02-15,QUIM BREAD,6.0,1.1
2022-02-15,SAND JB EMMENTAL,4.0,3.5
2022-02-15,SANDWICH COMPLET,6.0,4.5
2022-02-15,SEIGLE,3.0,1.8999999999999997
2022-02-15,SPECIAL BREAD,10.0,2.5
2022-02-15,TRADITIONAL BAGUETTE,142.0,1.25
2022-02-17,BAGUETTE,35.0,0.95
2022-02-17,BANETTE,29.0,1.1
2022-02-17,BANETTINE,6.0,0.65
2022-02-17,BOISSON 33CL,7.0,1.5
2022-02-17,BOULE 200G,6.0,1.15
2022-02-17,BOULE 400G,8.0,1.6
2022-02-17,BRIOCHE,2.0,6.0
2022-02-17,CAFE OU EAU,2.0,1.0
2022-02-17,CAMPAGNE,5.0,1.8999999999999997
2022-02-17,CEREAL BAGUETTE,10.0,1.3
2022-02-17,CHAUSSON AUX POMMES,1.0,1.5
2022-02-17,COMPLET,6.0,1.8
2022-02-17,COOKIE,5.0,1.1
2022-02-17,COUPE,31.0,0.15
2022-02-17,CROISSANT,11.0,1.15
2022-02-17,CROISSANT AMANDES,5.0,1.5
2022-02-17,DEMI BAGUETTE,4.0,0.5
2022-02-17,FICELLE,5.0,0.65
2022-02-17,FINANCIER X5,3.0,3.5
2022-02-17,FORMULE SANDWICH,16.0,6.5
2022-02-17,KOUIGN AMANN,1.0,2.2
2022-02-17,MOISSON,4.0,2.1
2022-02-17,PAIN,13.0,1.25
2022-02-17,PAIN AU CHOCOLAT,26.0,1.25
2022-02-17,PAIN AUX RAISINS,3.0,1.5
2022-02-17,PAIN BANETTE,6.0,1.5
2022-02-17,PAIN CHOCO AMANDES,2.0,1.6
2022-02-17,QUIM BREAD,2.0,1.1
2022-02-17,SAND JB EMMENTAL,4.0,3.5
2022-02-17,SANDWICH COMPLET,9.0,4.5
2022-02-17,SEIGLE,2.0,1.9
2022-02-17,SPECIAL BREAD,10.0,2.5
2022-02-17,TARTELETTE,5.0,2.1
2022-02-17,TRADITIONAL BAGUETTE,156.0,1.25
2022-02-18,BAGUETTE,39.0,0.95
2022-02-18,BANETTE,31.0,1.1
2022-02-18,BANETTINE,5.0,0.65
2022-02-18,BOISSON 33CL,1.0,1.5
2022-02-18,BOULE 200G,2.0,1.15
2022-02-18,BOULE 400G,9.0,1.6
2022-02-18,CAFE OU EAU,2.0,1.0
2022-02-18,CAMPAGNE,5.0,1.9
2022-02-18,CEREAL BAGUETTE,10.0,1.3
2022-02-18,CHAUSSON AUX POMMES,4.0,1.5
2022-02-18,COMPLET,3.0,1.8
2022-02-18,COOKIE,8.0,1.1
2022-02-18,COUPE,28.0,0.15
2022-02-18,CROISSANT,17.0,1.15
2022-02-18,CROISSANT AMANDES,2.0,1.5
2022-02-18,DEMI BAGUETTE,4.0,0.5
2022-02-18,ECLAIR,14.0,2.1
2022-02-18,FICELLE,4.0,0.65
2022-02-18,FINANCIER X5,2.0,3.5
2022-02-18,FORMULE SANDWICH,8.0,6.5
2022-02-18,KOUIGN AMANN,4.0,2.2
2022-02-18,MOISSON,6.0,2.1
2022-02-18,PAIN,11.0,1.25
2022-02-18,PAIN AU CHOCOLAT,46.0,1.25
2022-02-18,PAIN AUX RAISINS,1.0,1.5
2022-02-18,PAIN BANETTE,5.0,1.5
2022-02-18,PAIN CHOCO AMANDES,2.0,1.6
2022-02-18,QUIM BREAD,5.0,1.1
2022-02-18,SAND JB EMMENTAL,3.0,3.5
2022-02-18,SANDWICH COMPLET,1.0,4.5
2022-02-18,SPECIAL BREAD,9.0,2.5
2022-02-18,TARTELETTE,11.0,2.1
2022-02-18,TRADITIONAL BAGUETTE,153.0,1.25
2022-02-19,BAGUETTE,45.0,0.95
2022-02-19,BANETTE,42.0,1.1
2022-02-19,BANETTINE,6.0,0.65
2022-02-19,BOISSON 33CL,1.0,1.5
2022-02-19,BOULE 200G,6.0,1.15
2022-02-19,BOULE 400G,10.0,1.6
2022-02-19,BRIOCHE,1.0,6.0
2022-02-19,CAFE OU EAU,4.0,1.0
2022-02-19,CEREAL BAGUETTE,10.0,1.3
2022-02-19,CHAUSSON AUX POMMES,3.0,1.5
2022-02-19,COMPLET,6.0,1.8
2022-02-19,COOKIE,12.0,1.1
2022-02-19,COUPE,45.0,0.15
2022-02-19,CROISSANT,44.0,1.15
2022-02-19,CROISSANT AMANDES,2.0,1.5
2022-02-19,DEMI BAGUETTE,2.0,0.5
2022-02-19,ECLAIR,8.0,2.1
2022-02-19,FICELLE,2.0,0.65
2022-02-19,FINANCIER X5,2.0,3.5
2022-02-19,FORMULE SANDWICH,3.0,6.5
2022-02-19,MOISSON,6.0,2.1
2022-02-19,PAIN,5.0,1.25
2022-02-19,PAIN AU CHOCOLAT,28.0,1.25
2022-02-19,PAIN AUX RAISINS,4.0,1.5
2022-02-19,PAIN BANETTE,5.0,1.5
2022-02-19,PAIN CHOCO AMANDES,2.0,1.6
2022-02-19,SANDWICH COMPLET,1.0,4.5
2022-02-19,SEIGLE,2.0,1.9
2022-02-19,SPECIAL BREAD,13.0,2.5
2022-02-19,TARTELETTE,13.0,2.1
2022-02-19,TRADITIONAL BAGUETTE,178.0,1.25
2022-02-20,BAGUETTE,43.0,0.95
2022-02-20,BANETTE,42.0,1.1
2022-02-20,BANETTINE,6.0,0.65
2022-02-20,BOULE 200G,3.0,1.15
2022-02-20,BOULE 400G,13.0,1.6
2022-02-20,BRIOCHE,6.0,6.0
2022-02-20,CAMPAGNE,9.0,1.9
2022-02-20,CEREAL BAGUETTE,10.0,1.3
2022-02-20,CHAUSSON AUX POMMES,5.0,1.5
2022-02-20,COMPLET,7.0,1.8
2022-02-20,COOKIE,8.0,1.1
2022-02-20,COUPE,47.0,0.15
2022-02-20,CROISSANT,96.0,1.15
2022-02-20,CROISSANT AMANDES,5.0,1.5
2022-02-20,DEMI BAGUETTE,1.0,0.5
2022-02-20,ECLAIR,4.0,2.1
2022-02-20,FICELLE,5.0,0.65
2022-02-20,FINANCIER X5,2.0,3.5
2022-02-20,KOUIGN AMANN,2.0,2.2
2022-02-20,MOISSON,6.0,2.1
2022-02-20,PAIN,10.0,1.25
2022-02-20,PAIN AU CHOCOLAT,87.0,1.25
2022-02-20,PAIN AUX RAISINS,4.0,1.5
2022-02-20,PAIN BANETTE,5.0,1.5
2022-02-20,PAIN CHOCO AMANDES,2.0,1.6
2022-02-20,QUIM BREAD,1.0,1.1
2022-02-20,SEIGLE,2.0,1.9
2022-02-20,SPECIAL BREAD,9.0,2.5
2022-02-20,TARTELETTE,29.0,2.1
2022-02-20,TRADITIONAL BAGUETTE,278.0,1.25
2022-02-21,BAGUETTE,24.0,0.9500000000000001
2022-02-21,BANETTE,22.0,1.1
2022-02-21,BANETTINE,6.0,0.65
2022-02-21,BOISSON 33CL,2.0,1.5
2022-02-21,BOULE 200G,6.0,1.15
2022-02-21,BOULE 400G,8.0,1.6
2022-02-21,CAFE OU EAU,1.0,1.0
2022-02-21,CAMPAGNE,5.0,1.9
2022-02-21,CEREAL BAGUETTE,4.0,1.3
2022-02-21,CHAUSSON AUX POMMES,5.0,1.5
2022-02-21,COMPLET,6.0,1.8
2022-02-21,COOKIE,5.0,1.1
2022-02-21,COUPE,36.0,0.15
2022-02-21,CROISSANT,18.0,1.15
2022-02-21,DEMI BAGUETTE,1.0,0.5
2022-02-21,FICELLE,3.0,0.65
2022-02-21,FINANCIER X5,1.0,3.5
2022-02-21,FORMULE SANDWICH,13.0,6.5
2022-02-21,KOUIGN AMANN,1.0,2.2
2022-02-21,MOISSON,7.0,2.1
2022-02-21,PAIN,2.0,1.25
2022-02-21,PAIN AU CHOCOLAT,16.0,1.25
2022-02-21,PAIN AUX RAISINS,2.0,1.5
2022-02-21,PAIN BANETTE,3.0,1.5
2022-02-21,PAIN CHOCO AMANDES,1.0,1.6
2022-02-21,QUIM BREAD,5.0,1.1
2022-02-21,SAND JB EMMENTAL,3.0,3.5
2022-02-21,SANDWICH COMPLET,4.0,4.5
2022-02-21,SEIGLE,3.0,1.8999999999999997
2022-02-21,SPECIAL BREAD,8.0,2.5
2022-02-21,TARTELETTE,2.0,2.1
2022-02-21,TRADITIONAL BAGUETTE,112.0,1.25
2022-02-22,BAGUETTE,31.0,0.95
2022-02-22,BANETTE,28.0,1.1
2022-02-22,BANETTINE,6.0,0.65
2022-02-22,BOISSON 33CL,2.0,1.5
2022-02-22,BOULE 200G,6.0,1.15
2022-02-22,BOULE 400G,8.0,1.6
2022-02-22,CAFE OU EAU,5.0,1.0
2022-02-22,CAMPAGNE,6.0,1.9
2022-02-22,CEREAL BAGUETTE,10.0,1.3
2022-02-22,CHAUSSON AUX POMMES,1.0,1.5
2022-02-22,COMPLET,5.0,1.8
2022-02-22,COOKIE,1.0,1.1
2022-02-22,COUPE,33.0,0.15
2022-02-22,CROISSANT,28.0,1.15
2022-02-22,CROISSANT AMANDES,1.0,1.5
2022-02-22,FICELLE,5.0,0.65
2022-02-22,FINANCIER X5,1.0,3.5
2022-02-22,FORMULE SANDWICH,6.0,7.0
2022-02-22,KOUIGN AMANN,1.0,2.2
2022-02-22,MOISSON,6.0,2.1
2022-02-22,PAIN,3.0,1.25
2022-02-22,PAIN AU CHOCOLAT,20.0,1.25
2022-02-22,PAIN AUX RAISINS,1.0,1.5
2022-02-22,PAIN BANETTE,4.0,1.5
2022-02-22,PAIN CHOCO AMANDES,2.0,1.6
2022-02-22,QUIM BREAD,1.0,1.1
2022-02-22,SAND JB EMMENTAL,1.0,4.0
2022-02-22,SANDWICH COMPLET,5.0,5.0
2022-02-22,SPECIAL BREAD,13.0,2.5
2022-02-22,TRADITIONAL BAGUETTE,132.0,1.25
2022-02-24,BAGUETTE,31.0,0.95
2022-02-24,BANETTE,32.0,1.1
2022-02-24,BANETTINE,4.0,0.65
2022-02-24,BOISSON 33CL,1.0,1.5
2022-02-24,BOULE 200G,6.0,1.15
2022-02-24,BOULE 400G,12.0,1.6
2022-02-24,CAFE OU EAU,2.0,1.0
2022-02-24,CAMPAGNE,5.0,1.9
2022-02-24,CEREAL BAGUETTE,10.0,1.3
2022-02-24,CHAUSSON AUX POMMES,4.0,1.5
2022-02-24,COMPLET,6.0,1.8
2022-02-24,COOKIE,7.0,1.1
2022-02-24,COUPE,35.0,0.15
2022-02-24,CROISSANT,20.0,1.15
2022-02-24,CROISSANT AMANDES,4.0,1.5
2022-02-24,DEMI BAGUETTE,1.0,0.5
2022-02-24,FICELLE,4.0,0.65
2022-02-24,FINANCIER X5,1.0,3.5
2022-02-24,FORMULE SANDWICH,7.0,7.0
2022-02-24,KOUIGN AMANN,1.0,2.2
2022-02-24,MOISSON,6.0,2.1
2022-02-24,PAIN,5.0,1.25
2022-02-24,PAIN AU CHOCOLAT,34.0,1.25
2022-02-24,PAIN AUX RAISINS,4.0,1.5
2022-02-24,PAIN BANETTE,3.0,1.5
2022-02-24,QUIM BREAD,2.0,1.1
2022-02-24,SAND JB EMMENTAL,6.0,4.0
2022-02-24,SANDWICH COMPLET,5.0,5.0
2022-02-24,SEIGLE,3.0,1.8999999999999997
2022-02-24,SPECIAL BREAD,9.0,2.5
2022-02-24,TARTELETTE,12.0,2.1
2022-02-24,TRADITIONAL BAGUETTE,154.0,1.25
2022-02-25,BAGUETTE,35.0,0.95
2022-02-25,BANETTE,30.0,1.1
2022-02-25,BANETTINE,6.0,0.65
2022-02-25,BOISSON 33CL,3.0,1.5
2022-02-25,BOULE 200G,1.0,1.15
2022-02-25,BOULE 400G,10.0,1.6
2022-02-25,BRIOCHE,2.0,6.0
2022-02-25,CAFE OU EAU,1.0,1.0
2022-02-25,CAMPAGNE,7.0,1.8999999999999997
2022-02-25,CEREAL BAGUETTE,10.0,1.3
2022-02-25,CHAUSSON AUX POMMES,5.0,1.5
2022-02-25,COMPLET,6.0,1.8
2022-02-25,COOKIE,8.0,1.1
2022-02-25,COUPE,31.0,0.15
2022-02-25,CROISSANT,13.0,1.15
2022-02-25,CROISSANT AMANDES,3.0,1.5
2022-02-25,DEMI BAGUETTE,2.0,0.5
2022-02-25,ECLAIR,18.0,2.1
2022-02-25,FICELLE,5.0,0.65
2022-02-25,FINANCIER X5,3.0,3.5
2022-02-25,FORMULE SANDWICH,12.0,7.0
2022-02-25,KOUIGN AMANN,4.0,2.2
2022-02-25,MOISSON,4.0,2.1
2022-02-25,PAIN,3.0,1.25
2022-02-25,PAIN AU CHOCOLAT,37.0,1.25
2022-02-25,PAIN AUX RAISINS,4.0,1.5
2022-02-25,PAIN BANETTE,4.0,1.5
2022-02-25,PAIN CHOCO AMANDES,4.0,1.6
2022-02-25,QUIM BREAD,5.0,1.1
2022-02-25,SAND JB EMMENTAL,1.0,4.0
2022-02-25,SANDWICH COMPLET,6.0,5.0
2022-02-25,SEIGLE,1.0,1.9
2022-02-25,SPECIAL BREAD,9.0,2.5
2022-02-25,TARTELETTE,13.0,2.1
2022-02-25,TRADITIONAL BAGUETTE,143.0,1.25
2022-02-26,BAGUETTE,38.0,0.9499999999999998
2022-02-26,BANETTE,38.0,1.1
2022-02-26,BANETTINE,6.0,0.65
2022-02-26,BOISSON 33CL,6.0,1.5
2022-02-26,BOULE 200G,3.0,1.15
2022-02-26,BOULE 400G,9.0,1.6
2022-02-26,BRIOCHE,3.0,6.0
2022-02-26,CAFE OU EAU,7.0,1.0
2022-02-26,CAMPAGNE,10.0,1.9
2022-02-26,CEREAL BAGUETTE,10.0,1.3
2022-02-26,CHAUSSON AUX POMMES,6.0,1.5
2022-02-26,COMPLET,7.0,1.8
2022-02-26,COOKIE,12.0,1.1
2022-02-26,COUPE,49.0,0.15
2022-02-26,CROISSANT,44.0,1.15
2022-02-26,CROISSANT AMANDES,7.0,1.5
2022-02-26,DEMI BAGUETTE,3.0,0.5
2022-02-26,ECLAIR,10.0,2.1
2022-02-26,FICELLE,4.0,0.65
2022-02-26,FINANCIER X5,1.0,3.5
2022-02-26,FORMULE SANDWICH,1.0,7.0
2022-02-26,KOUIGN AMANN,4.0,2.2
2022-02-26,MOISSON,5.0,2.1
2022-02-26,PAIN,5.0,1.25
2022-02-26,PAIN AU CHOCOLAT,38.0,1.25
2022-02-26,PAIN AUX RAISINS,5.0,1.5
2022-02-26,PAIN BANETTE,5.0,1.5
2022-02-26,PAIN CHOCO AMANDES,4.0,1.6000000000000003
2022-02-26,QUIM BREAD,5.0,1.1
2022-02-26,SANDWICH COMPLET,1.0,5.0
2022-02-26,SEIGLE,1.0,1.9
2022-02-26,SPECIAL BREAD,14.0,2.5
2022-02-26,TARTELETTE,14.0,2.1
2022-02-26,TRADITIONAL BAGUETTE,202.0,1.25
2022-02-27,BAGUETTE,61.0,0.95
2022-02-27,BANETTE,66.0,1.1
2022-02-27,BANETTINE,6.0,0.65
2022-02-27,BOULE 200G,6.0,1.15
2022-02-27,BOULE 400G,18.0,1.6
2022-02-27,BRIOCHE,7.0,6.0
2022-02-27,CAMPAGNE,13.0,1.9
2022-02-27,CEREAL BAGUETTE,9.0,1.3
2022-02-27,CHAUSSON AUX POMMES,2.0,1.5
2022-02-27,COMPLET,6.0,1.8
2022-02-27,COOKIE,6.0,1.1
2022-02-27,COUPE,68.0,0.15
2022-02-27,CROISSANT,92.0,1.15
2022-02-27,CROISSANT AMANDES,4.0,1.5
2022-02-27,DEMI BAGUETTE,2.0,0.5
2022-02-27,ECLAIR,28.0,2.1
2022-02-27,FICELLE,5.0,0.65
2022-02-27,FINANCIER X5,4.0,3.5
2022-02-27,KOUIGN AMANN,3.0,2.2
2022-02-27,MOISSON,8.0,2.1
2022-02-27,PAIN,4.0,1.25
2022-02-27,PAIN AU CHOCOLAT,68.0,1.25
2022-02-27,PAIN AUX RAISINS,4.0,1.5
2022-02-27,PAIN BANETTE,5.0,1.5
2022-02-27,PAIN CHOCO AMANDES,10.0,1.6000000000000003
2022-02-27,QUIM BREAD,1.0,1.1
2022-02-27,SEIGLE,3.0,1.8999999999999997
2022-02-27,SPECIAL BREAD,10.0,2.5
2022-02-27,TARTELETTE,40.0,2.1
2022-02-27,TRADITIONAL BAGUETTE,274.0,1.25
2022-02-28,BAGUETTE,23.0,0.9500000000000001
2022-02-28,BANETTE,19.0,1.1
2022-02-28,BANETTINE,6.0,0.65
2022-02-28,BOISSON 33CL,1.0,1.5
2022-02-28,BOULE 200G,4.0,1.15
2022-02-28,BOULE 400G,8.0,1.6
2022-02-28,BRIOCHE,2.0,6.0
2022-02-28,CAMPAGNE,4.0,1.9
2022-02-28,CEREAL BAGUETTE,7.0,1.3
2022-02-28,CHAUSSON AUX POMMES,6.0,1.5
2022-02-28,COMPLET,3.0,1.8
2022-02-28,COOKIE,8.0,1.1
2022-02-28,COUPE,29.0,0.15
2022-02-28,CROISSANT,15.0,1.15
2022-02-28,CROISSANT AMANDES,2.0,1.5
2022-02-28,ECLAIR,7.0,2.1
2022-02-28,FICELLE,3.0,0.65
2022-02-28,FINANCIER X5,2.0,3.5
2022-02-28,FORMULE SANDWICH,13.0,7.0
2022-02-28,KOUIGN AMANN,1.0,2.2
2022-02-28,MOISSON,6.0,2.1
2022-02-28,PAIN,3.0,1.25
2022-02-28,PAIN AU CHOCOLAT,15.0,1.25
2022-02-28,PAIN AUX RAISINS,3.0,1.5
2022-02-28,PAIN BANETTE,2.0,1.5
2022-02-28,QUIM BREAD,2.0,1.1
2022-02-28,SAND JB EMMENTAL,5.0,4.0
2022-02-28,SANDWICH COMPLET,1.0,5.0
2022-02-28,SEIGLE,1.0,1.9
2022-02-28,SPECIAL BREAD,10.0,2.5
2022-02-28,TARTELETTE,8.0,2.1
2022-02-28,TRADITIONAL BAGUETTE,154.0,1.25
2022-03-01,BAGUETTE,28.0,0.95
2022-03-01,BANETTE,30.0,1.1
2022-03-01,BANETTINE,4.0,0.65
2022-03-01,BOISSON 33CL,4.0,1.5
2022-03-01,BOULE 200G,4.0,1.15
2022-03-01,BOULE 400G,8.0,1.6
2022-03-01,BRIOCHE,1.0,6.0
2022-03-01,CAFE OU EAU,7.0,1.0
2022-03-01,CAMPAGNE,8.0,1.9
2022-03-01,CEREAL BAGUETTE,9.0,1.3
2022-03-01,COMPLET,6.0,1.8
2022-03-01,COOKIE,5.0,1.1
2022-03-01,COUPE,34.0,0.15
2022-03-01,CROISSANT,15.0,1.15
2022-03-01,CROISSANT AMANDES,6.0,1.5
2022-03-01,DEMI BAGUETTE,4.0,0.5
2022-03-01,ECLAIR,6.0,2.1
2022-03-01,FICELLE,2.0,0.65
2022-03-01,FINANCIER X5,1.0,3.5
2022-03-01,FORMULE SANDWICH,17.0,7.0
2022-03-01,KOUIGN AMANN,1.0,2.2
2022-03-01,MOISSON,5.0,2.1
2022-03-01,PAIN,3.0,1.25
2022-03-01,PAIN AU CHOCOLAT,17.0,1.25
2022-03-01,PAIN AUX RAISINS,1.0,1.5
2022-03-01,PAIN BANETTE,6.0,1.5
2022-03-01,PAIN CHOCO AMANDES,5.0,1.6
2022-03-01,QUIM BREAD,4.0,1.1
2022-03-01,SAND JB EMMENTAL,4.0,4.0
2022-03-01,SANDWICH COMPLET,5.0,5.0
2022-03-01,SEIGLE,1.0,1.9
2022-03-01,SPECIAL BREAD,10.0,2.5
2022-03-01,TARTELETTE,6.0,2.1
2022-03-01,TRADITIONAL BAGUETTE,148.0,1.25
2022-03-02,BAGUETTE,10.0,0.9499999999999998
2022-03-02,BANETTE,20.0,1.1
2022-03-02,BANETTINE,6.0,0.65
2022-03-02,BOISSON 33CL,2.0,1.5
2022-03-02,BOULE 200G,6.0,1.15
2022-03-02,BOULE 400G,2.0,1.6
2022-03-02,BRIOCHE,1.0,6.0
2022-03-02,CAMPAGNE,5.0,1.9
2022-03-02,CEREAL BAGUETTE,11.0,1.3
2022-03-02,CHAUSSON AUX POMMES,3.0,1.5
2022-03-02,COMPLET,6.0,1.8
2022-03-02,COOKIE,6.0,1.1
2022-03-02,COUPE,25.0,0.15
2022-03-02,CROISSANT,24.0,1.15
2022-03-02,CROISSANT AMANDES,2.0,1.5
2022-03-02,DEMI BAGUETTE,2.0,0.5
2022-03-02,ECLAIR,8.0,2.1
2022-03-02,FINANCIER X5,1.0,3.5
2022-03-02,FORMULE SANDWICH,15.0,7.0
2022-03-02,MOISSON,3.0,2.1
2022-03-02,PAIN,6.0,1.25
2022-03-02,PAIN AU CHOCOLAT,15.0,1.25
2022-03-02,PAIN AUX RAISINS,5.0,1.5
2022-03-02,PAIN BANETTE,5.0,1.5
2022-03-02,QUIM BREAD,3.0,1.1
2022-03-02,SAND JB EMMENTAL,4.0,4.0
2022-03-02,SANDWICH COMPLET,5.0,5.0
2022-03-02,SEIGLE,1.0,1.9
2022-03-02,SPECIAL BREAD,5.0,2.5
2022-03-02,TARTELETTE,5.0,2.1
2022-03-02,TRADITIONAL BAGUETTE,119.0,1.25
2022-03-03,BAGUETTE,24.0,0.9499999999999998
2022-03-03,BANETTE,30.0,1.1
2022-03-03,BANETTINE,6.0,0.65
2022-03-03,BOISSON 33CL,2.0,1.5
2022-03-03,BOULE 200G,4.0,1.15
2022-03-03,BOULE 400G,6.0,1.6
2022-03-03,BRIOCHE,1.0,6.0
2022-03-03,CAMPAGNE,6.0,1.9
2022-03-03,CEREAL BAGUETTE,4.0,1.3
2022-03-03,CHAUSSON AUX POMMES,4.0,1.5
2022-03-03,COMPLET,6.0,1.8
2022-03-03,COOKIE,2.0,1.1
2022-03-03,COUPE,24.0,0.15
2022-03-03,CROISSANT,11.0,1.15
2022-03-03,CROISSANT AMANDES,2.0,1.5
2022-03-03,DEMI BAGUETTE,2.0,0.5
2022-03-03,ECLAIR,1.0,2.1
2022-03-03,FICELLE,1.0,0.65
2022-03-03,FINANCIER X5,4.0,3.5
2022-03-03,FORMULE SANDWICH,13.0,7.0
2022-03-03,MOISSON,7.0,2.1
2022-03-03,PAIN,2.0,1.25
2022-03-03,PAIN AU CHOCOLAT,22.0,1.25
2022-03-03,PAIN BANETTE,3.0,1.5
2022-03-03,SANDWICH COMPLET,4.0,5.0
2022-03-03,SEIGLE,3.0,1.8999999999999997
2022-03-03,SPECIAL BREAD,5.0,2.5
2022-03-03,TARTELETTE,6.0,2.1
2022-03-03,TRADITIONAL BAGUETTE,122.0,1.25
2022-03-04,BAGUETTE,26.0,0.9499999999999998
2022-03-04,BANETTE,30.0,1.1
2022-03-04,BANETTINE,7.0,0.65
2022-03-04,BOISSON 33CL,1.0,1.5
2022-03-04,BOULE 200G,6.0,1.15
2022-03-04,BOULE 400G,7.0,1.6000000000000003
2022-03-04,BRIOCHE,1.0,6.0
2022-03-04,CAFE OU EAU,4.0,1.0
2022-03-04,CAMPAGNE,8.0,1.9
2022-03-04,CEREAL BAGUETTE,10.0,1.3
2022-03-04,COMPLET,7.0,1.8
2022-03-04,COOKIE,7.0,1.1
2022-03-04,COUPE,41.0,0.15
2022-03-04,CROISSANT,26.0,1.15
2022-03-04,CROISSANT AMANDES,3.0,1.5
2022-03-04,DEMI BAGUETTE,4.0,0.5
2022-03-04,ECLAIR,1.0,2.1
2022-03-04,FICELLE,3.0,0.65
2022-03-04,FINANCIER X5,1.0,3.5
2022-03-04,FORMULE SANDWICH,14.0,7.0
2022-03-04,KOUIGN AMANN,8.0,2.2
2022-03-04,MOISSON,2.0,2.1
2022-03-04,PAIN,5.0,1.25
2022-03-04,PAIN AU CHOCOLAT,23.0,1.25
2022-03-04,PAIN BANETTE,3.0,1.5
2022-03-04,PAIN CHOCO AMANDES,3.0,1.6
2022-03-04,QUIM BREAD,4.0,1.1
2022-03-04,SAND JB EMMENTAL,1.0,4.0
2022-03-04,SANDWICH COMPLET,5.0,5.0
2022-03-04,SEIGLE,1.0,1.9
2022-03-04,SPECIAL BREAD,10.0,2.5
2022-03-04,TRADITIONAL BAGUETTE,141.0,1.25
2022-03-05,BAGUETTE,39.0,0.95
2022-03-05,BANETTE,40.0,1.1
2022-03-05,BANETTINE,4.0,0.65
2022-03-05,BOULE 200G,4.0,1.15
2022-03-05,BOULE 400G,10.0,1.6
2022-03-05,BRIOCHE,1.0,6.0
2022-03-05,CAMPAGNE,9.0,1.9
2022-03-05,CEREAL BAGUETTE,10.0,1.3
2022-03-05,CHAUSSON AUX POMMES,8.0,1.5
2022-03-05,COMPLET,6.0,1.8
2022-03-05,COOKIE,5.0,1.1
2022-03-05,COUPE,45.0,0.15
2022-03-05,CROISSANT,52.0,1.15
2022-03-05,CROISSANT AMANDES,5.0,1.5
2022-03-05,DEMI BAGUETTE,1.0,0.5
2022-03-05,ECLAIR,13.0,2.1
2022-03-05,FICELLE,3.0,0.65
2022-03-05,FINANCIER X5,4.0,3.5
2022-03-05,FORMULE SANDWICH,3.0,7.0
2022-03-05,MOISSON,2.0,2.1
2022-03-05,PAIN,4.0,1.25
2022-03-05,PAIN AU CHOCOLAT,45.0,1.25
2022-03-05,PAIN AUX RAISINS,4.0,1.5
2022-03-05,PAIN BANETTE,4.0,1.5
2022-03-05,PAIN CHOCO AMANDES,3.0,1.6
2022-03-05,QUIM BREAD,3.0,1.1
2022-03-05,SANDWICH COMPLET,4.0,5.0
2022-03-05,SEIGLE,3.0,1.8999999999999997
2022-03-05,SPECIAL BREAD,9.0,2.5
2022-03-05,TARTELETTE,13.0,2.1
2022-03-05,TRADITIONAL BAGUETTE,199.0,1.25
2022-03-06,BAGUETTE,47.0,0.95
2022-03-06,BANETTE,53.0,1.1
2022-03-06,BANETTINE,7.0,0.65
2022-03-06,BOISSON 33CL,1.0,1.5
2022-03-06,BOULE 200G,6.0,1.15
2022-03-06,BOULE 400G,13.0,1.6
2022-03-06,BRIOCHE,5.0,6.0
2022-03-06,CAFE OU EAU,1.0,1.0
2022-03-06,CAMPAGNE,12.0,1.8999999999999997
2022-03-06,CEREAL BAGUETTE,10.0,1.3
2022-03-06,CHAUSSON AUX POMMES,4.0,1.5
2022-03-06,COMPLET,6.0,1.8
2022-03-06,COOKIE,2.0,1.1
2022-03-06,COUPE,56.0,0.15
2022-03-06,CROISSANT,72.0,1.15
2022-03-06,CROISSANT AMANDES,4.0,1.5
2022-03-06,DEMI BAGUETTE,2.0,0.5
2022-03-06,ECLAIR,22.0,2.1
2022-03-06,FICELLE,3.0,0.65
2022-03-06,FINANCIER X5,1.0,3.5
2022-03-06,MOISSON,7.0,2.1
2022-03-06,PAIN,4.0,1.25
2022-03-06,PAIN AU CHOCOLAT,76.0,1.25
2022-03-06,PAIN AUX RAISINS,5.0,1.5
2022-03-06,PAIN BANETTE,5.0,1.5
2022-03-06,PAIN CHOCO AMANDES,5.0,1.6
2022-03-06,SPECIAL BREAD,15.0,2.5
2022-03-06,TARTELETTE,28.0,2.1
2022-03-06,TRADITIONAL BAGUETTE,251.0,1.25
2022-03-07,BAGUETTE,25.0,0.95
2022-03-07,BANETTE,25.0,1.1
2022-03-07,BANETTINE,4.0,0.65
2022-03-07,BOISSON 33CL,7.0,1.5
2022-03-07,BOULE 200G,3.0,1.15
2022-03-07,BOULE 400G,9.0,1.6
2022-03-07,CAFE OU EAU,2.0,1.0
2022-03-07,CAMPAGNE,4.0,1.8999999999999997
2022-03-07,CEREAL BAGUETTE,3.0,1.3
2022-03-07,CHAUSSON AUX POMMES,2.0,1.5
2022-03-07,COOKIE,4.0,1.1
2022-03-07,COUPE,21.0,0.15
2022-03-07,CROISSANT,30.0,1.15
2022-03-07,CROISSANT AMANDES,2.0,1.5
2022-03-07,DEMI BAGUETTE,2.0,0.5
2022-03-07,ECLAIR,2.0,2.1
2022-03-07,FICELLE,3.0,0.65
2022-03-07,FORMULE SANDWICH,16.0,7.0
2022-03-07,KOUIGN AMANN,1.0,2.2
2022-03-07,MOISSON,6.0,2.1
2022-03-07,PAIN,3.0,1.25
2022-03-07,PAIN AU CHOCOLAT,23.0,1.25
2022-03-07,PAIN AUX RAISINS,4.0,1.5
2022-03-07,PAIN BANETTE,1.0,1.5
2022-03-07,PAIN CHOCO AMANDES,4.0,1.6000000000000003
2022-03-07,QUIM BREAD,4.0,1.1
2022-03-07,SAND JB EMMENTAL,4.0,4.0
2022-03-07,SANDWICH COMPLET,14.0,5.0
2022-03-07,SEIGLE,2.0,1.9
2022-03-07,SPECIAL BREAD,9.0,2.5
2022-03-07,TARTELETTE,1.0,2.1
2022-03-07,TRADITIONAL BAGUETTE,141.0,1.25
2022-03-08,BAGUETTE,25.0,0.95
2022-03-08,BANETTE,30.0,1.1
2022-03-08,BANETTINE,5.0,0.65
2022-03-08,BOISSON 33CL,5.0,1.5
2022-03-08,BOULE 400G,6.0,1.6000000000000003
2022-03-08,CAFE OU EAU,6.0,1.0
2022-03-08,CAMPAGNE,5.0,1.9
2022-03-08,CEREAL BAGUETTE,8.0,1.3
2022-03-08,CHAUSSON AUX POMMES,1.0,1.5
2022-03-08,COMPLET,4.0,1.8
2022-03-08,COOKIE,10.0,1.1
2022-03-08,COUPE,16.0,0.15
2022-03-08,CROISSANT,21.0,1.15
2022-03-08,CROISSANT AMANDES,6.0,1.5
2022-03-08,DEMI BAGUETTE,2.0,0.5
2022-03-08,FICELLE,3.0,0.65
2022-03-08,FINANCIER X5,2.0,3.5
2022-03-08,FORMULE SANDWICH,14.0,7.0
2022-03-08,MOISSON,6.0,2.1
2022-03-08,PAIN,5.0,1.25
2022-03-08,PAIN AU CHOCOLAT,20.0,1.25
2022-03-08,PAIN AUX RAISINS,3.0,1.5
2022-03-08,PAIN BANETTE,4.0,1.5
2022-03-08,PAIN CHOCO AMANDES,3.0,1.6
2022-03-08,QUIM BREAD,5.0,1.1
2022-03-08,SAND JB EMMENTAL,3.0,4.0
2022-03-08,SANDWICH COMPLET,6.0,5.0
2022-03-08,SPECIAL BREAD,4.0,2.5
2022-03-08,TARTELETTE,10.0,2.1
2022-03-08,TRADITIONAL BAGUETTE,72.0,1.25
2022-03-09,BAGUETTE,17.0,0.95
2022-03-09,BANETTE,11.0,1.1
2022-03-09,BANETTINE,1.0,0.65
2022-03-09,BOISSON 33CL,4.0,1.5
2022-03-09,BOULE 200G,1.0,1.15
2022-03-09,BOULE 400G,3.0,1.6
2022-03-09,CAFE OU EAU,2.0,1.0
2022-03-09,CAMPAGNE,1.0,1.9
2022-03-09,CEREAL BAGUETTE,1.0,1.3
2022-03-09,CHAUSSON AUX POMMES,1.0,1.5
2022-03-09,COMPLET,7.0,1.8
2022-03-09,COOKIE,1.0,1.1
2022-03-09,COUPE,11.0,0.15
2022-03-09,CROISSANT,19.0,1.15
2022-03-09,CROISSANT AMANDES,2.0,1.5
2022-03-09,DEMI BAGUETTE,2.0,0.5
2022-03-09,ECLAIR,1.0,2.1
2022-03-09,FICELLE,1.0,0.65
2022-03-09,FORMULE SANDWICH,10.0,7.0
2022-03-09,MOISSON,1.0,2.1
2022-03-09,PAIN,4.0,1.25
2022-03-09,PAIN AU CHOCOLAT,31.0,1.25
2022-03-09,PAIN AUX RAISINS,2.0,1.5
2022-03-09,PAIN BANETTE,1.0,1.5
2022-03-09,PAIN CHOCO AMANDES,1.0,1.6
2022-03-09,QUIM BREAD,4.0,1.1
2022-03-09,SAND JB EMMENTAL,2.0,4.0
2022-03-09,SANDWICH COMPLET,1.0,5.0
2022-03-09,SEIGLE,2.0,1.9
2022-03-09,SPECIAL BREAD,3.0,2.5
2022-03-09,TARTELETTE,9.0,2.1
2022-03-09,TRADITIONAL BAGUETTE,56.0,1.25
2022-03-10,BAGUETTE,19.0,0.95
2022-03-10,BANETTE,22.0,1.1
2022-03-10,BANETTINE,6.0,0.65
2022-03-10,BOISSON 33CL,3.0,1.5
2022-03-10,BOULE 200G,1.0,1.15
2022-03-10,BOULE 400G,4.0,1.6000000000000003
2022-03-10,CAFE OU EAU,1.0,1.0
2022-03-10,CEREAL BAGUETTE,6.0,1.3
2022-03-10,CHAUSSON AUX POMMES,2.0,1.5
2022-03-10,COMPLET,3.0,1.8
2022-03-10,COOKIE,3.0,1.1
2022-03-10,COUPE,9.0,0.15
2022-03-10,CROISSANT,22.0,1.15
2022-03-10,CROISSANT AMANDES,2.0,1.5
2022-03-10,DEMI BAGUETTE,1.0,0.5
2022-03-10,ECLAIR,4.0,2.1
2022-03-10,FICELLE,1.0,0.65
2022-03-10,FORMULE SANDWICH,11.0,7.0
2022-03-10,KOUIGN AMANN,5.0,2.2
2022-03-10,MOISSON,1.0,2.1
2022-03-10,PAIN,2.0,1.25
2022-03-10,PAIN AU CHOCOLAT,18.0,1.25
2022-03-10,PAIN AUX RAISINS,3.0,1.5
2022-03-10,PAIN BANETTE,2.0,1.5
2022-03-10,PAIN CHOCO AMANDES,1.0,1.6
2022-03-10,QUIM BREAD,4.0,1.1
2022-03-10,SAND JB EMMENTAL,2.0,4.0
2022-03-10,SANDWICH COMPLET,1.0,5.0
2022-03-10,SPECIAL BREAD,4.0,2.5
2022-03-10,TARTELETTE,9.0,2.1
2022-03-10,TRADITIONAL BAGUETTE,66.0,1.25
2022-03-11,BAGUETTE,26.0,0.95
2022-03-11,BANETTE,24.0,1.1
2022-03-11,BANETTINE,3.0,0.65
2022-03-11,BOISSON 33CL,3.0,1.5
2022-03-11,BOULE 200G,2.0,1.15
2022-03-11,BOULE 400G,5.0,1.6
2022-03-11,BRIOCHE,2.0,6.0
2022-03-11,CAFE OU EAU,4.0,1.0
2022-03-11,CAMPAGNE,4.0,1.8999999999999997
2022-03-11,CEREAL BAGUETTE,3.0,1.3
2022-03-11,CHAUSSON AUX POMMES,3.0,1.5
2022-03-11,COMPLET,3.0,1.8
2022-03-11,COOKIE,3.0,1.1
2022-03-11,COUPE,14.0,0.15
2022-03-11,CROISSANT,17.0,1.15
2022-03-11,CROISSANT AMANDES,6.0,1.5
2022-03-11,DEMI BAGUETTE,2.0,0.5
2022-03-11,ECLAIR,2.0,2.1
2022-03-11,FICELLE,2.0,0.65
2022-03-11,FINANCIER X5,2.0,3.5
2022-03-11,FORMULE SANDWICH,9.0,7.0
2022-03-11,MOISSON,3.0,2.1
2022-03-11,PAIN,3.0,1.25
2022-03-11,PAIN AU CHOCOLAT,12.0,1.25
2022-03-11,PAIN AUX RAISINS,2.0,1.5
2022-03-11,PAIN BANETTE,1.0,1.5
2022-03-11,PAIN CHOCO AMANDES,5.0,1.6
2022-03-11,QUIM BREAD,1.0,1.1
2022-03-11,SAND JB EMMENTAL,3.0,4.0
2022-03-11,SANDWICH COMPLET,1.0,5.0
2022-03-11,SEIGLE,1.0,1.9
2022-03-11,TRADITIONAL BAGUETTE,77.0,1.25
2022-03-12,BAGUETTE,27.0,0.95
2022-03-12,BANETTE,24.0,1.1
2022-03-12,BANETTINE,6.0,0.65
2022-03-12,BOISSON 33CL,1.0,1.5
2022-03-12,BOULE 200G,6.0,1.15
2022-03-12,BOULE 400G,6.0,1.6000000000000003
2022-03-12,BRIOCHE,1.0,6.0
2022-03-12,CAMPAGNE,5.0,1.9
2022-03-12,CEREAL BAGUETTE,8.0,1.3
2022-03-12,CHAUSSON AUX POMMES,3.0,1.5
2022-03-12,COMPLET,5.0,1.8
2022-03-12,COOKIE,4.0,1.1
2022-03-12,COUPE,27.0,0.15
2022-03-12,CROISSANT,22.0,1.15
2022-03-12,CROISSANT AMANDES,3.0,1.5
2022-03-12,ECLAIR,2.0,2.1
2022-03-12,FICELLE,5.0,0.65
2022-03-12,FINANCIER X5,2.0,3.5
2022-03-12,KOUIGN AMANN,6.0,2.2
2022-03-12,MOISSON,1.0,2.1
2022-03-12,PAIN,2.0,1.25
2022-03-12,PAIN AU CHOCOLAT,27.0,1.25
2022-03-12,PAIN AUX RAISINS,2.0,1.5
2022-03-12,PAIN BANETTE,4.0,1.5
2022-03-12,PAIN CHOCO AMANDES,5.0,1.6
2022-03-12,QUIM BREAD,3.0,1.1
2022-03-12,SAND JB EMMENTAL,1.0,4.0
2022-03-12,SANDWICH COMPLET,4.0,5.0
2022-03-12,SEIGLE,3.0,1.8999999999999997
2022-03-12,SPECIAL BREAD,3.0,2.5
2022-03-12,TARTELETTE,9.0,2.1
2022-03-12,TRADITIONAL BAGUETTE,96.0,1.25
2022-03-13,BAGUETTE,36.0,0.95
2022-03-13,BANETTE,31.0,1.1
2022-03-13,BANETTINE,6.0,0.65
2022-03-13,BOULE 200G,6.0,1.15
2022-03-13,BOULE 400G,10.0,1.6
2022-03-13,BRIOCHE,3.0,6.0
2022-03-13,CAFE OU EAU,1.0,1.0
2022-03-13,CAMPAGNE,5.0,1.9
2022-03-13,CEREAL BAGUETTE,10.0,1.3
2022-03-13,CHAUSSON AUX POMMES,4.0,1.5
2022-03-13,COMPLET,5.0,1.8
2022-03-13,COOKIE,7.0,1.1
2022-03-13,COUPE,44.0,0.15
2022-03-13,CROISSANT,57.0,1.15
2022-03-13,CROISSANT AMANDES,6.0,1.5
2022-03-13,ECLAIR,11.0,2.1
2022-03-13,FICELLE,5.0,0.65
2022-03-13,FINANCIER X5,1.0,3.5
2022-03-13,FORMULE SANDWICH,2.0,7.0
2022-03-13,MOISSON,4.0,2.1
2022-03-13,PAIN,3.0,1.25
2022-03-13,PAIN AU CHOCOLAT,50.0,1.25
2022-03-13,PAIN AUX RAISINS,6.0,1.5
2022-03-13,PAIN BANETTE,3.0,1.5
2022-03-13,PAIN CHOCO AMANDES,3.0,1.6
2022-03-13,QUIM BREAD,1.0,1.1
2022-03-13,SEIGLE,3.0,1.8999999999999997
2022-03-13,SPECIAL BREAD,7.0,2.5
2022-03-13,TARTELETTE,16.0,2.1
2022-03-13,TRADITIONAL BAGUETTE,180.0,1.25
2022-03-14,BAGUETTE,24.0,0.95
2022-03-14,BANETTE,28.0,1.1
2022-03-14,BANETTINE,2.0,0.65
2022-03-14,BOISSON 33CL,7.0,1.5
2022-03-14,BOULE 200G,3.0,1.15
2022-03-14,BOULE 400G,3.0,1.6000000000000003
2022-03-14,BRIOCHE,1.0,6.0
2022-03-14,CAMPAGNE,4.0,1.9
2022-03-14,CEREAL BAGUETTE,5.0,1.3
2022-03-14,CHAUSSON AUX POMMES,3.0,1.5
2022-03-14,COMPLET,7.0,1.8
2022-03-14,COOKIE,5.0,1.1
2022-03-14,COUPE,25.0,0.15
2022-03-14,CROISSANT,23.0,1.15
2022-03-14,CROISSANT AMANDES,1.0,1.5
2022-03-14,ECLAIR,3.0,2.1
2022-03-14,FICELLE,3.0,0.65
2022-03-14,FINANCIER X5,2.0,3.5
2022-03-14,FORMULE SANDWICH,19.0,7.0
2022-03-14,MOISSON,6.0,2.1
2022-03-14,PAIN,1.0,1.25
2022-03-14,PAIN AU CHOCOLAT,13.0,1.25
2022-03-14,PAIN AUX RAISINS,4.0,1.5
2022-03-14,PAIN BANETTE,2.0,1.5
2022-03-14,PAIN CHOCO AMANDES,4.0,1.6
2022-03-14,SAND JB EMMENTAL,7.0,4.0
2022-03-14,SANDWICH COMPLET,6.0,5.0
2022-03-14,SEIGLE,1.0,1.9
2022-03-14,SPECIAL BREAD,7.0,2.5
2022-03-14,TRADITIONAL BAGUETTE,87.0,1.25
2022-03-15,BAGUETTE,28.0,0.95
2022-03-15,BANETTE,19.0,1.1
2022-03-15,BANETTINE,3.0,0.65
2022-03-15,BOISSON 33CL,5.0,1.5
2022-03-15,BOULE 200G,3.0,1.15
2022-03-15,BOULE 400G,4.0,1.6
2022-03-15,CAFE OU EAU,6.0,1.0
2022-03-15,CAMPAGNE,4.0,1.8999999999999997
2022-03-15,CEREAL BAGUETTE,2.0,1.3
2022-03-15,CHAUSSON AUX POMMES,3.0,1.5
2022-03-15,COMPLET,4.0,1.8
2022-03-15,COOKIE,5.0,1.1
2022-03-15,COUPE,21.0,0.15
2022-03-15,CROISSANT,12.0,1.15
2022-03-15,CROISSANT AMANDES,4.0,1.5
2022-03-15,ECLAIR,1.0,2.1
2022-03-15,FICELLE,2.0,0.65
2022-03-15,FINANCIER X5,4.0,3.5
2022-03-15,FORMULE SANDWICH,9.0,7.0
2022-03-15,MOISSON,5.0,2.1
2022-03-15,PAIN,5.0,1.25
2022-03-15,PAIN AU CHOCOLAT,20.0,1.25
2022-03-15,PAIN AUX RAISINS,4.0,1.5
2022-03-15,PAIN CHOCO AMANDES,3.0,1.6
2022-03-15,QUIM BREAD,5.0,1.1
2022-03-15,SAND JB EMMENTAL,4.0,4.0
2022-03-15,SANDWICH COMPLET,4.0,5.0
2022-03-15,SEIGLE,1.0,1.9
2022-03-15,SPECIAL BREAD,5.0,2.5
2022-03-15,TARTELETTE,3.0,2.1
2022-03-15,TRADITIONAL BAGUETTE,74.0,1.25
2022-03-16,BAGUETTE,20.0,0.9499999999999998
2022-03-16,BANETTE,12.0,1.1
2022-03-16,BANETTINE,3.0,0.65
2022-03-16,BOISSON 33CL,2.0,1.5
2022-03-16,BOULE 200G,2.0,1.15
2022-03-16,BOULE 400G,3.0,1.6000000000000003
2022-03-16,CAFE OU EAU,4.0,1.0
2022-03-16,CAMPAGNE,1.0,1.9
2022-03-16,COUPE,8.0,0.15
2022-03-16,CROISSANT,22.0,1.15
2022-03-16,CROISSANT AMANDES,1.0,1.5
2022-03-16,DEMI BAGUETTE,1.0,0.5
2022-03-16,ECLAIR,3.0,2.1
2022-03-16,FINANCIER X5,2.0,3.5
2022-03-16,FORMULE SANDWICH,12.0,7.0
2022-03-16,KOUIGN AMANN,1.0,2.2
2022-03-16,PAIN,1.0,1.25
2022-03-16,PAIN AU CHOCOLAT,24.0,1.25
2022-03-16,PAIN AUX RAISINS,2.0,1.5
2022-03-16,PAIN BANETTE,3.0,1.5
2022-03-16,PAIN CHOCO AMANDES,3.0,1.6000000000000003
2022-03-16,QUIM BREAD,6.0,1.1
2022-03-16,SAND JB EMMENTAL,1.0,4.0
2022-03-16,SANDWICH COMPLET,9.0,5.0
2022-03-16,SEIGLE,1.0,1.9
2022-03-16,SPECIAL BREAD,2.0,2.5
2022-03-16,TARTELETTE,5.0,2.1
2022-03-16,TRADITIONAL BAGUETTE,50.0,1.25
2022-03-17,BAGUETTE,10.0,0.95
2022-03-17,BANETTE,27.0,1.1
2022-03-17,BANETTINE,6.0,0.65
2022-03-17,BOISSON 33CL,3.0,1.5
2022-03-17,BOULE 200G,4.0,1.15
2022-03-17,BOULE 400G,5.0,1.6
2022-03-17,BRIOCHE,1.0,6.0
2022-03-17,CAFE OU EAU,2.0,1.0
2022-03-17,CAMPAGNE,4.0,1.9
2022-03-17,CEREAL BAGUETTE,6.0,1.3
2022-03-17,CHAUSSON AUX POMMES,2.0,1.5
2022-03-17,COOKIE,6.0,1.1
2022-03-17,COUPE,16.0,0.15
2022-03-17,CROISSANT,12.0,1.15
2022-03-17,CROISSANT AMANDES,1.0,1.5
2022-03-17,DEMI BAGUETTE,1.0,0.5
2022-03-17,FICELLE,2.0,0.65
2022-03-17,FINANCIER X5,2.0,3.5
2022-03-17,FORMULE SANDWICH,15.0,7.0
2022-03-17,KOUIGN AMANN,1.0,2.2
2022-03-17,MOISSON,2.0,2.1
2022-03-17,PAIN AU CHOCOLAT,18.0,1.25
2022-03-17,PAIN BANETTE,2.0,1.5
2022-03-17,PAIN CHOCO AMANDES,1.0,1.6
2022-03-17,SAND JB EMMENTAL,1.0,4.0
2022-03-17,SANDWICH COMPLET,6.0,5.0
2022-03-17,SEIGLE,1.0,1.9
2022-03-17,SPECIAL BREAD,4.0,2.5
2022-03-17,TARTELETTE,9.0,2.1
2022-03-17,TRADITIONAL BAGUETTE,66.0,1.25
2022-03-18,BAGUETTE,17.0,0.95
2022-03-18,BANETTE,24.0,1.1
2022-03-18,BANETTINE,2.0,0.65
2022-03-18,BOISSON 33CL,2.0,1.5
2022-03-18,BOULE 200G,5.0,1.15
2022-03-18,BOULE 400G,3.0,1.6000000000000003
2022-03-18,BRIOCHE,1.0,6.0
2022-03-18,CAFE OU EAU,2.0,1.0
2022-03-18,CAMPAGNE,1.0,1.9
2022-03-18,CEREAL BAGUETTE,11.0,1.3
2022-03-18,CHAUSSON AUX POMMES,1.0,1.5
2022-03-18,COMPLET,2.0,1.8
2022-03-18,COOKIE,9.0,1.1
2022-03-18,COUPE,15.0,0.15
2022-03-18,CROISSANT,25.0,1.15
2022-03-18,CROISSANT AMANDES,3.0,1.5
2022-03-18,ECLAIR,4.0,2.1
2022-03-18,FICELLE,1.0,0.65
2022-03-18,FORMULE SANDWICH,5.0,7.0
2022-03-18,KOUIGN AMANN,4.0,2.2
2022-03-18,MOISSON,1.0,2.1
2022-03-18,PAIN,4.0,1.25
2022-03-18,PAIN AU CHOCOLAT,28.0,1.25
2022-03-18,PAIN AUX RAISINS,3.0,1.5
2022-03-18,PAIN BANETTE,2.0,1.5
2022-03-18,PAIN CHOCO AMANDES,2.0,1.6
2022-03-18,QUIM BREAD,3.0,1.1
2022-03-18,SAND JB EMMENTAL,5.0,4.0
2022-03-18,SANDWICH COMPLET,6.0,5.0
2022-03-18,SEIGLE,1.0,1.9
2022-03-18,SPECIAL BREAD,5.0,2.5
2022-03-18,TARTELETTE,4.0,2.1
2022-03-18,TRADITIONAL BAGUETTE,77.0,1.25
2022-03-19,BAGUETTE,28.0,0.9499999999999998
2022-03-19,BANETTE,30.0,1.1
2022-03-19,BANETTINE,2.0,0.65
2022-03-19,BOISSON 33CL,7.0,1.5
2022-03-19,BOULE 200G,3.0,1.15
2022-03-19,BOULE 400G,4.0,1.6
2022-03-19,BRIOCHE,2.0,6.0
2022-03-19,CAFE OU EAU,8.0,1.0
2022-03-19,CAMPAGNE,5.0,1.9
2022-03-19,CEREAL BAGUETTE,4.0,1.3
2022-03-19,CHAUSSON AUX POMMES,6.0,1.5
2022-03-19,COMPLET,4.0,1.8
2022-03-19,COOKIE,1.0,1.1
2022-03-19,COUPE,28.0,0.15
2022-03-19,CROISSANT,28.0,1.15
2022-03-19,CROISSANT AMANDES,2.0,1.5
2022-03-19,DEMI BAGUETTE,1.0,0.5
2022-03-19,ECLAIR,8.0,2.1
2022-03-19,FICELLE,3.0,0.65
2022-03-19,FINANCIER X5,1.0,3.5
2022-03-19,FORMULE SANDWICH,3.0,7.0
2022-03-19,MOISSON,5.0,2.1
2022-03-19,PAIN,2.0,1.25
2022-03-19,PAIN AU CHOCOLAT,31.0,1.25
2022-03-19,PAIN AUX RAISINS,4.0,1.5
2022-03-19,PAIN BANETTE,3.0,1.5
2022-03-19,PAIN CHOCO AMANDES,1.0,1.6
2022-03-19,QUIM BREAD,2.0,1.1
2022-03-19,SEIGLE,3.0,1.8999999999999997
2022-03-19,SPECIAL BREAD,5.0,2.5
2022-03-19,TARTELETTE,9.0,2.1
2022-03-19,TRADITIONAL BAGUETTE,130.0,1.25
2022-03-20,BAGUETTE,32.0,0.9499999999999998
2022-03-20,BANETTE,45.0,1.1
2022-03-20,BANETTINE,3.0,0.65
2022-03-20,BOISSON 33CL,6.0,1.5
2022-03-20,BOULE 200G,5.0,1.15
2022-03-20,BOULE 400G,6.0,1.6000000000000003
2022-03-20,BRIOCHE,4.0,6.0
2022-03-20,CAFE OU EAU,1.0,1.0
2022-03-20,CAMPAGNE,3.0,1.8999999999999997
2022-03-20,CEREAL BAGUETTE,8.0,1.3
2022-03-20,COMPLET,4.0,1.8
2022-03-20,COOKIE,3.0,1.1
2022-03-20,COUPE,37.0,0.15
2022-03-20,CROISSANT,94.0,1.15
2022-03-20,CROISSANT AMANDES,7.0,1.5
2022-03-20,DEMI BAGUETTE,2.0,0.5
2022-03-20,ECLAIR,13.0,2.1
2022-03-20,FICELLE,5.0,0.65
2022-03-20,FINANCIER X5,3.0,3.5
2022-03-20,KOUIGN AMANN,5.0,2.2
2022-03-20,MOISSON,4.0,2.1
2022-03-20,PAIN,1.0,1.25
2022-03-20,PAIN AU CHOCOLAT,80.0,1.25
2022-03-20,PAIN AUX RAISINS,6.0,1.5
2022-03-20,PAIN BANETTE,1.0,1.5
2022-03-20,PAIN CHOCO AMANDES,4.0,1.6000000000000003
2022-03-20,QUIM BREAD,6.0,1.1
2022-03-20,SAND JB EMMENTAL,1.0,4.0
2022-03-20,SEIGLE,2.0,1.9
2022-03-20,SPECIAL BREAD,8.0,2.5
2022-03-20,TARTELETTE,11.0,2.1
2022-03-20,TRADITIONAL BAGUETTE,222.0,1.25
2022-03-21,BAGUETTE,30.0,0.9499999999999998
2022-03-21,BANETTE,30.0,1.1
2022-03-21,BANETTINE,6.0,0.65
2022-03-21,BOISSON 33CL,6.0,1.5
2022-03-21,BOULE 200G,6.0,1.15
2022-03-21,BOULE 400G,6.0,1.6
2022-03-21,BRIOCHE,1.0,6.0
2022-03-21,CAFE OU EAU,1.0,1.0
2022-03-21,CAMPAGNE,5.0,1.9
2022-03-21,CEREAL BAGUETTE,9.0,1.3
2022-03-21,COMPLET,6.0,1.8
2022-03-21,COUPE,25.0,0.15
2022-03-21,CROISSANT,28.0,1.15
2022-03-21,CROISSANT AMANDES,4.0,1.5
2022-03-21,ECLAIR,1.0,2.1
2022-03-21,FICELLE,3.0,0.65
2022-03-21,FORMULE SANDWICH,21.0,7.0
2022-03-21,MOISSON,4.0,2.1
2022-03-21,PAIN,4.0,1.25
2022-03-21,PAIN AU CHOCOLAT,26.0,1.25
2022-03-21,PAIN AUX RAISINS,3.0,1.5
2022-03-21,PAIN BANETTE,2.0,1.5
2022-03-21,PAIN CHOCO AMANDES,1.0,1.6
2022-03-21,QUIM BREAD,1.0,1.1
2022-03-21,SAND JB EMMENTAL,3.0,4.0
2022-03-21,SANDWICH COMPLET,1.0,5.0
2022-03-21,SEIGLE,1.0,1.9
2022-03-21,SPECIAL BREAD,6.0,2.5
2022-03-21,TARTELETTE,5.0,2.1
2022-03-21,TRADITIONAL BAGUETTE,94.0,1.25
2022-03-22,BAGUETTE,17.0,0.95
2022-03-22,BANETTE,25.0,1.1
2022-03-22,BANETTINE,5.0,0.65
2022-03-22,BOISSON 33CL,5.0,1.5
2022-03-22,BOULE 200G,3.0,1.15
2022-03-22,BOULE 400G,6.0,1.6
2022-03-22,BRIOCHE,1.0,6.0
2022-03-22,CAFE OU EAU,7.0,1.0
2022-03-22,CAMPAGNE,5.0,1.9
2022-03-22,CEREAL BAGUETTE,3.0,1.3
2022-03-22,CHAUSSON AUX POMMES,2.0,1.5
2022-03-22,COMPLET,4.0,1.8
2022-03-22,COOKIE,3.0,1.1
2022-03-22,COUPE,22.0,0.15
2022-03-22,CROISSANT,27.0,1.15
2022-03-22,CROISSANT AMANDES,1.0,1.5
2022-03-22,DEMI BAGUETTE,2.0,0.5
2022-03-22,FICELLE,2.0,0.65
2022-03-22,FINANCIER X5,3.0,3.5
2022-03-22,FORMULE SANDWICH,21.0,7.0
2022-03-22,KOUIGN AMANN,1.0,2.2
2022-03-22,MOISSON,4.0,2.1
2022-03-22,PAIN,3.0,1.25
2022-03-22,PAIN AU CHOCOLAT,17.0,1.25
2022-03-22,PAIN AUX RAISINS,2.0,1.5
2022-03-22,PAIN BANETTE,2.0,1.5
2022-03-22,PAIN CHOCO AMANDES,3.0,1.6000000000000003
2022-03-22,QUIM BREAD,6.0,1.1
2022-03-22,SAND JB EMMENTAL,2.0,4.0
2022-03-22,SEIGLE,1.0,1.9
2022-03-22,SPECIAL BREAD,6.0,2.5
2022-03-22,TARTELETTE,4.0,2.1
2022-03-22,TRADITIONAL BAGUETTE,86.0,1.25
2022-03-23,BAGUETTE,16.0,0.9499999999999998
2022-03-23,BANETTE,13.0,1.1
2022-03-23,BANETTINE,2.0,0.65
2022-03-23,BOISSON 33CL,4.0,1.5
2022-03-23,BOULE 200G,1.0,1.15
2022-03-23,BOULE 400G,3.0,1.6000000000000003
2022-03-23,CAFE OU EAU,3.0,1.0
2022-03-23,CAMPAGNE,4.0,1.9
2022-03-23,CEREAL BAGUETTE,3.0,1.3
2022-03-23,COMPLET,5.0,1.8
2022-03-23,COOKIE,2.0,1.1
2022-03-23,COUPE,11.0,0.15
2022-03-23,CROISSANT,31.0,1.15
2022-03-23,CROISSANT AMANDES,5.0,1.5
2022-03-23,ECLAIR,4.0,2.1
2022-03-23,FICELLE,1.0,0.65
2022-03-23,FINANCIER X5,2.0,3.5
2022-03-23,FORMULE SANDWICH,15.0,7.0
2022-03-23,PAIN,5.0,1.25
2022-03-23,PAIN AU CHOCOLAT,32.0,1.25
2022-03-23,PAIN BANETTE,2.0,1.5
2022-03-23,PAIN CHOCO AMANDES,1.0,1.6
2022-03-23,QUIM BREAD,1.0,1.1
2022-03-23,SAND JB EMMENTAL,6.0,4.0
2022-03-23,SANDWICH COMPLET,6.0,5.0
2022-03-23,SEIGLE,2.0,1.9
2022-03-23,SPECIAL BREAD,2.0,2.5
2022-03-23,TARTELETTE,5.0,2.1
2022-03-23,TRADITIONAL BAGUETTE,76.0,1.25
2022-03-24,BAGUETTE,12.0,0.95
2022-03-24,BANETTE,20.0,1.1
2022-03-24,BANETTINE,2.0,0.65
2022-03-24,BOISSON 33CL,6.0,1.5
2022-03-24,BOULE 400G,5.0,1.6
2022-03-24,CAFE OU EAU,2.0,1.0
2022-03-24,CAMPAGNE,1.0,1.9
2022-03-24,CEREAL BAGUETTE,9.0,1.3
2022-03-24,CHAUSSON AUX POMMES,4.0,1.5
2022-03-24,COMPLET,2.0,1.8
2022-03-24,COOKIE,2.0,1.1
2022-03-24,COUPE,15.0,0.15
2022-03-24,CROISSANT,20.0,1.15
2022-03-24,CROISSANT AMANDES,4.0,1.5
2022-03-24,DEMI BAGUETTE,2.0,0.5
2022-03-24,ECLAIR,2.0,2.1
2022-03-24,FICELLE,1.0,0.65
2022-03-24,FINANCIER X5,1.0,3.5
2022-03-24,FORMULE SANDWICH,9.0,7.0
2022-03-24,MOISSON,2.0,2.1
2022-03-24,PAIN,2.0,1.25
2022-03-24,PAIN AU CHOCOLAT,29.0,1.25
2022-03-24,PAIN AUX RAISINS,1.0,1.5
2022-03-24,PAIN BANETTE,3.0,1.5
2022-03-24,PAIN CHOCO AMANDES,6.0,1.6000000000000003
2022-03-24,QUIM BREAD,2.0,1.1
2022-03-24,SAND JB EMMENTAL,3.0,4.0
2022-03-24,SANDWICH COMPLET,8.0,5.0
2022-03-24,SEIGLE,2.0,1.9
2022-03-24,SPECIAL BREAD,3.0,2.5
2022-03-24,TARTELETTE,5.0,2.1
2022-03-24,TRADITIONAL BAGUETTE,72.0,1.25
2022-03-25,BAGUETTE,26.0,0.95
2022-03-25,BANETTE,17.0,1.1
2022-03-25,BANETTINE,6.0,0.65
2022-03-25,BOISSON 33CL,1.0,1.5
2022-03-25,BOULE 200G,2.0,1.15
2022-03-25,BOULE 400G,5.0,1.6
2022-03-25,BRIOCHE,1.0,6.0
2022-03-25,CAMPAGNE,2.0,1.9
2022-03-25,CEREAL BAGUETTE,2.0,1.3
2022-03-25,CHAUSSON AUX POMMES,3.0,1.5
2022-03-25,COMPLET,5.0,1.8
2022-03-25,COOKIE,5.0,1.1
2022-03-25,COUPE,21.0,0.15
2022-03-25,CROISSANT,30.0,1.15
2022-03-25,CROISSANT AMANDES,1.0,1.5
2022-03-25,ECLAIR,4.0,2.1
2022-03-25,FICELLE,4.0,0.65
2022-03-25,FINANCIER X5,3.0,3.5
2022-03-25,FORMULE SANDWICH,12.0,7.0
2022-03-25,MOISSON,2.0,2.1
2022-03-25,PAIN,4.0,1.25
2022-03-25,PAIN AU CHOCOLAT,24.0,1.25
2022-03-25,PAIN AUX RAISINS,3.0,1.5
2022-03-25,PAIN CHOCO AMANDES,1.0,1.6
2022-03-25,QUIM BREAD,4.0,1.1
2022-03-25,SAND JB EMMENTAL,2.0,4.0
2022-03-25,SANDWICH COMPLET,3.0,5.0
2022-03-25,SEIGLE,3.0,1.8999999999999997
2022-03-25,SPECIAL BREAD,6.0,2.5
2022-03-25,TARTELETTE,5.0,2.1
2022-03-25,TRADITIONAL BAGUETTE,82.0,1.25
2022-03-26,BAGUETTE,32.0,0.95
2022-03-26,BANETTE,40.0,1.1
2022-03-26,BANETTINE,5.0,0.65
2022-03-26,BOISSON 33CL,3.0,1.5
2022-03-26,BOULE 200G,2.0,1.15
2022-03-26,BOULE 400G,8.0,1.6
2022-03-26,BRIOCHE,4.0,6.0
2022-03-26,CAFE OU EAU,6.0,1.0
2022-03-26,CAMPAGNE,5.0,1.9
2022-03-26,CEREAL BAGUETTE,10.0,1.3
2022-03-26,CHAUSSON AUX POMMES,6.0,1.5
2022-03-26,COMPLET,6.0,1.8
2022-03-26,COOKIE,8.0,1.1
2022-03-26,COUPE,26.0,0.15
2022-03-26,CROISSANT,46.0,1.15
2022-03-26,CROISSANT AMANDES,3.0,1.5
2022-03-26,DEMI BAGUETTE,2.0,0.5
2022-03-26,ECLAIR,5.0,2.1
2022-03-26,FICELLE,5.0,0.65
2022-03-26,FINANCIER X5,1.0,3.5
2022-03-26,KOUIGN AMANN,1.0,2.2
2022-03-26,MOISSON,3.0,2.1
2022-03-26,PAIN,4.0,1.25
2022-03-26,PAIN AU CHOCOLAT,42.0,1.25
2022-03-26,PAIN AUX RAISINS,6.0,1.5
2022-03-26,PAIN BANETTE,3.0,1.5
2022-03-26,PAIN CHOCO AMANDES,5.0,1.6
2022-03-26,SANDWICH COMPLET,4.0,5.0
2022-03-26,SEIGLE,1.0,1.9
2022-03-26,SPECIAL BREAD,8.0,2.5
2022-03-26,TARTELETTE,10.0,2.1
2022-03-26,TRADITIONAL BAGUETTE,166.0,1.25
2022-03-27,BAGUETTE,42.0,0.95
2022-03-27,BANETTE,32.0,1.1
2022-03-27,BANETTINE,6.0,0.65
2022-03-27,BOISSON 33CL,4.0,1.5
2022-03-27,BOULE 200G,6.0,1.15
2022-03-27,BOULE 400G,4.0,1.6
2022-03-27,BRIOCHE,4.0,6.0
2022-03-27,CAFE OU EAU,1.0,1.0
2022-03-27,CAMPAGNE,12.0,1.8999999999999997
2022-03-27,CEREAL BAGUETTE,10.0,1.3
2022-03-27,CHAUSSON AUX POMMES,1.0,1.5
2022-03-27,COMPLET,6.0,1.8
2022-03-27,COOKIE,2.0,1.1
2022-03-27,COUPE,37.0,0.15
2022-03-27,CROISSANT,95.0,1.15
2022-03-27,CROISSANT AMANDES,4.0,1.5
2022-03-27,DEMI BAGUETTE,2.0,0.5
2022-03-27,ECLAIR,8.0,2.1
2022-03-27,FICELLE,5.0,0.65
2022-03-27,FINANCIER X5,11.0,3.5
2022-03-27,FORMULE SANDWICH,2.0,7.0
2022-03-27,KOUIGN AMANN,7.0,2.2
2022-03-27,MOISSON,5.0,2.1
2022-03-27,PAIN,5.0,1.25
2022-03-27,PAIN AU CHOCOLAT,65.0,1.25
2022-03-27,PAIN AUX RAISINS,4.0,1.5
2022-03-27,PAIN BANETTE,5.0,1.5
2022-03-27,PAIN CHOCO AMANDES,3.0,1.6000000000000003
2022-03-27,QUIM BREAD,3.0,1.1
2022-03-27,SEIGLE,3.0,1.8999999999999997
2022-03-27,SPECIAL BREAD,10.0,2.5
2022-03-27,TARTELETTE,11.0,2.1
2022-03-27,TRADITIONAL BAGUETTE,166.0,1.25
2022-03-28,BAGUETTE,23.0,0.9500000000000001
2022-03-28,BANETTE,23.0,1.1
2022-03-28,BANETTINE,5.0,0.65
2022-03-28,BOISSON 33CL,5.0,1.5
2022-03-28,BOULE 200G,5.0,1.15
2022-03-28,BOULE 400G,6.0,1.6
2022-03-28,BRIOCHE,1.0,6.0
2022-03-28,CAFE OU EAU,5.0,1.0
2022-03-28,CAMPAGNE,1.0,1.9
2022-03-28,CEREAL BAGUETTE,10.0,1.3
2022-03-28,CHAUSSON AUX POMMES,1.0,1.5
2022-03-28,COMPLET,3.0,1.8
2022-03-28,COOKIE,1.0,1.1
2022-03-28,COUPE,18.0,0.15
2022-03-28,CROISSANT,17.0,1.15
2022-03-28,CROISSANT AMANDES,3.0,1.5
2022-03-28,DEMI BAGUETTE,3.0,0.5
2022-03-28,ECLAIR,4.0,2.1
2022-03-28,FICELLE,5.0,0.65
2022-03-28,FORMULE SANDWICH,13.0,7.0
2022-03-28,KOUIGN AMANN,1.0,2.2
2022-03-28,MOISSON,3.0,2.1
2022-03-28,PAIN,5.0,1.25
2022-03-28,PAIN AU CHOCOLAT,11.0,1.25
2022-03-28,PAIN AUX RAISINS,1.0,1.5
2022-03-28,PAIN BANETTE,3.0,1.5
2022-03-28,PAIN CHOCO AMANDES,1.0,1.6
2022-03-28,QUIM BREAD,1.0,1.1
2022-03-28,SAND JB EMMENTAL,2.0,4.0
2022-03-28,SANDWICH COMPLET,5.0,5.0
2022-03-28,SEIGLE,1.0,1.9
2022-03-28,SPECIAL BREAD,6.0,2.5
2022-03-28,TARTELETTE,8.0,2.1
2022-03-28,TRADITIONAL BAGUETTE,113.0,1.25
2022-03-29,BAGUETTE,20.0,0.95
2022-03-29,BANETTE,15.0,1.1
2022-03-29,BANETTINE,5.0,0.65
2022-03-29,BOISSON 33CL,6.0,1.5
2022-03-29,BOULE 200G,2.0,1.15
2022-03-29,BOULE 400G,6.0,1.6000000000000003
2022-03-29,CAFE OU EAU,1.0,1.0
2022-03-29,CAMPAGNE,4.0,1.9
2022-03-29,CEREAL BAGUETTE,5.0,1.3
2022-03-29,CHAUSSON AUX POMMES,3.0,1.5
2022-03-29,COMPLET,6.0,1.8
2022-03-29,COOKIE,4.0,1.1
2022-03-29,COUPE,19.0,0.15
2022-03-29,CROISSANT,14.0,1.15
2022-03-29,CROISSANT AMANDES,2.0,1.5
2022-03-29,DEMI BAGUETTE,2.0,0.5
2022-03-29,ECLAIR,1.0,2.1
2022-03-29,FICELLE,2.0,0.65
2022-03-29,FINANCIER X5,1.0,3.5
2022-03-29,FORMULE SANDWICH,8.0,7.0
2022-03-29,KOUIGN AMANN,3.0,2.2
2022-03-29,MOISSON,5.0,2.1
2022-03-29,PAIN,1.0,1.25
2022-03-29,PAIN AU CHOCOLAT,17.0,1.25
2022-03-29,PAIN AUX RAISINS,1.0,1.5
2022-03-29,PAIN BANETTE,4.0,1.5
2022-03-29,PAIN CHOCO AMANDES,4.0,1.6000000000000003
2022-03-29,SAND JB EMMENTAL,3.0,4.0
2022-03-29,SANDWICH COMPLET,8.0,5.0
2022-03-29,SEIGLE,1.0,1.9
2022-03-29,SPECIAL BREAD,7.0,2.5
2022-03-29,TARTELETTE,2.0,2.1
2022-03-29,TRADITIONAL BAGUETTE,100.0,1.25
2022-03-30,BAGUETTE,15.0,0.95
2022-03-30,BANETTE,14.0,1.1
2022-03-30,BANETTINE,6.0,0.65
2022-03-30,BOULE 200G,2.0,1.15
2022-03-30,BOULE 400G,1.0,1.6
2022-03-30,CAFE OU EAU,1.0,1.0
2022-03-30,CAMPAGNE,2.0,1.9
2022-03-30,CEREAL BAGUETTE,2.0,1.3
2022-03-30,CHAUSSON AUX POMMES,3.0,1.5
2022-03-30,COMPLET,3.0,1.8
2022-03-30,COOKIE,4.0,1.1
2022-03-30,COUPE,10.0,0.15
2022-03-30,CROISSANT,17.0,1.15
2022-03-30,CROISSANT AMANDES,2.0,1.5
2022-03-30,DEMI BAGUETTE,3.0,0.5
2022-03-30,FICELLE,2.0,0.65
2022-03-30,FINANCIER X5,3.0,3.5
2022-03-30,FORMULE SANDWICH,9.0,7.0
2022-03-30,KOUIGN AMANN,4.0,2.2
2022-03-30,PAIN,2.0,1.25
2022-03-30,PAIN AU CHOCOLAT,20.0,1.25
2022-03-30,PAIN AUX RAISINS,2.0,1.5
2022-03-30,PAIN BANETTE,1.0,1.5
2022-03-30,PAIN CHOCO AMANDES,2.0,1.6
2022-03-30,SAND JB EMMENTAL,3.0,4.0
2022-03-30,SANDWICH COMPLET,4.0,5.0
2022-03-30,SEIGLE,1.0,1.9
2022-03-30,SPECIAL BREAD,4.0,2.5
2022-03-30,TARTELETTE,4.0,2.1
2022-03-30,TRADITIONAL BAGUETTE,68.0,1.25
2022-03-31,BAGUETTE,25.0,0.9499999999999998
2022-03-31,BANETTE,17.0,1.1
2022-03-31,BANETTINE,4.0,0.65
2022-03-31,BOULE 200G,1.0,1.15
2022-03-31,BOULE 400G,3.0,1.6000000000000003
2022-03-31,CAMPAGNE,2.0,1.9
2022-03-31,CEREAL BAGUETTE,2.0,1.3
2022-03-31,CHAUSSON AUX POMMES,1.0,1.5
2022-03-31,COMPLET,6.0,1.8
2022-03-31,COUPE,19.0,0.15
2022-03-31,CROISSANT,13.0,1.15
2022-03-31,CROISSANT AMANDES,3.0,1.5
2022-03-31,DEMI BAGUETTE,3.0,0.5
2022-03-31,FICELLE,2.0,0.65
2022-03-31,FINANCIER X5,1.0,3.5
2022-03-31,FORMULE SANDWICH,9.0,7.0
2022-03-31,MOISSON,2.0,2.1
2022-03-31,PAIN,2.0,1.25
2022-03-31,PAIN AU CHOCOLAT,12.0,1.25
2022-03-31,PAIN AUX RAISINS,4.0,1.5
2022-03-31,PAIN BANETTE,1.0,1.5
2022-03-31,PAIN CHOCO AMANDES,2.0,1.6
2022-03-31,QUIM BREAD,1.0,1.1
2022-03-31,SAND JB EMMENTAL,2.0,4.0
2022-03-31,SANDWICH COMPLET,2.0,5.0
2022-03-31,SPECIAL BREAD,5.0,2.5
2022-03-31,TARTELETTE,6.0,2.1
2022-03-31,TRADITIONAL BAGUETTE,82.0,1.25
2022-04-01,BAGUETTE,29.0,0.9500000000000001
2022-04-01,BANETTE,15.0,1.1
2022-04-01,BANETTINE,6.0,0.65
2022-04-01,BOISSON 33CL,2.0,1.5
2022-04-01,BOULE 200G,2.0,1.15
2022-04-01,BOULE 400G,3.0,1.6000000000000003
2022-04-01,CAMPAGNE,4.0,1.9
2022-04-01,CEREAL BAGUETTE,8.0,1.3
2022-04-01,CHAUSSON AUX POMMES,3.0,1.5
2022-04-01,COMPLET,4.0,1.8
2022-04-01,COOKIE,5.0,1.1
2022-04-01,COUPE,21.0,0.15
2022-04-01,CROISSANT,23.0,1.15
2022-04-01,CROISSANT AMANDES,5.0,1.5
2022-04-01,DEMI BAGUETTE,2.0,0.5
2022-04-01,ECLAIR,7.0,2.1
2022-04-01,FICELLE,4.0,0.65
2022-04-01,FINANCIER X5,1.0,3.5
2022-04-01,FORMULE SANDWICH,12.0,7.0
2022-04-01,KOUIGN AMANN,1.0,2.2
2022-04-01,MOISSON,5.0,2.1
2022-04-01,PAIN,5.0,1.25
2022-04-01,PAIN AU CHOCOLAT,33.0,1.25
2022-04-01,PAIN AUX RAISINS,4.0,1.5
2022-04-01,PAIN BANETTE,5.0,1.5
2022-04-01,PAIN CHOCO AMANDES,6.0,1.6
2022-04-01,QUIM BREAD,3.0,1.1
2022-04-01,SAND JB EMMENTAL,2.0,4.0
2022-04-01,SANDWICH COMPLET,5.0,5.0
2022-04-01,SEIGLE,1.0,1.9
2022-04-01,SPECIAL BREAD,6.0,2.5
2022-04-01,TARTELETTE,7.0,2.1
2022-04-01,TRADITIONAL BAGUETTE,79.0,1.25
2022-04-02,BAGUETTE,23.0,0.95
2022-04-02,BANETTE,21.0,1.1
2022-04-02,BANETTINE,4.0,0.65
2022-04-02,BOISSON 33CL,1.0,1.5
2022-04-02,BOULE 200G,2.0,1.15
2022-04-02,BOULE 400G,1.0,1.6
2022-04-02,BRIOCHE,1.0,6.0
2022-04-02,CAFE OU EAU,2.0,1.0
2022-04-02,CAMPAGNE,2.0,1.9
2022-04-02,CEREAL BAGUETTE,6.0,1.3
2022-04-02,CHAUSSON AUX POMMES,3.0,1.5
2022-04-02,COMPLET,6.0,1.8
2022-04-02,COOKIE,10.0,1.1
2022-04-02,COUPE,32.0,0.15
2022-04-02,CROISSANT,38.0,1.15
2022-04-02,CROISSANT AMANDES,7.0,1.5
2022-04-02,DEMI BAGUETTE,1.0,0.5
2022-04-02,ECLAIR,7.0,2.1
2022-04-02,FICELLE,3.0,0.65
2022-04-02,FINANCIER X5,5.0,3.5
2022-04-02,FORMULE SANDWICH,3.0,7.0
2022-04-02,KOUIGN AMANN,2.0,2.2
2022-04-02,MOISSON,6.0,2.1
2022-04-02,PAIN,4.0,1.25
2022-04-02,PAIN AU CHOCOLAT,25.0,1.25
2022-04-02,PAIN AUX RAISINS,4.0,1.5
2022-04-02,PAIN BANETTE,1.0,1.5
2022-04-02,PAIN CHOCO AMANDES,5.0,1.6
2022-04-02,SAND JB EMMENTAL,1.0,4.0
2022-04-02,SANDWICH COMPLET,1.0,5.0
2022-04-02,SEIGLE,3.0,1.8999999999999997
2022-04-02,SPECIAL BREAD,8.0,2.5
2022-04-02,TARTELETTE,8.0,2.1
2022-04-02,TRADITIONAL BAGUETTE,107.0,1.25
2022-04-03,BAGUETTE,32.0,0.95
2022-04-03,BANETTE,40.0,1.1
2022-04-03,BANETTINE,6.0,0.65
2022-04-03,BOULE 200G,6.0,1.15
2022-04-03,BOULE 400G,8.0,1.6
2022-04-03,BRIOCHE,1.0,6.0
2022-04-03,CAMPAGNE,5.0,1.9
2022-04-03,CEREAL BAGUETTE,10.0,1.3
2022-04-03,CHAUSSON AUX POMMES,3.0,1.5
2022-04-03,COMPLET,6.0,1.8
2022-04-03,COUPE,32.0,0.15
2022-04-03,CROISSANT,69.0,1.15
2022-04-03,CROISSANT AMANDES,3.0,1.5
2022-04-03,DEMI BAGUETTE,1.0,0.5
2022-04-03,ECLAIR,14.0,2.1
2022-04-03,FICELLE,5.0,0.65
2022-04-03,KOUIGN AMANN,3.0,2.2
2022-04-03,MOISSON,2.0,2.1
2022-04-03,PAIN,5.0,1.25
2022-04-03,PAIN AU CHOCOLAT,32.0,1.25
2022-04-03,PAIN AUX RAISINS,7.0,1.5
2022-04-03,PAIN BANETTE,5.0,1.5
2022-04-03,PAIN CHOCO AMANDES,5.0,1.6
2022-04-03,SEIGLE,3.0,1.8999999999999997
2022-04-03,SPECIAL BREAD,7.0,2.5
2022-04-03,TARTELETTE,7.0,2.1
2022-04-03,TRADITIONAL BAGUETTE,189.0,1.25
2022-04-04,BAGUETTE,16.0,0.95
2022-04-04,BANETTE,30.0,1.1
2022-04-04,BANETTINE,3.0,0.65
2022-04-04,BOISSON 33CL,6.0,1.5
2022-04-04,BOULE 200G,2.0,1.15
2022-04-04,BOULE 400G,1.0,1.6
2022-04-04,CAFE OU EAU,3.0,1.0
2022-04-04,CAMPAGNE,3.0,1.8999999999999997
2022-04-04,CEREAL BAGUETTE,5.0,1.3
2022-04-04,CHAUSSON AUX POMMES,1.0,1.5
2022-04-04,COMPLET,4.0,1.8
2022-04-04,COOKIE,1.0,1.1
2022-04-04,COUPE,13.0,0.15
2022-04-04,CROISSANT,29.0,1.15
2022-04-04,CROISSANT AMANDES,3.0,1.5
2022-04-04,DEMI BAGUETTE,1.0,0.5
2022-04-04,FICELLE,1.0,0.65
2022-04-04,FINANCIER X5,1.0,3.5
2022-04-04,FORMULE SANDWICH,10.0,7.0
2022-04-04,MOISSON,4.0,2.1
2022-04-04,PAIN,1.0,1.25
2022-04-04,PAIN AU CHOCOLAT,20.0,1.25
2022-04-04,PAIN AUX RAISINS,1.0,1.5
2022-04-04,PAIN BANETTE,1.0,1.5
2022-04-04,PAIN CHOCO AMANDES,2.0,1.6
2022-04-04,QUIM BREAD,2.0,1.1
2022-04-04,SAND JB EMMENTAL,3.0,4.0
2022-04-04,SANDWICH COMPLET,10.0,5.0
2022-04-04,SPECIAL BREAD,3.0,2.5
2022-04-04,TARTELETTE,3.0,2.1
2022-04-04,TRADITIONAL BAGUETTE,93.0,1.25
2022-04-05,BAGUETTE,15.0,0.95
2022-04-05,BANETTE,22.0,1.1
2022-04-05,BANETTINE,6.0,0.65
2022-04-05,BOISSON 33CL,5.0,1.5
2022-04-05,BOULE 200G,5.0,1.15
2022-04-05,BOULE 400G,4.0,1.6
2022-04-05,BRIOCHE,1.0,6.0
2022-04-05,CAFE OU EAU,5.0,1.0
2022-04-05,CAMPAGNE,2.0,1.9
2022-04-05,CEREAL BAGUETTE,10.0,1.3
2022-04-05,CHAUSSON AUX POMMES,1.0,1.5
2022-04-05,COMPLET,4.0,1.8
2022-04-05,COOKIE,5.0,1.1
2022-04-05,COUPE,17.0,0.15
2022-04-05,CROISSANT,19.0,1.15
2022-04-05,CROISSANT AMANDES,1.0,1.5
2022-04-05,DEMI BAGUETTE,3.0,0.5
2022-04-05,ECLAIR,5.0,2.1
2022-04-05,FICELLE,2.0,0.65
2022-04-05,FINANCIER X5,2.0,3.5
2022-04-05,FORMULE SANDWICH,21.0,7.0
2022-04-05,KOUIGN AMANN,7.0,2.2
2022-04-05,MOISSON,3.0,2.1
2022-04-05,PAIN,2.0,1.25
2022-04-05,PAIN AU CHOCOLAT,22.0,1.25
2022-04-05,PAIN AUX RAISINS,4.0,1.5
2022-04-05,PAIN BANETTE,2.0,1.5
2022-04-05,PAIN CHOCO AMANDES,3.0,1.6
2022-04-05,QUIM BREAD,4.0,1.1
2022-04-05,SAND JB EMMENTAL,5.0,4.0
2022-04-05,SANDWICH COMPLET,6.0,5.0
2022-04-05,SEIGLE,2.0,1.9
2022-04-05,SPECIAL BREAD,6.0,2.5
2022-04-05,TARTELETTE,14.0,2.1
2022-04-05,TRADITIONAL BAGUETTE,82.0,1.25
2022-04-06,BAGUETTE,27.0,0.95
2022-04-06,BANETTE,11.0,1.1
2022-04-06,BANETTINE,5.0,0.65
2022-04-06,BOISSON 33CL,1.0,1.5
2022-04-06,BOULE 200G,1.0,1.15
2022-04-06,CAFE OU EAU,4.0,1.0
2022-04-06,CAMPAGNE,4.0,1.8999999999999997
2022-04-06,CEREAL BAGUETTE,6.0,1.3
2022-04-06,CHAUSSON AUX POMMES,3.0,1.5
2022-04-06,COMPLET,6.0,1.8
2022-04-06,COOKIE,2.0,1.1
2022-04-06,COUPE,11.0,0.15
2022-04-06,CROISSANT,24.0,1.15
2022-04-06,CROISSANT AMANDES,2.0,1.5
2022-04-06,DEMI BAGUETTE,1.0,0.5
2022-04-06,ECLAIR,3.0,2.1
2022-04-06,FICELLE,1.0,0.65
2022-04-06,FORMULE SANDWICH,14.0,7.0
2022-04-06,KOUIGN AMANN,2.0,2.2
2022-04-06,MOISSON,4.0,2.1
2022-04-06,PAIN AU CHOCOLAT,8.0,1.25
2022-04-06,PAIN AUX RAISINS,2.0,1.5
2022-04-06,PAIN BANETTE,2.0,1.5
2022-04-06,PAIN CHOCO AMANDES,2.0,1.6
2022-04-06,QUIM BREAD,2.0,1.1
2022-04-06,SAND JB EMMENTAL,2.0,4.0
2022-04-06,SANDWICH COMPLET,6.0,5.0
2022-04-06,TARTELETTE,6.0,2.1
2022-04-06,TRADITIONAL BAGUETTE,70.0,1.25
2022-04-07,BAGUETTE,14.0,0.95
2022-04-07,BANETTE,22.0,1.1
2022-04-07,BANETTINE,6.0,0.65
2022-04-07,BOISSON 33CL,4.0,1.5
2022-04-07,BOULE 200G,4.0,1.15
2022-04-07,BOULE 400G,6.0,1.6
2022-04-07,BRIOCHE,2.0,6.0
2022-04-07,CAFE OU EAU,4.0,1.0
2022-04-07,CAMPAGNE,1.0,1.9
2022-04-07,CEREAL BAGUETTE,5.0,1.3
2022-04-07,CHAUSSON AUX POMMES,2.0,1.5
2022-04-07,COMPLET,4.0,1.8
2022-04-07,COOKIE,1.0,1.1
2022-04-07,COUPE,18.0,0.15
2022-04-07,CROISSANT,27.0,1.15
2022-04-07,CROISSANT AMANDES,3.0,1.5
2022-04-07,DEMI BAGUETTE,3.0,0.5
2022-04-07,ECLAIR,3.0,2.1
2022-04-07,FICELLE,3.0,0.65
2022-04-07,FINANCIER X5,1.0,3.5
2022-04-07,FORMULE SANDWICH,11.0,7.0
2022-04-07,MOISSON,3.0,2.1
2022-04-07,PAIN,4.0,1.25
2022-04-07,PAIN AU CHOCOLAT,28.0,1.25
2022-04-07,PAIN BANETTE,1.0,1.5
2022-04-07,PAIN CHOCO AMANDES,6.0,1.6
2022-04-07,QUIM BREAD,1.0,1.1
2022-04-07,SAND JB EMMENTAL,3.0,4.0
2022-04-07,SANDWICH COMPLET,9.0,5.0
2022-04-07,SEIGLE,1.0,1.9
2022-04-07,SPECIAL BREAD,3.0,2.5
2022-04-07,TARTELETTE,7.0,2.1
2022-04-07,TRADITIONAL BAGUETTE,87.0,1.25
2022-04-08,BAGUETTE,23.0,0.95
2022-04-08,BANETTE,9.0,1.1
2022-04-08,BANETTINE,6.0,0.65
2022-04-08,BOISSON 33CL,3.0,1.5
2022-04-08,BOULE 200G,1.0,1.15
2022-04-08,BOULE 400G,5.0,1.6
2022-04-08,CAMPAGNE,5.0,1.9
2022-04-08,CEREAL BAGUETTE,3.0,1.3
2022-04-08,CHAUSSON AUX POMMES,1.0,1.5
2022-04-08,COMPLET,4.0,1.8
2022-04-08,COUPE,20.0,0.15
2022-04-08,CROISSANT,17.0,1.15
2022-04-08,CROISSANT AMANDES,2.0,1.5
2022-04-08,DEMI BAGUETTE,1.0,0.5
2022-04-08,ECLAIR,3.0,2.1
2022-04-08,FICELLE,4.0,0.65
2022-04-08,FORMULE SANDWICH,9.0,7.0
2022-04-08,MOISSON,2.0,2.1
2022-04-08,PAIN,3.0,1.25
2022-04-08,PAIN AU CHOCOLAT,13.0,1.25
2022-04-08,PAIN AUX RAISINS,2.0,1.5
2022-04-08,PAIN BANETTE,2.0,1.5
2022-04-08,QUIM BREAD,5.0,1.1
2022-04-08,SAND JB EMMENTAL,1.0,4.0
2022-04-08,SANDWICH COMPLET,5.0,5.0
2022-04-08,SPECIAL BREAD,4.0,2.5
2022-04-08,TARTELETTE,10.0,2.1
2022-04-08,TRADITIONAL BAGUETTE,63.0,1.25
2022-04-09,BAGUETTE,36.0,0.95
2022-04-09,BANETTE,30.0,1.1
2022-04-09,BANETTINE,6.0,0.65
2022-04-09,BOISSON 33CL,1.0,1.5
2022-04-09,BOULE 200G,4.0,1.15
2022-04-09,BOULE 400G,1.0,1.6
2022-04-09,CAFE OU EAU,5.0,1.0
2022-04-09,CAMPAGNE,2.0,1.9
2022-04-09,CEREAL BAGUETTE,7.0,1.3
2022-04-09,CHAUSSON AUX POMMES,4.0,1.5
2022-04-09,COMPLET,5.0,1.8
2022-04-09,COOKIE,2.0,1.1
2022-04-09,COUPE,25.0,0.15
2022-04-09,CROISSANT,29.0,1.15
2022-04-09,CROISSANT AMANDES,3.0,1.5
2022-04-09,DEMI BAGUETTE,2.0,0.5
2022-04-09,ECLAIR,5.0,2.1
2022-04-09,FICELLE,5.0,0.65
2022-04-09,FINANCIER X5,1.0,3.5
2022-04-09,FORMULE SANDWICH,6.0,7.0
2022-04-09,KOUIGN AMANN,3.0,2.2
2022-04-09,MOISSON,6.0,2.1
2022-04-09,PAIN,5.0,1.25
2022-04-09,PAIN AU CHOCOLAT,32.0,1.25
2022-04-09,PAIN AUX RAISINS,6.0,1.5
2022-04-09,PAIN BANETTE,5.0,1.5
2022-04-09,PAIN CHOCO AMANDES,1.0,1.6
2022-04-09,SANDWICH COMPLET,2.0,5.0
2022-04-09,SEIGLE,3.0,1.8999999999999997
2022-04-09,SPECIAL BREAD,6.0,2.5
2022-04-09,TARTELETTE,6.0,2.1
2022-04-09,TRADITIONAL BAGUETTE,119.0,1.25
2022-04-10,BAGUETTE,48.0,0.95
2022-04-10,BANETTE,33.0,1.1
2022-04-10,BANETTINE,6.0,0.65
2022-04-10,BOISSON 33CL,4.0,1.5
2022-04-10,BOULE 200G,6.0,1.15
2022-04-10,BOULE 400G,6.0,1.6000000000000003
2022-04-10,BRIOCHE,3.0,6.0
2022-04-10,CAMPAGNE,8.0,1.9
2022-04-10,CEREAL BAGUETTE,12.0,1.3
2022-04-10,CHAUSSON AUX POMMES,2.0,1.5
2022-04-10,COMPLET,2.0,1.8
2022-04-10,COOKIE,5.0,1.1
2022-04-10,COUPE,34.0,0.15
2022-04-10,CROISSANT,86.0,1.15
2022-04-10,CROISSANT AMANDES,7.0,1.5
2022-04-10,DEMI BAGUETTE,1.0,0.5
2022-04-10,ECLAIR,14.0,2.1
2022-04-10,FICELLE,6.0,0.65
2022-04-10,FINANCIER X5,3.0,3.5
2022-04-10,FORMULE SANDWICH,5.0,7.0
2022-04-10,KOUIGN AMANN,3.0,2.2
2022-04-10,MOISSON,6.0,2.1
2022-04-10,PAIN,5.0,1.25
2022-04-10,PAIN AU CHOCOLAT,46.0,1.25
2022-04-10,PAIN AUX RAISINS,2.0,1.5
2022-04-10,PAIN BANETTE,4.0,1.5
2022-04-10,PAIN CHOCO AMANDES,4.0,1.6000000000000003
2022-04-10,QUIM BREAD,1.0,1.1
2022-04-10,SAND JB EMMENTAL,8.0,4.0
2022-04-10,SANDWICH COMPLET,5.0,5.0
2022-04-10,SEIGLE,1.0,1.9
2022-04-10,SPECIAL BREAD,8.0,2.5
2022-04-10,TARTELETTE,11.0,2.1
2022-04-10,TRADITIONAL BAGUETTE,181.0,1.25
2022-04-11,BAGUETTE,34.0,0.95
2022-04-11,BANETTE,29.0,1.1
2022-04-11,BANETTINE,4.0,0.65
2022-04-11,BOISSON 33CL,3.0,1.5
2022-04-11,BOULE 200G,5.0,1.15
2022-04-11,BOULE 400G,10.0,1.6
2022-04-11,BRIOCHE,1.0,6.0
2022-04-11,CAMPAGNE,4.0,1.9
2022-04-11,CEREAL BAGUETTE,6.0,1.3
2022-04-11,CHAUSSON AUX POMMES,3.0,1.5
2022-04-11,COMPLET,6.0,1.8
2022-04-11,COOKIE,8.0,1.1
2022-04-11,COUPE,35.0,0.15
2022-04-11,CROISSANT,18.0,1.15
2022-04-11,CROISSANT AMANDES,4.0,1.5
2022-04-11,DEMI BAGUETTE,2.0,0.5
2022-04-11,ECLAIR,1.0,2.1
2022-04-11,FICELLE,4.0,0.65
2022-04-11,FORMULE SANDWICH,16.0,7.0
2022-04-11,MOISSON,6.0,2.1
2022-04-11,PAIN,3.0,1.25
2022-04-11,PAIN AU CHOCOLAT,21.0,1.25
2022-04-11,PAIN AUX RAISINS,4.0,1.5
2022-04-11,PAIN BANETTE,5.0,1.5
2022-04-11,PAIN CHOCO AMANDES,3.0,1.6
2022-04-11,QUIM BREAD,5.0,1.1
2022-04-11,SAND JB EMMENTAL,3.0,4.0
2022-04-11,SANDWICH COMPLET,3.0,5.0
2022-04-11,SEIGLE,3.0,1.8999999999999997
2022-04-11,SPECIAL BREAD,8.0,2.5
2022-04-11,TARTELETTE,5.0,2.1
2022-04-11,TRADITIONAL BAGUETTE,137.0,1.25
2022-04-12,BAGUETTE,16.0,0.95
2022-04-12,BANETTE,26.0,1.1
2022-04-12,BANETTINE,2.0,0.65
2022-04-12,BOISSON 33CL,1.0,1.5
2022-04-12,BOULE 200G,3.0,1.15
2022-04-12,BOULE 400G,5.0,1.6
2022-04-12,BRIOCHE,1.0,6.0
2022-04-12,CAFE OU EAU,6.0,1.0
2022-04-12,CAMPAGNE,5.0,1.9
2022-04-12,CEREAL BAGUETTE,10.0,1.3
2022-04-12,CHAUSSON AUX POMMES,3.0,1.5
2022-04-12,COMPLET,6.0,1.8
2022-04-12,COOKIE,4.0,1.1
2022-04-12,COUPE,20.0,0.15
2022-04-12,CROISSANT,22.0,1.15
2022-04-12,CROISSANT AMANDES,4.0,1.5
2022-04-12,FICELLE,1.0,0.65
2022-04-12,FORMULE SANDWICH,12.0,7.0
2022-04-12,MOISSON,8.0,2.1
2022-04-12,PAIN,2.0,1.25
2022-04-12,PAIN AU CHOCOLAT,27.0,1.25
2022-04-12,PAIN AUX RAISINS,2.0,1.5
2022-04-12,PAIN BANETTE,2.0,1.5
2022-04-12,PAIN CHOCO AMANDES,1.0,1.6
2022-04-12,QUIM BREAD,1.0,1.1
2022-04-12,SAND JB EMMENTAL,4.0,4.0
2022-04-12,SANDWICH COMPLET,5.0,5.0
2022-04-12,SEIGLE,1.0,1.9
2022-04-12,SPECIAL BREAD,7.0,2.5
2022-04-12,TARTELETTE,6.0,2.1
2022-04-12,TRADITIONAL BAGUETTE,107.0,1.25
2022-04-13,BAGUETTE,36.0,0.95
2022-04-13,BANETTE,19.0,1.1
2022-04-13,BANETTINE,5.0,0.65
2022-04-13,BOISSON 33CL,1.0,1.5
2022-04-13,BOULE 200G,4.0,1.15
2022-04-13,BOULE 400G,1.0,1.6
2022-04-13,BRIOCHE,2.0,6.0
2022-04-13,CAFE OU EAU,3.0,1.0
2022-04-13,CAMPAGNE,1.0,1.9
2022-04-13,CEREAL BAGUETTE,6.0,1.3
2022-04-13,CHAUSSON AUX POMMES,3.0,1.5
2022-04-13,COMPLET,4.0,1.8
2022-04-13,COOKIE,5.0,1.1
2022-04-13,COUPE,15.0,0.15
2022-04-13,CROISSANT,21.0,1.15
2022-04-13,CROISSANT AMANDES,2.0,1.5
2022-04-13,DEMI BAGUETTE,2.0,0.5
2022-04-13,ECLAIR,8.0,2.1
2022-04-13,FICELLE,5.0,0.65
2022-04-13,FORMULE SANDWICH,15.0,7.0
2022-04-13,KOUIGN AMANN,1.0,2.2
2022-04-13,MOISSON,4.0,2.1
2022-04-13,PAIN,5.0,1.25
2022-04-13,PAIN AU CHOCOLAT,14.0,1.25
2022-04-13,PAIN AUX RAISINS,4.0,1.5
2022-04-13,PAIN BANETTE,3.0,1.5
2022-04-13,PAIN CHOCO AMANDES,2.0,1.6
2022-04-13,QUIM BREAD,4.0,1.1
2022-04-13,SAND JB EMMENTAL,1.0,4.0
2022-04-13,SANDWICH COMPLET,7.0,5.0
2022-04-13,SEIGLE,2.0,1.9
2022-04-13,SPECIAL BREAD,5.0,2.5
2022-04-13,TRADITIONAL BAGUETTE,100.0,1.25
2022-04-14,BAGUETTE,29.0,0.9500000000000001
2022-04-14,BANETTE,31.0,1.1
2022-04-14,BANETTINE,6.0,0.65
2022-04-14,BOISSON 33CL,3.0,1.5
2022-04-14,BOULE 200G,6.0,1.15
2022-04-14,BOULE 400G,9.0,1.6000000000000003
2022-04-14,CAMPAGNE,6.0,1.8999999999999997
2022-04-14,CEREAL BAGUETTE,11.0,1.3
2022-04-14,CHAUSSON AUX POMMES,5.0,1.5
2022-04-14,COMPLET,9.0,1.7999999999999998
2022-04-14,COOKIE,3.0,1.1
2022-04-14,COUPE,33.0,0.15
2022-04-14,CROISSANT,35.0,1.15
2022-04-14,CROISSANT AMANDES,4.0,1.5
2022-04-14,ECLAIR,3.0,2.1
2022-04-14,FICELLE,5.0,0.65
2022-04-14,FINANCIER X5,1.0,3.5
2022-04-14,FORMULE SANDWICH,4.0,7.0
2022-04-14,MOISSON,5.0,2.1
2022-04-14,PAIN,5.0,1.25
2022-04-14,PAIN AU CHOCOLAT,20.0,1.25
2022-04-14,PAIN AUX RAISINS,3.0,1.5
2022-04-14,PAIN BANETTE,6.0,1.5
2022-04-14,PAIN CHOCO AMANDES,1.0,1.6
2022-04-14,QUIM BREAD,2.0,1.1
2022-04-14,SAND JB EMMENTAL,3.0,4.0
2022-04-14,SANDWICH COMPLET,6.0,5.0
2022-04-14,SEIGLE,1.0,1.9
2022-04-14,SPECIAL BREAD,11.0,2.5
2022-04-14,TARTELETTE,10.0,2.1
2022-04-14,TRADITIONAL BAGUETTE,103.0,1.25
2022-04-15,BAGUETTE,38.0,0.95
2022-04-15,BANETTE,40.0,1.1
2022-04-15,BANETTINE,6.0,0.65
2022-04-15,BOISSON 33CL,1.0,1.5
2022-04-15,BOULE 200G,6.0,1.15
2022-04-15,BOULE 400G,10.0,1.6
2022-04-15,BRIOCHE,2.0,6.0
2022-04-15,CAFE OU EAU,5.0,1.0
2022-04-15,CAMPAGNE,10.0,1.8999999999999997
2022-04-15,CEREAL BAGUETTE,10.0,1.3
2022-04-15,CHAUSSON AUX POMMES,3.0,1.5
2022-04-15,COMPLET,7.0,1.8
2022-04-15,COOKIE,8.0,1.1
2022-04-15,COUPE,45.0,0.15
2022-04-15,CROISSANT,19.0,1.15
2022-04-15,CROISSANT AMANDES,4.0,1.5
2022-04-15,ECLAIR,6.0,2.1
2022-04-15,FICELLE,5.0,0.65
2022-04-15,FINANCIER X5,3.0,3.5
2022-04-15,FORMULE SANDWICH,8.0,7.0
2022-04-15,MOISSON,4.0,2.1
2022-04-15,PAIN,5.0,1.25
2022-04-15,PAIN AU CHOCOLAT,31.0,1.25
2022-04-15,PAIN AUX RAISINS,5.0,1.5
2022-04-15,PAIN BANETTE,5.0,1.5
2022-04-15,PAIN CHOCO AMANDES,5.0,1.6
2022-04-15,QUIM BREAD,2.0,1.1
2022-04-15,SAND JB EMMENTAL,3.0,4.0
2022-04-15,SANDWICH COMPLET,7.0,5.0
2022-04-15,SEIGLE,1.0,1.9
2022-04-15,SPECIAL BREAD,10.0,2.5
2022-04-15,TARTELETTE,8.0,2.1
2022-04-15,TRADITIONAL BAGUETTE,136.0,1.25
2022-04-16,BAGUETTE,57.0,0.95
2022-04-16,BANETTE,55.0,1.1
2022-04-16,BANETTINE,7.0,0.65
2022-04-16,BOULE 200G,8.0,1.15
2022-04-16,BOULE 400G,15.0,1.6000000000000003
2022-04-16,BRIOCHE,6.0,6.0
2022-04-16,CAMPAGNE,13.0,1.9
2022-04-16,CEREAL BAGUETTE,19.0,1.3
2022-04-16,CHAUSSON AUX POMMES,3.0,1.5
2022-04-16,COMPLET,10.0,1.8
2022-04-16,COOKIE,6.0,1.1
2022-04-16,COUPE,66.0,0.15
2022-04-16,CROISSANT,82.0,1.15
2022-04-16,CROISSANT AMANDES,7.0,1.5
2022-04-16,DEMI BAGUETTE,2.0,0.5
2022-04-16,ECLAIR,11.0,2.1
2022-04-16,FICELLE,6.0,0.65
2022-04-16,FINANCIER X5,5.0,3.5
2022-04-16,FORMULE SANDWICH,5.0,7.0
2022-04-16,KOUIGN AMANN,9.0,2.2
2022-04-16,MOISSON,8.0,2.1
2022-04-16,PAIN,8.0,1.25
2022-04-16,PAIN AU CHOCOLAT,81.0,1.25
2022-04-16,PAIN AUX RAISINS,5.0,1.5
2022-04-16,PAIN BANETTE,6.0,1.5
2022-04-16,PAIN CHOCO AMANDES,3.0,1.6
2022-04-16,QUIM BREAD,5.0,1.1
2022-04-16,SAND JB EMMENTAL,1.0,4.0
2022-04-16,SANDWICH COMPLET,2.0,5.0
2022-04-16,SEIGLE,3.0,1.8999999999999997
2022-04-16,SPECIAL BREAD,17.0,2.5
2022-04-16,TARTELETTE,13.0,2.1
2022-04-16,TRADITIONAL BAGUETTE,307.0,1.25
2022-04-17,BAGUETTE,36.0,0.95
2022-04-17,BANETTE,35.0,1.1
2022-04-17,BANETTINE,3.0,0.65
2022-04-17,BOISSON 33CL,1.0,1.5
2022-04-17,BOULE 200G,1.0,1.15
2022-04-17,BOULE 400G,8.0,1.6
2022-04-17,BRIOCHE,8.0,6.0
2022-04-17,CAMPAGNE,13.0,1.8999999999999997
2022-04-17,CEREAL BAGUETTE,11.0,1.3
2022-04-17,CHAUSSON AUX POMMES,1.0,1.5
2022-04-17,COMPLET,5.0,1.8
2022-04-17,COOKIE,2.0,1.1
2022-04-17,COUPE,38.0,0.15
2022-04-17,CROISSANT,136.0,1.15
2022-04-17,CROISSANT AMANDES,3.0,1.5
2022-04-17,ECLAIR,2.0,2.1
2022-04-17,FICELLE,4.0,0.65
2022-04-17,FINANCIER X5,1.0,3.5
2022-04-17,KOUIGN AMANN,6.0,2.2
2022-04-17,MOISSON,2.0,2.1
2022-04-17,PAIN,3.0,1.25
2022-04-17,PAIN AU CHOCOLAT,105.0,1.25
2022-04-17,PAIN AUX RAISINS,9.0,1.5
2022-04-17,PAIN CHOCO AMANDES,1.0,1.6
2022-04-17,QUIM BREAD,3.0,1.1
2022-04-17,SEIGLE,3.0,1.8999999999999997
2022-04-17,SPECIAL BREAD,12.0,2.5
2022-04-17,TARTELETTE,6.0,2.1
2022-04-17,TRADITIONAL BAGUETTE,279.0,1.25
2022-04-18,BAGUETTE,68.0,0.9499999999999998
2022-04-18,BANETTE,84.0,1.1
2022-04-18,BANETTINE,5.0,0.65
2022-04-18,BOISSON 33CL,2.0,1.5
2022-04-18,BOULE 200G,6.0,1.15
2022-04-18,BOULE 400G,15.0,1.6
2022-04-18,BRIOCHE,14.0,6.0
2022-04-18,CAMPAGNE,12.0,1.9
2022-04-18,CEREAL BAGUETTE,20.0,1.3
2022-04-18,COMPLET,7.0,1.8
2022-04-18,COOKIE,2.0,1.1
2022-04-18,COUPE,58.0,0.15
2022-04-18,CROISSANT,108.0,1.15
2022-04-18,CROISSANT AMANDES,4.0,1.5
2022-04-18,DEMI BAGUETTE,3.0,0.5
2022-04-18,ECLAIR,16.0,2.1
2022-04-18,FICELLE,10.0,0.65
2022-04-18,FINANCIER X5,5.0,3.5
2022-04-18,FORMULE SANDWICH,4.0,7.0
2022-04-18,KOUIGN AMANN,1.0,2.2
2022-04-18,MOISSON,10.0,2.1
2022-04-18,PAIN,5.0,1.25
2022-04-18,PAIN AU CHOCOLAT,85.0,1.25
2022-04-18,PAIN AUX RAISINS,7.0,1.5
2022-04-18,PAIN BANETTE,7.0,1.5
2022-04-18,PAIN CHOCO AMANDES,1.0,1.6
2022-04-18,QUIM BREAD,1.0,1.1
2022-04-18,SAND JB EMMENTAL,7.0,4.0
2022-04-18,SEIGLE,3.0,1.8999999999999997
2022-04-18,SPECIAL BREAD,15.0,2.5
2022-04-18,TARTELETTE,16.0,2.1
2022-04-18,TRADITIONAL BAGUETTE,376.0,1.25
2022-04-19,BAGUETTE,28.0,0.95
2022-04-19,BANETTE,30.0,1.1
2022-04-19,BANETTINE,6.0,0.65
2022-04-19,BOISSON 33CL,8.0,1.5
2022-04-19,BOULE 200G,6.0,1.15
2022-04-19,BOULE 400G,6.0,1.6
2022-04-19,BRIOCHE,1.0,6.0
2022-04-19,CAFE OU EAU,8.0,1.0
2022-04-19,CAMPAGNE,10.0,1.9
2022-04-19,CEREAL BAGUETTE,8.0,1.3
2022-04-19,CHAUSSON AUX POMMES,3.0,1.5
2022-04-19,COMPLET,6.0,1.8
2022-04-19,COOKIE,10.0,1.1
2022-04-19,COUPE,30.0,0.15
2022-04-19,CROISSANT,48.0,1.15
2022-04-19,CROISSANT AMANDES,3.0,1.5
2022-04-19,DEMI BAGUETTE,1.0,0.5
2022-04-19,FICELLE,5.0,0.65
2022-04-19,FINANCIER X5,3.0,3.5
2022-04-19,FORMULE SANDWICH,17.0,7.0
2022-04-19,KOUIGN AMANN,9.0,2.2
2022-04-19,MOISSON,4.0,2.1
2022-04-19,PAIN,3.0,1.25
2022-04-19,PAIN AU CHOCOLAT,47.0,1.25
2022-04-19,PAIN AUX RAISINS,4.0,1.5
2022-04-19,PAIN BANETTE,5.0,1.5
2022-04-19,PAIN CHOCO AMANDES,6.0,1.6000000000000003
2022-04-19,QUIM BREAD,5.0,1.1
2022-04-19,SAND JB EMMENTAL,4.0,4.0
2022-04-19,SANDWICH COMPLET,9.0,5.0
2022-04-19,SEIGLE,3.0,1.8999999999999997
2022-04-19,SPECIAL BREAD,10.0,2.5
2022-04-19,TRADITIONAL BAGUETTE,138.0,1.25
2022-04-20,BAGUETTE,20.0,0.95
2022-04-20,BANETTE,42.0,1.1
2022-04-20,BANETTINE,7.0,0.65
2022-04-20,BOISSON 33CL,2.0,1.5
2022-04-20,BOULE 200G,6.0,1.15
2022-04-20,BOULE 400G,3.0,1.6
2022-04-20,BRIOCHE,2.0,6.0
2022-04-20,CAFE OU EAU,5.0,1.0
2022-04-20,CAMPAGNE,4.0,1.9
2022-04-20,CEREAL BAGUETTE,16.0,1.3
2022-04-20,CHAUSSON AUX POMMES,2.0,1.5
2022-04-20,COMPLET,7.0,1.8
2022-04-20,COOKIE,7.0,1.1
2022-04-20,COUPE,25.0,0.15
2022-04-20,CROISSANT,34.0,1.15
2022-04-20,CROISSANT AMANDES,5.0,1.5
2022-04-20,DEMI BAGUETTE,1.0,0.5
2022-04-20,ECLAIR,1.0,2.1
2022-04-20,FICELLE,4.0,0.65
2022-04-20,FINANCIER X5,2.0,3.5
2022-04-20,FORMULE SANDWICH,4.0,7.0
2022-04-20,KOUIGN AMANN,4.0,2.2
2022-04-20,MOISSON,8.0,2.1
2022-04-20,PAIN,4.0,1.25
2022-04-20,PAIN AU CHOCOLAT,26.0,1.25
2022-04-20,PAIN BANETTE,7.0,1.5
2022-04-20,PAIN CHOCO AMANDES,1.0,1.6
2022-04-20,SAND JB EMMENTAL,5.0,4.0
2022-04-20,SANDWICH COMPLET,10.0,5.0
2022-04-20,SEIGLE,1.0,1.9
2022-04-20,SPECIAL BREAD,8.0,2.5
2022-04-20,TARTELETTE,7.0,2.1
2022-04-20,TRADITIONAL BAGUETTE,162.0,1.25
2022-04-21,BAGUETTE,47.0,0.95
2022-04-21,BANETTE,47.0,1.1
2022-04-21,BANETTINE,6.0,0.65
2022-04-21,BOISSON 33CL,5.0,1.5
2022-04-21,BOULE 200G,6.0,1.15
2022-04-21,BOULE 400G,10.0,1.6
2022-04-21,BRIOCHE,3.0,6.0
2022-04-21,CAFE OU EAU,3.0,1.0
2022-04-21,CAMPAGNE,10.0,1.9
2022-04-21,CEREAL BAGUETTE,20.0,1.3
2022-04-21,CHAUSSON AUX POMMES,3.0,1.5
2022-04-21,COMPLET,8.0,1.8
2022-04-21,COOKIE,9.0,1.1
2022-04-21,COUPE,43.0,0.15
2022-04-21,CROISSANT,35.0,1.15
2022-04-21,CROISSANT AMANDES,3.0,1.5
2022-04-21,DEMI BAGUETTE,2.0,0.5
2022-04-21,ECLAIR,15.0,2.1
2022-04-21,FICELLE,5.0,0.65
2022-04-21,FINANCIER X5,6.0,3.5
2022-04-21,FORMULE SANDWICH,11.0,7.0
2022-04-21,KOUIGN AMANN,4.0,2.2
2022-04-21,MOISSON,8.0,2.1
2022-04-21,PAIN,6.0,1.25
2022-04-21,PAIN AU CHOCOLAT,43.0,1.25
2022-04-21,PAIN AUX RAISINS,4.0,1.5
2022-04-21,PAIN BANETTE,6.0,1.5
2022-04-21,PAIN CHOCO AMANDES,3.0,1.6000000000000003
2022-04-21,QUIM BREAD,3.0,1.1
2022-04-21,SAND JB EMMENTAL,4.0,4.0
2022-04-21,SANDWICH COMPLET,5.0,5.0
2022-04-21,SEIGLE,3.0,1.8999999999999997
2022-04-21,SPECIAL BREAD,10.0,2.5
2022-04-21,TARTELETTE,5.0,2.1
2022-04-21,TRADITIONAL BAGUETTE,234.0,1.25
2022-04-22,BAGUETTE,28.0,0.9500000000000001
2022-04-22,BANETTE,41.0,1.1
2022-04-22,BANETTINE,6.0,0.65
2022-04-22,BOISSON 33CL,1.0,1.5
2022-04-22,BOULE 200G,1.0,1.15
2022-04-22,BOULE 400G,8.0,1.6
2022-04-22,BRIOCHE,1.0,6.0
2022-04-22,CAMPAGNE,5.0,1.9
2022-04-22,CEREAL BAGUETTE,18.0,1.3
2022-04-22,CHAUSSON AUX POMMES,1.0,1.5
2022-04-22,COMPLET,7.0,1.8
2022-04-22,COOKIE,16.0,1.1
2022-04-22,COUPE,34.0,0.15
2022-04-22,CROISSANT,23.0,1.15
2022-04-22,CROISSANT AMANDES,2.0,1.5
2022-04-22,DEMI BAGUETTE,2.0,0.5
2022-04-22,ECLAIR,13.0,2.1
2022-04-22,FICELLE,6.0,0.65
2022-04-22,FINANCIER X5,4.0,3.5
2022-04-22,FORMULE SANDWICH,7.0,7.0
2022-04-22,KOUIGN AMANN,1.0,2.2
2022-04-22,MOISSON,5.0,2.1
2022-04-22,PAIN,4.0,1.25
2022-04-22,PAIN AU CHOCOLAT,43.0,1.25
2022-04-22,PAIN AUX RAISINS,5.0,1.5
2022-04-22,PAIN BANETTE,1.0,1.5
2022-04-22,PAIN CHOCO AMANDES,2.0,1.6
2022-04-22,QUIM BREAD,1.0,1.1
2022-04-22,SAND JB EMMENTAL,4.0,4.0
2022-04-22,SANDWICH COMPLET,11.0,5.0
2022-04-22,SEIGLE,2.0,1.9
2022-04-22,SPECIAL BREAD,9.0,2.5
2022-04-22,TARTELETTE,12.0,2.1
2022-04-22,TRADITIONAL BAGUETTE,155.0,1.25
2022-04-23,BAGUETTE,32.0,0.95
2022-04-23,BANETTE,36.0,1.1
2022-04-23,BANETTINE,6.0,0.65
2022-04-23,BOULE 200G,2.0,1.15
2022-04-23,BOULE 400G,8.0,1.6
2022-04-23,BRIOCHE,2.0,6.0
2022-04-23,CAFE OU EAU,6.0,1.0
2022-04-23,CAMPAGNE,5.0,1.9
2022-04-23,CEREAL BAGUETTE,11.0,1.3
2022-04-23,COMPLET,5.0,1.8
2022-04-23,COOKIE,11.0,1.1
2022-04-23,COUPE,27.0,0.15
2022-04-23,CROISSANT,41.0,1.15
2022-04-23,CROISSANT AMANDES,8.0,1.5
2022-04-23,DEMI BAGUETTE,2.0,0.5
2022-04-23,ECLAIR,8.0,2.1
2022-04-23,FICELLE,5.0,0.65
2022-04-23,FINANCIER X5,6.0,3.5
2022-04-23,FORMULE SANDWICH,6.0,7.0
2022-04-23,KOUIGN AMANN,5.0,2.2
2022-04-23,MOISSON,2.0,2.1
2022-04-23,PAIN,4.0,1.25
2022-04-23,PAIN AU CHOCOLAT,36.0,1.25
2022-04-23,PAIN AUX RAISINS,6.0,1.5
2022-04-23,PAIN BANETTE,3.0,1.5
2022-04-23,PAIN CHOCO AMANDES,5.0,1.6
2022-04-23,SAND JB EMMENTAL,2.0,4.0
2022-04-23,SANDWICH COMPLET,1.0,5.0
2022-04-23,SEIGLE,1.0,1.9
2022-04-23,SPECIAL BREAD,8.0,2.5
2022-04-23,TARTELETTE,4.0,2.1
2022-04-23,TRADITIONAL BAGUETTE,135.0,1.25
2022-04-24,BAGUETTE,41.0,0.9499999999999998
2022-04-24,BANETTE,43.0,1.1
2022-04-24,BANETTINE,4.0,0.65
2022-04-24,BOISSON 33CL,1.0,1.5
2022-04-24,BOULE 200G,6.0,1.15
2022-04-24,BOULE 400G,10.0,1.6
2022-04-24,BRIOCHE,3.0,6.0
2022-04-24,CAMPAGNE,9.0,1.9
2022-04-24,CEREAL BAGUETTE,20.0,1.3
2022-04-24,COMPLET,9.0,1.7999999999999998
2022-04-24,COOKIE,5.0,1.1
2022-04-24,COUPE,42.0,0.15
2022-04-24,CROISSANT,85.0,1.15
2022-04-24,CROISSANT AMANDES,5.0,1.5
2022-04-24,DEMI BAGUETTE,3.0,0.5
2022-04-24,ECLAIR,13.0,2.1
2022-04-24,FICELLE,6.0,0.65
2022-04-24,FINANCIER X5,3.0,3.5
2022-04-24,KOUIGN AMANN,1.0,2.2
2022-04-24,MOISSON,3.0,2.1
2022-04-24,PAIN,3.0,1.25
2022-04-24,PAIN AU CHOCOLAT,67.0,1.25
2022-04-24,PAIN AUX RAISINS,6.0,1.5
2022-04-24,PAIN BANETTE,3.0,1.5
2022-04-24,PAIN CHOCO AMANDES,3.0,1.6
2022-04-24,QUIM BREAD,2.0,1.1
2022-04-24,SAND JB EMMENTAL,1.0,4.0
2022-04-24,SEIGLE,2.0,1.9
2022-04-24,SPECIAL BREAD,10.0,2.5
2022-04-24,TARTELETTE,12.0,2.1
2022-04-24,TRADITIONAL BAGUETTE,204.0,1.25
2022-04-25,BAGUETTE,24.0,0.95
2022-04-25,BANETTE,26.0,1.1
2022-04-25,BANETTINE,6.0,0.65
2022-04-25,BOISSON 33CL,3.0,1.5
2022-04-25,BOULE 200G,2.0,1.15
2022-04-25,BOULE 400G,5.0,1.6
2022-04-25,BRIOCHE,3.0,6.0
2022-04-25,CAFE OU EAU,6.0,1.0
2022-04-25,CAMPAGNE,2.0,1.9
2022-04-25,CEREAL BAGUETTE,10.0,1.3
2022-04-25,COMPLET,6.0,1.8
2022-04-25,COOKIE,6.0,1.1
2022-04-25,COUPE,25.0,0.15
2022-04-25,CROISSANT,24.0,1.15
2022-04-25,CROISSANT AMANDES,3.0,1.5
2022-04-25,DEMI BAGUETTE,1.0,0.5
2022-04-25,ECLAIR,5.0,2.1
2022-04-25,FICELLE,2.0,0.65
2022-04-25,FORMULE SANDWICH,10.0,7.0
2022-04-25,KOUIGN AMANN,3.0,2.2
2022-04-25,MOISSON,2.0,2.1
2022-04-25,PAIN,4.0,1.25
2022-04-25,PAIN AU CHOCOLAT,27.0,1.25
2022-04-25,PAIN AUX RAISINS,3.0,1.5
2022-04-25,PAIN BANETTE,4.0,1.5
2022-04-25,PAIN CHOCO AMANDES,4.0,1.6
2022-04-25,QUIM BREAD,1.0,1.1
2022-04-25,SAND JB EMMENTAL,3.0,4.0
2022-04-25,SANDWICH COMPLET,4.0,5.0
2022-04-25,SEIGLE,2.0,1.9
2022-04-25,SPECIAL BREAD,8.0,2.5
2022-04-25,TARTELETTE,2.0,2.1
2022-04-25,TRADITIONAL BAGUETTE,162.0,1.25
2022-04-26,BAGUETTE,19.0,0.95
2022-04-26,BANETTE,14.0,1.1
2022-04-26,BANETTINE,3.0,0.65
2022-04-26,BOISSON 33CL,1.0,1.5
2022-04-26,BOULE 200G,2.0,1.15
2022-04-26,BOULE 400G,2.0,1.6
2022-04-26,BRIOCHE,2.0,6.0
2022-04-26,CAFE OU EAU,5.0,1.0
2022-04-26,CAMPAGNE,4.0,1.9
2022-04-26,CEREAL BAGUETTE,8.0,1.3
2022-04-26,COMPLET,8.0,1.8
2022-04-26,COOKIE,4.0,1.1
2022-04-26,COUPE,14.0,0.15
2022-04-26,CROISSANT,20.0,1.15
2022-04-26,CROISSANT AMANDES,4.0,1.5
2022-04-26,FICELLE,3.0,0.65
2022-04-26,FINANCIER X5,1.0,3.5
2022-04-26,FORMULE SANDWICH,17.0,7.0
2022-04-26,KOUIGN AMANN,4.0,2.2
2022-04-26,MOISSON,4.0,2.1
2022-04-26,PAIN,4.0,1.25
2022-04-26,PAIN AU CHOCOLAT,28.0,1.25
2022-04-26,PAIN AUX RAISINS,1.0,1.5
2022-04-26,PAIN BANETTE,3.0,1.5
2022-04-26,PAIN CHOCO AMANDES,1.0,1.6
2022-04-26,QUIM BREAD,3.0,1.1
2022-04-26,SAND JB EMMENTAL,4.0,4.0
2022-04-26,SANDWICH COMPLET,9.0,5.0
2022-04-26,SEIGLE,3.0,1.8999999999999997
2022-04-26,SPECIAL BREAD,8.0,2.5
2022-04-26,TARTELETTE,3.0,2.1
2022-04-26,TRADITIONAL BAGUETTE,109.0,1.25
2022-04-27,BAGUETTE,19.0,0.95
2022-04-27,BANETTE,23.0,1.1
2022-04-27,BANETTINE,7.0,0.65
2022-04-27,BOISSON 33CL,9.0,1.5
2022-04-27,BOULE 200G,4.0,1.15
2022-04-27,BOULE 400G,8.0,1.6
2022-04-27,BRIOCHE,2.0,6.0
2022-04-27,CAFE OU EAU,2.0,1.0
2022-04-27,CAMPAGNE,10.0,1.8999999999999997
2022-04-27,CEREAL BAGUETTE,15.0,1.3
2022-04-27,CHAUSSON AUX POMMES,4.0,1.5
2022-04-27,COMPLET,4.0,1.8
2022-04-27,COOKIE,4.0,1.1
2022-04-27,COUPE,34.0,0.15
2022-04-27,CROISSANT,14.0,1.15
2022-04-27,CROISSANT AMANDES,5.0,1.5
2022-04-27,DEMI BAGUETTE,3.0,0.5
2022-04-27,ECLAIR,11.0,2.1
2022-04-27,FICELLE,1.0,0.65
2022-04-27,FINANCIER X5,1.0,3.5
2022-04-27,FORMULE SANDWICH,13.0,7.0
2022-04-27,KOUIGN AMANN,6.0,2.2
2022-04-27,MOISSON,5.0,2.1
2022-04-27,PAIN,5.0,1.25
2022-04-27,PAIN AU CHOCOLAT,25.0,1.25
2022-04-27,PAIN AUX RAISINS,1.0,1.5
2022-04-27,PAIN BANETTE,2.0,1.5
2022-04-27,QUIM BREAD,6.0,1.1
2022-04-27,SAND JB EMMENTAL,6.0,4.0
2022-04-27,SANDWICH COMPLET,9.0,5.0
2022-04-27,SEIGLE,2.0,1.9
2022-04-27,SPECIAL BREAD,8.0,2.5
2022-04-27,TARTELETTE,6.0,2.1
2022-04-27,TRADITIONAL BAGUETTE,136.0,1.25
2022-04-28,BAGUETTE,22.0,0.95
2022-04-28,BANETTE,27.0,1.1
2022-04-28,BANETTINE,3.0,0.65
2022-04-28,BOISSON 33CL,2.0,1.5
2022-04-28,BOULE 200G,7.0,1.15
2022-04-28,BOULE 400G,6.0,1.6000000000000003
2022-04-28,BRIOCHE,1.0,6.0
2022-04-28,CAFE OU EAU,3.0,1.0
2022-04-28,CAMPAGNE,3.0,1.8999999999999997
2022-04-28,CEREAL BAGUETTE,11.0,1.3
2022-04-28,CHAUSSON AUX POMMES,3.0,1.5
2022-04-28,COMPLET,7.0,1.8
2022-04-28,COOKIE,4.0,1.1
2022-04-28,COUPE,30.0,0.15
2022-04-28,CROISSANT,14.0,1.15
2022-04-28,CROISSANT AMANDES,3.0,1.5
2022-04-28,DEMI BAGUETTE,1.0,0.5
2022-04-28,ECLAIR,2.0,2.1
2022-04-28,FICELLE,3.0,0.65
2022-04-28,FORMULE SANDWICH,11.0,7.0
2022-04-28,KOUIGN AMANN,4.0,2.2
2022-04-28,MOISSON,8.0,2.1
2022-04-28,PAIN,3.0,1.25
2022-04-28,PAIN AU CHOCOLAT,19.0,1.25
2022-04-28,PAIN AUX RAISINS,5.0,1.5
2022-04-28,PAIN BANETTE,2.0,1.5
2022-04-28,PAIN CHOCO AMANDES,3.0,1.6
2022-04-28,SAND JB EMMENTAL,2.0,4.0
2022-04-28,SANDWICH COMPLET,11.0,5.0
2022-04-28,SEIGLE,3.0,1.8999999999999997
2022-04-28,SPECIAL BREAD,9.0,2.5
2022-04-28,TARTELETTE,3.0,2.1
2022-04-28,TRADITIONAL BAGUETTE,126.0,1.25
2022-04-29,BAGUETTE,25.0,0.95
2022-04-29,BANETTE,27.0,1.1
2022-04-29,BANETTINE,4.0,0.65
2022-04-29,BOISSON 33CL,2.0,1.5
2022-04-29,BOULE 200G,6.0,1.15
2022-04-29,BOULE 400G,5.0,1.6
2022-04-29,BRIOCHE,3.0,6.0
2022-04-29,CAFE OU EAU,3.0,1.0
2022-04-29,CAMPAGNE,6.0,1.9
2022-04-29,CEREAL BAGUETTE,16.0,1.3
2022-04-29,CHAUSSON AUX POMMES,4.0,1.5
2022-04-29,COMPLET,10.0,1.8
2022-04-29,COOKIE,5.0,1.1
2022-04-29,COUPE,32.0,0.15
2022-04-29,CROISSANT,36.0,1.15
2022-04-29,CROISSANT AMANDES,1.0,1.5
2022-04-29,DEMI BAGUETTE,2.0,0.5
2022-04-29,ECLAIR,4.0,2.1
2022-04-29,FICELLE,2.0,0.65
2022-04-29,FINANCIER X5,1.0,3.5
2022-04-29,FORMULE SANDWICH,16.0,7.0
2022-04-29,KOUIGN AMANN,3.0,2.2
2022-04-29,MOISSON,3.0,2.1
2022-04-29,PAIN,2.0,1.25
2022-04-29,PAIN AU CHOCOLAT,43.0,1.25
2022-04-29,PAIN AUX RAISINS,5.0,1.5
2022-04-29,PAIN BANETTE,4.0,1.5
2022-04-29,PAIN CHOCO AMANDES,2.0,1.6
2022-04-29,QUIM BREAD,3.0,1.1
2022-04-29,SAND JB EMMENTAL,2.0,4.0
2022-04-29,SANDWICH COMPLET,2.0,5.0
2022-04-29,SEIGLE,2.0,1.9
2022-04-29,SPECIAL BREAD,6.0,2.5
2022-04-29,TARTELETTE,3.0,2.1
2022-04-29,TRADITIONAL BAGUETTE,116.0,1.25
2022-04-30,BAGUETTE,52.0,0.95
2022-04-30,BANETTE,45.0,1.1
2022-04-30,BANETTINE,6.0,0.65
2022-04-30,BOULE 200G,6.0,1.15
2022-04-30,BOULE 400G,10.0,1.6
2022-04-30,BRIOCHE,6.0,6.0
2022-04-30,CAFE OU EAU,3.0,1.0
2022-04-30,CAMPAGNE,10.0,1.9
2022-04-30,CEREAL BAGUETTE,20.0,1.3
2022-04-30,CHAUSSON AUX POMMES,1.0,1.5
2022-04-30,COMPLET,8.0,1.8
2022-04-30,COOKIE,4.0,1.1
2022-04-30,COUPE,55.0,0.15
2022-04-30,CROISSANT,66.0,1.15
2022-04-30,CROISSANT AMANDES,5.0,1.5
2022-04-30,DEMI BAGUETTE,2.0,0.5
2022-04-30,ECLAIR,4.0,2.1
2022-04-30,FICELLE,5.0,0.65
2022-04-30,FINANCIER X5,2.0,3.5
2022-04-30,FORMULE SANDWICH,9.0,7.0
2022-04-30,KOUIGN AMANN,5.0,2.2
2022-04-30,MOISSON,8.0,2.1
2022-04-30,PAIN,6.0,1.25
2022-04-30,PAIN AU CHOCOLAT,52.0,1.25
2022-04-30,PAIN AUX RAISINS,4.0,1.5
2022-04-30,PAIN BANETTE,7.0,1.5
2022-04-30,PAIN CHOCO AMANDES,2.0,1.6
2022-04-30,QUIM BREAD,5.0,1.1
2022-04-30,SAND JB EMMENTAL,3.0,4.0
2022-04-30,SANDWICH COMPLET,2.0,5.0
2022-04-30,SEIGLE,3.0,1.8999999999999997
2022-04-30,SPECIAL BREAD,10.0,2.5
2022-04-30,TARTELETTE,12.0,2.1
2022-04-30,TRADITIONAL BAGUETTE,276.0,1.25
2022-05-01,BAGUETTE,64.0,0.95
2022-05-01,BANETTE,59.0,1.1
2022-05-01,BANETTINE,6.0,0.65
2022-05-01,BOISSON 33CL,1.0,1.5
2022-05-01,BOULE 200G,6.0,1.15
2022-05-01,BOULE 400G,14.0,1.6
2022-05-01,BRIOCHE,3.0,6.0
2022-05-01,CAFE OU EAU,2.0,1.0
2022-05-01,CAMPAGNE,10.0,1.9
2022-05-01,CEREAL BAGUETTE,20.0,1.3000000000000003
2022-05-01,CHAUSSON AUX POMMES,8.0,1.5
2022-05-01,COMPLET,7.0,1.8
2022-05-01,COOKIE,9.0,1.1
2022-05-01,COUPE,47.0,0.15
2022-05-01,CROISSANT,128.0,1.15
2022-05-01,CROISSANT AMANDES,5.0,1.5
2022-05-01,ECLAIR,9.0,2.1
2022-05-01,FICELLE,6.0,0.65
2022-05-01,FINANCIER X5,1.0,3.5
2022-05-01,FORMULE SANDWICH,6.0,7.0
2022-05-01,KOUIGN AMANN,8.0,2.2
2022-05-01,MOISSON,4.0,2.1
2022-05-01,PAIN,4.0,1.25
2022-05-01,PAIN AU CHOCOLAT,90.0,1.25
2022-05-01,PAIN AUX RAISINS,6.0,1.5
2022-05-01,PAIN BANETTE,7.0,1.5
2022-05-01,PAIN CHOCO AMANDES,2.0,1.6
2022-05-01,SAND JB EMMENTAL,2.0,4.0
2022-05-01,SANDWICH COMPLET,4.0,5.0
2022-05-01,SEIGLE,1.0,1.9
2022-05-01,SPECIAL BREAD,11.0,2.5
2022-05-01,TARTELETTE,36.0,2.1
2022-05-01,TRADITIONAL BAGUETTE,311.0,1.25
2022-05-02,BAGUETTE,24.0,0.95
2022-05-02,BANETTE,30.0,1.1
2022-05-02,BANETTINE,6.0,0.65
2022-05-02,BOISSON 33CL,3.0,1.5
2022-05-02,BOULE 200G,5.0,1.15
2022-05-02,BOULE 400G,7.0,1.6
2022-05-02,BRIOCHE,3.0,6.0
2022-05-02,CAMPAGNE,4.0,1.9
2022-05-02,CEREAL BAGUETTE,19.0,1.3
2022-05-02,CHAUSSON AUX POMMES,2.0,1.5
2022-05-02,COMPLET,4.0,1.8
2022-05-02,COOKIE,5.0,1.1
2022-05-02,COUPE,36.0,0.15
2022-05-02,CROISSANT,34.0,1.15
2022-05-02,CROISSANT AMANDES,4.0,1.5
2022-05-02,DEMI BAGUETTE,1.0,0.5
2022-05-02,ECLAIR,7.0,2.1
2022-05-02,FICELLE,5.0,0.65
2022-05-02,FORMULE SANDWICH,18.0,7.0
2022-05-02,KOUIGN AMANN,3.0,2.2
2022-05-02,MOISSON,8.0,2.1
2022-05-02,PAIN,4.0,1.25
2022-05-02,PAIN AU CHOCOLAT,34.0,1.25
2022-05-02,PAIN AUX RAISINS,5.0,1.5
2022-05-02,PAIN BANETTE,4.0,1.5
2022-05-02,PAIN CHOCO AMANDES,3.0,1.6000000000000003
2022-05-02,QUIM BREAD,6.0,1.1
2022-05-02,SAND JB EMMENTAL,2.0,4.0
2022-05-02,SANDWICH COMPLET,8.0,5.0
2022-05-02,SEIGLE,3.0,1.8999999999999997
2022-05-02,SPECIAL BREAD,8.0,2.5
2022-05-02,TARTELETTE,4.0,2.1
2022-05-02,TRADITIONAL BAGUETTE,212.0,1.25
2022-05-03,BAGUETTE,22.0,0.95
2022-05-03,BANETTE,16.0,1.1
2022-05-03,BANETTINE,3.0,0.65
2022-05-03,BOISSON 33CL,2.0,1.5
2022-05-03,BOULE 200G,3.0,1.15
2022-05-03,BOULE 400G,6.0,1.6
2022-05-03,BRIOCHE,2.0,6.0
2022-05-03,CAFE OU EAU,8.0,1.0
2022-05-03,CAMPAGNE,5.0,1.9
2022-05-03,CEREAL BAGUETTE,2.0,1.3
2022-05-03,CHAUSSON AUX POMMES,6.0,1.5
2022-05-03,COMPLET,5.0,1.8
2022-05-03,COOKIE,9.0,1.1
2022-05-03,COUPE,21.0,0.15
2022-05-03,CROISSANT,19.0,1.15
2022-05-03,CROISSANT AMANDES,6.0,1.5
2022-05-03,DEMI BAGUETTE,1.0,0.5
2022-05-03,ECLAIR,6.0,2.1
2022-05-03,FICELLE,1.0,0.65
2022-05-03,FINANCIER X5,3.0,3.5
2022-05-03,FORMULE SANDWICH,13.0,7.0
2022-05-03,MOISSON,6.0,2.1
2022-05-03,PAIN,2.0,1.25
2022-05-03,PAIN AU CHOCOLAT,17.0,1.25
2022-05-03,PAIN AUX RAISINS,3.0,1.5
2022-05-03,PAIN BANETTE,6.0,1.5
2022-05-03,PAIN CHOCO AMANDES,5.0,1.6
2022-05-03,QUIM BREAD,3.0,1.1
2022-05-03,SAND JB EMMENTAL,5.0,4.0
2022-05-03,SANDWICH COMPLET,6.0,5.0
2022-05-03,SEIGLE,1.0,1.9
2022-05-03,SPECIAL BREAD,8.0,2.5
2022-05-03,TARTELETTE,7.0,2.1
2022-05-03,TRADITIONAL BAGUETTE,158.0,1.25
2022-05-05,BAGUETTE,17.0,0.95
2022-05-05,BANETTE,36.0,1.1
2022-05-05,BANETTINE,7.0,0.65
2022-05-05,BOISSON 33CL,5.0,1.5
2022-05-05,BOULE 200G,1.0,1.15
2022-05-05,BOULE 400G,8.0,1.6
2022-05-05,BRIOCHE,3.0,6.0
2022-05-05,CAMPAGNE,8.0,1.8999999999999997
2022-05-05,CEREAL BAGUETTE,11.0,1.3
2022-05-05,CHAUSSON AUX POMMES,6.0,1.5
2022-05-05,COMPLET,4.0,1.8
2022-05-05,COOKIE,5.0,1.1
2022-05-05,COUPE,26.0,0.15
2022-05-05,CROISSANT,29.0,1.15
2022-05-05,CROISSANT AMANDES,3.0,1.5
2022-05-05,FICELLE,7.0,0.65
2022-05-05,FINANCIER X5,7.0,3.5
2022-05-05,FORMULE SANDWICH,13.0,7.0
2022-05-05,KOUIGN AMANN,1.0,2.2
2022-05-05,MOISSON,5.0,2.1
2022-05-05,PAIN AU CHOCOLAT,32.0,1.25
2022-05-05,PAIN AUX RAISINS,5.0,1.5
2022-05-05,PAIN BANETTE,5.0,1.5
2022-05-05,PAIN CHOCO AMANDES,1.0,1.6
2022-05-05,SAND JB EMMENTAL,4.0,4.0
2022-05-05,SANDWICH COMPLET,13.0,5.0
2022-05-05,SEIGLE,2.0,1.9
2022-05-05,SPECIAL BREAD,9.0,2.5
2022-05-05,TARTELETTE,3.0,2.1
2022-05-05,TRADITIONAL BAGUETTE,152.0,1.25
2022-05-06,BAGUETTE,40.0,0.9499999999999998
2022-05-06,BANETTE,22.0,1.1
2022-05-06,BANETTINE,6.0,0.65
2022-05-06,BOISSON 33CL,5.0,1.5
2022-05-06,BOULE 200G,5.0,1.15
2022-05-06,BOULE 400G,9.0,1.6
2022-05-06,BRIOCHE,1.0,6.0
2022-05-06,CAMPAGNE,7.0,1.9
2022-05-06,CEREAL BAGUETTE,11.0,1.3
2022-05-06,CHAUSSON AUX POMMES,2.0,1.5
2022-05-06,COMPLET,10.0,1.8
2022-05-06,COUPE,43.0,0.15
2022-05-06,CROISSANT,13.0,1.15
2022-05-06,CROISSANT AMANDES,6.0,1.5
2022-05-06,ECLAIR,3.0,2.1
2022-05-06,FICELLE,4.0,0.65
2022-05-06,FINANCIER X5,4.0,3.5
2022-05-06,FORMULE SANDWICH,26.0,7.0
2022-05-06,KOUIGN AMANN,7.0,2.2
2022-05-06,MOISSON,3.0,2.1
2022-05-06,PAIN,3.0,1.25
2022-05-06,PAIN AU CHOCOLAT,19.0,1.25
2022-05-06,PAIN AUX RAISINS,4.0,1.5
2022-05-06,PAIN BANETTE,1.0,1.5
2022-05-06,PAIN CHOCO AMANDES,1.0,1.6
2022-05-06,QUIM BREAD,4.0,1.1
2022-05-06,SAND JB EMMENTAL,4.0,4.0
2022-05-06,SANDWICH COMPLET,4.0,5.0
2022-05-06,SEIGLE,3.0,1.8999999999999997
2022-05-06,SPECIAL BREAD,10.0,2.5
2022-05-06,TARTELETTE,19.0,2.1
2022-05-06,TRADITIONAL BAGUETTE,137.0,1.25
2022-05-07,BAGUETTE,35.0,0.95
2022-05-07,BANETTE,35.0,1.1
2022-05-07,BANETTINE,4.0,0.65
2022-05-07,BOULE 200G,3.0,1.15
2022-05-07,BOULE 400G,10.0,1.6
2022-05-07,BRIOCHE,4.0,6.0
2022-05-07,CAFE OU EAU,4.0,1.0
2022-05-07,CAMPAGNE,5.0,1.9
2022-05-07,CEREAL BAGUETTE,16.0,1.3
2022-05-07,CHAUSSON AUX POMMES,3.0,1.5
2022-05-07,COMPLET,5.0,1.8
2022-05-07,COOKIE,2.0,1.1
2022-05-07,COUPE,41.0,0.15
2022-05-07,CROISSANT,44.0,1.15
2022-05-07,CROISSANT AMANDES,4.0,1.5
2022-05-07,DEMI BAGUETTE,3.0,0.5
2022-05-07,ECLAIR,6.0,2.1
2022-05-07,FICELLE,5.0,0.65
2022-05-07,FORMULE SANDWICH,2.0,7.0
2022-05-07,KOUIGN AMANN,4.0,2.2
2022-05-07,MOISSON,6.0,2.1
2022-05-07,PAIN,3.0,1.25
2022-05-07,PAIN AU CHOCOLAT,37.0,1.25
2022-05-07,PAIN AUX RAISINS,6.0,1.5
2022-05-07,PAIN BANETTE,7.0,1.5
2022-05-07,PAIN CHOCO AMANDES,2.0,1.6
2022-05-07,SANDWICH COMPLET,4.0,5.0
2022-05-07,SEIGLE,3.0,1.8999999999999997
2022-05-07,SPECIAL BREAD,10.0,2.5
2022-05-07,TARTELETTE,7.0,2.1
2022-05-07,TRADITIONAL BAGUETTE,191.0,1.25
2022-05-08,BAGUETTE,45.0,0.95
2022-05-08,BANETTE,41.0,1.1
2022-05-08,BANETTINE,6.0,0.65
2022-05-08,BOULE 200G,6.0,1.15
2022-05-08,BOULE 400G,10.0,1.6
2022-05-08,BRIOCHE,5.0,6.0
2022-05-08,CAFE OU EAU,2.0,1.0
2022-05-08,CAMPAGNE,10.0,1.9
2022-05-08,CEREAL BAGUETTE,20.0,1.3
2022-05-08,COMPLET,7.0,1.8
2022-05-08,COOKIE,9.0,1.1
2022-05-08,COUPE,54.0,0.15
2022-05-08,CROISSANT,87.0,1.15
2022-05-08,CROISSANT AMANDES,7.0,1.5
2022-05-08,DEMI BAGUETTE,4.0,0.5
2022-05-08,ECLAIR,14.0,2.1
2022-05-08,FICELLE,6.0,0.65
2022-05-08,FINANCIER X5,1.0,3.5
2022-05-08,KOUIGN AMANN,7.0,2.2
2022-05-08,MOISSON,6.0,2.1
2022-05-08,PAIN,6.0,1.25
2022-05-08,PAIN AU CHOCOLAT,78.0,1.25
2022-05-08,PAIN AUX RAISINS,5.0,1.5
2022-05-08,PAIN BANETTE,6.0,1.5
2022-05-08,PAIN CHOCO AMANDES,4.0,1.6
2022-05-08,QUIM BREAD,7.0,1.1
2022-05-08,SAND JB EMMENTAL,1.0,4.0
2022-05-08,SEIGLE,2.0,1.9
2022-05-08,SPECIAL BREAD,12.0,2.5
2022-05-08,TARTELETTE,17.0,2.1
2022-05-08,TRADITIONAL BAGUETTE,251.0,1.25
2022-05-09,BAGUETTE,21.0,0.9500000000000001
2022-05-09,BANETTE,24.0,1.1
2022-05-09,BANETTINE,4.0,0.65
2022-05-09,BOISSON 33CL,3.0,1.5
2022-05-09,BOULE 200G,3.0,1.15
2022-05-09,BOULE 400G,2.0,1.6
2022-05-09,CAFE OU EAU,1.0,1.0
2022-05-09,CAMPAGNE,4.0,1.9
2022-05-09,CEREAL BAGUETTE,6.0,1.3
2022-05-09,CHAUSSON AUX POMMES,2.0,1.5
2022-05-09,COMPLET,6.0,1.8
2022-05-09,COOKIE,3.0,1.1
2022-05-09,COUPE,19.0,0.15
2022-05-09,CROISSANT,17.0,1.15
2022-05-09,CROISSANT AMANDES,4.0,1.5
2022-05-09,DEMI BAGUETTE,2.0,0.5
2022-05-09,ECLAIR,7.0,2.1
2022-05-09,FICELLE,4.0,0.65
2022-05-09,FORMULE SANDWICH,9.0,7.0
2022-05-09,MOISSON,5.0,2.1
2022-05-09,PAIN,4.0,1.25
2022-05-09,PAIN AU CHOCOLAT,21.0,1.25
2022-05-09,PAIN AUX RAISINS,4.0,1.5
2022-05-09,PAIN BANETTE,4.0,1.5
2022-05-09,PAIN CHOCO AMANDES,2.0,1.6
2022-05-09,QUIM BREAD,2.0,1.1
2022-05-09,SAND JB EMMENTAL,7.0,4.0
2022-05-09,SANDWICH COMPLET,11.0,5.0
2022-05-09,SEIGLE,1.0,1.9
2022-05-09,SPECIAL BREAD,7.0,2.5
2022-05-09,TARTELETTE,3.0,2.1
2022-05-09,TRADITIONAL BAGUETTE,157.0,1.25
2022-05-10,BAGUETTE,18.0,0.95
2022-05-10,BANETTE,15.0,1.1
2022-05-10,BANETTINE,1.0,0.65
2022-05-10,BOISSON 33CL,2.0,1.5
2022-05-10,BOULE 200G,2.0,1.15
2022-05-10,BOULE 400G,3.0,1.6000000000000003
2022-05-10,BRIOCHE,1.0,6.0
2022-05-10,CAFE OU EAU,6.0,1.0
2022-05-10,CAMPAGNE,2.0,1.9
2022-05-10,CEREAL BAGUETTE,11.0,1.3
2022-05-10,CHAUSSON AUX POMMES,1.0,1.5
2022-05-10,COMPLET,3.0,1.8
2022-05-10,COOKIE,6.0,1.1
2022-05-10,COUPE,22.0,0.15
2022-05-10,CROISSANT,18.0,1.15
2022-05-10,CROISSANT AMANDES,4.0,1.5
2022-05-10,DEMI BAGUETTE,1.0,0.5
2022-05-10,FICELLE,3.0,0.65
2022-05-10,FINANCIER X5,2.0,3.5
2022-05-10,FORMULE SANDWICH,11.0,7.0
2022-05-10,KOUIGN AMANN,4.0,2.2
2022-05-10,MOISSON,5.0,2.1
2022-05-10,PAIN,3.0,1.25
2022-05-10,PAIN AU CHOCOLAT,21.0,1.25
2022-05-10,PAIN AUX RAISINS,3.0,1.5
2022-05-10,PAIN BANETTE,4.0,1.5
2022-05-10,PAIN CHOCO AMANDES,5.0,1.6
2022-05-10,QUIM BREAD,6.0,1.1
2022-05-10,SAND JB EMMENTAL,5.0,4.0
2022-05-10,SANDWICH COMPLET,11.0,5.0
2022-05-10,SEIGLE,2.0,1.9
2022-05-10,SPECIAL BREAD,8.0,2.5
2022-05-10,TRADITIONAL BAGUETTE,121.0,1.25
2022-05-11,BAGUETTE,27.0,0.9500000000000001
2022-05-11,BANETTE,14.0,1.1
2022-05-11,BANETTINE,4.0,0.65
2022-05-11,BOISSON 33CL,1.0,1.5
2022-05-11,BOULE 200G,3.0,1.15
2022-05-11,BOULE 400G,5.0,1.6
2022-05-11,CAFE OU EAU,2.0,1.0
2022-05-11,CAMPAGNE,4.0,1.9
2022-05-11,CEREAL BAGUETTE,7.0,1.3
2022-05-11,COMPLET,6.0,1.8
2022-05-11,COOKIE,7.0,1.1
2022-05-11,COUPE,23.0,0.15
2022-05-11,CROISSANT,17.0,1.15
2022-05-11,CROISSANT AMANDES,5.0,1.5
2022-05-11,ECLAIR,5.0,2.1
2022-05-11,FINANCIER X5,5.0,3.5
2022-05-11,FORMULE SANDWICH,6.0,7.0
2022-05-11,MOISSON,6.0,2.1
2022-05-11,PAIN,2.0,1.25
2022-05-11,PAIN AU CHOCOLAT,21.0,1.25
2022-05-11,PAIN AUX RAISINS,4.0,1.5
2022-05-11,PAIN BANETTE,2.0,1.5
2022-05-11,PAIN CHOCO AMANDES,2.0,1.6
2022-05-11,QUIM BREAD,2.0,1.1
2022-05-11,SAND JB EMMENTAL,3.0,4.0
2022-05-11,SANDWICH COMPLET,4.0,5.0
2022-05-11,SEIGLE,2.0,1.9
2022-05-11,SPECIAL BREAD,6.0,2.5
2022-05-11,TARTELETTE,9.0,2.1
2022-05-11,TRADITIONAL BAGUETTE,96.0,1.25
2022-05-12,BAGUETTE,24.0,0.9499999999999998
2022-05-12,BANETTE,28.0,1.1
2022-05-12,BANETTINE,6.0,0.65
2022-05-12,BOISSON 33CL,9.0,1.5
2022-05-12,BOULE 200G,3.0,1.15
2022-05-12,BOULE 400G,1.0,1.6
2022-05-12,BRIOCHE,1.0,6.0
2022-05-12,CAFE OU EAU,3.0,1.0
2022-05-12,CAMPAGNE,2.0,1.9
2022-05-12,CEREAL BAGUETTE,9.0,1.3
2022-05-12,COMPLET,8.0,1.8
2022-05-12,COOKIE,9.0,1.1
2022-05-12,COUPE,21.0,0.15
2022-05-12,CROISSANT,20.0,1.15
2022-05-12,CROISSANT AMANDES,4.0,1.5
2022-05-12,DEMI BAGUETTE,3.0,0.5
2022-05-12,ECLAIR,6.0,2.1
2022-05-12,FICELLE,2.0,0.65
2022-05-12,FINANCIER X5,2.0,3.5
2022-05-12,FORMULE SANDWICH,14.0,7.0
2022-05-12,KOUIGN AMANN,2.0,2.2
2022-05-12,MOISSON,7.0,2.1
2022-05-12,PAIN,5.0,1.25
2022-05-12,PAIN AU CHOCOLAT,20.0,1.25
2022-05-12,PAIN AUX RAISINS,5.0,1.5
2022-05-12,PAIN BANETTE,3.0,1.5
2022-05-12,PAIN CHOCO AMANDES,3.0,1.6
2022-05-12,QUIM BREAD,6.0,1.1
2022-05-12,SAND JB EMMENTAL,5.0,4.0
2022-05-12,SANDWICH COMPLET,9.0,5.0
2022-05-12,SEIGLE,3.0,1.8999999999999997
2022-05-12,SPECIAL BREAD,8.0,2.5
2022-05-12,TARTELETTE,1.0,2.1
2022-05-12,TRADITIONAL BAGUETTE,91.0,1.25
2022-05-13,BAGUETTE,22.0,0.9499999999999998
2022-05-13,BANETTE,30.0,1.1
2022-05-13,BANETTINE,6.0,0.65
2022-05-13,BOISSON 33CL,6.0,1.5
2022-05-13,BOULE 200G,6.0,1.15
2022-05-13,BOULE 400G,8.0,1.6
2022-05-13,BRIOCHE,1.0,6.0
2022-05-13,CAFE OU EAU,7.0,1.0
2022-05-13,CAMPAGNE,5.0,1.9
2022-05-13,CEREAL BAGUETTE,6.0,1.3
2022-05-13,CHAUSSON AUX POMMES,3.0,1.5
2022-05-13,COMPLET,4.0,1.8
2022-05-13,COOKIE,2.0,1.1
2022-05-13,COUPE,23.0,0.15
2022-05-13,CROISSANT,12.0,1.15
2022-05-13,CROISSANT AMANDES,4.0,1.5
2022-05-13,DEMI BAGUETTE,1.0,0.5
2022-05-13,ECLAIR,5.0,2.1
2022-05-13,FICELLE,5.0,0.65
2022-05-13,FINANCIER X5,1.0,3.5
2022-05-13,FORMULE SANDWICH,13.0,7.0
2022-05-13,KOUIGN AMANN,3.0,2.2
2022-05-13,MOISSON,1.0,2.1
2022-05-13,PAIN,2.0,1.25
2022-05-13,PAIN AU CHOCOLAT,25.0,1.25
2022-05-13,PAIN AUX RAISINS,3.0,1.5
2022-05-13,PAIN BANETTE,3.0,1.5
2022-05-13,PAIN CHOCO AMANDES,4.0,1.6
2022-05-13,QUIM BREAD,4.0,1.1
2022-05-13,SAND JB EMMENTAL,2.0,4.0
2022-05-13,SANDWICH COMPLET,9.0,5.0
2022-05-13,SEIGLE,1.0,1.9
2022-05-13,SPECIAL BREAD,3.0,2.5
2022-05-13,TARTELETTE,5.0,2.1
2022-05-13,TRADITIONAL BAGUETTE,90.0,1.25
2022-05-14,BAGUETTE,37.0,0.95
2022-05-14,BANETTE,29.0,1.1
2022-05-14,BANETTINE,6.0,0.65
2022-05-14,BOISSON 33CL,2.0,1.5
2022-05-14,BOULE 200G,4.0,1.15
2022-05-14,BOULE 400G,10.0,1.6
2022-05-14,BRIOCHE,3.0,6.0
2022-05-14,CAFE OU EAU,9.0,1.0
2022-05-14,CAMPAGNE,5.0,1.9
2022-05-14,CEREAL BAGUETTE,9.0,1.3
2022-05-14,CHAUSSON AUX POMMES,5.0,1.5
2022-05-14,COMPLET,5.0,1.8
2022-05-14,COOKIE,3.0,1.1
2022-05-14,COUPE,43.0,0.15
2022-05-14,CROISSANT,31.0,1.15
2022-05-14,CROISSANT AMANDES,3.0,1.5
2022-05-14,DEMI BAGUETTE,3.0,0.5
2022-05-14,FICELLE,7.0,0.65
2022-05-14,FINANCIER X5,6.0,3.5
2022-05-14,FORMULE SANDWICH,3.0,7.0
2022-05-14,KOUIGN AMANN,2.0,2.2
2022-05-14,MOISSON,5.0,2.1
2022-05-14,PAIN,4.0,1.25
2022-05-14,PAIN AU CHOCOLAT,28.0,1.25
2022-05-14,PAIN AUX RAISINS,4.0,1.5
2022-05-14,PAIN BANETTE,7.0,1.5
2022-05-14,PAIN CHOCO AMANDES,1.0,1.6
2022-05-14,QUIM BREAD,2.0,1.1
2022-05-14,SAND JB EMMENTAL,2.0,4.0
2022-05-14,SANDWICH COMPLET,8.0,5.0
2022-05-14,SEIGLE,3.0,1.8999999999999997
2022-05-14,SPECIAL BREAD,10.0,2.5
2022-05-14,TARTELETTE,11.0,2.1
2022-05-14,TRADITIONAL BAGUETTE,175.0,1.25
2022-05-15,BAGUETTE,50.0,0.95
2022-05-15,BANETTE,38.0,1.1
2022-05-15,BANETTINE,6.0,0.65
2022-05-15,BOISSON 33CL,1.0,1.5
2022-05-15,BOULE 200G,6.0,1.15
2022-05-15,BOULE 400G,10.0,1.6
2022-05-15,BRIOCHE,4.0,6.0
2022-05-15,CAFE OU EAU,1.0,1.0
2022-05-15,CAMPAGNE,10.0,1.8999999999999997
2022-05-15,CEREAL BAGUETTE,18.0,1.3
2022-05-15,CHAUSSON AUX POMMES,4.0,1.5
2022-05-15,COMPLET,6.0,1.8
2022-05-15,COUPE,52.0,0.15
2022-05-15,CROISSANT,94.0,1.15
2022-05-15,CROISSANT AMANDES,2.0,1.5
2022-05-15,DEMI BAGUETTE,4.0,0.5
2022-05-15,ECLAIR,18.0,2.1
2022-05-15,FICELLE,6.0,0.65
2022-05-15,FINANCIER X5,1.0,3.5
2022-05-15,KOUIGN AMANN,9.0,2.2
2022-05-15,MOISSON,6.0,2.1
2022-05-15,PAIN,3.0,1.25
2022-05-15,PAIN AU CHOCOLAT,77.0,1.25
2022-05-15,PAIN AUX RAISINS,5.0,1.5
2022-05-15,PAIN BANETTE,6.0,1.5
2022-05-15,PAIN CHOCO AMANDES,2.0,1.6
2022-05-15,QUIM BREAD,2.0,1.1
2022-05-15,SAND JB EMMENTAL,3.0,4.0
2022-05-15,SEIGLE,3.0,1.9
2022-05-15,SPECIAL BREAD,10.0,2.5
2022-05-15,TARTELETTE,25.0,2.1
2022-05-15,TRADITIONAL BAGUETTE,264.0,1.25
2022-05-16,BAGUETTE,37.0,0.95
2022-05-16,BANETTE,27.0,1.1
2022-05-16,BANETTINE,5.0,0.65
2022-05-16,BOISSON 33CL,3.0,1.5
2022-05-16,BOULE 200G,3.0,1.15
2022-05-16,BOULE 400G,6.0,1.6
2022-05-16,BRIOCHE,2.0,6.0
2022-05-16,CAFE OU EAU,3.0,1.0
2022-05-16,CAMPAGNE,4.0,1.9
2022-05-16,CEREAL BAGUETTE,9.0,1.3
2022-05-16,CHAUSSON AUX POMMES,1.0,1.5
2022-05-16,COMPLET,6.0,1.8
2022-05-16,COOKIE,5.0,1.1
2022-05-16,COUPE,20.0,0.15
2022-05-16,CROISSANT,27.0,1.15
2022-05-16,CROISSANT AMANDES,4.0,1.5
2022-05-16,DEMI BAGUETTE,2.0,0.5
2022-05-16,ECLAIR,1.0,2.1
2022-05-16,FICELLE,6.0,0.65
2022-05-16,FORMULE SANDWICH,19.0,7.0
2022-05-16,KOUIGN AMANN,2.0,2.2
2022-05-16,MOISSON,4.0,2.1
2022-05-16,PAIN,4.0,1.25
2022-05-16,PAIN AU CHOCOLAT,22.0,1.25
2022-05-16,PAIN AUX RAISINS,2.0,1.5
2022-05-16,PAIN BANETTE,3.0,1.5
2022-05-16,PAIN CHOCO AMANDES,5.0,1.6000000000000003
2022-05-16,QUIM BREAD,5.0,1.1
2022-05-16,SAND JB EMMENTAL,4.0,4.0
2022-05-16,SANDWICH COMPLET,7.0,5.0
2022-05-16,SEIGLE,1.0,1.9
2022-05-16,SPECIAL BREAD,8.0,2.5
2022-05-16,TARTELETTE,4.0,2.1
2022-05-16,TRADITIONAL BAGUETTE,134.0,1.25
2022-05-17,BAGUETTE,23.0,0.9499999999999998
2022-05-17,BANETTE,22.0,1.1
2022-05-17,BANETTINE,5.0,0.65
2022-05-17,BOISSON 33CL,12.0,1.5
2022-05-17,BOULE 200G,3.0,1.15
2022-05-17,BOULE 400G,4.0,1.6
2022-05-17,BRIOCHE,1.0,6.0
2022-05-17,CAFE OU EAU,10.0,1.0
2022-05-17,CAMPAGNE,5.0,1.8999999999999997
2022-05-17,CEREAL BAGUETTE,2.0,1.3
2022-05-17,CHAUSSON AUX POMMES,3.0,1.5
2022-05-17,COMPLET,6.0,1.8
2022-05-17,COOKIE,2.0,1.1
2022-05-17,COUPE,17.0,0.15
2022-05-17,CROISSANT,19.0,1.15
2022-05-17,CROISSANT AMANDES,6.0,1.5
2022-05-17,DEMI BAGUETTE,1.0,0.5
2022-05-17,ECLAIR,1.0,2.1
2022-05-17,FICELLE,4.0,0.65
2022-05-17,FINANCIER X5,1.0,3.5
2022-05-17,FORMULE SANDWICH,16.0,7.0
2022-05-17,MOISSON,5.0,2.1
2022-05-17,PAIN,4.0,1.25
2022-05-17,PAIN AU CHOCOLAT,11.0,1.25
2022-05-17,PAIN AUX RAISINS,3.0,1.5
2022-05-17,PAIN BANETTE,2.0,1.5
2022-05-17,PAIN CHOCO AMANDES,1.0,1.6
2022-05-17,QUIM BREAD,1.0,1.1
2022-05-17,SAND JB EMMENTAL,3.0,4.0
2022-05-17,SANDWICH COMPLET,5.0,5.0
2022-05-17,SPECIAL BREAD,8.0,2.5
2022-05-17,TRADITIONAL BAGUETTE,102.0,1.25
2022-05-18,BAGUETTE,24.0,0.95
2022-05-18,BANETTE,30.0,1.1
2022-05-18,BANETTINE,5.0,0.65
2022-05-18,BOISSON 33CL,3.0,1.5
2022-05-18,BOULE 200G,1.0,1.15
2022-05-18,BOULE 400G,8.0,1.6
2022-05-18,BRIOCHE,1.0,6.0
2022-05-18,CAFE OU EAU,5.0,1.0
2022-05-18,CAMPAGNE,5.0,1.9
2022-05-18,CEREAL BAGUETTE,8.0,1.3
2022-05-18,CHAUSSON AUX POMMES,4.0,1.5
2022-05-18,COMPLET,6.0,1.8
2022-05-18,COOKIE,7.0,1.1
2022-05-18,COUPE,27.0,0.15
2022-05-18,CROISSANT,17.0,1.15
2022-05-18,CROISSANT AMANDES,5.0,1.5
2022-05-18,ECLAIR,1.0,2.1
2022-05-18,FICELLE,5.0,0.65
2022-05-18,FORMULE SANDWICH,12.0,7.0
2022-05-18,KOUIGN AMANN,2.0,2.2
2022-05-18,MOISSON,6.0,2.1
2022-05-18,PAIN AU CHOCOLAT,18.0,1.25
2022-05-18,PAIN AUX RAISINS,2.0,1.5
2022-05-18,PAIN BANETTE,4.0,1.5
2022-05-18,PAIN CHOCO AMANDES,1.0,1.6
2022-05-18,QUIM BREAD,3.0,1.1
2022-05-18,SAND JB EMMENTAL,4.0,4.0
2022-05-18,SANDWICH COMPLET,5.0,5.0
2022-05-18,SEIGLE,3.0,1.8999999999999997
2022-05-18,SPECIAL BREAD,8.0,2.5
2022-05-18,TARTELETTE,12.0,2.1
2022-05-18,TRADITIONAL BAGUETTE,85.0,1.25
2022-05-19,BAGUETTE,19.0,0.95
2022-05-19,BANETTE,34.0,1.1
2022-05-19,BANETTINE,3.0,0.65
2022-05-19,BOISSON 33CL,5.0,1.5
2022-05-19,BOULE 200G,3.0,1.15
2022-05-19,BOULE 400G,7.0,1.6000000000000003
2022-05-19,BRIOCHE,2.0,6.0
2022-05-19,CAFE OU EAU,3.0,1.0
2022-05-19,CAMPAGNE,6.0,1.8999999999999997
2022-05-19,CEREAL BAGUETTE,6.0,1.3
2022-05-19,CHAUSSON AUX POMMES,2.0,1.5
2022-05-19,COMPLET,6.0,1.8
2022-05-19,COOKIE,5.0,1.1
2022-05-19,COUPE,29.0,0.15
2022-05-19,CROISSANT,10.0,1.15
2022-05-19,CROISSANT AMANDES,4.0,1.5
2022-05-19,DEMI BAGUETTE,1.0,0.5
2022-05-19,FICELLE,2.0,0.65
2022-05-19,FINANCIER X5,1.0,3.5
2022-05-19,FORMULE SANDWICH,11.0,7.0
2022-05-19,KOUIGN AMANN,2.0,2.2
2022-05-19,MOISSON,4.0,2.1
2022-05-19,PAIN,4.0,1.25
2022-05-19,PAIN AU CHOCOLAT,29.0,1.25
2022-05-19,PAIN AUX RAISINS,2.0,1.5
2022-05-19,PAIN BANETTE,3.0,1.5
2022-05-19,PAIN CHOCO AMANDES,5.0,1.6000000000000003
2022-05-19,QUIM BREAD,4.0,1.1
2022-05-19,SAND JB EMMENTAL,4.0,4.0
2022-05-19,SANDWICH COMPLET,6.0,5.0
2022-05-19,SEIGLE,3.0,1.8999999999999997
2022-05-19,SPECIAL BREAD,8.0,2.5
2022-05-19,TARTELETTE,11.0,2.1
2022-05-19,TRADITIONAL BAGUETTE,97.0,1.25
2022-05-20,BAGUETTE,29.0,0.95
2022-05-20,BANETTE,24.0,1.1
2022-05-20,BANETTINE,2.0,0.65
2022-05-20,BOISSON 33CL,6.0,1.5
2022-05-20,BOULE 200G,5.0,1.15
2022-05-20,BOULE 400G,11.0,1.6
2022-05-20,BRIOCHE,1.0,6.0
2022-05-20,CAFE OU EAU,3.0,1.0
2022-05-20,CAMPAGNE,1.0,1.9
2022-05-20,CEREAL BAGUETTE,2.0,1.3
2022-05-20,CHAUSSON AUX POMMES,2.0,1.5
2022-05-20,COMPLET,6.0,1.8
2022-05-20,COOKIE,4.0,1.1
2022-05-20,COUPE,37.0,0.15
2022-05-20,CROISSANT,21.0,1.15
2022-05-20,CROISSANT AMANDES,5.0,1.5
2022-05-20,DEMI BAGUETTE,1.0,0.5
2022-05-20,ECLAIR,6.0,2.1
2022-05-20,FICELLE,3.0,0.65
2022-05-20,FINANCIER X5,5.0,3.5
2022-05-20,FORMULE SANDWICH,8.0,7.0
2022-05-20,KOUIGN AMANN,4.0,2.2
2022-05-20,MOISSON,4.0,2.1
2022-05-20,PAIN,6.0,1.25
2022-05-20,PAIN AU CHOCOLAT,25.0,1.25
2022-05-20,PAIN AUX RAISINS,5.0,1.5
2022-05-20,PAIN BANETTE,3.0,1.5
2022-05-20,PAIN CHOCO AMANDES,3.0,1.6
2022-05-20,SAND JB EMMENTAL,4.0,4.0
2022-05-20,SANDWICH COMPLET,7.0,5.0
2022-05-20,SEIGLE,3.0,1.8999999999999997
2022-05-20,SPECIAL BREAD,8.0,2.5
2022-05-20,TARTELETTE,4.0,2.1
2022-05-20,TRADITIONAL BAGUETTE,121.0,1.25
2022-05-21,BAGUETTE,46.0,0.95
2022-05-21,BANETTE,39.0,1.1
2022-05-21,BANETTINE,6.0,0.65
2022-05-21,BOISSON 33CL,2.0,1.5
2022-05-21,BOULE 200G,5.0,1.15
2022-05-21,BOULE 400G,3.0,1.6000000000000003
2022-05-21,BRIOCHE,6.0,6.0
2022-05-21,CAFE OU EAU,4.0,1.0
2022-05-21,CAMPAGNE,2.0,1.9
2022-05-21,CEREAL BAGUETTE,10.0,1.3
2022-05-21,COMPLET,6.0,1.8
2022-05-21,COOKIE,10.0,1.1
2022-05-21,COUPE,25.0,0.15
2022-05-21,CROISSANT,62.0,1.15
2022-05-21,CROISSANT AMANDES,6.0,1.5
2022-05-21,ECLAIR,2.0,2.1
2022-05-21,FICELLE,5.0,0.65
2022-05-21,FINANCIER X5,1.0,3.5
2022-05-21,FORMULE SANDWICH,3.0,7.0
2022-05-21,KOUIGN AMANN,2.0,2.2
2022-05-21,MOISSON,2.0,2.1
2022-05-21,PAIN,2.0,1.25
2022-05-21,PAIN AU CHOCOLAT,50.0,1.25
2022-05-21,PAIN AUX RAISINS,2.0,1.5
2022-05-21,PAIN BANETTE,3.0,1.5
2022-05-21,PAIN CHOCO AMANDES,6.0,1.6
2022-05-21,QUIM BREAD,1.0,1.1
2022-05-21,SAND JB EMMENTAL,7.0,4.0
2022-05-21,SANDWICH COMPLET,1.0,5.0
2022-05-21,SEIGLE,3.0,1.8999999999999997
2022-05-21,SPECIAL BREAD,9.0,2.5
2022-05-21,TARTELETTE,6.0,2.1
2022-05-21,TRADITIONAL BAGUETTE,155.0,1.25
2022-05-22,BAGUETTE,57.0,0.95
2022-05-22,BANETTE,31.0,1.1
2022-05-22,BANETTINE,6.0,0.65
2022-05-22,BOULE 200G,6.0,1.15
2022-05-22,BOULE 400G,12.0,1.6
2022-05-22,BRIOCHE,4.0,6.0
2022-05-22,CAMPAGNE,10.0,1.9
2022-05-22,CEREAL BAGUETTE,21.0,1.3
2022-05-22,CHAUSSON AUX POMMES,6.0,1.5
2022-05-22,COMPLET,5.0,1.8
2022-05-22,COOKIE,6.0,1.1
2022-05-22,COUPE,56.0,0.15
2022-05-22,CROISSANT,95.0,1.15
2022-05-22,CROISSANT AMANDES,7.0,1.5
2022-05-22,DEMI BAGUETTE,2.0,0.5
2022-05-22,ECLAIR,14.0,2.1
2022-05-22,FICELLE,10.0,0.65
2022-05-22,FINANCIER X5,2.0,3.5
2022-05-22,FORMULE SANDWICH,6.0,7.0
2022-05-22,KOUIGN AMANN,2.0,2.2
2022-05-22,MOISSON,6.0,2.1
2022-05-22,PAIN,5.0,1.25
2022-05-22,PAIN AU CHOCOLAT,66.0,1.25
2022-05-22,PAIN AUX RAISINS,5.0,1.5
2022-05-22,PAIN BANETTE,7.0,1.5
2022-05-22,PAIN CHOCO AMANDES,3.0,1.6000000000000003
2022-05-22,QUIM BREAD,3.0,1.1
2022-05-22,SAND JB EMMENTAL,2.0,4.0
2022-05-22,SEIGLE,3.0,1.9
2022-05-22,SPECIAL BREAD,10.0,2.5
2022-05-22,TARTELETTE,12.0,2.1
2022-05-22,TRADITIONAL BAGUETTE,222.0,1.25
2022-05-23,BAGUETTE,28.0,0.95
2022-05-23,BANETTE,24.0,1.1
2022-05-23,BANETTINE,5.0,0.65
2022-05-23,BOULE 200G,1.0,1.15
2022-05-23,BOULE 400G,3.0,1.6
2022-05-23,BRIOCHE,1.0,6.0
2022-05-23,CAFE OU EAU,3.0,1.0
2022-05-23,CAMPAGNE,3.0,1.8999999999999997
2022-05-23,CEREAL BAGUETTE,5.0,1.3
2022-05-23,CHAUSSON AUX POMMES,6.0,1.5
2022-05-23,COMPLET,3.0,1.8
2022-05-23,COOKIE,3.0,1.1
2022-05-23,COUPE,20.0,0.15
2022-05-23,CROISSANT,18.0,1.15
2022-05-23,CROISSANT AMANDES,3.0,1.5
2022-05-23,FICELLE,4.0,0.65
2022-05-23,FINANCIER X5,5.0,3.5
2022-05-23,FORMULE SANDWICH,12.0,7.0
2022-05-23,KOUIGN AMANN,7.0,2.2
2022-05-23,MOISSON,6.0,2.1
2022-05-23,PAIN,5.0,1.25
2022-05-23,PAIN AU CHOCOLAT,14.0,1.25
2022-05-23,PAIN AUX RAISINS,2.0,1.5
2022-05-23,PAIN BANETTE,2.0,1.5
2022-05-23,PAIN CHOCO AMANDES,5.0,1.6
2022-05-23,QUIM BREAD,3.0,1.1
2022-05-23,SAND JB EMMENTAL,7.0,4.0
2022-05-23,SANDWICH COMPLET,7.0,5.0
2022-05-23,SEIGLE,1.0,1.9
2022-05-23,SPECIAL BREAD,8.0,2.5
2022-05-23,TARTELETTE,1.0,2.1
2022-05-23,TRADITIONAL BAGUETTE,115.0,1.25
2022-05-24,BAGUETTE,20.0,0.95
2022-05-24,BANETTE,29.0,1.1
2022-05-24,BANETTINE,6.0,0.65
2022-05-24,BOISSON 33CL,3.0,1.5
2022-05-24,BOULE 200G,6.0,1.15
2022-05-24,BOULE 400G,5.0,1.6
2022-05-24,BRIOCHE,1.0,6.0
2022-05-24,CAFE OU EAU,2.0,1.0
2022-05-24,CAMPAGNE,4.0,1.9
2022-05-24,CEREAL BAGUETTE,10.0,1.3
2022-05-24,CHAUSSON AUX POMMES,4.0,1.5
2022-05-24,COMPLET,6.0,1.8
2022-05-24,COOKIE,2.0,1.1
2022-05-24,COUPE,26.0,0.15
2022-05-24,CROISSANT,23.0,1.15
2022-05-24,CROISSANT AMANDES,4.0,1.5
2022-05-24,FICELLE,5.0,0.65
2022-05-24,FORMULE SANDWICH,14.0,7.0
2022-05-24,KOUIGN AMANN,2.0,2.2
2022-05-24,MOISSON,8.0,2.1
2022-05-24,PAIN,4.0,1.25
2022-05-24,PAIN AU CHOCOLAT,21.0,1.25
2022-05-24,PAIN AUX RAISINS,4.0,1.5
2022-05-24,PAIN BANETTE,7.0,1.5
2022-05-24,PAIN CHOCO AMANDES,3.0,1.6000000000000003
2022-05-24,QUIM BREAD,2.0,1.1
2022-05-24,SAND JB EMMENTAL,1.0,4.0
2022-05-24,SANDWICH COMPLET,10.0,5.0
2022-05-24,SEIGLE,2.0,1.9
2022-05-24,SPECIAL BREAD,5.0,2.5
2022-05-24,TARTELETTE,8.0,2.1
2022-05-24,TRADITIONAL BAGUETTE,130.0,1.25
2022-05-25,BAGUETTE,31.0,0.95
2022-05-25,BANETTE,40.0,1.1
2022-05-25,BANETTINE,6.0,0.65
2022-05-25,BOISSON 33CL,3.0,1.5
2022-05-25,BOULE 200G,6.0,1.15
2022-05-25,BOULE 400G,9.0,1.6
2022-05-25,BRIOCHE,2.0,6.0
2022-05-25,CAMPAGNE,10.0,1.8999999999999997
2022-05-25,CEREAL BAGUETTE,10.0,1.3
2022-05-25,CHAUSSON AUX POMMES,3.0,1.5
2022-05-25,COMPLET,6.0,1.8
2022-05-25,COOKIE,4.0,1.1
2022-05-25,COUPE,36.0,0.15
2022-05-25,CROISSANT,19.0,1.15
2022-05-25,CROISSANT AMANDES,2.0,1.5
2022-05-25,DEMI BAGUETTE,4.0,0.5
2022-05-25,FICELLE,6.0,0.65
2022-05-25,FINANCIER X5,6.0,3.5
2022-05-25,FORMULE SANDWICH,7.0,7.0
2022-05-25,KOUIGN AMANN,3.0,2.2
2022-05-25,MOISSON,6.0,2.1
2022-05-25,PAIN,5.0,1.25
2022-05-25,PAIN AU CHOCOLAT,19.0,1.25
2022-05-25,PAIN AUX RAISINS,3.0,1.5
2022-05-25,PAIN BANETTE,7.0,1.5
2022-05-25,PAIN CHOCO AMANDES,5.0,1.6
2022-05-25,QUIM BREAD,1.0,1.1
2022-05-25,SAND JB EMMENTAL,2.0,4.0
2022-05-25,SANDWICH COMPLET,4.0,5.0
2022-05-25,SEIGLE,3.0,1.8999999999999997
2022-05-25,SPECIAL BREAD,10.0,2.5
2022-05-25,TARTELETTE,10.0,2.1
2022-05-25,TRADITIONAL BAGUETTE,197.0,1.25
2022-05-26,BAGUETTE,45.0,0.95
2022-05-26,BANETTE,78.0,1.1
2022-05-26,BANETTINE,6.0,0.65
2022-05-26,BOISSON 33CL,2.0,1.5
2022-05-26,BOULE 200G,6.0,1.15
2022-05-26,BOULE 400G,20.0,1.6
2022-05-26,BRIOCHE,7.0,6.0
2022-05-26,CAMPAGNE,10.0,1.9
2022-05-26,CEREAL BAGUETTE,19.0,1.3
2022-05-26,CHAUSSON AUX POMMES,4.0,1.5
2022-05-26,COMPLET,10.0,1.8
2022-05-26,COOKIE,3.0,1.1
2022-05-26,COUPE,72.0,0.15
2022-05-26,CROISSANT,109.0,1.15
2022-05-26,CROISSANT AMANDES,2.0,1.5
2022-05-26,DEMI BAGUETTE,1.0,0.5
2022-05-26,ECLAIR,5.0,2.1
2022-05-26,FICELLE,5.0,0.65
2022-05-26,FINANCIER X5,8.0,3.5
2022-05-26,FORMULE SANDWICH,4.0,7.0
2022-05-26,KOUIGN AMANN,12.0,2.2
2022-05-26,MOISSON,10.0,2.1
2022-05-26,PAIN,9.0,1.25
2022-05-26,PAIN AU CHOCOLAT,75.0,1.25
2022-05-26,PAIN AUX RAISINS,5.0,1.5
2022-05-26,PAIN BANETTE,10.0,1.5
2022-05-26,PAIN CHOCO AMANDES,7.0,1.6
2022-05-26,QUIM BREAD,8.0,1.1
2022-05-26,SANDWICH COMPLET,3.0,5.0
2022-05-26,SEIGLE,4.0,1.9
2022-05-26,SPECIAL BREAD,15.0,2.5
2022-05-26,TARTELETTE,11.0,2.1
2022-05-26,TRADITIONAL BAGUETTE,393.0,1.25
2022-05-27,BAGUETTE,64.0,0.95
2022-05-27,BANETTE,77.0,1.1
2022-05-27,BANETTINE,6.0,0.65
2022-05-27,BOISSON 33CL,4.0,1.5
2022-05-27,BOULE 200G,8.0,1.15
2022-05-27,BOULE 400G,20.0,1.6
2022-05-27,BRIOCHE,9.0,6.0
2022-05-27,CAMPAGNE,7.0,1.8999999999999997
2022-05-27,CEREAL BAGUETTE,20.0,1.3
2022-05-27,CHAUSSON AUX POMMES,5.0,1.5
2022-05-27,COMPLET,6.0,1.8
2022-05-27,COOKIE,10.0,1.1
2022-05-27,COUPE,63.0,0.15
2022-05-27,CROISSANT,139.0,1.15
2022-05-27,CROISSANT AMANDES,8.0,1.5
2022-05-27,DEMI BAGUETTE,1.0,0.5
2022-05-27,ECLAIR,3.0,2.1
2022-05-27,FINANCIER X5,3.0,3.5
2022-05-27,FORMULE SANDWICH,24.0,7.0
2022-05-27,KOUIGN AMANN,16.0,2.2
2022-05-27,MOISSON,10.0,2.1
2022-05-27,PAIN,10.0,1.25
2022-05-27,PAIN AU CHOCOLAT,108.0,1.25
2022-05-27,PAIN AUX RAISINS,9.0,1.5
2022-05-27,PAIN BANETTE,9.0,1.5
2022-05-27,PAIN CHOCO AMANDES,9.0,1.6000000000000003
2022-05-27,QUIM BREAD,5.0,1.1
2022-05-27,SAND JB EMMENTAL,3.0,4.0
2022-05-27,SANDWICH COMPLET,7.0,5.0
2022-05-27,SEIGLE,3.0,1.9
2022-05-27,SPECIAL BREAD,20.0,2.5
2022-05-27,TARTELETTE,6.0,2.1
2022-05-27,TRADITIONAL BAGUETTE,340.0,1.25
2022-05-28,BAGUETTE,55.0,0.95
2022-05-28,BANETTE,81.0,1.1
2022-05-28,BANETTINE,6.0,0.65
2022-05-28,BOISSON 33CL,1.0,1.5
2022-05-28,BOULE 200G,7.0,1.15
2022-05-28,BOULE 400G,12.0,1.6
2022-05-28,BRIOCHE,12.0,6.0
2022-05-28,CAFE OU EAU,14.0,1.0
2022-05-28,CAMPAGNE,12.0,1.8999999999999997
2022-05-28,CEREAL BAGUETTE,20.0,1.3
2022-05-28,CHAUSSON AUX POMMES,5.0,1.5
2022-05-28,COMPLET,10.0,1.7999999999999998
2022-05-28,COOKIE,15.0,1.1
2022-05-28,COUPE,64.0,0.15
2022-05-28,CROISSANT,112.0,1.15
2022-05-28,CROISSANT AMANDES,4.0,1.5
2022-05-28,DEMI BAGUETTE,2.0,0.5
2022-05-28,ECLAIR,4.0,2.1
2022-05-28,FICELLE,6.0,0.65
2022-05-28,FINANCIER X5,7.0,3.5
2022-05-28,FORMULE SANDWICH,8.0,7.0
2022-05-28,KOUIGN AMANN,14.0,2.2
2022-05-28,MOISSON,10.0,2.1
2022-05-28,PAIN,2.0,1.25
2022-05-28,PAIN AU CHOCOLAT,97.0,1.25
2022-05-28,PAIN AUX RAISINS,7.0,1.5
2022-05-28,PAIN BANETTE,9.0,1.5
2022-05-28,PAIN CHOCO AMANDES,2.0,1.6
2022-05-28,QUIM BREAD,2.0,1.1
2022-05-28,SAND JB EMMENTAL,3.0,4.0
2022-05-28,SEIGLE,5.0,1.9
2022-05-28,SPECIAL BREAD,20.0,2.5
2022-05-28,TARTELETTE,12.0,2.1
2022-05-28,TRADITIONAL BAGUETTE,445.0,1.25
2022-05-29,BAGUETTE,71.0,0.95
2022-05-29,BANETTE,104.0,1.1
2022-05-29,BANETTINE,5.0,0.65
2022-05-29,BOULE 200G,9.0,1.15
2022-05-29,BOULE 400G,18.0,1.6
2022-05-29,BRIOCHE,9.0,6.0
2022-05-29,CAFE OU EAU,1.0,1.0
2022-05-29,CAMPAGNE,12.0,1.9
2022-05-29,CEREAL BAGUETTE,20.0,1.3
2022-05-29,CHAUSSON AUX POMMES,7.0,1.5
2022-05-29,COMPLET,8.0,1.8
2022-05-29,COOKIE,10.0,1.1
2022-05-29,COUPE,72.0,0.15
2022-05-29,CROISSANT,190.0,1.15
2022-05-29,CROISSANT AMANDES,6.0,1.5
2022-05-29,DEMI BAGUETTE,7.0,0.5
2022-05-29,ECLAIR,27.0,2.1
2022-05-29,FICELLE,9.0,0.65
2022-05-29,FINANCIER X5,3.0,3.5
2022-05-29,FORMULE SANDWICH,4.0,7.0
2022-05-29,KOUIGN AMANN,20.0,2.2
2022-05-29,MOISSON,7.0,2.1
2022-05-29,PAIN,10.0,1.25
2022-05-29,PAIN AU CHOCOLAT,157.0,1.25
2022-05-29,PAIN AUX RAISINS,6.0,1.5
2022-05-29,PAIN BANETTE,9.0,1.5
2022-05-29,PAIN CHOCO AMANDES,10.0,1.6
2022-05-29,QUIM BREAD,6.0,1.1
2022-05-29,SAND JB EMMENTAL,2.0,4.0
2022-05-29,SANDWICH COMPLET,2.0,5.0
2022-05-29,SEIGLE,4.0,1.9
2022-05-29,SPECIAL BREAD,20.0,2.5
2022-05-29,TARTELETTE,33.0,2.1
2022-05-29,TRADITIONAL BAGUETTE,475.0,1.25
2022-05-30,BAGUETTE,35.0,0.95
2022-05-30,BANETTE,27.0,1.1
2022-05-30,BANETTINE,6.0,0.65
2022-05-30,BOISSON 33CL,1.0,1.5
2022-05-30,BOULE 200G,6.0,1.15
2022-05-30,BOULE 400G,7.0,1.6000000000000003
2022-05-30,BRIOCHE,2.0,6.0
2022-05-30,CAMPAGNE,5.0,1.9
2022-05-30,CEREAL BAGUETTE,10.0,1.3
2022-05-30,CHAUSSON AUX POMMES,3.0,1.5
2022-05-30,COMPLET,6.0,1.8
2022-05-30,COOKIE,6.0,1.1
2022-05-30,COUPE,32.0,0.15
2022-05-30,CROISSANT,34.0,1.15
2022-05-30,CROISSANT AMANDES,6.0,1.5
2022-05-30,ECLAIR,6.0,2.1
2022-05-30,FICELLE,2.0,0.65
2022-05-30,FORMULE SANDWICH,16.0,7.0
2022-05-30,KOUIGN AMANN,5.0,2.2
2022-05-30,MOISSON,6.0,2.1
2022-05-30,PAIN,2.0,1.25
2022-05-30,PAIN AU CHOCOLAT,28.0,1.25
2022-05-30,PAIN AUX RAISINS,3.0,1.5
2022-05-30,PAIN BANETTE,2.0,1.5
2022-05-30,PAIN CHOCO AMANDES,8.0,1.6
2022-05-30,QUIM BREAD,6.0,1.1
2022-05-30,SAND JB EMMENTAL,8.0,4.0
2022-05-30,SANDWICH COMPLET,5.0,5.0
2022-05-30,SEIGLE,3.0,1.8999999999999997
2022-05-30,SPECIAL BREAD,8.0,2.5
2022-05-30,TARTELETTE,11.0,2.1
2022-05-30,TRADITIONAL BAGUETTE,159.0,1.25
2022-05-31,BAGUETTE,29.0,0.95
2022-05-31,BANETTE,19.0,1.1
2022-05-31,BANETTINE,6.0,0.65
2022-05-31,BOISSON 33CL,5.0,1.5
2022-05-31,BOULE 200G,5.0,1.15
2022-05-31,BOULE 400G,8.0,1.6
2022-05-31,BRIOCHE,1.0,6.0
2022-05-31,CAFE OU EAU,6.0,1.0
2022-05-31,CAMPAGNE,5.0,1.9
2022-05-31,CEREAL BAGUETTE,10.0,1.3
2022-05-31,CHAUSSON AUX POMMES,2.0,1.5
2022-05-31,COMPLET,6.0,1.8
2022-05-31,COOKIE,2.0,1.1
2022-05-31,COUPE,31.0,0.15
2022-05-31,CROISSANT,11.0,1.15
2022-05-31,CROISSANT AMANDES,6.0,1.5
2022-05-31,ECLAIR,3.0,2.1
2022-05-31,FICELLE,6.0,0.65
2022-05-31,FORMULE SANDWICH,15.0,7.0
2022-05-31,MOISSON,4.0,2.1
2022-05-31,PAIN,4.0,1.25
2022-05-31,PAIN AU CHOCOLAT,19.0,1.25
2022-05-31,PAIN AUX RAISINS,5.0,1.5
2022-05-31,PAIN BANETTE,3.0,1.5
2022-05-31,PAIN CHOCO AMANDES,2.0,1.6
2022-05-31,QUIM BREAD,3.0,1.1
2022-05-31,SAND JB EMMENTAL,4.0,4.0
2022-05-31,SANDWICH COMPLET,22.0,5.0
2022-05-31,SEIGLE,2.0,1.9
2022-05-31,SPECIAL BREAD,8.0,2.5
2022-05-31,TARTELETTE,7.0,2.1
2022-05-31,TRADITIONAL BAGUETTE,113.0,1.25
2022-06-01,BAGUETTE,33.0,0.95
2022-06-01,BANETTE,28.0,1.1
2022-06-01,BANETTINE,3.0,0.65
2022-06-01,BOISSON 33CL,7.0,1.5
2022-06-01,BOULE 200G,3.0,1.15
2022-06-01,BOULE 400G,4.0,1.6
2022-06-01,BRIOCHE,2.0,6.0
2022-06-01,CAFE OU EAU,2.0,1.0
2022-06-01,CAMPAGNE,3.0,1.8999999999999997
2022-06-01,CEREAL BAGUETTE,10.0,1.3
2022-06-01,CHAUSSON AUX POMMES,1.0,1.5
2022-06-01,COMPLET,6.0,1.8
2022-06-01,COOKIE,6.0,1.1
2022-06-01,COUPE,29.0,0.15
2022-06-01,CROISSANT,35.0,1.15
2022-06-01,CROISSANT AMANDES,3.0,1.5
2022-06-01,ECLAIR,6.0,2.1
2022-06-01,FICELLE,4.0,0.65
2022-06-01,FORMULE SANDWICH,7.0,7.0
2022-06-01,KOUIGN AMANN,2.0,2.2
2022-06-01,MOISSON,6.0,2.1
2022-06-01,PAIN,1.0,1.25
2022-06-01,PAIN AU CHOCOLAT,29.0,1.25
2022-06-01,PAIN AUX RAISINS,2.0,1.5
2022-06-01,PAIN BANETTE,4.0,1.5
2022-06-01,PAIN CHOCO AMANDES,1.0,1.6
2022-06-01,QUIM BREAD,1.0,1.1
2022-06-01,SAND JB EMMENTAL,5.0,4.0
2022-06-01,SANDWICH COMPLET,8.0,5.0
2022-06-01,SEIGLE,2.0,1.9
2022-06-01,SPECIAL BREAD,6.0,2.5
2022-06-01,TARTELETTE,12.0,2.1
2022-06-01,TRADITIONAL BAGUETTE,119.0,1.25
2022-06-02,BAGUETTE,33.0,0.95
2022-06-02,BANETTE,29.0,1.1
2022-06-02,BANETTINE,6.0,0.65
2022-06-02,BOISSON 33CL,3.0,1.5
2022-06-02,BOULE 200G,2.0,1.15
2022-06-02,BOULE 400G,7.0,1.6000000000000003
2022-06-02,BRIOCHE,1.0,6.0
2022-06-02,CAFE OU EAU,8.0,1.0
2022-06-02,CAMPAGNE,3.0,1.8999999999999997
2022-06-02,CEREAL BAGUETTE,8.0,1.3
2022-06-02,CHAUSSON AUX POMMES,2.0,1.5
2022-06-02,COMPLET,2.0,1.8
2022-06-02,COOKIE,1.0,1.1
2022-06-02,COUPE,20.0,0.15
2022-06-02,CROISSANT,22.0,1.15
2022-06-02,DEMI BAGUETTE,1.0,0.5
2022-06-02,FICELLE,6.0,0.65
2022-06-02,FORMULE SANDWICH,14.0,7.0
2022-06-02,MOISSON,3.0,2.1
2022-06-02,PAIN,5.0,1.25
2022-06-02,PAIN AU CHOCOLAT,19.0,1.25
2022-06-02,PAIN AUX RAISINS,2.0,1.5
2022-06-02,PAIN BANETTE,5.0,1.5
2022-06-02,QUIM BREAD,3.0,1.1
2022-06-02,SAND JB EMMENTAL,3.0,4.0
2022-06-02,SANDWICH COMPLET,3.0,5.0
2022-06-02,SEIGLE,1.0,1.9
2022-06-02,SPECIAL BREAD,6.0,2.5
2022-06-02,TARTELETTE,6.0,2.1
2022-06-02,TRADITIONAL BAGUETTE,113.0,1.25
2022-06-03,BAGUETTE,36.0,0.95
2022-06-03,BANETTE,29.0,1.1
2022-06-03,BANETTINE,4.0,0.65
2022-06-03,BOISSON 33CL,13.0,1.5
2022-06-03,BOULE 200G,5.0,1.15
2022-06-03,BOULE 400G,5.0,1.6
2022-06-03,BRIOCHE,4.0,6.0
2022-06-03,CAFE OU EAU,3.0,1.0
2022-06-03,CAMPAGNE,5.0,1.9
2022-06-03,CEREAL BAGUETTE,9.0,1.3
2022-06-03,CHAUSSON AUX POMMES,4.0,1.5
2022-06-03,COMPLET,6.0,1.8
2022-06-03,COOKIE,1.0,1.1
2022-06-03,COUPE,25.0,0.15
2022-06-03,CROISSANT,33.0,1.15
2022-06-03,CROISSANT AMANDES,1.0,1.5
2022-06-03,DEMI BAGUETTE,1.0,0.5
2022-06-03,ECLAIR,5.0,2.1
2022-06-03,FICELLE,6.0,0.65
2022-06-03,FINANCIER X5,1.0,3.5
2022-06-03,FORMULE SANDWICH,7.0,7.0
2022-06-03,KOUIGN AMANN,1.0,2.2
2022-06-03,MOISSON,6.0,2.1
2022-06-03,PAIN,4.0,1.25
2022-06-03,PAIN AU CHOCOLAT,26.0,1.25
2022-06-03,PAIN AUX RAISINS,5.0,1.5
2022-06-03,PAIN BANETTE,3.0,1.5
2022-06-03,PAIN CHOCO AMANDES,1.0,1.6
2022-06-03,SAND JB EMMENTAL,11.0,4.0
2022-06-03,SANDWICH COMPLET,4.0,5.0
2022-06-03,SEIGLE,2.0,1.9
2022-06-03,SPECIAL BREAD,8.0,2.5
2022-06-03,TARTELETTE,4.0,2.1
2022-06-03,TRADITIONAL BAGUETTE,142.0,1.25
2022-06-04,BAGUETTE,36.0,0.95
2022-06-04,BANETTE,49.0,1.1
2022-06-04,BANETTINE,5.0,0.65
2022-06-04,BOISSON 33CL,6.0,1.5
2022-06-04,BOULE 200G,7.0,1.15
2022-06-04,BOULE 400G,14.0,1.6
2022-06-04,BRIOCHE,6.0,6.0
2022-06-04,CAFE OU EAU,6.0,1.0
2022-06-04,CAMPAGNE,14.0,1.9
2022-06-04,CEREAL BAGUETTE,20.0,1.3
2022-06-04,CHAUSSON AUX POMMES,4.0,1.5
2022-06-04,COMPLET,8.0,1.8
2022-06-04,COOKIE,1.0,1.1
2022-06-04,COUPE,63.0,0.15
2022-06-04,CROISSANT,72.0,1.15
2022-06-04,CROISSANT AMANDES,3.0,1.5
2022-06-04,DEMI BAGUETTE,1.0,0.5
2022-06-04,ECLAIR,5.0,2.1
2022-06-04,FICELLE,7.0,0.65
2022-06-04,FINANCIER X5,4.0,3.5
2022-06-04,FORMULE SANDWICH,10.0,7.0
2022-06-04,KOUIGN AMANN,2.0,2.2
2022-06-04,MOISSON,8.0,2.1
2022-06-04,PAIN,4.0,1.25
2022-06-04,PAIN AU CHOCOLAT,44.0,1.25
2022-06-04,PAIN AUX RAISINS,6.0,1.5
2022-06-04,PAIN BANETTE,5.0,1.5
2022-06-04,PAIN CHOCO AMANDES,2.0,1.6
2022-06-04,QUIM BREAD,7.0,1.1
2022-06-04,SAND JB EMMENTAL,3.0,4.0
2022-06-04,SANDWICH COMPLET,9.0,5.0
2022-06-04,SEIGLE,6.0,1.9
2022-06-04,SPECIAL BREAD,15.0,2.5
2022-06-04,TARTELETTE,8.0,2.1
2022-06-04,TRADITIONAL BAGUETTE,195.0,1.25
2022-06-05,BAGUETTE,86.0,0.9499999999999998
2022-06-05,BANETTE,61.0,1.1
2022-06-05,BANETTINE,6.0,0.65
2022-06-05,BOULE 200G,8.0,1.15
2022-06-05,BOULE 400G,20.0,1.6
2022-06-05,BRIOCHE,3.0,6.0
2022-06-05,CAFE OU EAU,7.0,1.0
2022-06-05,CAMPAGNE,16.0,1.9
2022-06-05,CEREAL BAGUETTE,14.0,1.3
2022-06-05,CHAUSSON AUX POMMES,5.0,1.5
2022-06-05,COMPLET,7.0,1.8
2022-06-05,COOKIE,12.0,1.1
2022-06-05,COUPE,63.0,0.15
2022-06-05,CROISSANT,132.0,1.15
2022-06-05,CROISSANT AMANDES,9.0,1.5
2022-06-05,DEMI BAGUETTE,5.0,0.5
2022-06-05,ECLAIR,17.0,2.1
2022-06-05,FICELLE,10.0,0.65
2022-06-05,FINANCIER X5,3.0,3.5
2022-06-05,FORMULE SANDWICH,3.0,7.0
2022-06-05,KOUIGN AMANN,8.0,2.2
2022-06-05,MOISSON,10.0,2.1
2022-06-05,PAIN,6.0,1.25
2022-06-05,PAIN AU CHOCOLAT,129.0,1.25
2022-06-05,PAIN AUX RAISINS,7.0,1.5
2022-06-05,PAIN BANETTE,6.0,1.5
2022-06-05,PAIN CHOCO AMANDES,8.0,1.6000000000000003
2022-06-05,QUIM BREAD,2.0,1.1
2022-06-05,SAND JB EMMENTAL,2.0,4.0
2022-06-05,SANDWICH COMPLET,1.0,5.0
2022-06-05,SEIGLE,3.0,1.8999999999999997
2022-06-05,SPECIAL BREAD,16.0,2.5
2022-06-05,TARTELETTE,28.0,2.1
2022-06-05,TRADITIONAL BAGUETTE,372.0,1.25
2022-06-06,BAGUETTE,62.0,0.95
2022-06-06,BANETTE,42.0,1.1
2022-06-06,BANETTINE,6.0,0.65
2022-06-06,BOISSON 33CL,2.0,1.5
2022-06-06,BOULE 200G,8.0,1.15
2022-06-06,BOULE 400G,16.0,1.6
2022-06-06,BRIOCHE,7.0,6.0
2022-06-06,CAMPAGNE,14.0,1.8999999999999997
2022-06-06,CEREAL BAGUETTE,17.0,1.3
2022-06-06,CHAUSSON AUX POMMES,8.0,1.5
2022-06-06,COMPLET,8.0,1.8
2022-06-06,COOKIE,8.0,1.1
2022-06-06,COUPE,63.0,0.15
2022-06-06,CROISSANT,118.0,1.15
2022-06-06,CROISSANT AMANDES,6.0,1.5
2022-06-06,DEMI BAGUETTE,5.0,0.5
2022-06-06,ECLAIR,11.0,2.1
2022-06-06,FICELLE,11.0,0.65
2022-06-06,FINANCIER X5,2.0,3.5
2022-06-06,FORMULE SANDWICH,4.0,7.0
2022-06-06,KOUIGN AMANN,12.0,2.2
2022-06-06,MOISSON,8.0,2.1
2022-06-06,PAIN,6.0,1.25
2022-06-06,PAIN AU CHOCOLAT,118.0,1.25
2022-06-06,PAIN AUX RAISINS,5.0,1.5
2022-06-06,PAIN BANETTE,5.0,1.5
2022-06-06,PAIN CHOCO AMANDES,5.0,1.6
2022-06-06,QUIM BREAD,8.0,1.1
2022-06-06,SAND JB EMMENTAL,3.0,4.0
2022-06-06,SANDWICH COMPLET,1.0,5.0
2022-06-06,SEIGLE,3.0,1.8999999999999997
2022-06-06,SPECIAL BREAD,15.0,2.5
2022-06-06,TARTELETTE,18.0,2.1
2022-06-06,TRADITIONAL BAGUETTE,335.0,1.25
2022-06-07,BAGUETTE,44.0,0.95
2022-06-07,BANETTE,30.0,1.1
2022-06-07,BANETTINE,5.0,0.65
2022-06-07,BOISSON 33CL,5.0,1.5
2022-06-07,BOULE 200G,2.0,1.15
2022-06-07,BOULE 400G,5.0,1.6
2022-06-07,BRIOCHE,1.0,6.0
2022-06-07,CAFE OU EAU,4.0,1.0
2022-06-07,CAMPAGNE,5.0,1.9
2022-06-07,CEREAL BAGUETTE,10.0,1.3
2022-06-07,CHAUSSON AUX POMMES,4.0,1.5
2022-06-07,COMPLET,3.0,1.8
2022-06-07,COOKIE,9.0,1.1
2022-06-07,COUPE,28.0,0.15
2022-06-07,CROISSANT,15.0,1.15
2022-06-07,CROISSANT AMANDES,4.0,1.5
2022-06-07,DEMI BAGUETTE,1.0,0.5
2022-06-07,ECLAIR,4.0,2.1
2022-06-07,FICELLE,8.0,0.65
2022-06-07,FORMULE SANDWICH,10.0,7.0
2022-06-07,KOUIGN AMANN,4.0,2.2
2022-06-07,MOISSON,6.0,2.1
2022-06-07,PAIN,4.0,1.25
2022-06-07,PAIN AU CHOCOLAT,26.0,1.25
2022-06-07,PAIN AUX RAISINS,5.0,1.5
2022-06-07,PAIN BANETTE,5.0,1.5
2022-06-07,PAIN CHOCO AMANDES,5.0,1.6
2022-06-07,QUIM BREAD,2.0,1.1
2022-06-07,SANDWICH COMPLET,5.0,5.0
2022-06-07,SEIGLE,2.0,1.9
2022-06-07,SPECIAL BREAD,8.0,2.5
2022-06-07,TARTELETTE,9.0,2.1
2022-06-07,TRADITIONAL BAGUETTE,110.0,1.25
2022-06-08,BAGUETTE,36.0,0.95
2022-06-08,BANETTE,29.0,1.1
2022-06-08,BANETTINE,6.0,0.65
2022-06-08,BOISSON 33CL,3.0,1.5
2022-06-08,BOULE 200G,6.0,1.15
2022-06-08,BOULE 400G,5.0,1.6
2022-06-08,BRIOCHE,1.0,6.0
2022-06-08,CAFE OU EAU,5.0,1.0
2022-06-08,CAMPAGNE,5.0,1.8999999999999997
2022-06-08,CEREAL BAGUETTE,4.0,1.3
2022-06-08,CHAUSSON AUX POMMES,2.0,1.5
2022-06-08,COMPLET,5.0,1.8
2022-06-08,COOKIE,1.0,1.1
2022-06-08,COUPE,28.0,0.15
2022-06-08,CROISSANT,14.0,1.15
2022-06-08,DEMI BAGUETTE,2.0,0.5
2022-06-08,FICELLE,6.0,0.65
2022-06-08,FINANCIER X5,1.0,3.5
2022-06-08,FORMULE SANDWICH,10.0,7.0
2022-06-08,KOUIGN AMANN,1.0,2.2
2022-06-08,MOISSON,4.0,2.1
2022-06-08,PAIN,3.0,1.25
2022-06-08,PAIN AU CHOCOLAT,16.0,1.25
2022-06-08,PAIN AUX RAISINS,1.0,1.5
2022-06-08,PAIN BANETTE,3.0,1.5
2022-06-08,PAIN CHOCO AMANDES,1.0,1.6
2022-06-08,QUIM BREAD,2.0,1.1
2022-06-08,SAND JB EMMENTAL,1.0,4.0
2022-06-08,SANDWICH COMPLET,8.0,5.0
2022-06-08,SEIGLE,1.0,1.9
2022-06-08,SPECIAL BREAD,6.0,2.5
2022-06-08,TARTELETTE,1.0,2.1
2022-06-08,TRADITIONAL BAGUETTE,93.0,1.25
2022-06-09,BAGUETTE,18.0,0.95
2022-06-09,BANETTE,26.0,1.1
2022-06-09,BANETTINE,2.0,0.65
2022-06-09,BOISSON 33CL,5.0,1.5
2022-06-09,BOULE 200G,4.0,1.15
2022-06-09,BOULE 400G,5.0,1.6
2022-06-09,BRIOCHE,4.0,6.0
2022-06-09,CAFE OU EAU,5.0,1.0
2022-06-09,CAMPAGNE,4.0,1.9
2022-06-09,CEREAL BAGUETTE,5.0,1.3
2022-06-09,CHAUSSON AUX POMMES,5.0,1.5
2022-06-09,COMPLET,5.0,1.8
2022-06-09,COUPE,16.0,0.15
2022-06-09,CROISSANT,29.0,1.15
2022-06-09,DEMI BAGUETTE,2.0,0.5
2022-06-09,ECLAIR,4.0,2.1
2022-06-09,FICELLE,4.0,0.65
2022-06-09,FINANCIER X5,2.0,3.5
2022-06-09,FORMULE SANDWICH,7.0,7.0
2022-06-09,MOISSON,1.0,2.1
2022-06-09,PAIN,1.0,1.25
2022-06-09,PAIN AU CHOCOLAT,24.0,1.25
2022-06-09,PAIN AUX RAISINS,3.0,1.5
2022-06-09,PAIN BANETTE,6.0,1.5
2022-06-09,PAIN CHOCO AMANDES,2.0,1.6
2022-06-09,SAND JB EMMENTAL,6.0,4.0
2022-06-09,SANDWICH COMPLET,9.0,5.0
2022-06-09,SEIGLE,1.0,1.9
2022-06-09,SPECIAL BREAD,5.0,2.5
2022-06-09,TARTELETTE,5.0,2.1
2022-06-09,TRADITIONAL BAGUETTE,126.0,1.25
2022-06-10,BAGUETTE,15.0,0.9499999999999998
2022-06-10,BANETTE,17.0,1.1
2022-06-10,BANETTINE,6.0,0.65
2022-06-10,BOISSON 33CL,3.0,1.5
2022-06-10,BOULE 200G,7.0,1.15
2022-06-10,BOULE 400G,4.0,1.6
2022-06-10,BRIOCHE,2.0,6.0
2022-06-10,CAFE OU EAU,5.0,1.0
2022-06-10,CAMPAGNE,3.0,1.8999999999999997
2022-06-10,CEREAL BAGUETTE,7.0,1.3
2022-06-10,CHAUSSON AUX POMMES,3.0,1.5
2022-06-10,COMPLET,4.0,1.8
2022-06-10,COOKIE,1.0,1.1
2022-06-10,COUPE,19.0,0.15
2022-06-10,CROISSANT,19.0,1.15
2022-06-10,CROISSANT AMANDES,2.0,1.5
2022-06-10,ECLAIR,1.0,2.1
2022-06-10,FICELLE,5.0,0.65
2022-06-10,FORMULE SANDWICH,19.0,7.0
2022-06-10,KOUIGN AMANN,2.0,2.2
2022-06-10,MOISSON,2.0,2.1
2022-06-10,PAIN,3.0,1.25
2022-06-10,PAIN AU CHOCOLAT,21.0,1.25
2022-06-10,PAIN AUX RAISINS,1.0,1.5
2022-06-10,PAIN BANETTE,4.0,1.5
2022-06-10,PAIN CHOCO AMANDES,4.0,1.6000000000000003
2022-06-10,QUIM BREAD,1.0,1.1
2022-06-10,SAND JB EMMENTAL,7.0,4.0
2022-06-10,SANDWICH COMPLET,7.0,5.0
2022-06-10,SPECIAL BREAD,2.0,2.5
2022-06-10,TARTELETTE,11.0,2.1
2022-06-10,TRADITIONAL BAGUETTE,117.0,1.25
2022-06-11,BAGUETTE,42.0,0.95
2022-06-11,BANETTE,38.0,1.1
2022-06-11,BANETTINE,6.0,0.65
2022-06-11,BOULE 200G,8.0,1.15
2022-06-11,BOULE 400G,12.0,1.6
2022-06-11,BRIOCHE,4.0,6.0
2022-06-11,CAFE OU EAU,5.0,1.0
2022-06-11,CAMPAGNE,4.0,1.9
2022-06-11,CHAUSSON AUX POMMES,5.0,1.5
2022-06-11,COMPLET,5.0,1.8
2022-06-11,COOKIE,11.0,1.1
2022-06-11,COUPE,46.0,0.15
2022-06-11,CROISSANT,62.0,1.15
2022-06-11,CROISSANT AMANDES,1.0,1.5
2022-06-11,ECLAIR,1.0,2.1
2022-06-11,FICELLE,5.0,0.65
2022-06-11,FORMULE SANDWICH,4.0,7.0
2022-06-11,KOUIGN AMANN,2.0,2.2
2022-06-11,MOISSON,5.0,2.1
2022-06-11,PAIN,5.0,1.25
2022-06-11,PAIN AU CHOCOLAT,60.0,1.25
2022-06-11,PAIN AUX RAISINS,3.0,1.5
2022-06-11,PAIN BANETTE,4.0,1.5
2022-06-11,PAIN CHOCO AMANDES,1.0,1.6
2022-06-11,SANDWICH COMPLET,3.0,5.0
2022-06-11,SEIGLE,5.0,1.9
2022-06-11,SPECIAL BREAD,5.0,2.5
2022-06-11,TARTELETTE,14.0,2.1
2022-06-11,TRADITIONAL BAGUETTE,218.0,1.25
2022-06-12,BAGUETTE,47.0,0.95
2022-06-12,BANETTE,36.0,1.1
2022-06-12,BANETTINE,6.0,0.65
2022-06-12,BOISSON 33CL,1.0,1.5
2022-06-12,BOULE 200G,8.0,1.15
2022-06-12,BOULE 400G,8.0,1.6
2022-06-12,BRIOCHE,6.0,6.0
2022-06-12,CAMPAGNE,10.0,1.9
2022-06-12,CEREAL BAGUETTE,13.0,1.3
2022-06-12,CHAUSSON AUX POMMES,3.0,1.5
2022-06-12,COMPLET,6.0,1.8
2022-06-12,COOKIE,9.0,1.1
2022-06-12,COUPE,46.0,0.15
2022-06-12,CROISSANT,87.0,1.15
2022-06-12,CROISSANT AMANDES,2.0,1.5
2022-06-12,DEMI BAGUETTE,2.0,0.5
2022-06-12,ECLAIR,12.0,2.1
2022-06-12,FICELLE,9.0,0.65
2022-06-12,FINANCIER X5,6.0,3.5
2022-06-12,FORMULE SANDWICH,6.0,7.0
2022-06-12,KOUIGN AMANN,2.0,2.2
2022-06-12,MOISSON,6.0,2.1
2022-06-12,PAIN,3.0,1.25
2022-06-12,PAIN AU CHOCOLAT,84.0,1.25
2022-06-12,PAIN AUX RAISINS,6.0,1.5
2022-06-12,PAIN BANETTE,5.0,1.5
2022-06-12,PAIN CHOCO AMANDES,1.0,1.6
2022-06-12,QUIM BREAD,7.0,1.1
2022-06-12,SAND JB EMMENTAL,3.0,4.0
2022-06-12,SANDWICH COMPLET,5.0,5.0
2022-06-12,SEIGLE,1.0,1.9
2022-06-12,SPECIAL BREAD,12.0,2.5
2022-06-12,TARTELETTE,12.0,2.1
2022-06-12,TRADITIONAL BAGUETTE,244.0,1.25
2022-06-13,BAGUETTE,39.0,0.95
2022-06-13,BANETTE,28.0,1.1
2022-06-13,BANETTINE,4.0,0.65
2022-06-13,BOISSON 33CL,2.0,1.5
2022-06-13,BOULE 200G,8.0,1.15
2022-06-13,BOULE 400G,5.0,1.6
2022-06-13,CAMPAGNE,5.0,1.8999999999999997
2022-06-13,CEREAL BAGUETTE,8.0,1.3
2022-06-13,CHAUSSON AUX POMMES,2.0,1.5
2022-06-13,COMPLET,6.0,1.8
2022-06-13,COOKIE,9.0,1.1
2022-06-13,COUPE,32.0,0.15
2022-06-13,CROISSANT,20.0,1.15
2022-06-13,CROISSANT AMANDES,2.0,1.5
2022-06-13,ECLAIR,6.0,2.1
2022-06-13,FICELLE,7.0,0.65
2022-06-13,FINANCIER X5,1.0,3.5
2022-06-13,FORMULE SANDWICH,12.0,7.0
2022-06-13,KOUIGN AMANN,4.0,2.2
2022-06-13,MOISSON,5.0,2.1
2022-06-13,PAIN,6.0,1.25
2022-06-13,PAIN AU CHOCOLAT,33.0,1.25
2022-06-13,PAIN AUX RAISINS,4.0,1.5
2022-06-13,PAIN BANETTE,4.0,1.5
2022-06-13,PAIN CHOCO AMANDES,5.0,1.6
2022-06-13,QUIM BREAD,2.0,1.1
2022-06-13,SAND JB EMMENTAL,2.0,4.0
2022-06-13,SANDWICH COMPLET,4.0,5.0
2022-06-13,SEIGLE,2.0,1.9
2022-06-13,SPECIAL BREAD,7.0,2.5
2022-06-13,TARTELETTE,2.0,2.1
2022-06-13,TRADITIONAL BAGUETTE,119.0,1.25
2022-06-14,BAGUETTE,34.0,0.95
2022-06-14,BANETTE,28.0,1.1
2022-06-14,BANETTINE,6.0,0.65
2022-06-14,BOISSON 33CL,3.0,1.5
2022-06-14,BOULE 200G,4.0,1.15
2022-06-14,BOULE 400G,3.0,1.6000000000000003
2022-06-14,BRIOCHE,1.0,6.0
2022-06-14,CAFE OU EAU,11.0,1.0
2022-06-14,CAMPAGNE,4.0,1.9
2022-06-14,CEREAL BAGUETTE,6.0,1.3
2022-06-14,COMPLET,4.0,1.8
2022-06-14,COUPE,19.0,0.15
2022-06-14,CROISSANT,24.0,1.15
2022-06-14,CROISSANT AMANDES,3.0,1.5
2022-06-14,DEMI BAGUETTE,3.0,0.5
2022-06-14,FICELLE,4.0,0.65
2022-06-14,FINANCIER X5,1.0,3.5
2022-06-14,FORMULE SANDWICH,15.0,7.0
2022-06-14,KOUIGN AMANN,5.0,2.2
2022-06-14,MOISSON,6.0,2.1
2022-06-14,PAIN,5.0,1.25
2022-06-14,PAIN AU CHOCOLAT,27.0,1.25
2022-06-14,PAIN AUX RAISINS,4.0,1.5
2022-06-14,PAIN BANETTE,5.0,1.5
2022-06-14,PAIN CHOCO AMANDES,4.0,1.6
2022-06-14,QUIM BREAD,1.0,1.1
2022-06-14,SAND JB EMMENTAL,6.0,4.0
2022-06-14,SANDWICH COMPLET,6.0,5.0
2022-06-14,SPECIAL BREAD,6.0,2.5
2022-06-14,TARTELETTE,4.0,2.1
2022-06-14,TRADITIONAL BAGUETTE,130.0,1.25
2022-06-15,BAGUETTE,32.0,0.9499999999999998
2022-06-15,BANETTE,30.0,1.1
2022-06-15,BANETTINE,5.0,0.65
2022-06-15,BOISSON 33CL,3.0,1.5
2022-06-15,BOULE 200G,3.0,1.15
2022-06-15,BOULE 400G,4.0,1.6
2022-06-15,CAFE OU EAU,3.0,1.0
2022-06-15,CAMPAGNE,5.0,1.9
2022-06-15,CEREAL BAGUETTE,4.0,1.3
2022-06-15,CHAUSSON AUX POMMES,3.0,1.5
2022-06-15,COMPLET,6.0,1.8
2022-06-15,COOKIE,3.0,1.1
2022-06-15,COUPE,21.0,0.15
2022-06-15,CROISSANT,23.0,1.15
2022-06-15,CROISSANT AMANDES,4.0,1.5
2022-06-15,DEMI BAGUETTE,2.0,0.5
2022-06-15,ECLAIR,7.0,2.1
2022-06-15,FICELLE,1.0,0.65
2022-06-15,FINANCIER X5,5.0,3.5
2022-06-15,FORMULE SANDWICH,12.0,7.0
2022-06-15,MOISSON,5.0,2.1
2022-06-15,PAIN,5.0,1.25
2022-06-15,PAIN AU CHOCOLAT,15.0,1.25
2022-06-15,PAIN AUX RAISINS,6.0,1.5
2022-06-15,PAIN BANETTE,5.0,1.5
2022-06-15,QUIM BREAD,2.0,1.1
2022-06-15,SAND JB EMMENTAL,3.0,4.0
2022-06-15,SANDWICH COMPLET,6.0,5.0
2022-06-15,SEIGLE,1.0,1.9
2022-06-15,SPECIAL BREAD,7.0,2.5
2022-06-15,TARTELETTE,2.0,2.1
2022-06-15,TRADITIONAL BAGUETTE,136.0,1.25
2022-06-16,BAGUETTE,25.0,0.9499999999999998
2022-06-16,BANETTE,20.0,1.1
2022-06-16,BANETTINE,6.0,0.65
2022-06-16,BOISSON 33CL,9.0,1.5
2022-06-16,BOULE 200G,4.0,1.15
2022-06-16,BOULE 400G,6.0,1.6000000000000003
2022-06-16,CAFE OU EAU,2.0,1.0
2022-06-16,CAMPAGNE,1.0,1.9
2022-06-16,CEREAL BAGUETTE,8.0,1.3
2022-06-16,CHAUSSON AUX POMMES,1.0,1.5
2022-06-16,COMPLET,6.0,1.8
2022-06-16,COOKIE,1.0,1.1
2022-06-16,COUPE,24.0,0.15
2022-06-16,CROISSANT,23.0,1.15
2022-06-16,CROISSANT AMANDES,3.0,1.5
2022-06-16,DEMI BAGUETTE,3.0,0.5
2022-06-16,ECLAIR,2.0,2.1
2022-06-16,FICELLE,3.0,0.65
2022-06-16,FORMULE SANDWICH,16.0,7.0
2022-06-16,MOISSON,6.0,2.1
2022-06-16,PAIN,2.0,1.25
2022-06-16,PAIN AU CHOCOLAT,29.0,1.25
2022-06-16,PAIN AUX RAISINS,3.0,1.5
2022-06-16,PAIN BANETTE,5.0,1.5
2022-06-16,PAIN CHOCO AMANDES,1.0,1.6
2022-06-16,QUIM BREAD,3.0,1.1
2022-06-16,SAND JB EMMENTAL,1.0,4.0
2022-06-16,SANDWICH COMPLET,5.0,5.0
2022-06-16,SEIGLE,1.0,1.9
2022-06-16,SPECIAL BREAD,7.0,2.5
2022-06-16,TARTELETTE,7.0,2.1
2022-06-16,TRADITIONAL BAGUETTE,115.0,1.25
2022-06-17,BAGUETTE,21.0,0.95
2022-06-17,BANETTE,30.0,1.1
2022-06-17,BANETTINE,6.0,0.65
2022-06-17,BOISSON 33CL,1.0,1.5
2022-06-17,BOULE 200G,6.0,1.15
2022-06-17,BOULE 400G,7.0,1.6000000000000003
2022-06-17,BRIOCHE,1.0,6.0
2022-06-17,CAMPAGNE,5.0,1.9
2022-06-17,CEREAL BAGUETTE,10.0,1.3
2022-06-17,CHAUSSON AUX POMMES,1.0,1.5
2022-06-17,COMPLET,6.0,1.8
2022-06-17,COOKIE,6.0,1.1
2022-06-17,COUPE,32.0,0.15
2022-06-17,CROISSANT,17.0,1.15
2022-06-17,CROISSANT AMANDES,1.0,1.5
2022-06-17,DEMI BAGUETTE,2.0,0.5
2022-06-17,ECLAIR,3.0,2.1
2022-06-17,FICELLE,4.0,0.65
2022-06-17,FINANCIER X5,2.0,3.5
2022-06-17,FORMULE SANDWICH,13.0,7.0
2022-06-17,KOUIGN AMANN,2.0,2.2
2022-06-17,MOISSON,6.0,2.1
2022-06-17,PAIN,1.0,1.25
2022-06-17,PAIN AU CHOCOLAT,15.0,1.25
2022-06-17,PAIN AUX RAISINS,2.0,1.5
2022-06-17,PAIN BANETTE,5.0,1.5
2022-06-17,QUIM BREAD,1.0,1.1
2022-06-17,SAND JB EMMENTAL,3.0,4.0
2022-06-17,SANDWICH COMPLET,8.0,5.0
2022-06-17,SEIGLE,2.0,1.9
2022-06-17,SPECIAL BREAD,5.0,2.5
2022-06-17,TARTELETTE,9.0,2.1
2022-06-17,TRADITIONAL BAGUETTE,120.0,1.25
2022-06-18,BAGUETTE,38.0,0.9499999999999998
2022-06-18,BANETTE,40.0,1.1
2022-06-18,BANETTINE,5.0,0.65
2022-06-18,BOISSON 33CL,3.0,1.5
2022-06-18,BOULE 200G,8.0,1.15
2022-06-18,BOULE 400G,12.0,1.6000000000000003
2022-06-18,BRIOCHE,3.0,6.0
2022-06-18,CAFE OU EAU,4.0,1.0
2022-06-18,CAMPAGNE,10.0,1.9
2022-06-18,CEREAL BAGUETTE,10.0,1.3
2022-06-18,CHAUSSON AUX POMMES,2.0,1.5
2022-06-18,COMPLET,6.0,1.8
2022-06-18,COOKIE,6.0,1.1
2022-06-18,COUPE,46.0,0.15
2022-06-18,CROISSANT,75.0,1.15
2022-06-18,CROISSANT AMANDES,3.0,1.5
2022-06-18,DEMI BAGUETTE,3.0,0.5
2022-06-18,ECLAIR,3.0,2.1
2022-06-18,FICELLE,6.0,0.65
2022-06-18,FINANCIER X5,4.0,3.5
2022-06-18,FORMULE SANDWICH,9.0,7.0
2022-06-18,KOUIGN AMANN,2.0,2.2
2022-06-18,MOISSON,8.0,2.1
2022-06-18,PAIN,5.0,1.25
2022-06-18,PAIN AU CHOCOLAT,44.0,1.25
2022-06-18,PAIN AUX RAISINS,5.0,1.5
2022-06-18,PAIN BANETTE,6.0,1.5
2022-06-18,PAIN CHOCO AMANDES,1.0,1.6
2022-06-18,QUIM BREAD,4.0,1.1
2022-06-18,SAND JB EMMENTAL,2.0,4.0
2022-06-18,SANDWICH COMPLET,3.0,5.0
2022-06-18,SEIGLE,3.0,1.9
2022-06-18,SPECIAL BREAD,7.0,2.5
2022-06-18,TARTELETTE,10.0,2.1
2022-06-18,TRADITIONAL BAGUETTE,221.0,1.25
2022-06-19,BAGUETTE,52.0,0.95
2022-06-19,BANETTE,54.0,1.1
2022-06-19,BANETTINE,6.0,0.65
2022-06-19,BOISSON 33CL,3.0,1.5
2022-06-19,BOULE 200G,8.0,1.15
2022-06-19,BOULE 400G,12.0,1.6
2022-06-19,BRIOCHE,6.0,6.0
2022-06-19,CAMPAGNE,10.0,1.9
2022-06-19,CEREAL BAGUETTE,20.0,1.3
2022-06-19,CHAUSSON AUX POMMES,8.0,1.5
2022-06-19,COMPLET,6.0,1.8
2022-06-19,COOKIE,8.0,1.1
2022-06-19,COUPE,49.0,0.15
2022-06-19,CROISSANT,114.0,1.15
2022-06-19,CROISSANT AMANDES,11.0,1.5
2022-06-19,DEMI BAGUETTE,2.0,0.5
2022-06-19,ECLAIR,19.0,2.1
2022-06-19,FICELLE,6.0,0.65
2022-06-19,FINANCIER X5,1.0,3.5
2022-06-19,FORMULE SANDWICH,6.0,7.0
2022-06-19,KOUIGN AMANN,6.0,2.2
2022-06-19,MOISSON,4.0,2.1
2022-06-19,PAIN,3.0,1.25
2022-06-19,PAIN AU CHOCOLAT,91.0,1.25
2022-06-19,PAIN AUX RAISINS,9.0,1.5
2022-06-19,PAIN BANETTE,5.0,1.5
2022-06-19,PAIN CHOCO AMANDES,5.0,1.6
2022-06-19,QUIM BREAD,6.0,1.1
2022-06-19,SAND JB EMMENTAL,2.0,4.0
2022-06-19,SANDWICH COMPLET,1.0,5.0
2022-06-19,SEIGLE,1.0,1.9
2022-06-19,SPECIAL BREAD,12.0,2.5
2022-06-19,TARTELETTE,25.0,2.1
2022-06-19,TRADITIONAL BAGUETTE,282.0,1.25
2022-06-20,BAGUETTE,16.0,0.95
2022-06-20,BANETTE,33.0,1.1
2022-06-20,BANETTINE,4.0,0.65
2022-06-20,BOISSON 33CL,7.0,1.5
2022-06-20,BOULE 200G,2.0,1.15
2022-06-20,BOULE 400G,5.0,1.6
2022-06-20,BRIOCHE,2.0,6.0
2022-06-20,CAFE OU EAU,5.0,1.0
2022-06-20,CAMPAGNE,3.0,1.8999999999999997
2022-06-20,CEREAL BAGUETTE,4.0,1.3
2022-06-20,CHAUSSON AUX POMMES,2.0,1.5
2022-06-20,COMPLET,1.0,1.8
2022-06-20,COOKIE,3.0,1.1
2022-06-20,COUPE,24.0,0.15
2022-06-20,CROISSANT,38.0,1.15
2022-06-20,CROISSANT AMANDES,3.0,1.5
2022-06-20,DEMI BAGUETTE,2.0,0.5
2022-06-20,FICELLE,5.0,0.65
2022-06-20,FINANCIER X5,3.0,3.5
2022-06-20,FORMULE SANDWICH,13.0,7.0
2022-06-20,MOISSON,2.0,2.1
2022-06-20,PAIN,2.0,1.25
2022-06-20,PAIN AU CHOCOLAT,28.0,1.25
2022-06-20,PAIN AUX RAISINS,5.0,1.5
2022-06-20,PAIN BANETTE,5.0,1.5
2022-06-20,PAIN CHOCO AMANDES,7.0,1.6
2022-06-20,SAND JB EMMENTAL,7.0,4.0
2022-06-20,SANDWICH COMPLET,9.0,5.0
2022-06-20,SEIGLE,3.0,1.8999999999999997
2022-06-20,SPECIAL BREAD,8.0,2.5
2022-06-20,TARTELETTE,5.0,2.1
2022-06-20,TRADITIONAL BAGUETTE,129.0,1.25
2022-06-21,BAGUETTE,28.0,0.95
2022-06-21,BANETTE,30.0,1.1
2022-06-21,BANETTINE,4.0,0.65
2022-06-21,BOISSON 33CL,4.0,1.5
2022-06-21,BOULE 200G,8.0,1.15
2022-06-21,BOULE 400G,7.0,1.6000000000000003
2022-06-21,CAFE OU EAU,3.0,1.0
2022-06-21,CAMPAGNE,5.0,1.9
2022-06-21,CEREAL BAGUETTE,6.0,1.3
2022-06-21,CHAUSSON AUX POMMES,1.0,1.5
2022-06-21,COMPLET,6.0,1.8
2022-06-21,COOKIE,5.0,1.1
2022-06-21,COUPE,23.0,0.15
2022-06-21,CROISSANT,36.0,1.15
2022-06-21,CROISSANT AMANDES,2.0,1.5
2022-06-21,DEMI BAGUETTE,2.0,0.5
2022-06-21,FICELLE,5.0,0.65
2022-06-21,FINANCIER X5,1.0,3.5
2022-06-21,FORMULE SANDWICH,7.0,7.0
2022-06-21,KOUIGN AMANN,7.0,2.2
2022-06-21,MOISSON,6.0,2.1
2022-06-21,PAIN,5.0,1.25
2022-06-21,PAIN AU CHOCOLAT,40.0,1.25
2022-06-21,PAIN AUX RAISINS,3.0,1.5
2022-06-21,PAIN BANETTE,4.0,1.5
2022-06-21,PAIN CHOCO AMANDES,4.0,1.6000000000000003
2022-06-21,QUIM BREAD,6.0,1.1
2022-06-21,SAND JB EMMENTAL,2.0,4.0
2022-06-21,SANDWICH COMPLET,8.0,5.0
2022-06-21,SPECIAL BREAD,8.0,2.5
2022-06-21,TARTELETTE,4.0,2.1
2022-06-21,TRADITIONAL BAGUETTE,123.0,1.25
2022-06-22,BAGUETTE,20.0,0.9499999999999998
2022-06-22,BANETTE,29.0,1.1
2022-06-22,BANETTINE,3.0,0.65
2022-06-22,BOISSON 33CL,3.0,1.5
2022-06-22,BOULE 200G,5.0,1.15
2022-06-22,BOULE 400G,5.0,1.6
2022-06-22,BRIOCHE,1.0,6.0
2022-06-22,CAFE OU EAU,2.0,1.0
2022-06-22,CAMPAGNE,2.0,1.9
2022-06-22,CEREAL BAGUETTE,7.0,1.3
2022-06-22,CHAUSSON AUX POMMES,4.0,1.5
2022-06-22,COMPLET,2.0,1.8
2022-06-22,COOKIE,3.0,1.1
2022-06-22,COUPE,17.0,0.15
2022-06-22,CROISSANT,30.0,1.15
2022-06-22,DEMI BAGUETTE,3.0,0.5
2022-06-22,FICELLE,1.0,0.65
2022-06-22,FORMULE SANDWICH,6.0,7.0
2022-06-22,KOUIGN AMANN,2.0,2.2
2022-06-22,MOISSON,1.0,2.1
2022-06-22,PAIN,4.0,1.25
2022-06-22,PAIN AU CHOCOLAT,30.0,1.25
2022-06-22,PAIN AUX RAISINS,4.0,1.5
2022-06-22,PAIN BANETTE,6.0,1.5
2022-06-22,PAIN CHOCO AMANDES,2.0,1.6
2022-06-22,QUIM BREAD,1.0,1.1
2022-06-22,SAND JB EMMENTAL,5.0,4.0
2022-06-22,SANDWICH COMPLET,5.0,5.0
2022-06-22,SEIGLE,3.0,1.8999999999999997
2022-06-22,SPECIAL BREAD,8.0,2.5
2022-06-22,TARTELETTE,8.0,2.1
2022-06-22,TRADITIONAL BAGUETTE,96.0,1.25
2022-06-23,BAGUETTE,33.0,0.9500000000000001
2022-06-23,BANETTE,19.0,1.1
2022-06-23,BANETTINE,4.0,0.65
2022-06-23,BOISSON 33CL,1.0,1.5
2022-06-23,BOULE 200G,7.0,1.15
2022-06-23,BOULE 400G,4.0,1.6
2022-06-23,BRIOCHE,3.0,6.0
2022-06-23,CAFE OU EAU,3.0,1.0
2022-06-23,CAMPAGNE,5.0,1.9
2022-06-23,CEREAL BAGUETTE,5.0,1.3
2022-06-23,CHAUSSON AUX POMMES,1.0,1.5
2022-06-23,COMPLET,6.0,1.8
2022-06-23,COOKIE,2.0,1.1
2022-06-23,COUPE,28.0,0.15
2022-06-23,CROISSANT,40.0,1.15
2022-06-23,CROISSANT AMANDES,5.0,1.5
2022-06-23,DEMI BAGUETTE,2.0,0.5
2022-06-23,ECLAIR,10.0,2.1
2022-06-23,FICELLE,1.0,0.65
2022-06-23,FINANCIER X5,2.0,3.5
2022-06-23,FORMULE SANDWICH,9.0,7.0
2022-06-23,MOISSON,6.0,2.1
2022-06-23,PAIN,5.0,1.25
2022-06-23,PAIN AU CHOCOLAT,29.0,1.25
2022-06-23,PAIN AUX RAISINS,1.0,1.5
2022-06-23,PAIN BANETTE,3.0,1.5
2022-06-23,PAIN CHOCO AMANDES,1.0,1.6
2022-06-23,QUIM BREAD,1.0,1.1
2022-06-23,SAND JB EMMENTAL,3.0,4.0
2022-06-23,SANDWICH COMPLET,6.0,5.0
2022-06-23,SEIGLE,2.0,1.9
2022-06-23,SPECIAL BREAD,4.0,2.5
2022-06-23,TARTELETTE,3.0,2.1
2022-06-23,TRADITIONAL BAGUETTE,130.0,1.25
2022-06-24,BAGUETTE,31.0,0.95
2022-06-24,BANETTE,24.0,1.1
2022-06-24,BANETTINE,5.0,0.65
2022-06-24,BOISSON 33CL,4.0,1.5
2022-06-24,BOULE 200G,4.0,1.15
2022-06-24,BOULE 400G,7.0,1.6
2022-06-24,BRIOCHE,2.0,6.0
2022-06-24,CAFE OU EAU,2.0,1.0
2022-06-24,CAMPAGNE,5.0,1.9
2022-06-24,CEREAL BAGUETTE,10.0,1.3
2022-06-24,CHAUSSON AUX POMMES,3.0,1.5
2022-06-24,COMPLET,6.0,1.8
2022-06-24,COOKIE,5.0,1.1
2022-06-24,COUPE,31.0,0.15
2022-06-24,CROISSANT,37.0,1.15
2022-06-24,CROISSANT AMANDES,4.0,1.5
2022-06-24,DEMI BAGUETTE,1.0,0.5
2022-06-24,ECLAIR,2.0,2.1
2022-06-24,FICELLE,1.0,0.65
2022-06-24,FORMULE SANDWICH,12.0,7.0
2022-06-24,KOUIGN AMANN,3.0,2.2
2022-06-24,MOISSON,6.0,2.1
2022-06-24,PAIN,3.0,1.25
2022-06-24,PAIN AU CHOCOLAT,34.0,1.25
2022-06-24,PAIN AUX RAISINS,2.0,1.5
2022-06-24,PAIN BANETTE,4.0,1.5
2022-06-24,PAIN CHOCO AMANDES,1.0,1.6
2022-06-24,QUIM BREAD,6.0,1.1
2022-06-24,SAND JB EMMENTAL,1.0,4.0
2022-06-24,SANDWICH COMPLET,4.0,5.0
2022-06-24,SEIGLE,2.0,1.9
2022-06-24,SPECIAL BREAD,7.0,2.5
2022-06-24,TARTELETTE,5.0,2.1
2022-06-24,TRADITIONAL BAGUETTE,145.0,1.25
2022-06-25,BAGUETTE,33.0,0.95
2022-06-25,BANETTE,31.0,1.1
2022-06-25,BANETTINE,3.0,0.65
2022-06-25,BOISSON 33CL,1.0,1.5
2022-06-25,BOULE 200G,4.0,1.15
2022-06-25,BOULE 400G,11.0,1.6
2022-06-25,BRIOCHE,2.0,6.0
2022-06-25,CAFE OU EAU,2.0,1.0
2022-06-25,CAMPAGNE,8.0,1.9
2022-06-25,CEREAL BAGUETTE,9.0,1.3
2022-06-25,CHAUSSON AUX POMMES,6.0,1.5
2022-06-25,COMPLET,6.0,1.8
2022-06-25,COOKIE,11.0,1.1
2022-06-25,COUPE,47.0,0.15
2022-06-25,CROISSANT,46.0,1.15
2022-06-25,CROISSANT AMANDES,1.0,1.5
2022-06-25,DEMI BAGUETTE,1.0,0.5
2022-06-25,FICELLE,4.0,0.65
2022-06-25,FINANCIER X5,5.0,3.5
2022-06-25,FORMULE SANDWICH,11.0,7.0
2022-06-25,KOUIGN AMANN,1.0,2.2
2022-06-25,MOISSON,6.0,2.1
2022-06-25,PAIN,5.0,1.25
2022-06-25,PAIN AU CHOCOLAT,34.0,1.25
2022-06-25,PAIN AUX RAISINS,5.0,1.5
2022-06-25,PAIN BANETTE,5.0,1.5
2022-06-25,QUIM BREAD,7.0,1.1
2022-06-25,SAND JB EMMENTAL,4.0,4.0
2022-06-25,SANDWICH COMPLET,6.0,5.0
2022-06-25,SEIGLE,2.0,1.9
2022-06-25,SPECIAL BREAD,12.0,2.5
2022-06-25,TARTELETTE,3.0,2.1
2022-06-25,TRADITIONAL BAGUETTE,228.0,1.25
2022-06-26,BAGUETTE,44.0,0.95
2022-06-26,BANETTE,36.0,1.1
2022-06-26,BANETTINE,5.0,0.65
2022-06-26,BOISSON 33CL,2.0,1.5
2022-06-26,BOULE 200G,8.0,1.15
2022-06-26,BOULE 400G,12.0,1.6
2022-06-26,BRIOCHE,4.0,6.0
2022-06-26,CAFE OU EAU,4.0,1.0
2022-06-26,CAMPAGNE,10.0,1.9
2022-06-26,CEREAL BAGUETTE,16.0,1.3
2022-06-26,CHAUSSON AUX POMMES,7.0,1.5
2022-06-26,COMPLET,6.0,1.8
2022-06-26,COOKIE,3.0,1.1
2022-06-26,COUPE,55.0,0.15
2022-06-26,CROISSANT,97.0,1.15
2022-06-26,CROISSANT AMANDES,7.0,1.5
2022-06-26,DEMI BAGUETTE,4.0,0.5
2022-06-26,ECLAIR,16.0,2.1
2022-06-26,FICELLE,6.0,0.65
2022-06-26,FINANCIER X5,5.0,3.5
2022-06-26,KOUIGN AMANN,7.0,2.2
2022-06-26,MOISSON,4.0,2.1
2022-06-26,PAIN,4.0,1.25
2022-06-26,PAIN AU CHOCOLAT,68.0,1.25
2022-06-26,PAIN AUX RAISINS,6.0,1.5
2022-06-26,PAIN BANETTE,4.0,1.5
2022-06-26,PAIN CHOCO AMANDES,5.0,1.6
2022-06-26,QUIM BREAD,2.0,1.1
2022-06-26,SANDWICH COMPLET,1.0,5.0
2022-06-26,SEIGLE,2.0,1.9
2022-06-26,SPECIAL BREAD,12.0,2.5
2022-06-26,TARTELETTE,15.0,2.1
2022-06-26,TRADITIONAL BAGUETTE,267.0,1.25
2022-06-27,BAGUETTE,29.0,0.95
2022-06-27,BANETTE,30.0,1.1
2022-06-27,BANETTINE,6.0,0.65
2022-06-27,BOISSON 33CL,4.0,1.5
2022-06-27,BOULE 200G,7.0,1.15
2022-06-27,BOULE 400G,8.0,1.6
2022-06-27,BRIOCHE,2.0,6.0
2022-06-27,CAFE OU EAU,1.0,1.0
2022-06-27,CAMPAGNE,5.0,1.9
2022-06-27,CEREAL BAGUETTE,8.0,1.3
2022-06-27,CHAUSSON AUX POMMES,2.0,1.5
2022-06-27,COMPLET,6.0,1.8
2022-06-27,COOKIE,2.0,1.1
2022-06-27,COUPE,33.0,0.15
2022-06-27,CROISSANT,45.0,1.15
2022-06-27,CROISSANT AMANDES,5.0,1.5
2022-06-27,DEMI BAGUETTE,6.0,0.5
2022-06-27,FICELLE,4.0,0.65
2022-06-27,FINANCIER X5,3.0,3.5
2022-06-27,FORMULE SANDWICH,22.0,7.0
2022-06-27,KOUIGN AMANN,1.0,2.2
2022-06-27,MOISSON,5.0,2.1
2022-06-27,PAIN,2.0,1.25
2022-06-27,PAIN AU CHOCOLAT,20.0,1.25
2022-06-27,PAIN AUX RAISINS,4.0,1.5
2022-06-27,PAIN BANETTE,4.0,1.5
2022-06-27,PAIN CHOCO AMANDES,3.0,1.6
2022-06-27,SANDWICH COMPLET,2.0,5.0
2022-06-27,SPECIAL BREAD,8.0,2.5
2022-06-27,TARTELETTE,5.0,2.1
2022-06-27,TRADITIONAL BAGUETTE,174.0,1.25
2022-06-28,BAGUETTE,32.0,0.9499999999999998
2022-06-28,BANETTE,31.0,1.1047619047619048
2022-06-28,BANETTINE,6.0,0.65
2022-06-28,BOISSON 33CL,3.0,1.5
2022-06-28,BOULE 200G,3.0,1.15
2022-06-28,BOULE 400G,6.0,1.6
2022-06-28,BRIOCHE,3.0,6.0
2022-06-28,CAFE OU EAU,10.0,1.0
2022-06-28,CAMPAGNE,4.0,1.9249999999999998
2022-06-28,CHAUSSON AUX POMMES,4.0,1.5
2022-06-28,COMPLET,6.0,1.8
2022-06-28,COOKIE,4.0,1.1
2022-06-28,COUPE,22.0,0.15
2022-06-28,CROISSANT,13.0,1.15
2022-06-28,CROISSANT AMANDES,3.0,1.5
2022-06-28,DEMI BAGUETTE,3.0,0.5
2022-06-28,FICELLE,6.0,0.65
2022-06-28,FINANCIER X5,1.0,3.5
2022-06-28,FORMULE SANDWICH,8.0,7.0
2022-06-28,KOUIGN AMANN,2.0,2.2
2022-06-28,MOISSON,3.0,2.1
2022-06-28,PAIN,2.0,1.25
2022-06-28,PAIN AU CHOCOLAT,19.0,1.2533333333333334
2022-06-28,PAIN AUX RAISINS,4.0,1.5
2022-06-28,PAIN BANETTE,6.0,1.5
2022-06-28,PAIN CHOCO AMANDES,6.0,1.64
2022-06-28,QUIM BREAD,4.0,1.125
2022-06-28,SAND JB EMMENTAL,7.0,4.0
2022-06-28,SANDWICH COMPLET,12.0,5.0
2022-06-28,SEIGLE,2.0,1.95
2022-06-28,SPECIAL BREAD,6.0,2.5
2022-06-28,TARTELETTE,3.0,2.1
2022-06-28,TRADITIONAL BAGUETTE,130.0,1.2602272727272728
2022-06-29,BAGUETTE,17.0,1.0
2022-06-29,BANETTE,27.0,1.15
2022-06-29,BANETTINE,5.0,0.7
2022-06-29,BOULE 200G,1.0,1.2
2022-06-29,BOULE 400G,6.0,1.7
2022-06-29,BRIOCHE,2.0,6.0
2022-06-29,CAFE OU EAU,1.0,1.0
2022-06-29,CHAUSSON AUX POMMES,2.0,1.6
2022-06-29,COMPLET,5.0,1.9
2022-06-29,COOKIE,5.0,1.1
2022-06-29,COUPE,17.0,0.15
2022-06-29,CROISSANT,15.0,1.2
2022-06-29,CROISSANT AMANDES,2.0,1.6
2022-06-29,ECLAIR,8.0,2.2
2022-06-29,FICELLE,5.0,0.7
2022-06-29,FINANCIER X5,1.0,4.0
2022-06-29,FORMULE SANDWICH,14.0,7.0
2022-06-29,MOISSON,4.0,2.2
2022-06-29,PAIN,3.0,1.3
2022-06-29,PAIN AU CHOCOLAT,16.0,1.3
2022-06-29,PAIN AUX RAISINS,1.0,1.6
2022-06-29,PAIN BANETTE,5.0,1.6
2022-06-29,PAIN CHOCO AMANDES,2.0,1.7
2022-06-29,QUIM BREAD,3.0,1.2
2022-06-29,SAND JB EMMENTAL,2.0,4.0
2022-06-29,SANDWICH COMPLET,3.0,5.0
2022-06-29,SEIGLE,2.0,2.0
2022-06-29,SPECIAL BREAD,11.0,2.6
2022-06-29,TARTELETTE,2.0,2.2
2022-06-29,TRADITIONAL BAGUETTE,137.0,1.3
2022-06-30,BAGUETTE,27.0,1.0
2022-06-30,BANETTE,24.0,1.15
2022-06-30,BANETTINE,6.0,0.7
2022-06-30,BOISSON 33CL,7.0,1.5
2022-06-30,BOULE 200G,7.0,1.2
2022-06-30,BOULE 400G,2.0,1.7
2022-06-30,BRIOCHE,2.0,6.0
2022-06-30,CAFE OU EAU,1.0,1.0
2022-06-30,CAMPAGNE,5.0,2.0
2022-06-30,CEREAL BAGUETTE,9.0,1.35
2022-06-30,CHAUSSON AUX POMMES,2.0,1.6
2022-06-30,COMPLET,5.0,1.9
2022-06-30,COOKIE,4.0,1.1
2022-06-30,COUPE,27.0,0.15
2022-06-30,CROISSANT,25.0,1.2
2022-06-30,CROISSANT AMANDES,2.0,1.6
2022-06-30,DEMI BAGUETTE,2.0,0.5
2022-06-30,FICELLE,2.0,0.7
2022-06-30,FINANCIER X5,1.0,4.0
2022-06-30,FORMULE SANDWICH,16.0,7.0
2022-06-30,KOUIGN AMANN,2.0,2.3
2022-06-30,MOISSON,8.0,2.2
2022-06-30,PAIN,3.0,1.3
2022-06-30,PAIN AU CHOCOLAT,41.0,1.3
2022-06-30,PAIN AUX RAISINS,3.0,1.6000000000000003
2022-06-30,PAIN BANETTE,4.0,1.6
2022-06-30,PAIN CHOCO AMANDES,1.0,1.7
2022-06-30,QUIM BREAD,3.0,1.2
2022-06-30,SAND JB EMMENTAL,4.0,4.0
2022-06-30,SANDWICH COMPLET,10.0,5.0
2022-06-30,SEIGLE,2.0,2.0
2022-06-30,SPECIAL BREAD,10.0,2.6
2022-06-30,TARTELETTE,9.0,2.2
2022-06-30,TRADITIONAL BAGUETTE,148.0,1.3
2022-07-01,BAGUETTE,39.0,1.0
2022-07-01,BANETTE,35.0,1.15
2022-07-01,BANETTINE,1.0,0.7
2022-07-01,BOISSON 33CL,8.0,1.5
2022-07-01,BOULE 200G,8.0,1.2
2022-07-01,BOULE 400G,5.0,1.7
2022-07-01,BRIOCHE,1.0,6.0
2022-07-01,CAFE OU EAU,2.0,1.0
2022-07-01,CAMPAGNE,5.0,2.0
2022-07-01,CEREAL BAGUETTE,7.0,1.35
2022-07-01,CHAUSSON AUX POMMES,2.0,1.6
2022-07-01,COMPLET,6.0,1.8999999999999997
2022-07-01,COOKIE,8.0,1.1
2022-07-01,COUPE,39.0,0.15
2022-07-01,CROISSANT,34.0,1.2
2022-07-01,CROISSANT AMANDES,4.0,1.6
2022-07-01,ECLAIR,8.0,2.2
2022-07-01,FICELLE,6.0,0.6999999999999998
2022-07-01,FORMULE SANDWICH,17.0,7.0
2022-07-01,KOUIGN AMANN,1.0,2.3
2022-07-01,MOISSON,4.0,2.2
2022-07-01,PAIN,3.0,1.3
2022-07-01,PAIN AU CHOCOLAT,39.0,1.3
2022-07-01,PAIN AUX RAISINS,5.0,1.6
2022-07-01,PAIN BANETTE,4.0,1.6
2022-07-01,QUIM BREAD,2.0,1.2
2022-07-01,SAND JB EMMENTAL,3.0,4.0
2022-07-01,SANDWICH COMPLET,5.0,5.0
2022-07-01,SEIGLE,2.0,2.0
2022-07-01,SPECIAL BREAD,9.0,2.6
2022-07-01,TARTELETTE,4.0,2.2
2022-07-01,TRADITIONAL BAGUETTE,132.0,1.3
2022-07-02,BAGUETTE,42.0,1.0
2022-07-02,BANETTE,36.0,1.15
2022-07-02,BANETTINE,6.0,0.6999999999999998
2022-07-02,BOISSON 33CL,4.0,1.5
2022-07-02,BOULE 200G,5.0,1.2
2022-07-02,BOULE 400G,7.0,1.7
2022-07-02,BRIOCHE,3.0,6.0
2022-07-02,CAFE OU EAU,1.0,1.0
2022-07-02,CAMPAGNE,8.0,2.0
2022-07-02,CEREAL BAGUETTE,8.0,1.35
2022-07-02,CHAUSSON AUX POMMES,8.0,1.6
2022-07-02,COMPLET,6.0,1.8999999999999997
2022-07-02,COOKIE,10.0,1.1
2022-07-02,COUPE,49.0,0.15
2022-07-02,CROISSANT,33.0,1.2
2022-07-02,CROISSANT AMANDES,8.0,1.6
2022-07-02,DEMI BAGUETTE,4.0,0.5
2022-07-02,ECLAIR,5.0,2.2
2022-07-02,FICELLE,6.0,0.7
2022-07-02,FINANCIER X5,3.0,4.0
2022-07-02,FORMULE SANDWICH,3.0,7.0
2022-07-02,KOUIGN AMANN,1.0,2.3
2022-07-02,MOISSON,6.0,2.2
2022-07-02,PAIN,6.0,1.3
2022-07-02,PAIN AU CHOCOLAT,38.0,1.3
2022-07-02,PAIN AUX RAISINS,3.0,1.6000000000000003
2022-07-02,PAIN BANETTE,6.0,1.6000000000000003
2022-07-02,PAIN CHOCO AMANDES,6.0,1.7
2022-07-02,QUIM BREAD,4.0,1.2
2022-07-02,SAND JB EMMENTAL,1.0,4.0
2022-07-02,SANDWICH COMPLET,1.0,5.0
2022-07-02,SEIGLE,3.0,2.0
2022-07-02,SPECIAL BREAD,11.0,2.6
2022-07-02,TARTELETTE,10.0,2.2
2022-07-02,TRADITIONAL BAGUETTE,203.0,1.3
2022-07-03,BAGUETTE,74.0,1.0
2022-07-03,BANETTE,78.0,1.15
2022-07-03,BANETTINE,6.0,0.6999999999999998
2022-07-03,BOISSON 33CL,1.0,1.5
2022-07-03,BOULE 200G,8.0,1.2
2022-07-03,BOULE 400G,15.0,1.7
2022-07-03,BRIOCHE,6.0,6.0
2022-07-03,CAFE OU EAU,1.0,1.0
2022-07-03,CAMPAGNE,9.0,2.0
2022-07-03,CEREAL BAGUETTE,15.0,1.3500000000000003
2022-07-03,CHAUSSON AUX POMMES,7.0,1.6000000000000003
2022-07-03,COMPLET,7.0,1.8999999999999997
2022-07-03,COOKIE,7.0,1.1
2022-07-03,COUPE,52.0,0.15
2022-07-03,CROISSANT,96.0,1.2
2022-07-03,CROISSANT AMANDES,8.0,1.6000000000000003
2022-07-03,DEMI BAGUETTE,2.0,0.5
2022-07-03,ECLAIR,22.0,2.2
2022-07-03,FICELLE,10.0,0.7
2022-07-03,FINANCIER X5,10.0,4.0
2022-07-03,KOUIGN AMANN,13.0,2.3
2022-07-03,MOISSON,4.0,2.2
2022-07-03,PAIN,6.0,1.3
2022-07-03,PAIN AU CHOCOLAT,60.0,1.3
2022-07-03,PAIN AUX RAISINS,6.0,1.6
2022-07-03,PAIN BANETTE,5.0,1.6
2022-07-03,PAIN CHOCO AMANDES,6.0,1.7
2022-07-03,QUIM BREAD,2.0,1.2
2022-07-03,SAND JB EMMENTAL,1.0,4.0
2022-07-03,SANDWICH COMPLET,2.0,5.0
2022-07-03,SEIGLE,3.0,2.0
2022-07-03,SPECIAL BREAD,15.0,2.6000000000000005
2022-07-03,TARTELETTE,39.0,2.2
2022-07-03,TRADITIONAL BAGUETTE,311.0,1.3
2022-07-04,BAGUETTE,46.0,1.0
2022-07-04,BANETTE,42.0,1.15
2022-07-04,BANETTINE,6.0,0.6999999999999998
2022-07-04,BOISSON 33CL,4.0,1.5
2022-07-04,BOULE 200G,7.0,1.2
2022-07-04,BOULE 400G,10.0,1.7
2022-07-04,BRIOCHE,3.0,6.0
2022-07-04,CAFE OU EAU,2.0,1.0
2022-07-04,CAMPAGNE,10.0,2.0
2022-07-04,CEREAL BAGUETTE,8.0,1.3500000000000003
2022-07-04,CHAUSSON AUX POMMES,1.0,1.6
2022-07-04,COMPLET,6.0,1.9
2022-07-04,COOKIE,2.0,1.1
2022-07-04,COUPE,51.0,0.15
2022-07-04,CROISSANT,38.0,1.2
2022-07-04,DEMI BAGUETTE,1.0,0.5
2022-07-04,ECLAIR,3.0,2.2
2022-07-04,FICELLE,10.0,0.7
2022-07-04,FORMULE SANDWICH,14.0,7.0
2022-07-04,KOUIGN AMANN,1.0,2.3
2022-07-04,MOISSON,8.0,2.2
2022-07-04,PAIN,6.0,1.3
2022-07-04,PAIN AU CHOCOLAT,26.0,1.3
2022-07-04,PAIN AUX RAISINS,4.0,1.6
2022-07-04,PAIN BANETTE,5.0,1.6
2022-07-04,PAIN CHOCO AMANDES,4.0,1.7
2022-07-04,QUIM BREAD,1.0,1.2
2022-07-04,SAND JB EMMENTAL,4.0,4.0
2022-07-04,SANDWICH COMPLET,6.0,5.0
2022-07-04,SEIGLE,5.0,2.0
2022-07-04,SPECIAL BREAD,10.0,2.6
2022-07-04,TARTELETTE,3.0,2.2
2022-07-04,TRADITIONAL BAGUETTE,186.0,1.3
2022-07-05,BAGUETTE,29.0,1.0
2022-07-05,BANETTE,36.0,1.15
2022-07-05,BANETTINE,6.0,0.6999999999999998
2022-07-05,BOISSON 33CL,5.0,1.5
2022-07-05,BOULE 200G,8.0,1.2
2022-07-05,BOULE 400G,9.0,1.7
2022-07-05,BRIOCHE,1.0,6.0
2022-07-05,CAFE OU EAU,6.0,1.0
2022-07-05,CAMPAGNE,4.0,2.0
2022-07-05,CEREAL BAGUETTE,8.0,1.35
2022-07-05,CHAUSSON AUX POMMES,2.0,1.6
2022-07-05,COMPLET,6.0,1.8999999999999997
2022-07-05,COOKIE,14.0,1.1062500000000002
2022-07-05,COUPE,28.0,0.15
2022-07-05,CROISSANT,26.0,1.2
2022-07-05,CROISSANT AMANDES,4.0,1.6
2022-07-05,DEMI BAGUETTE,1.0,0.5
2022-07-05,ECLAIR,6.0,2.2
2022-07-05,FICELLE,9.0,0.7
2022-07-05,FINANCIER X5,3.0,4.0
2022-07-05,FORMULE SANDWICH,10.0,7.0
2022-07-05,KOUIGN AMANN,2.0,2.3
2022-07-05,MOISSON,2.0,2.2
2022-07-05,PAIN,1.0,1.3
2022-07-05,PAIN AU CHOCOLAT,28.0,1.3
2022-07-05,PAIN AUX RAISINS,7.0,1.6
2022-07-05,PAIN BANETTE,4.0,1.6
2022-07-05,PAIN CHOCO AMANDES,3.0,1.7
2022-07-05,QUIM BREAD,4.0,1.2
2022-07-05,SAND JB EMMENTAL,8.0,4.0
2022-07-05,SANDWICH COMPLET,6.0,5.0
2022-07-05,SEIGLE,3.0,2.0
2022-07-05,SPECIAL BREAD,7.0,2.6
2022-07-05,TARTELETTE,5.0,2.2
2022-07-05,TRADITIONAL BAGUETTE,175.0,1.3
2022-07-06,BAGUETTE,36.0,1.0
2022-07-06,BANETTE,41.0,1.15
2022-07-06,BANETTINE,6.0,0.6999999999999998
2022-07-06,BOISSON 33CL,7.0,1.5
2022-07-06,BOULE 200G,4.0,1.2
2022-07-06,BOULE 400G,8.0,1.7
2022-07-06,BRIOCHE,3.0,6.0
2022-07-06,CAFE OU EAU,3.0,1.0
2022-07-06,CAMPAGNE,5.0,2.0
2022-07-06,CEREAL BAGUETTE,11.0,1.35
2022-07-06,CHAUSSON AUX POMMES,1.0,1.6
2022-07-06,COMPLET,7.0,1.8999999999999997
2022-07-06,COOKIE,5.0,1.15
2022-07-06,COUPE,28.0,0.15
2022-07-06,CROISSANT,28.0,1.2
2022-07-06,CROISSANT AMANDES,8.0,1.6
2022-07-06,DEMI BAGUETTE,2.0,0.5
2022-07-06,FICELLE,9.0,0.7
2022-07-06,FINANCIER X5,2.0,4.0
2022-07-06,FORMULE SANDWICH,9.0,7.0
2022-07-06,KOUIGN AMANN,4.0,2.3
2022-07-06,MOISSON,6.0,2.2
2022-07-06,PAIN,6.0,1.3
2022-07-06,PAIN AU CHOCOLAT,37.0,1.3
2022-07-06,PAIN AUX RAISINS,6.0,1.6
2022-07-06,PAIN BANETTE,6.0,1.6000000000000003
2022-07-06,QUIM BREAD,7.0,1.2
2022-07-06,SAND JB EMMENTAL,3.0,4.0
2022-07-06,SANDWICH COMPLET,1.0,5.0
2022-07-06,SPECIAL BREAD,7.0,2.6
2022-07-06,TARTELETTE,2.0,2.2
2022-07-06,TRADITIONAL BAGUETTE,189.0,1.3
2022-07-07,BAGUETTE,31.0,1.0
2022-07-07,BANETTE,33.0,1.15
2022-07-07,BANETTINE,6.0,0.6999999999999998
2022-07-07,BOISSON 33CL,6.0,1.5
2022-07-07,BOULE 200G,9.0,1.2
2022-07-07,BOULE 400G,10.0,1.7
2022-07-07,BRIOCHE,4.0,6.0
2022-07-07,CAFE OU EAU,3.0,1.0
2022-07-07,CAMPAGNE,6.0,2.0
2022-07-07,CEREAL BAGUETTE,15.0,1.3500000000000003
2022-07-07,CHAUSSON AUX POMMES,2.0,1.6
2022-07-07,COMPLET,5.0,1.9
2022-07-07,COOKIE,13.0,1.15
2022-07-07,COUPE,38.0,0.15
2022-07-07,CROISSANT,26.0,1.2
2022-07-07,CROISSANT AMANDES,2.0,1.6
2022-07-07,DEMI BAGUETTE,5.0,0.5
2022-07-07,ECLAIR,9.0,2.2
2022-07-07,FICELLE,3.0,0.6999999999999998
2022-07-07,FINANCIER X5,2.0,4.0
2022-07-07,FORMULE SANDWICH,11.0,7.0
2022-07-07,KOUIGN AMANN,5.0,2.3
2022-07-07,MOISSON,3.0,2.2
2022-07-07,PAIN,3.0,1.3
2022-07-07,PAIN AU CHOCOLAT,26.0,1.3
2022-07-07,PAIN AUX RAISINS,3.0,1.6000000000000003
2022-07-07,PAIN BANETTE,3.0,1.6000000000000003
2022-07-07,PAIN CHOCO AMANDES,2.0,1.7
2022-07-07,QUIM BREAD,2.0,1.2
2022-07-07,SAND JB EMMENTAL,3.0,4.0
2022-07-07,SANDWICH COMPLET,8.0,5.0
2022-07-07,SEIGLE,1.0,2.0
2022-07-07,SPECIAL BREAD,7.0,2.6
2022-07-07,TARTELETTE,22.0,2.2
2022-07-07,TRADITIONAL BAGUETTE,219.0,1.3
2022-07-08,BAGUETTE,33.0,1.0
2022-07-08,BANETTE,45.0,1.15
2022-07-08,BANETTINE,6.0,0.6999999999999998
2022-07-08,BOISSON 33CL,8.0,1.5
2022-07-08,BOULE 200G,8.0,1.2
2022-07-08,BOULE 400G,6.0,1.7
2022-07-08,BRIOCHE,3.0,6.0
2022-07-08,CAFE OU EAU,6.0,1.0
2022-07-08,CAMPAGNE,6.0,2.0
2022-07-08,CEREAL BAGUETTE,12.0,1.35
2022-07-08,CHAUSSON AUX POMMES,5.0,1.6
2022-07-08,COMPLET,9.0,1.9
2022-07-08,COOKIE,2.0,1.15
2022-07-08,COUPE,40.0,0.15
2022-07-08,CROISSANT,21.0,1.2
2022-07-08,CROISSANT AMANDES,5.0,1.6000000000000003
2022-07-08,DEMI BAGUETTE,1.0,0.5
2022-07-08,ECLAIR,5.0,2.2
2022-07-08,FICELLE,10.0,0.7
2022-07-08,FINANCIER X5,4.0,4.0
2022-07-08,FORMULE SANDWICH,10.0,7.0
2022-07-08,KOUIGN AMANN,2.0,2.3
2022-07-08,MOISSON,7.0,2.2
2022-07-08,PAIN,5.0,1.3
2022-07-08,PAIN AU CHOCOLAT,33.0,1.3
2022-07-08,PAIN AUX RAISINS,4.0,1.6000000000000003
2022-07-08,PAIN BANETTE,6.0,1.6000000000000003
2022-07-08,PAIN CHOCO AMANDES,2.0,1.7
2022-07-08,QUIM BREAD,3.0,1.2
2022-07-08,SAND JB EMMENTAL,6.0,4.0
2022-07-08,SANDWICH COMPLET,4.0,5.0
2022-07-08,SEIGLE,1.0,2.0
2022-07-08,SPECIAL BREAD,10.0,2.6
2022-07-08,TARTELETTE,5.0,2.2
2022-07-08,TRADITIONAL BAGUETTE,200.0,1.3
2022-07-09,BAGUETTE,33.0,1.0
2022-07-09,BANETTE,55.0,1.15
2022-07-09,BANETTINE,6.0,0.6999999999999998
2022-07-09,BOULE 200G,7.0,1.2
2022-07-09,BOULE 400G,20.0,1.7
2022-07-09,BRIOCHE,3.0,6.0
2022-07-09,CAFE OU EAU,5.0,1.0
2022-07-09,CAMPAGNE,8.0,2.0
2022-07-09,CEREAL BAGUETTE,19.0,1.35
2022-07-09,CHAUSSON AUX POMMES,1.0,1.6
2022-07-09,COMPLET,6.0,1.8999999999999997
2022-07-09,COUPE,65.0,0.15
2022-07-09,CROISSANT,76.0,1.2
2022-07-09,CROISSANT AMANDES,6.0,1.6
2022-07-09,DEMI BAGUETTE,1.0,0.5
2022-07-09,ECLAIR,6.0,2.2
2022-07-09,FICELLE,7.0,0.7
2022-07-09,FINANCIER X5,3.0,4.0
2022-07-09,FORMULE SANDWICH,5.0,7.0
2022-07-09,KOUIGN AMANN,4.0,2.3
2022-07-09,MOISSON,6.0,2.2
2022-07-09,PAIN,6.0,1.3
2022-07-09,PAIN AU CHOCOLAT,63.0,1.3
2022-07-09,PAIN AUX RAISINS,4.0,1.6000000000000003
2022-07-09,PAIN BANETTE,7.0,1.6000000000000003
2022-07-09,PAIN CHOCO AMANDES,2.0,1.7
2022-07-09,QUIM BREAD,6.0,1.2
2022-07-09,SAND JB EMMENTAL,3.0,4.0
2022-07-09,SANDWICH COMPLET,5.0,5.0
2022-07-09,SEIGLE,5.0,2.0
2022-07-09,SPECIAL BREAD,10.0,2.6
2022-07-09,TARTELETTE,15.0,2.2
2022-07-09,TRADITIONAL BAGUETTE,345.0,1.3
2022-07-10,BAGUETTE,57.0,1.0
2022-07-10,BANETTE,74.0,1.15
2022-07-10,BANETTINE,6.0,0.6999999999999998
2022-07-10,BOISSON 33CL,1.0,1.5
2022-07-10,BOULE 200G,15.0,1.2
2022-07-10,BOULE 400G,22.0,1.7
2022-07-10,BRIOCHE,4.0,6.0
2022-07-10,CAMPAGNE,13.0,2.0
2022-07-10,CEREAL BAGUETTE,20.0,1.35
2022-07-10,CHAUSSON AUX POMMES,4.0,1.6000000000000003
2022-07-10,COMPLET,7.0,1.9
2022-07-10,COOKIE,11.0,1.15
2022-07-10,COUPE,82.0,0.15
2022-07-10,CROISSANT,127.0,1.2
2022-07-10,CROISSANT AMANDES,4.0,1.6000000000000003
2022-07-10,DEMI BAGUETTE,5.0,0.5
2022-07-10,ECLAIR,18.0,2.2
2022-07-10,FICELLE,7.0,0.6999999999999998
2022-07-10,FINANCIER X5,2.0,4.0
2022-07-10,FORMULE SANDWICH,6.0,7.0
2022-07-10,KOUIGN AMANN,11.0,2.3
2022-07-10,MOISSON,10.0,2.2
2022-07-10,PAIN,5.0,1.3
2022-07-10,PAIN AU CHOCOLAT,106.0,1.3
2022-07-10,PAIN AUX RAISINS,9.0,1.6
2022-07-10,PAIN BANETTE,9.0,1.6
2022-07-10,PAIN CHOCO AMANDES,4.0,1.7
2022-07-10,QUIM BREAD,4.0,1.2
2022-07-10,SANDWICH COMPLET,1.0,5.0
2022-07-10,SEIGLE,3.0,2.0
2022-07-10,SPECIAL BREAD,21.0,2.6
2022-07-10,TARTELETTE,23.0,2.2
2022-07-10,TRADITIONAL BAGUETTE,398.0,1.3
2022-07-11,BAGUETTE,69.0,1.0
2022-07-11,BANETTE,68.0,1.15
2022-07-11,BANETTINE,6.0,0.6999999999999998
2022-07-11,BOISSON 33CL,9.0,1.5
2022-07-11,BOULE 200G,11.0,1.2
2022-07-11,BOULE 400G,12.0,1.7
2022-07-11,BRIOCHE,1.0,6.0
2022-07-11,CAFE OU EAU,4.0,1.0
2022-07-11,CAMPAGNE,11.0,2.0
2022-07-11,CEREAL BAGUETTE,20.0,1.3500000000000003
2022-07-11,CHAUSSON AUX POMMES,1.0,1.6
2022-07-11,COMPLET,6.0,1.8999999999999997
2022-07-11,COOKIE,3.0,1.15
2022-07-11,COUPE,58.0,0.15
2022-07-11,CROISSANT,66.0,1.2
2022-07-11,CROISSANT AMANDES,6.0,1.6
2022-07-11,DEMI BAGUETTE,2.0,0.5
2022-07-11,ECLAIR,3.0,2.2
2022-07-11,FICELLE,8.0,0.7
2022-07-11,FINANCIER X5,7.0,4.0
2022-07-11,FORMULE SANDWICH,17.0,7.0
2022-07-11,KOUIGN AMANN,2.0,2.3
2022-07-11,MOISSON,6.0,2.2
2022-07-11,PAIN,7.0,1.3
2022-07-11,PAIN AU CHOCOLAT,54.0,1.3
2022-07-11,PAIN AUX RAISINS,4.0,1.6
2022-07-11,PAIN BANETTE,8.0,1.6000000000000003
2022-07-11,PAIN CHOCO AMANDES,1.0,1.7
2022-07-11,QUIM BREAD,3.0,1.2
2022-07-11,SAND JB EMMENTAL,2.0,4.0
2022-07-11,SANDWICH COMPLET,3.0,5.0
2022-07-11,SEIGLE,2.0,2.0
2022-07-11,SPECIAL BREAD,12.0,2.6
2022-07-11,TARTELETTE,8.0,2.2
2022-07-11,TRADITIONAL BAGUETTE,275.0,1.3
2022-07-12,BAGUETTE,56.0,1.0
2022-07-12,BANETTE,33.0,1.15
2022-07-12,BANETTINE,6.0,0.6999999999999998
2022-07-12,BOISSON 33CL,7.0,1.5
2022-07-12,BOULE 200G,6.0,1.2
2022-07-12,BOULE 400G,7.0,1.7
2022-07-12,CAFE OU EAU,7.0,1.0
2022-07-12,CAMPAGNE,10.0,2.0
2022-07-12,CEREAL BAGUETTE,19.0,1.35
2022-07-12,CHAUSSON AUX POMMES,6.0,1.6
2022-07-12,COMPLET,5.0,1.9
2022-07-12,COOKIE,7.0,1.15
2022-07-12,COUPE,50.0,0.15
2022-07-12,CROISSANT,42.0,1.2
2022-07-12,CROISSANT AMANDES,4.0,1.6
2022-07-12,DEMI BAGUETTE,4.0,0.5
2022-07-12,FICELLE,10.0,0.7
2022-07-12,FORMULE SANDWICH,23.0,7.0
2022-07-12,KOUIGN AMANN,2.0,2.3
2022-07-12,MOISSON,7.0,2.2
2022-07-12,PAIN,3.0,1.3
2022-07-12,PAIN AU CHOCOLAT,57.0,1.3
2022-07-12,PAIN AUX RAISINS,7.0,1.6
2022-07-12,PAIN BANETTE,7.0,1.6000000000000003
2022-07-12,PAIN CHOCO AMANDES,1.0,1.7
2022-07-12,QUIM BREAD,3.0,1.2
2022-07-12,SAND JB EMMENTAL,4.0,4.0
2022-07-12,SANDWICH COMPLET,3.0,5.0
2022-07-12,SEIGLE,5.0,2.0
2022-07-12,SPECIAL BREAD,13.0,2.6000000000000005
2022-07-12,TARTELETTE,1.0,2.2
2022-07-12,TRADITIONAL BAGUETTE,244.0,1.3
2022-07-13,BAGUETTE,51.0,1.0
2022-07-13,BANETTE,69.0,1.15
2022-07-13,BANETTINE,6.0,0.6999999999999998
2022-07-13,BOISSON 33CL,6.0,1.5
2022-07-13,BOULE 200G,9.0,1.2
2022-07-13,BOULE 400G,12.0,1.7
2022-07-13,BRIOCHE,3.0,6.0
2022-07-13,CAFE OU EAU,9.0,1.0
2022-07-13,CAMPAGNE,15.0,2.0
2022-07-13,CEREAL BAGUETTE,18.0,1.35
2022-07-13,CHAUSSON AUX POMMES,5.0,1.6
2022-07-13,COMPLET,9.0,1.8999999999999997
2022-07-13,COOKIE,10.0,1.15
2022-07-13,COUPE,76.0,0.15
2022-07-13,CROISSANT,53.0,1.2
2022-07-13,CROISSANT AMANDES,3.0,1.6
2022-07-13,ECLAIR,5.0,2.2
2022-07-13,FICELLE,9.0,0.7
2022-07-13,FORMULE SANDWICH,11.0,7.0
2022-07-13,KOUIGN AMANN,7.0,2.3
2022-07-13,MOISSON,10.0,2.2
2022-07-13,PAIN,7.0,1.3
2022-07-13,PAIN AU CHOCOLAT,38.0,1.3
2022-07-13,PAIN AUX RAISINS,5.0,1.6
2022-07-13,PAIN BANETTE,8.0,1.6
2022-07-13,QUIM BREAD,2.0,1.2
2022-07-13,SAND JB EMMENTAL,10.0,4.0
2022-07-13,SANDWICH COMPLET,7.0,5.0
2022-07-13,SEIGLE,4.0,2.0
2022-07-13,SPECIAL BREAD,14.0,2.6
2022-07-13,TARTELETTE,11.0,2.2
2022-07-13,TRADITIONAL BAGUETTE,272.0,1.3
2022-07-14,BAGUETTE,77.0,1.0
2022-07-14,BANETTE,104.0,1.15
2022-07-14,BANETTINE,10.0,0.7
2022-07-14,BOISSON 33CL,3.0,1.5
2022-07-14,BOULE 200G,12.0,1.2
2022-07-14,BOULE 400G,19.0,1.7
2022-07-14,BRIOCHE,11.0,6.0
2022-07-14,CAFE OU EAU,4.0,1.0
2022-07-14,CAMPAGNE,19.0,2.0
2022-07-14,CEREAL BAGUETTE,33.0,1.35
2022-07-14,CHAUSSON AUX POMMES,4.0,1.6000000000000003
2022-07-14,COMPLET,9.0,1.8999999999999997
2022-07-14,COOKIE,6.0,1.15
2022-07-14,COUPE,94.0,0.15
2022-07-14,CROISSANT,131.0,1.2
2022-07-14,CROISSANT AMANDES,7.0,1.6
2022-07-14,DEMI BAGUETTE,4.0,0.5
2022-07-14,ECLAIR,11.0,2.2
2022-07-14,FICELLE,10.0,0.7
2022-07-14,FINANCIER X5,4.0,4.0
2022-07-14,KOUIGN AMANN,7.0,2.3
2022-07-14,MOISSON,12.0,2.2
2022-07-14,PAIN,5.0,1.3
2022-07-14,PAIN AU CHOCOLAT,81.0,1.3
2022-07-14,PAIN AUX RAISINS,4.0,1.6
2022-07-14,PAIN BANETTE,8.0,1.6000000000000003
2022-07-14,QUIM BREAD,6.0,1.2
2022-07-14,SEIGLE,3.0,2.0
2022-07-14,SPECIAL BREAD,20.0,2.6
2022-07-14,TARTELETTE,18.0,2.2
2022-07-14,TRADITIONAL BAGUETTE,464.0,1.3
2022-07-15,BAGUETTE,79.0,1.0
2022-07-15,BANETTE,90.0,1.15
2022-07-15,BANETTINE,5.0,0.7
2022-07-15,BOISSON 33CL,3.0,1.5
2022-07-15,BOULE 200G,20.0,1.2
2022-07-15,BOULE 400G,12.0,1.7
2022-07-15,BRIOCHE,6.0,6.0
2022-07-15,CAFE OU EAU,2.0,1.0
2022-07-15,CAMPAGNE,14.0,2.0
2022-07-15,CEREAL BAGUETTE,9.0,1.35
2022-07-15,CHAUSSON AUX POMMES,3.0,1.6
2022-07-15,COMPLET,7.0,1.9
2022-07-15,COOKIE,12.0,1.15
2022-07-15,COUPE,80.0,0.15
2022-07-15,CROISSANT,153.0,1.2
2022-07-15,CROISSANT AMANDES,10.0,1.6000000000000003
2022-07-15,DEMI BAGUETTE,2.0,0.5
2022-07-15,ECLAIR,6.0,2.2
2022-07-15,FICELLE,10.0,0.7
2022-07-15,FINANCIER X5,2.0,4.0
2022-07-15,FORMULE SANDWICH,14.0,7.0
2022-07-15,KOUIGN AMANN,13.0,2.3
2022-07-15,MOISSON,11.0,2.2
2022-07-15,PAIN,5.0,1.3
2022-07-15,PAIN AU CHOCOLAT,131.0,1.3
2022-07-15,PAIN AUX RAISINS,6.0,1.6
2022-07-15,PAIN BANETTE,7.0,1.6000000000000003
2022-07-15,PAIN CHOCO AMANDES,11.0,1.7
2022-07-15,QUIM BREAD,5.0,1.2
2022-07-15,SAND JB EMMENTAL,6.0,4.0
2022-07-15,SANDWICH COMPLET,9.0,5.0
2022-07-15,SEIGLE,1.0,2.0
2022-07-15,SPECIAL BREAD,20.0,2.6
2022-07-15,TARTELETTE,10.0,2.2
2022-07-15,TRADITIONAL BAGUETTE,401.0,1.3
2022-07-16,BAGUETTE,99.0,1.0
2022-07-16,BANETTE,118.0,1.15
2022-07-16,BANETTINE,9.0,0.7
2022-07-16,BOISSON 33CL,10.0,1.5
2022-07-16,BOULE 200G,12.0,1.2
2022-07-16,BOULE 400G,47.0,1.7
2022-07-16,BRIOCHE,8.0,6.0
2022-07-16,CAFE OU EAU,10.0,1.0
2022-07-16,CAMPAGNE,12.0,2.0
2022-07-16,CEREAL BAGUETTE,20.0,1.35
2022-07-16,CHAUSSON AUX POMMES,5.0,1.6000000000000003
2022-07-16,COMPLET,14.0,1.9
2022-07-16,COOKIE,18.0,1.15
2022-07-16,COUPE,106.0,0.15
2022-07-16,CROISSANT,161.0,1.2
2022-07-16,CROISSANT AMANDES,9.0,1.6
2022-07-16,DEMI BAGUETTE,1.0,0.5
2022-07-16,ECLAIR,13.0,2.2
2022-07-16,FICELLE,10.0,0.6999999999999998
2022-07-16,FINANCIER X5,3.0,4.0
2022-07-16,FORMULE SANDWICH,9.0,7.0
2022-07-16,KOUIGN AMANN,15.0,2.3
2022-07-16,MOISSON,10.0,2.2
2022-07-16,PAIN,5.0,1.3
2022-07-16,PAIN AU CHOCOLAT,112.0,1.3
2022-07-16,PAIN AUX RAISINS,9.0,1.6
2022-07-16,PAIN BANETTE,8.0,1.6
2022-07-16,PAIN CHOCO AMANDES,4.0,1.7
2022-07-16,QUIM BREAD,7.0,1.2
2022-07-16,SAND JB EMMENTAL,6.0,4.0
2022-07-16,SANDWICH COMPLET,13.0,5.0
2022-07-16,SEIGLE,3.0,2.0
2022-07-16,SPECIAL BREAD,22.0,2.6
2022-07-16,TARTELETTE,16.0,2.2
2022-07-16,TRADITIONAL BAGUETTE,511.0,1.3
2022-07-17,BAGUETTE,94.0,1.0
2022-07-17,BANETTE,84.0,1.15
2022-07-17,BANETTINE,10.0,0.7
2022-07-17,BOISSON 33CL,3.0,1.5
2022-07-17,BOULE 200G,15.0,1.2
2022-07-17,BOULE 400G,19.0,1.7
2022-07-17,BRIOCHE,9.0,6.0
2022-07-17,CAFE OU EAU,1.0,1.0
2022-07-17,CAMPAGNE,14.0,2.0
2022-07-17,CEREAL BAGUETTE,19.0,1.35
2022-07-17,CHAUSSON AUX POMMES,11.0,1.6
2022-07-17,COMPLET,15.0,1.9
2022-07-17,COOKIE,29.0,1.15
2022-07-17,COUPE,83.0,0.15
2022-07-17,CROISSANT,196.0,1.2
2022-07-17,CROISSANT AMANDES,10.0,1.6
2022-07-17,DEMI BAGUETTE,4.0,0.5
2022-07-17,ECLAIR,19.0,2.2
2022-07-17,FICELLE,10.0,0.6999999999999998
2022-07-17,FINANCIER X5,1.0,4.0
2022-07-17,FORMULE SANDWICH,7.0,7.0
2022-07-17,KOUIGN AMANN,21.0,2.3
2022-07-17,MOISSON,8.0,2.2
2022-07-17,PAIN,6.0,1.3
2022-07-17,PAIN AU CHOCOLAT,138.0,1.3
2022-07-17,PAIN AUX RAISINS,15.0,1.6
2022-07-17,PAIN BANETTE,8.0,1.6
2022-07-17,PAIN CHOCO AMANDES,8.0,1.7
2022-07-17,QUIM BREAD,16.0,1.2
2022-07-17,SAND JB EMMENTAL,1.0,4.0
2022-07-17,SANDWICH COMPLET,3.0,5.0
2022-07-17,SEIGLE,3.0,2.0
2022-07-17,SPECIAL BREAD,17.0,2.6
2022-07-17,TARTELETTE,25.0,2.2
2022-07-17,TRADITIONAL BAGUETTE,573.0,1.3
2022-07-18,BAGUETTE,50.0,1.0
2022-07-18,BANETTE,54.0,1.15
2022-07-18,BANETTINE,10.0,0.7
2022-07-18,BOISSON 33CL,10.0,1.5
2022-07-18,BOULE 200G,9.0,1.2
2022-07-18,BOULE 400G,12.0,1.7
2022-07-18,BRIOCHE,2.0,6.0
2022-07-18,CAFE OU EAU,8.0,1.0
2022-07-18,CAMPAGNE,8.0,2.0
2022-07-18,CEREAL BAGUETTE,20.0,1.35
2022-07-18,CHAUSSON AUX POMMES,10.0,1.6
2022-07-18,COMPLET,10.0,1.8999999999999997
2022-07-18,COOKIE,21.0,1.15
2022-07-18,COUPE,56.0,0.15
2022-07-18,CROISSANT,102.0,1.2
2022-07-18,CROISSANT AMANDES,9.0,1.6
2022-07-18,DEMI BAGUETTE,1.0,0.5
2022-07-18,ECLAIR,9.0,2.2
2022-07-18,FICELLE,10.0,0.7
2022-07-18,FORMULE SANDWICH,13.0,7.0
2022-07-18,KOUIGN AMANN,3.0,2.3
2022-07-18,MOISSON,4.0,2.2
2022-07-18,PAIN,4.0,1.3
2022-07-18,PAIN AU CHOCOLAT,86.0,1.3
2022-07-18,PAIN AUX RAISINS,3.0,1.6000000000000003
2022-07-18,PAIN BANETTE,7.0,1.6000000000000003
2022-07-18,PAIN CHOCO AMANDES,1.0,1.7
2022-07-18,QUIM BREAD,12.0,1.2
2022-07-18,SAND JB EMMENTAL,6.0,4.0
2022-07-18,SANDWICH COMPLET,4.0,5.0
2022-07-18,SEIGLE,4.0,2.0
2022-07-18,SPECIAL BREAD,15.0,2.6
2022-07-18,TARTELETTE,12.0,2.2
2022-07-18,TRADITIONAL BAGUETTE,373.0,1.3
2022-07-19,BAGUETTE,36.0,1.0
2022-07-19,BANETTE,45.0,1.15
2022-07-19,BANETTINE,10.0,0.7
2022-07-19,BOISSON 33CL,2.0,1.5
2022-07-19,BOULE 200G,11.0,1.2
2022-07-19,BOULE 400G,12.0,1.7
2022-07-19,BRIOCHE,4.0,6.0
2022-07-19,CAFE OU EAU,5.0,1.0
2022-07-19,CAMPAGNE,10.0,2.0
2022-07-19,CEREAL BAGUETTE,27.0,1.35
2022-07-19,CHAUSSON AUX POMMES,4.0,1.6000000000000003
2022-07-19,COMPLET,5.0,1.9
2022-07-19,COOKIE,15.0,1.15
2022-07-19,COUPE,57.0,0.15
2022-07-19,CROISSANT,74.0,1.2
2022-07-19,CROISSANT AMANDES,1.0,1.6
2022-07-19,DEMI BAGUETTE,4.0,0.5
2022-07-19,ECLAIR,4.0,2.2
2022-07-19,FICELLE,3.0,0.6999999999999998
2022-07-19,FORMULE SANDWICH,8.0,7.0
2022-07-19,KOUIGN AMANN,7.0,2.3
2022-07-19,MOISSON,5.0,2.2
2022-07-19,PAIN,6.0,1.3
2022-07-19,PAIN AU CHOCOLAT,52.0,1.3
2022-07-19,PAIN AUX RAISINS,5.0,1.6
2022-07-19,PAIN BANETTE,7.0,1.6
2022-07-19,PAIN CHOCO AMANDES,1.0,1.7
2022-07-19,QUIM BREAD,10.0,1.2
2022-07-19,SAND JB EMMENTAL,7.0,4.0
2022-07-19,SANDWICH COMPLET,3.0,5.0
2022-07-19,SEIGLE,1.0,2.0
2022-07-19,SPECIAL BREAD,9.0,2.6
2022-07-19,TRADITIONAL BAGUETTE,293.0,1.3
2022-07-20,BAGUETTE,47.0,1.0
2022-07-20,BANETTE,36.0,1.15
2022-07-20,BANETTINE,6.0,0.6999999999999998
2022-07-20,BOISSON 33CL,3.0,1.5
2022-07-20,BOULE 200G,12.0,1.2
2022-07-20,BOULE 400G,11.0,1.7
2022-07-20,BRIOCHE,3.0,6.0
2022-07-20,CAFE OU EAU,2.0,1.0
2022-07-20,CAMPAGNE,10.0,2.0
2022-07-20,CEREAL BAGUETTE,18.0,1.35
2022-07-20,CHAUSSON AUX POMMES,3.0,1.6000000000000003
2022-07-20,COMPLET,8.0,1.9
2022-07-20,COOKIE,14.0,1.15
2022-07-20,COUPE,70.0,0.15
2022-07-20,CROISSANT,51.0,1.2
2022-07-20,CROISSANT AMANDES,8.0,1.6000000000000003
2022-07-20,DEMI BAGUETTE,1.0,0.5
2022-07-20,ECLAIR,3.0,2.2
2022-07-20,FICELLE,10.0,0.7
2022-07-20,FINANCIER X5,11.0,4.0
2022-07-20,FORMULE SANDWICH,15.0,7.0
2022-07-20,KOUIGN AMANN,5.0,2.3
2022-07-20,MOISSON,7.0,2.2
2022-07-20,PAIN,4.0,1.3
2022-07-20,PAIN AU CHOCOLAT,64.0,1.3
2022-07-20,PAIN AUX RAISINS,1.0,1.6
2022-07-20,PAIN BANETTE,8.0,1.6
2022-07-20,PAIN CHOCO AMANDES,8.0,1.7
2022-07-20,QUIM BREAD,9.0,1.2
2022-07-20,SAND JB EMMENTAL,1.0,4.0
2022-07-20,SANDWICH COMPLET,4.0,5.0
2022-07-20,SEIGLE,5.0,2.0
2022-07-20,SPECIAL BREAD,15.0,2.6
2022-07-20,TARTELETTE,13.0,2.2
2022-07-20,TRADITIONAL BAGUETTE,256.0,1.3
2022-07-21,BAGUETTE,40.0,1.0
2022-07-21,BANETTE,59.0,1.15
2022-07-21,BANETTINE,7.0,0.7
2022-07-21,BOISSON 33CL,6.0,1.5
2022-07-21,BOULE 200G,8.0,1.2
2022-07-21,BOULE 400G,5.0,1.7
2022-07-21,BRIOCHE,7.0,6.0
2022-07-21,CAFE OU EAU,4.0,1.0
2022-07-21,CAMPAGNE,7.0,2.0
2022-07-21,CEREAL BAGUETTE,20.0,1.3500000000000003
2022-07-21,CHAUSSON AUX POMMES,8.0,1.6
2022-07-21,COMPLET,10.0,1.9
2022-07-21,COOKIE,13.0,1.15
2022-07-21,COUPE,52.0,0.15
2022-07-21,CROISSANT,64.0,1.2
2022-07-21,CROISSANT AMANDES,4.0,1.6000000000000003
2022-07-21,DEMI BAGUETTE,3.0,0.5
2022-07-21,ECLAIR,9.0,2.2
2022-07-21,FICELLE,10.0,0.7
2022-07-21,FINANCIER X5,1.0,4.0
2022-07-21,FORMULE SANDWICH,10.0,7.0
2022-07-21,KOUIGN AMANN,9.0,2.3
2022-07-21,MOISSON,5.0,2.2
2022-07-21,PAIN AU CHOCOLAT,68.0,1.3000000000000003
2022-07-21,PAIN AUX RAISINS,7.0,1.6
2022-07-21,PAIN BANETTE,2.0,1.6
2022-07-21,PAIN CHOCO AMANDES,5.0,1.7
2022-07-21,QUIM BREAD,4.0,1.2
2022-07-21,SAND JB EMMENTAL,5.0,4.0
2022-07-21,SANDWICH COMPLET,4.0,5.0
2022-07-21,SEIGLE,1.0,2.0
2022-07-21,SPECIAL BREAD,9.0,2.6
2022-07-21,TARTELETTE,19.0,2.2
2022-07-21,TRADITIONAL BAGUETTE,308.0,1.3
2022-07-22,BAGUETTE,38.0,1.0
2022-07-22,BANETTE,59.0,1.15
2022-07-22,BANETTINE,10.0,0.7
2022-07-22,BOISSON 33CL,3.0,1.5
2022-07-22,BOULE 200G,8.0,1.2
2022-07-22,BOULE 400G,5.0,1.7
2022-07-22,BRIOCHE,5.0,6.0
2022-07-22,CAFE OU EAU,1.0,1.0
2022-07-22,CAMPAGNE,10.0,2.0
2022-07-22,CEREAL BAGUETTE,19.0,1.35
2022-07-22,CHAUSSON AUX POMMES,9.0,1.6
2022-07-22,COMPLET,9.0,1.9
2022-07-22,COOKIE,16.0,1.15
2022-07-22,COUPE,52.0,0.15
2022-07-22,CROISSANT,91.0,1.2
2022-07-22,CROISSANT AMANDES,8.0,1.6
2022-07-22,DEMI BAGUETTE,2.0,0.5
2022-07-22,ECLAIR,2.0,2.2
2022-07-22,FICELLE,9.0,0.7
2022-07-22,FORMULE SANDWICH,11.0,7.0
2022-07-22,KOUIGN AMANN,6.0,2.3
2022-07-22,MOISSON,7.0,2.2
2022-07-22,PAIN,3.0,1.3
2022-07-22,PAIN AU CHOCOLAT,67.0,1.3
2022-07-22,PAIN AUX RAISINS,7.0,1.6000000000000003
2022-07-22,PAIN BANETTE,8.0,1.6
2022-07-22,PAIN CHOCO AMANDES,5.0,1.7
2022-07-22,QUIM BREAD,4.0,1.2
2022-07-22,SAND JB EMMENTAL,8.0,4.0
2022-07-22,SANDWICH COMPLET,10.0,5.0
2022-07-22,SPECIAL BREAD,12.0,2.6
2022-07-22,TARTELETTE,2.0,2.2
2022-07-22,TRADITIONAL BAGUETTE,288.0,1.3
2022-07-23,BAGUETTE,85.0,1.0
2022-07-23,BANETTE,83.0,1.15
2022-07-23,BANETTINE,8.0,0.7
2022-07-23,BOISSON 33CL,2.0,1.5
2022-07-23,BOULE 200G,9.0,1.2
2022-07-23,BOULE 400G,12.0,1.7
2022-07-23,BRIOCHE,10.0,6.0
2022-07-23,CAFE OU EAU,2.0,1.0
2022-07-23,CAMPAGNE,12.0,2.0
2022-07-23,CEREAL BAGUETTE,20.0,1.35
2022-07-23,COMPLET,11.0,1.9
2022-07-23,COOKIE,15.0,1.15
2022-07-23,COUPE,72.0,0.15
2022-07-23,CROISSANT,112.0,1.2
2022-07-23,CROISSANT AMANDES,5.0,1.6
2022-07-23,DEMI BAGUETTE,2.0,0.5
2022-07-23,ECLAIR,9.0,2.2
2022-07-23,FICELLE,10.0,0.7
2022-07-23,FORMULE SANDWICH,1.0,7.0
2022-07-23,KOUIGN AMANN,3.0,2.3
2022-07-23,MOISSON,6.0,2.2
2022-07-23,PAIN,56.0,1.3
2022-07-23,PAIN AU CHOCOLAT,83.0,1.3
2022-07-23,PAIN AUX RAISINS,7.0,1.6
2022-07-23,PAIN BANETTE,8.0,1.6
2022-07-23,PAIN CHOCO AMANDES,3.0,1.7
2022-07-23,QUIM BREAD,9.0,1.2
2022-07-23,SANDWICH COMPLET,4.0,5.0
2022-07-23,SEIGLE,5.0,2.0
2022-07-23,SPECIAL BREAD,15.0,2.6
2022-07-23,TARTELETTE,19.0,2.2
2022-07-23,TRADITIONAL BAGUETTE,383.0,1.3
2022-07-24,BAGUETTE,82.0,1.0
2022-07-24,BANETTE,87.0,1.15
2022-07-24,BANETTINE,8.0,0.7
2022-07-24,BOULE 200G,10.0,1.2
2022-07-24,BOULE 400G,18.0,1.7
2022-07-24,BRIOCHE,10.0,6.0
2022-07-24,CAFE OU EAU,1.0,1.0
2022-07-24,CAMPAGNE,14.0,2.0
2022-07-24,CEREAL BAGUETTE,20.0,1.35
2022-07-24,CHAUSSON AUX POMMES,5.0,1.6
2022-07-24,COMPLET,10.0,1.9
2022-07-24,COOKIE,4.0,1.15
2022-07-24,COUPE,77.0,0.15
2022-07-24,CROISSANT,153.0,1.2
2022-07-24,CROISSANT AMANDES,5.0,1.6
2022-07-24,DEMI BAGUETTE,2.0,0.5
2022-07-24,ECLAIR,21.0,2.2
2022-07-24,FICELLE,11.0,0.7
2022-07-24,KOUIGN AMANN,17.0,2.3
2022-07-24,MOISSON,10.0,2.2
2022-07-24,PAIN,5.0,1.3
2022-07-24,PAIN AU CHOCOLAT,97.0,1.3
2022-07-24,PAIN AUX RAISINS,9.0,1.6
2022-07-24,PAIN BANETTE,8.0,1.6
2022-07-24,PAIN CHOCO AMANDES,4.0,1.7
2022-07-24,QUIM BREAD,6.0,1.2
2022-07-24,SAND JB EMMENTAL,1.0,4.0
2022-07-24,SANDWICH COMPLET,4.0,5.0
2022-07-24,SEIGLE,5.0,2.0
2022-07-24,SPECIAL BREAD,13.0,2.6000000000000005
2022-07-24,TARTELETTE,21.0,2.2
2022-07-24,TRADITIONAL BAGUETTE,478.0,1.3
2022-07-25,BAGUETTE,63.0,1.0
2022-07-25,BANETTE,57.0,1.15
2022-07-25,BANETTINE,10.0,0.7
2022-07-25,BOISSON 33CL,4.0,1.5
2022-07-25,BOULE 200G,12.0,1.2
2022-07-25,BOULE 400G,10.0,1.7
2022-07-25,BRIOCHE,4.0,6.0
2022-07-25,CAFE OU EAU,1.0,1.0
2022-07-25,CAMPAGNE,9.0,2.0
2022-07-25,CEREAL BAGUETTE,20.0,1.35
2022-07-25,CHAUSSON AUX POMMES,4.0,1.6
2022-07-25,COMPLET,8.0,1.9
2022-07-25,COOKIE,11.0,1.15
2022-07-25,COUPE,63.0,0.15
2022-07-25,CROISSANT,96.0,1.2
2022-07-25,CROISSANT AMANDES,8.0,1.6
2022-07-25,DEMI BAGUETTE,2.0,0.5
2022-07-25,ECLAIR,4.0,2.2
2022-07-25,FICELLE,8.0,0.7
2022-07-25,FINANCIER X5,3.0,4.0
2022-07-25,FORMULE SANDWICH,11.0,7.0
2022-07-25,KOUIGN AMANN,17.0,2.3
2022-07-25,MOISSON,9.0,2.2
2022-07-25,PAIN,1.0,1.3
2022-07-25,PAIN AU CHOCOLAT,76.0,1.3
2022-07-25,PAIN AUX RAISINS,9.0,1.6
2022-07-25,PAIN BANETTE,5.0,1.6
2022-07-25,PAIN CHOCO AMANDES,4.0,1.7
2022-07-25,QUIM BREAD,5.0,1.2
2022-07-25,SAND JB EMMENTAL,5.0,4.0
2022-07-25,SANDWICH COMPLET,3.0,5.0
2022-07-25,SEIGLE,5.0,2.0
2022-07-25,SPECIAL BREAD,14.0,2.6000000000000005
2022-07-25,TARTELETTE,2.0,2.2
2022-07-25,TRADITIONAL BAGUETTE,390.0,1.3
2022-07-26,BAGUETTE,53.0,1.0
2022-07-26,BANETTE,60.0,1.15
2022-07-26,BANETTINE,8.0,0.7
2022-07-26,BOISSON 33CL,7.0,1.5
2022-07-26,BOULE 200G,8.0,1.2
2022-07-26,BOULE 400G,15.0,1.6999999999999997
2022-07-26,BRIOCHE,2.0,6.0
2022-07-26,CAFE OU EAU,10.0,1.0
2022-07-26,CAMPAGNE,11.0,2.0
2022-07-26,CEREAL BAGUETTE,16.0,1.35
2022-07-26,CHAUSSON AUX POMMES,6.0,1.6000000000000003
2022-07-26,COMPLET,10.0,1.9
2022-07-26,COOKIE,6.0,1.15
2022-07-26,COUPE,57.0,0.15
2022-07-26,CROISSANT,48.0,1.2
2022-07-26,CROISSANT AMANDES,5.0,1.6000000000000003
2022-07-26,DEMI BAGUETTE,6.0,0.5
2022-07-26,ECLAIR,3.0,2.2
2022-07-26,FICELLE,9.0,0.6999999999999998
2022-07-26,FINANCIER X5,1.0,4.0
2022-07-26,FORMULE SANDWICH,25.0,7.0
2022-07-26,KOUIGN AMANN,4.0,2.3
2022-07-26,MOISSON,6.0,2.2
2022-07-26,PAIN,7.0,1.3
2022-07-26,PAIN AU CHOCOLAT,39.0,1.3
2022-07-26,PAIN AUX RAISINS,8.0,1.6000000000000003
2022-07-26,PAIN BANETTE,8.0,1.6
2022-07-26,PAIN CHOCO AMANDES,5.0,1.7
2022-07-26,QUIM BREAD,5.0,1.2
2022-07-26,SANDWICH COMPLET,5.0,5.0
2022-07-26,SPECIAL BREAD,15.0,2.6
2022-07-26,TARTELETTE,8.0,2.2
2022-07-26,TRADITIONAL BAGUETTE,321.0,1.3
2022-07-27,BAGUETTE,53.0,1.0
2022-07-27,BANETTE,49.0,1.15
2022-07-27,BANETTINE,9.0,0.7
2022-07-27,BOISSON 33CL,2.0,1.5
2022-07-27,BOULE 200G,11.0,1.2
2022-07-27,BOULE 400G,15.0,1.7
2022-07-27,BRIOCHE,1.0,6.0
2022-07-27,CAFE OU EAU,3.0,1.0
2022-07-27,CAMPAGNE,8.0,2.0
2022-07-27,CEREAL BAGUETTE,19.0,1.3500000000000003
2022-07-27,CHAUSSON AUX POMMES,1.0,1.6
2022-07-27,COMPLET,10.0,1.8999999999999997
2022-07-27,COOKIE,9.0,1.15
2022-07-27,COUPE,51.0,0.15
2022-07-27,CROISSANT,49.0,1.2
2022-07-27,CROISSANT AMANDES,10.0,1.6
2022-07-27,DEMI BAGUETTE,2.0,0.5
2022-07-27,ECLAIR,10.0,2.2
2022-07-27,FICELLE,8.0,0.7
2022-07-27,FINANCIER X5,1.0,4.0
2022-07-27,FORMULE SANDWICH,10.0,7.0
2022-07-27,KOUIGN AMANN,6.0,2.3
2022-07-27,MOISSON,2.0,2.2
2022-07-27,PAIN,2.0,1.3
2022-07-27,PAIN AU CHOCOLAT,60.0,1.3
2022-07-27,PAIN AUX RAISINS,7.0,1.6
2022-07-27,PAIN BANETTE,6.0,1.6000000000000003
2022-07-27,PAIN CHOCO AMANDES,3.0,1.7
2022-07-27,QUIM BREAD,6.0,1.2
2022-07-27,SAND JB EMMENTAL,3.0,4.0
2022-07-27,SANDWICH COMPLET,7.0,5.0
2022-07-27,SPECIAL BREAD,7.0,2.6
2022-07-27,TARTELETTE,15.0,2.2
2022-07-27,TRADITIONAL BAGUETTE,272.0,1.3
2022-07-28,BAGUETTE,47.0,1.0
2022-07-28,BANETTE,72.0,1.15
2022-07-28,BANETTINE,10.0,0.6999999999999998
2022-07-28,BOISSON 33CL,5.0,1.5
2022-07-28,BOULE 200G,10.0,1.2
2022-07-28,BOULE 400G,11.0,1.7
2022-07-28,BRIOCHE,1.0,6.0
2022-07-28,CAFE OU EAU,4.0,1.0
2022-07-28,CAMPAGNE,12.0,2.0
2022-07-28,CEREAL BAGUETTE,20.0,1.35
2022-07-28,CHAUSSON AUX POMMES,5.0,1.6
2022-07-28,COMPLET,8.0,1.9
2022-07-28,COOKIE,7.0,1.15
2022-07-28,COUPE,64.0,0.15
2022-07-28,CROISSANT,58.0,1.2
2022-07-28,CROISSANT AMANDES,4.0,1.6
2022-07-28,DEMI BAGUETTE,4.0,0.5
2022-07-28,ECLAIR,13.0,2.2
2022-07-28,FICELLE,8.0,0.7
2022-07-28,FORMULE SANDWICH,15.0,7.0
2022-07-28,KOUIGN AMANN,4.0,2.3
2022-07-28,MOISSON,7.0,2.2
2022-07-28,PAIN,4.0,1.3
2022-07-28,PAIN AU CHOCOLAT,54.0,1.3000000000000003
2022-07-28,PAIN AUX RAISINS,6.0,1.6
2022-07-28,PAIN BANETTE,7.0,1.6
2022-07-28,PAIN CHOCO AMANDES,5.0,1.7
2022-07-28,QUIM BREAD,3.0,1.2
2022-07-28,SAND JB EMMENTAL,4.0,4.0
2022-07-28,SANDWICH COMPLET,3.0,5.0
2022-07-28,SEIGLE,5.0,2.0
2022-07-28,SPECIAL BREAD,9.0,2.6
2022-07-28,TARTELETTE,16.0,2.2
2022-07-28,TRADITIONAL BAGUETTE,314.0,1.3
2022-07-29,BAGUETTE,64.0,1.0
2022-07-29,BANETTE,42.0,1.15
2022-07-29,BANETTINE,6.0,0.7
2022-07-29,BOISSON 33CL,7.0,1.5
2022-07-29,BOULE 200G,1.0,1.2
2022-07-29,BOULE 400G,5.0,1.7
2022-07-29,BRIOCHE,5.0,6.0
2022-07-29,CAFE OU EAU,1.0,1.0
2022-07-29,CAMPAGNE,7.0,2.0
2022-07-29,CEREAL BAGUETTE,17.0,1.35
2022-07-29,CHAUSSON AUX POMMES,1.0,1.6
2022-07-29,COMPLET,9.0,1.8999999999999997
2022-07-29,COOKIE,9.0,1.15
2022-07-29,COUPE,47.0,0.15
2022-07-29,CROISSANT,52.0,1.2
2022-07-29,CROISSANT AMANDES,5.0,1.6
2022-07-29,DEMI BAGUETTE,4.0,0.5
2022-07-29,ECLAIR,7.0,2.2
2022-07-29,FICELLE,9.0,0.6999999999999998
2022-07-29,FINANCIER X5,3.0,4.0
2022-07-29,FORMULE SANDWICH,10.0,7.0
2022-07-29,KOUIGN AMANN,3.0,2.3
2022-07-29,MOISSON,7.0,2.2
2022-07-29,PAIN,5.0,1.3
2022-07-29,PAIN AU CHOCOLAT,45.0,1.3
2022-07-29,PAIN AUX RAISINS,4.0,1.6000000000000003
2022-07-29,PAIN BANETTE,8.0,1.6
2022-07-29,PAIN CHOCO AMANDES,4.0,1.7
2022-07-29,QUIM BREAD,9.0,1.2
2022-07-29,SAND JB EMMENTAL,3.0,4.0
2022-07-29,SANDWICH COMPLET,11.0,5.0
2022-07-29,SEIGLE,4.0,2.0
2022-07-29,SPECIAL BREAD,15.0,2.6
2022-07-29,TARTELETTE,13.0,2.2
2022-07-29,TRADITIONAL BAGUETTE,290.0,1.3
2022-07-30,BAGUETTE,68.0,1.0
2022-07-30,BANETTE,40.0,1.15
2022-07-30,BANETTINE,10.0,0.7
2022-07-30,BOISSON 33CL,4.0,1.5
2022-07-30,BOULE 200G,12.0,1.2
2022-07-30,BOULE 400G,19.0,1.7
2022-07-30,BRIOCHE,6.0,6.0
2022-07-30,CAFE OU EAU,12.0,1.0
2022-07-30,CAMPAGNE,14.0,2.0
2022-07-30,CEREAL BAGUETTE,20.0,1.35
2022-07-30,CHAUSSON AUX POMMES,3.0,1.6000000000000003
2022-07-30,COMPLET,10.0,1.9
2022-07-30,COOKIE,7.0,1.15
2022-07-30,COUPE,77.0,0.15
2022-07-30,CROISSANT,111.0,1.2
2022-07-30,CROISSANT AMANDES,8.0,1.6
2022-07-30,DEMI BAGUETTE,4.0,0.5
2022-07-30,ECLAIR,4.0,2.2
2022-07-30,FICELLE,10.0,0.7
2022-07-30,FINANCIER X5,3.0,4.0
2022-07-30,FORMULE SANDWICH,11.0,7.0
2022-07-30,KOUIGN AMANN,14.0,2.3
2022-07-30,MOISSON,9.0,2.2
2022-07-30,PAIN,7.0,1.3
2022-07-30,PAIN AU CHOCOLAT,102.0,1.3
2022-07-30,PAIN AUX RAISINS,4.0,1.6000000000000003
2022-07-30,PAIN BANETTE,9.0,1.6
2022-07-30,PAIN CHOCO AMANDES,4.0,1.7
2022-07-30,SAND JB EMMENTAL,8.0,4.0
2022-07-30,SANDWICH COMPLET,6.0,5.0
2022-07-30,SEIGLE,5.0,2.0
2022-07-30,SPECIAL BREAD,15.0,2.6
2022-07-30,TARTELETTE,24.0,2.2
2022-07-30,TRADITIONAL BAGUETTE,410.0,1.3
2022-07-31,BAGUETTE,70.0,1.0
2022-07-31,BANETTE,84.0,1.15
2022-07-31,BANETTINE,7.0,0.7
2022-07-31,BOISSON 33CL,8.0,1.5
2022-07-31,BOULE 200G,11.0,1.2
2022-07-31,BOULE 400G,17.0,1.7
2022-07-31,BRIOCHE,14.0,6.0
2022-07-31,CAMPAGNE,19.0,2.0
2022-07-31,CEREAL BAGUETTE,10.0,1.35
2022-07-31,CHAUSSON AUX POMMES,7.0,1.6
2022-07-31,COMPLET,9.0,1.8999999999999997
2022-07-31,COOKIE,9.0,1.15
2022-07-31,COUPE,78.0,0.15
2022-07-31,CROISSANT,210.0,1.2
2022-07-31,CROISSANT AMANDES,4.0,1.6
2022-07-31,DEMI BAGUETTE,5.0,0.5
2022-07-31,ECLAIR,16.0,2.2
2022-07-31,FICELLE,10.0,0.7
2022-07-31,FORMULE SANDWICH,2.0,7.0
2022-07-31,KOUIGN AMANN,21.0,2.3
2022-07-31,MOISSON,10.0,2.2
2022-07-31,PAIN,7.0,1.3
2022-07-31,PAIN AU CHOCOLAT,163.0,1.3
2022-07-31,PAIN AUX RAISINS,14.0,1.6
2022-07-31,PAIN BANETTE,10.0,1.6
2022-07-31,PAIN CHOCO AMANDES,11.0,1.7
2022-07-31,QUIM BREAD,8.0,1.2
2022-07-31,SAND JB EMMENTAL,10.0,4.0
2022-07-31,SANDWICH COMPLET,7.0,5.0
2022-07-31,SEIGLE,6.0,2.0
2022-07-31,SPECIAL BREAD,18.0,2.6
2022-07-31,TARTELETTE,10.0,2.2
2022-07-31,TRADITIONAL BAGUETTE,544.0,1.3
2022-08-01,BAGUETTE,48.0,1.0
2022-08-01,BANETTE,73.0,1.15
2022-08-01,BANETTINE,9.0,0.7
2022-08-01,BOISSON 33CL,8.0,1.5
2022-08-01,BOULE 200G,12.0,1.2
2022-08-01,BOULE 400G,15.0,1.7
2022-08-01,BRIOCHE,9.0,6.0
2022-08-01,CAFE OU EAU,1.0,1.0
2022-08-01,CAMPAGNE,14.0,2.0
2022-08-01,CEREAL BAGUETTE,19.0,1.35
2022-08-01,CHAUSSON AUX POMMES,10.0,1.6
2022-08-01,COMPLET,13.0,1.8999999999999997
2022-08-01,COOKIE,12.0,1.15
2022-08-01,COUPE,86.0,0.15
2022-08-01,CROISSANT,90.0,1.2
2022-08-01,CROISSANT AMANDES,9.0,1.6000000000000003
2022-08-01,ECLAIR,3.0,2.2
2022-08-01,FICELLE,10.0,0.7
2022-08-01,FINANCIER X5,4.0,4.0
2022-08-01,FORMULE SANDWICH,10.0,7.0
2022-08-01,KOUIGN AMANN,13.0,2.3
2022-08-01,MOISSON,13.0,2.2
2022-08-01,PAIN,9.0,1.3
2022-08-01,PAIN AU CHOCOLAT,84.0,1.3
2022-08-01,PAIN AUX RAISINS,7.0,1.6
2022-08-01,PAIN BANETTE,10.0,1.6
2022-08-01,PAIN CHOCO AMANDES,6.0,1.7
2022-08-01,QUIM BREAD,3.0,1.2
2022-08-01,SAND JB EMMENTAL,6.0,4.0
2022-08-01,SANDWICH COMPLET,9.0,5.0
2022-08-01,SEIGLE,3.0,2.0
2022-08-01,SPECIAL BREAD,15.0,2.6
2022-08-01,TARTELETTE,7.0,2.2
2022-08-01,TRADITIONAL BAGUETTE,421.0,1.3
2022-08-02,BAGUETTE,49.0,1.0
2022-08-02,BANETTE,64.0,1.15
2022-08-02,BANETTINE,6.0,0.7
2022-08-02,BOISSON 33CL,6.0,1.5
2022-08-02,BOULE 200G,11.0,1.2
2022-08-02,BOULE 400G,13.0,1.6999999999999997
2022-08-02,BRIOCHE,6.0,6.0
2022-08-02,CAFE OU EAU,4.0,1.0
2022-08-02,CAMPAGNE,12.0,2.0
2022-08-02,CEREAL BAGUETTE,20.0,1.35
2022-08-02,CHAUSSON AUX POMMES,1.0,1.6
2022-08-02,COMPLET,9.0,1.9
2022-08-02,COOKIE,2.0,1.15
2022-08-02,COUPE,66.0,0.15
2022-08-02,CROISSANT,75.0,1.2
2022-08-02,CROISSANT AMANDES,8.0,1.6000000000000003
2022-08-02,ECLAIR,5.0,2.2
2022-08-02,FICELLE,10.0,0.7
2022-08-02,FINANCIER X5,4.0,4.0
2022-08-02,FORMULE SANDWICH,16.0,7.0
2022-08-02,KOUIGN AMANN,10.0,2.3
2022-08-02,MOISSON,6.0,2.2
2022-08-02,PAIN,1.0,1.3
2022-08-02,PAIN AU CHOCOLAT,79.0,1.3
2022-08-02,PAIN AUX RAISINS,6.0,1.6
2022-08-02,PAIN BANETTE,8.0,1.6000000000000003
2022-08-02,PAIN CHOCO AMANDES,2.0,1.7
2022-08-02,QUIM BREAD,2.0,1.2
2022-08-02,SAND JB EMMENTAL,7.0,4.0
2022-08-02,SANDWICH COMPLET,16.0,5.0
2022-08-02,SEIGLE,4.0,2.0
2022-08-02,SPECIAL BREAD,14.0,2.6000000000000005
2022-08-02,TARTELETTE,23.0,2.2
2022-08-02,TRADITIONAL BAGUETTE,346.0,1.3
2022-08-03,BAGUETTE,57.0,1.0
2022-08-03,BANETTE,65.0,1.15
2022-08-03,BANETTINE,9.0,0.7
2022-08-03,BOISSON 33CL,7.0,1.5
2022-08-03,BOULE 200G,5.0,1.2
2022-08-03,BOULE 400G,12.0,1.7
2022-08-03,BRIOCHE,10.0,6.0
2022-08-03,CAFE OU EAU,6.0,1.0
2022-08-03,CAMPAGNE,13.0,2.0
2022-08-03,CEREAL BAGUETTE,18.0,1.35
2022-08-03,CHAUSSON AUX POMMES,2.0,1.6
2022-08-03,COMPLET,10.0,1.8999999999999997
2022-08-03,COOKIE,5.0,1.15
2022-08-03,COUPE,68.0,0.15
2022-08-03,CROISSANT,36.0,1.2
2022-08-03,CROISSANT AMANDES,8.0,1.6
2022-08-03,DEMI BAGUETTE,1.0,0.5
2022-08-03,ECLAIR,5.0,2.2
2022-08-03,FICELLE,10.0,0.6999999999999998
2022-08-03,FINANCIER X5,4.0,4.0
2022-08-03,FORMULE SANDWICH,13.0,7.0
2022-08-03,KOUIGN AMANN,2.0,2.3
2022-08-03,MOISSON,10.0,2.2
2022-08-03,PAIN,2.0,1.3
2022-08-03,PAIN AU CHOCOLAT,47.0,1.3
2022-08-03,PAIN AUX RAISINS,7.0,1.6000000000000003
2022-08-03,PAIN BANETTE,10.0,1.6
2022-08-03,PAIN CHOCO AMANDES,3.0,1.7
2022-08-03,QUIM BREAD,3.0,1.2
2022-08-03,SAND JB EMMENTAL,3.0,4.0
2022-08-03,SANDWICH COMPLET,8.0,5.0
2022-08-03,SEIGLE,5.0,2.0
2022-08-03,SPECIAL BREAD,15.0,2.6
2022-08-03,TARTELETTE,2.0,2.2
2022-08-03,TRADITIONAL BAGUETTE,401.0,1.3
2022-08-04,BAGUETTE,40.0,1.0
2022-08-04,BANETTE,67.0,1.15
2022-08-04,BANETTINE,8.0,0.7
2022-08-04,BOISSON 33CL,9.0,1.5
2022-08-04,BOULE 200G,6.0,1.2
2022-08-04,BOULE 400G,10.0,1.7
2022-08-04,BRIOCHE,10.0,6.0
2022-08-04,CAMPAGNE,8.0,2.0
2022-08-04,CEREAL BAGUETTE,20.0,1.35
2022-08-04,CHAUSSON AUX POMMES,4.0,1.6000000000000003
2022-08-04,COMPLET,9.0,1.9
2022-08-04,COOKIE,7.0,1.15
2022-08-04,COUPE,51.0,0.15
2022-08-04,CROISSANT,81.0,1.2
2022-08-04,CROISSANT AMANDES,11.0,1.6
2022-08-04,DEMI BAGUETTE,2.0,0.5
2022-08-04,ECLAIR,11.0,2.2
2022-08-04,FICELLE,9.0,0.6999999999999998
2022-08-04,FINANCIER X5,3.0,4.0
2022-08-04,FORMULE SANDWICH,16.0,7.0
2022-08-04,KOUIGN AMANN,5.0,2.3
2022-08-04,MOISSON,6.0,2.2
2022-08-04,PAIN,3.0,1.3
2022-08-04,PAIN AU CHOCOLAT,63.0,1.3
2022-08-04,PAIN AUX RAISINS,9.0,1.6
2022-08-04,PAIN BANETTE,9.0,1.6000000000000003
2022-08-04,PAIN CHOCO AMANDES,7.0,1.7
2022-08-04,SAND JB EMMENTAL,4.0,4.0
2022-08-04,SANDWICH COMPLET,8.0,5.0
2022-08-04,SEIGLE,4.0,2.0
2022-08-04,SPECIAL BREAD,15.0,2.6000000000000005
2022-08-04,TARTELETTE,9.0,2.2
2022-08-04,TRADITIONAL BAGUETTE,383.0,1.3
2022-08-05,BAGUETTE,70.0,1.0
2022-08-05,BANETTE,85.0,1.15
2022-08-05,BANETTINE,9.0,0.7
2022-08-05,BOISSON 33CL,6.0,1.5
2022-08-05,BOULE 200G,6.0,1.2
2022-08-05,BOULE 400G,10.0,1.7
2022-08-05,BRIOCHE,6.0,6.0
2022-08-05,CAFE OU EAU,1.0,1.0
2022-08-05,CAMPAGNE,6.0,2.0
2022-08-05,CEREAL BAGUETTE,18.0,1.35
2022-08-05,CHAUSSON AUX POMMES,9.0,1.6000000000000003
2022-08-05,COMPLET,1.0,1.9
2022-08-05,COOKIE,9.0,1.15
2022-08-05,COUPE,53.0,0.15
2022-08-05,CROISSANT,89.0,1.2
2022-08-05,CROISSANT AMANDES,2.0,1.6
2022-08-05,DEMI BAGUETTE,3.0,0.5
2022-08-05,ECLAIR,8.0,2.2
2022-08-05,FICELLE,10.0,0.6999999999999998
2022-08-05,FINANCIER X5,2.0,4.0
2022-08-05,FORMULE SANDWICH,11.0,7.0
2022-08-05,KOUIGN AMANN,11.0,2.3
2022-08-05,MOISSON,7.0,2.2
2022-08-05,PAIN,7.0,1.3
2022-08-05,PAIN AU CHOCOLAT,77.0,1.3
2022-08-05,PAIN AUX RAISINS,8.0,1.6
2022-08-05,PAIN BANETTE,8.0,1.6
2022-08-05,PAIN CHOCO AMANDES,2.0,1.7
2022-08-05,QUIM BREAD,5.0,1.2
2022-08-05,SAND JB EMMENTAL,4.0,4.0
2022-08-05,SANDWICH COMPLET,9.0,5.0
2022-08-05,SEIGLE,4.0,2.0
2022-08-05,SPECIAL BREAD,11.0,2.6
2022-08-05,TARTELETTE,6.0,2.2
2022-08-05,TRADITIONAL BAGUETTE,355.0,1.3
2022-08-06,BAGUETTE,55.0,1.0
2022-08-06,BANETTE,73.0,1.15
2022-08-06,BANETTINE,10.0,0.7
2022-08-06,BOISSON 33CL,5.0,1.5
2022-08-06,BOULE 200G,12.0,1.2
2022-08-06,BOULE 400G,16.0,1.7
2022-08-06,BRIOCHE,9.0,6.0
2022-08-06,CAFE OU EAU,5.0,1.0
2022-08-06,CAMPAGNE,15.0,2.0
2022-08-06,CEREAL BAGUETTE,19.0,1.35
2022-08-06,CHAUSSON AUX POMMES,3.0,1.6000000000000003
2022-08-06,COMPLET,10.0,1.8999999999999997
2022-08-06,COOKIE,12.0,1.15
2022-08-06,COUPE,82.0,0.15
2022-08-06,CROISSANT,108.0,1.2
2022-08-06,CROISSANT AMANDES,7.0,1.6000000000000003
2022-08-06,DEMI BAGUETTE,4.0,0.5
2022-08-06,ECLAIR,14.0,2.2
2022-08-06,FICELLE,10.0,0.7
2022-08-06,FINANCIER X5,6.0,4.0
2022-08-06,FORMULE SANDWICH,14.0,7.0
2022-08-06,KOUIGN AMANN,11.0,2.3
2022-08-06,MOISSON,10.0,2.2
2022-08-06,PAIN,8.0,1.3
2022-08-06,PAIN AU CHOCOLAT,83.0,1.3
2022-08-06,PAIN AUX RAISINS,11.0,1.6
2022-08-06,PAIN BANETTE,10.0,1.6
2022-08-06,PAIN CHOCO AMANDES,12.0,1.7
2022-08-06,QUIM BREAD,6.0,1.2
2022-08-06,SAND JB EMMENTAL,4.0,4.0
2022-08-06,SANDWICH COMPLET,9.0,5.0
2022-08-06,SEIGLE,5.0,2.0
2022-08-06,SPECIAL BREAD,16.0,2.6000000000000005
2022-08-06,TARTELETTE,6.0,2.2
2022-08-06,TRADITIONAL BAGUETTE,461.0,1.3
2022-08-07,BAGUETTE,67.0,1.0
2022-08-07,BANETTE,69.0,1.15
2022-08-07,BANETTINE,10.0,0.7
2022-08-07,BOISSON 33CL,3.0,1.5
2022-08-07,BOULE 200G,12.0,1.2
2022-08-07,BOULE 400G,17.0,1.7
2022-08-07,BRIOCHE,10.0,6.0
2022-08-07,CAFE OU EAU,2.0,1.0
2022-08-07,CAMPAGNE,14.0,2.0
2022-08-07,CEREAL BAGUETTE,19.0,1.35
2022-08-07,CHAUSSON AUX POMMES,5.0,1.6
2022-08-07,COMPLET,10.0,1.9
2022-08-07,COOKIE,19.0,1.15
2022-08-07,COUPE,65.0,0.15
2022-08-07,CROISSANT,216.0,1.2
2022-08-07,CROISSANT AMANDES,10.0,1.6
2022-08-07,DEMI BAGUETTE,1.0,0.5
2022-08-07,ECLAIR,7.0,2.2
2022-08-07,FICELLE,10.0,0.7
2022-08-07,FINANCIER X5,5.0,4.0
2022-08-07,FORMULE SANDWICH,6.0,7.0
2022-08-07,KOUIGN AMANN,7.0,2.3
2022-08-07,MOISSON,5.0,2.2
2022-08-07,PAIN,8.0,1.3
2022-08-07,PAIN AU CHOCOLAT,154.0,1.3
2022-08-07,PAIN AUX RAISINS,6.0,1.6
2022-08-07,PAIN BANETTE,8.0,1.6
2022-08-07,PAIN CHOCO AMANDES,1.0,1.7
2022-08-07,QUIM BREAD,7.0,1.2
2022-08-07,SANDWICH COMPLET,6.0,5.0
2022-08-07,SEIGLE,5.0,2.0
2022-08-07,SPECIAL BREAD,18.0,2.6
2022-08-07,TARTELETTE,21.0,2.2
2022-08-07,TRADITIONAL BAGUETTE,613.0,1.3
2022-08-08,BAGUETTE,61.0,1.0
2022-08-08,BANETTE,89.0,1.15
2022-08-08,BANETTINE,10.0,0.7
2022-08-08,BOISSON 33CL,5.0,1.5
2022-08-08,BOULE 200G,12.0,1.2
2022-08-08,BOULE 400G,33.0,1.7
2022-08-08,BRIOCHE,10.0,6.0
2022-08-08,CAFE OU EAU,7.0,1.0
2022-08-08,CAMPAGNE,15.0,2.0
2022-08-08,CEREAL BAGUETTE,21.0,1.3500000000000003
2022-08-08,CHAUSSON AUX POMMES,15.0,1.6000000000000003
2022-08-08,COMPLET,10.0,1.8999999999999997
2022-08-08,COOKIE,17.0,1.15
2022-08-08,COUPE,102.0,0.15
2022-08-08,CROISSANT,121.0,1.2
2022-08-08,CROISSANT AMANDES,5.0,1.6
2022-08-08,DEMI BAGUETTE,4.0,0.5
2022-08-08,ECLAIR,6.0,2.2
2022-08-08,FICELLE,10.0,0.7
2022-08-08,FINANCIER X5,6.0,4.0
2022-08-08,FORMULE SANDWICH,14.0,7.0
2022-08-08,KOUIGN AMANN,10.0,2.3
2022-08-08,MOISSON,10.0,2.2
2022-08-08,PAIN,9.0,1.3
2022-08-08,PAIN AU CHOCOLAT,116.0,1.3
2022-08-08,PAIN AUX RAISINS,10.0,1.6
2022-08-08,PAIN BANETTE,9.0,1.6
2022-08-08,PAIN CHOCO AMANDES,6.0,1.7
2022-08-08,QUIM BREAD,4.0,1.2
2022-08-08,SAND JB EMMENTAL,9.0,4.0
2022-08-08,SANDWICH COMPLET,9.0,5.0
2022-08-08,SEIGLE,5.0,2.0
2022-08-08,SPECIAL BREAD,15.0,2.6
2022-08-08,TARTELETTE,18.0,2.2
2022-08-08,TRADITIONAL BAGUETTE,551.0,1.3
2022-08-09,BAGUETTE,52.0,1.0
2022-08-09,BANETTE,46.0,1.15
2022-08-09,BANETTINE,7.0,0.7
2022-08-09,BOISSON 33CL,15.0,1.5
2022-08-09,BOULE 200G,12.0,1.2
2022-08-09,BOULE 400G,14.0,1.7
2022-08-09,BRIOCHE,6.0,6.0
2022-08-09,CAFE OU EAU,7.0,1.0
2022-08-09,CAMPAGNE,14.0,2.0
2022-08-09,CEREAL BAGUETTE,17.0,1.35
2022-08-09,CHAUSSON AUX POMMES,3.0,1.6000000000000003
2022-08-09,COMPLET,10.0,1.8999999999999997
2022-08-09,COOKIE,11.0,1.15
2022-08-09,COUPE,68.0,0.15
2022-08-09,CROISSANT,83.0,1.2
2022-08-09,CROISSANT AMANDES,4.0,1.6
2022-08-09,DEMI BAGUETTE,4.0,0.5
2022-08-09,ECLAIR,5.0,2.2
2022-08-09,FICELLE,9.0,0.6999999999999998
2022-08-09,FORMULE SANDWICH,10.0,7.0
2022-08-09,KOUIGN AMANN,7.0,2.3
2022-08-09,MOISSON,10.0,2.2
2022-08-09,PAIN,8.0,1.3
2022-08-09,PAIN AU CHOCOLAT,70.0,1.3000000000000003
2022-08-09,PAIN AUX RAISINS,9.0,1.6
2022-08-09,PAIN BANETTE,9.0,1.6
2022-08-09,PAIN CHOCO AMANDES,1.0,1.7
2022-08-09,QUIM BREAD,3.0,1.2
2022-08-09,SAND JB EMMENTAL,7.0,4.0
2022-08-09,SANDWICH COMPLET,13.0,5.0
2022-08-09,SEIGLE,5.0,2.0
2022-08-09,SPECIAL BREAD,14.0,2.6
2022-08-09,TARTELETTE,15.0,2.2
2022-08-09,TRADITIONAL BAGUETTE,457.0,1.3
2022-08-10,BAGUETTE,57.0,1.0
2022-08-10,BANETTE,74.0,1.15
2022-08-10,BANETTINE,6.0,0.6999999999999998
2022-08-10,BOISSON 33CL,7.0,1.5
2022-08-10,BOULE 200G,7.0,1.2
2022-08-10,BOULE 400G,15.0,1.7
2022-08-10,BRIOCHE,6.0,6.0
2022-08-10,CAFE OU EAU,13.0,1.0
2022-08-10,CAMPAGNE,14.0,2.0
2022-08-10,CEREAL BAGUETTE,19.0,1.3500000000000003
2022-08-10,CHAUSSON AUX POMMES,6.0,1.6000000000000003
2022-08-10,COMPLET,11.0,1.8999999999999997
2022-08-10,COOKIE,9.0,1.15
2022-08-10,COUPE,77.0,0.15
2022-08-10,CROISSANT,100.0,1.2
2022-08-10,CROISSANT AMANDES,6.0,1.6
2022-08-10,DEMI BAGUETTE,2.0,0.5
2022-08-10,ECLAIR,6.0,2.2
2022-08-10,FICELLE,9.0,0.6999999999999998
2022-08-10,FORMULE SANDWICH,22.0,7.0
2022-08-10,KOUIGN AMANN,5.0,2.3
2022-08-10,MOISSON,10.0,2.2
2022-08-10,PAIN,4.0,1.3
2022-08-10,PAIN AU CHOCOLAT,68.0,1.3
2022-08-10,PAIN AUX RAISINS,9.0,1.6000000000000003
2022-08-10,PAIN BANETTE,10.0,1.6
2022-08-10,PAIN CHOCO AMANDES,11.0,1.7
2022-08-10,QUIM BREAD,6.0,1.2
2022-08-10,SAND JB EMMENTAL,2.0,4.0
2022-08-10,SANDWICH COMPLET,6.0,5.0
2022-08-10,SEIGLE,5.0,2.0
2022-08-10,SPECIAL BREAD,16.0,2.6
2022-08-10,TARTELETTE,14.0,2.2
2022-08-10,TRADITIONAL BAGUETTE,478.0,1.3
2022-08-11,BAGUETTE,51.0,1.0
2022-08-11,BANETTE,74.0,1.15
2022-08-11,BANETTINE,10.0,0.7
2022-08-11,BOISSON 33CL,6.0,1.5
2022-08-11,BOULE 200G,6.0,1.2
2022-08-11,BOULE 400G,10.0,1.7
2022-08-11,BRIOCHE,5.0,6.0
2022-08-11,CAFE OU EAU,4.0,1.0
2022-08-11,CAMPAGNE,15.0,2.0
2022-08-11,CEREAL BAGUETTE,20.0,1.35
2022-08-11,CHAUSSON AUX POMMES,7.0,1.6
2022-08-11,COMPLET,10.0,1.9
2022-08-11,COOKIE,16.0,1.15
2022-08-11,COUPE,69.0,0.15
2022-08-11,CROISSANT,147.0,1.2
2022-08-11,CROISSANT AMANDES,9.0,1.6000000000000003
2022-08-11,DEMI BAGUETTE,4.0,0.5
2022-08-11,ECLAIR,2.0,2.2
2022-08-11,FICELLE,10.0,0.7
2022-08-11,FINANCIER X5,6.0,4.0
2022-08-11,FORMULE SANDWICH,10.0,7.0
2022-08-11,KOUIGN AMANN,12.0,2.3
2022-08-11,MOISSON,10.0,2.2
2022-08-11,PAIN,5.0,1.3
2022-08-11,PAIN AU CHOCOLAT,94.0,1.3
2022-08-11,PAIN AUX RAISINS,11.0,1.6
2022-08-11,PAIN BANETTE,9.0,1.6
2022-08-11,PAIN CHOCO AMANDES,7.0,1.7
2022-08-11,QUIM BREAD,4.0,1.2
2022-08-11,SAND JB EMMENTAL,4.0,4.0
2022-08-11,SANDWICH COMPLET,7.0,5.0
2022-08-11,SEIGLE,5.0,2.0
2022-08-11,SPECIAL BREAD,17.0,2.6
2022-08-11,TARTELETTE,4.0,2.2
2022-08-11,TRADITIONAL BAGUETTE,462.0,1.3
2022-08-12,BAGUETTE,54.0,1.0
2022-08-12,BANETTE,67.0,1.15
2022-08-12,BANETTINE,10.0,0.7
2022-08-12,BOISSON 33CL,11.0,1.5
2022-08-12,BOULE 200G,12.0,1.2
2022-08-12,BOULE 400G,13.0,1.7
2022-08-12,BRIOCHE,9.0,6.0
2022-08-12,CAFE OU EAU,2.0,1.0
2022-08-12,CAMPAGNE,15.0,2.0
2022-08-12,CEREAL BAGUETTE,20.0,1.35
2022-08-12,CHAUSSON AUX POMMES,13.0,1.6
2022-08-12,COMPLET,8.0,1.9
2022-08-12,COOKIE,25.0,1.15
2022-08-12,COUPE,81.0,0.15
2022-08-12,CROISSANT,128.0,1.2
2022-08-12,CROISSANT AMANDES,4.0,1.6
2022-08-12,DEMI BAGUETTE,1.0,0.5
2022-08-12,ECLAIR,2.0,2.2
2022-08-12,FICELLE,14.0,0.7
2022-08-12,FINANCIER X5,1.0,4.0
2022-08-12,FORMULE SANDWICH,8.0,7.0
2022-08-12,KOUIGN AMANN,17.0,2.3
2022-08-12,MOISSON,11.0,2.2
2022-08-12,PAIN,7.0,1.3
2022-08-12,PAIN AU CHOCOLAT,103.0,1.3
2022-08-12,PAIN AUX RAISINS,11.0,1.6
2022-08-12,PAIN BANETTE,9.0,1.6
2022-08-12,PAIN CHOCO AMANDES,5.0,1.7
2022-08-12,QUIM BREAD,8.0,1.2
2022-08-12,SAND JB EMMENTAL,11.0,4.0
2022-08-12,SANDWICH COMPLET,9.0,5.0
2022-08-12,SEIGLE,5.0,2.0
2022-08-12,SPECIAL BREAD,15.0,2.6
2022-08-12,TARTELETTE,5.0,2.2
2022-08-12,TRADITIONAL BAGUETTE,465.0,1.3
2022-08-13,BAGUETTE,54.0,1.0
2022-08-13,BANETTE,85.0,1.15
2022-08-13,BANETTINE,10.0,0.7
2022-08-13,BOISSON 33CL,6.0,1.5
2022-08-13,BOULE 200G,12.0,1.2
2022-08-13,BOULE 400G,19.0,1.7
2022-08-13,BRIOCHE,5.0,6.0
2022-08-13,CAFE OU EAU,7.0,1.0
2022-08-13,CAMPAGNE,15.0,2.0
2022-08-13,CEREAL BAGUETTE,20.0,1.35
2022-08-13,CHAUSSON AUX POMMES,9.0,1.6
2022-08-13,COMPLET,10.0,1.8999999999999997
2022-08-13,COOKIE,8.0,1.15
2022-08-13,COUPE,71.0,0.15
2022-08-13,CROISSANT,173.0,1.2
2022-08-13,CROISSANT AMANDES,9.0,1.6
2022-08-13,DEMI BAGUETTE,2.0,0.5
2022-08-13,ECLAIR,5.0,2.2
2022-08-13,FICELLE,10.0,0.6999999999999998
2022-08-13,FINANCIER X5,6.0,4.0
2022-08-13,FORMULE SANDWICH,15.0,7.0
2022-08-13,KOUIGN AMANN,22.0,2.3
2022-08-13,MOISSON,10.0,2.2
2022-08-13,PAIN,3.0,1.3
2022-08-13,PAIN AU CHOCOLAT,92.0,1.3
2022-08-13,PAIN AUX RAISINS,11.0,1.6
2022-08-13,PAIN BANETTE,10.0,1.6
2022-08-13,PAIN CHOCO AMANDES,3.0,1.7
2022-08-13,QUIM BREAD,3.0,1.2
2022-08-13,SAND JB EMMENTAL,2.0,4.0
2022-08-13,SANDWICH COMPLET,7.0,5.0
2022-08-13,SEIGLE,5.0,2.0
2022-08-13,SPECIAL BREAD,17.0,2.6
2022-08-13,TARTELETTE,10.0,2.2
2022-08-13,TRADITIONAL BAGUETTE,541.0,1.3
2022-08-14,BAGUETTE,81.0,1.0
2022-08-14,BANETTE,96.0,1.15
2022-08-14,BANETTINE,10.0,0.7
2022-08-14,BOULE 200G,12.0,1.2
2022-08-14,BOULE 400G,28.0,1.7
2022-08-14,BRIOCHE,16.0,6.0
2022-08-14,CAFE OU EAU,2.0,1.0
2022-08-14,CAMPAGNE,15.0,2.0
2022-08-14,CEREAL BAGUETTE,20.0,1.3500000000000003
2022-08-14,CHAUSSON AUX POMMES,4.0,1.6
2022-08-14,COMPLET,10.0,1.9
2022-08-14,COOKIE,24.0,1.15
2022-08-14,COUPE,86.0,0.15
2022-08-14,CROISSANT,271.0,1.2
2022-08-14,CROISSANT AMANDES,13.0,1.6
2022-08-14,DEMI BAGUETTE,4.0,0.5
2022-08-14,ECLAIR,23.0,2.2
2022-08-14,FICELLE,10.0,0.6999999999999998
2022-08-14,FINANCIER X5,3.0,4.0
2022-08-14,FORMULE SANDWICH,2.0,7.0
2022-08-14,KOUIGN AMANN,30.0,2.3
2022-08-14,MOISSON,10.0,2.2
2022-08-14,PAIN,5.0,1.3
2022-08-14,PAIN AU CHOCOLAT,232.0,1.3
2022-08-14,PAIN AUX RAISINS,16.0,1.6
2022-08-14,PAIN BANETTE,9.0,1.6
2022-08-14,PAIN CHOCO AMANDES,6.0,1.7
2022-08-14,QUIM BREAD,10.0,1.2
2022-08-14,SEIGLE,5.0,2.0
2022-08-14,SPECIAL BREAD,19.0,2.6
2022-08-14,TARTELETTE,18.0,2.2
2022-08-14,TRADITIONAL BAGUETTE,707.0,1.3
2022-08-15,BAGUETTE,60.0,1.0
2022-08-15,BANETTE,84.0,1.15
2022-08-15,BANETTINE,8.0,0.7
2022-08-15,BOISSON 33CL,1.0,1.5
2022-08-15,BOULE 200G,12.0,1.2
2022-08-15,BOULE 400G,20.0,1.7
2022-08-15,BRIOCHE,8.0,6.0
2022-08-15,CAFE OU EAU,2.0,1.0
2022-08-15,CAMPAGNE,16.0,2.0
2022-08-15,CEREAL BAGUETTE,20.0,1.35
2022-08-15,CHAUSSON AUX POMMES,1.0,1.6
2022-08-15,COMPLET,10.0,1.8999999999999997
2022-08-15,COOKIE,11.0,1.15
2022-08-15,COUPE,75.0,0.15
2022-08-15,CROISSANT,156.0,1.2
2022-08-15,CROISSANT AMANDES,6.0,1.6
2022-08-15,DEMI BAGUETTE,2.0,0.5
2022-08-15,ECLAIR,12.0,2.2
2022-08-15,FICELLE,10.0,0.7
2022-08-15,FINANCIER X5,3.0,4.0
2022-08-15,FORMULE SANDWICH,5.0,7.0
2022-08-15,KOUIGN AMANN,24.0,2.3
2022-08-15,MOISSON,10.0,2.2
2022-08-15,PAIN,6.0,1.3
2022-08-15,PAIN AU CHOCOLAT,109.0,1.3
2022-08-15,PAIN AUX RAISINS,12.0,1.6
2022-08-15,PAIN BANETTE,10.0,1.6
2022-08-15,PAIN CHOCO AMANDES,1.0,1.7
2022-08-15,QUIM BREAD,5.0,1.2
2022-08-15,SAND JB EMMENTAL,1.0,4.0
2022-08-15,SEIGLE,5.0,2.0
2022-08-15,SPECIAL BREAD,15.0,2.6
2022-08-15,TARTELETTE,9.0,2.2
2022-08-15,TRADITIONAL BAGUETTE,585.0,1.3
2022-08-16,BAGUETTE,35.0,1.0
2022-08-16,BANETTE,71.0,1.15
2022-08-16,BANETTINE,10.0,0.7
2022-08-16,BOISSON 33CL,5.0,1.5
2022-08-16,BOULE 200G,11.0,1.2
2022-08-16,BOULE 400G,11.0,1.7
2022-08-16,BRIOCHE,7.0,6.0
2022-08-16,CAFE OU EAU,7.0,1.0
2022-08-16,CAMPAGNE,18.0,2.0
2022-08-16,CEREAL BAGUETTE,20.0,1.3500000000000003
2022-08-16,CHAUSSON AUX POMMES,4.0,1.6000000000000003
2022-08-16,COMPLET,10.0,1.9
2022-08-16,COOKIE,16.0,1.15
2022-08-16,COUPE,67.0,0.15
2022-08-16,CROISSANT,68.0,1.2
2022-08-16,CROISSANT AMANDES,4.0,1.6000000000000003
2022-08-16,DEMI BAGUETTE,2.0,0.5
2022-08-16,ECLAIR,4.0,2.2
2022-08-16,FICELLE,11.0,0.7
2022-08-16,FINANCIER X5,4.0,4.0
2022-08-16,FORMULE SANDWICH,12.0,7.0
2022-08-16,KOUIGN AMANN,4.0,2.3
2022-08-16,MOISSON,10.0,2.2
2022-08-16,PAIN,5.0,1.3
2022-08-16,PAIN AU CHOCOLAT,62.0,1.3
2022-08-16,PAIN AUX RAISINS,9.0,1.6
2022-08-16,PAIN BANETTE,8.0,1.6
2022-08-16,PAIN CHOCO AMANDES,5.0,1.7
2022-08-16,QUIM BREAD,3.0,1.2
2022-08-16,SAND JB EMMENTAL,4.0,4.0
2022-08-16,SANDWICH COMPLET,4.0,5.0
2022-08-16,SEIGLE,5.0,2.0
2022-08-16,SPECIAL BREAD,14.0,2.6000000000000005
2022-08-16,TARTELETTE,10.0,2.2
2022-08-16,TRADITIONAL BAGUETTE,417.0,1.3
2022-08-17,BAGUETTE,41.0,1.0
2022-08-17,BANETTE,39.0,1.15
2022-08-17,BANETTINE,10.0,0.7
2022-08-17,BOISSON 33CL,3.0,1.5
2022-08-17,BOULE 200G,11.0,1.2
2022-08-17,BOULE 400G,13.0,1.7
2022-08-17,BRIOCHE,5.0,6.0
2022-08-17,CAFE OU EAU,1.0,1.0
2022-08-17,CAMPAGNE,12.0,2.0
2022-08-17,CEREAL BAGUETTE,16.0,1.35
2022-08-17,CHAUSSON AUX POMMES,6.0,1.6000000000000003
2022-08-17,COMPLET,6.0,1.8999999999999997
2022-08-17,COOKIE,15.0,1.15
2022-08-17,COUPE,69.0,0.15
2022-08-17,CROISSANT,67.0,1.2
2022-08-17,CROISSANT AMANDES,11.0,1.6
2022-08-17,ECLAIR,3.0,2.2
2022-08-17,FICELLE,6.0,0.7
2022-08-17,FINANCIER X5,3.0,4.0
2022-08-17,FORMULE SANDWICH,8.0,7.0
2022-08-17,KOUIGN AMANN,7.0,2.3
2022-08-17,MOISSON,8.0,2.2
2022-08-17,PAIN,4.0,1.3
2022-08-17,PAIN AU CHOCOLAT,70.0,1.3
2022-08-17,PAIN AUX RAISINS,5.0,1.6000000000000003
2022-08-17,PAIN BANETTE,8.0,1.6
2022-08-17,PAIN CHOCO AMANDES,12.0,1.7
2022-08-17,QUIM BREAD,14.0,1.2
2022-08-17,SAND JB EMMENTAL,3.0,4.0
2022-08-17,SANDWICH COMPLET,1.0,5.0
2022-08-17,SEIGLE,5.0,2.0
2022-08-17,SPECIAL BREAD,16.0,2.6
2022-08-17,TARTELETTE,11.0,2.2
2022-08-17,TRADITIONAL BAGUETTE,414.0,1.3
2022-08-18,BAGUETTE,71.0,1.0
2022-08-18,BANETTE,70.0,1.15
2022-08-18,BANETTINE,9.0,0.7
2022-08-18,BOISSON 33CL,4.0,1.5
2022-08-18,BOULE 200G,12.0,1.2
2022-08-18,BOULE 400G,15.0,1.6999999999999997
2022-08-18,BRIOCHE,6.0,6.0
2022-08-18,CAFE OU EAU,1.0,1.0
2022-08-18,CAMPAGNE,12.0,2.0
2022-08-18,CEREAL BAGUETTE,19.0,1.35
2022-08-18,CHAUSSON AUX POMMES,8.0,1.6000000000000003
2022-08-18,COMPLET,9.0,1.8999999999999997
2022-08-18,COOKIE,18.0,1.15
2022-08-18,COUPE,64.0,0.15
2022-08-18,CROISSANT,120.0,1.2
2022-08-18,CROISSANT AMANDES,3.0,1.6
2022-08-18,DEMI BAGUETTE,3.0,0.5
2022-08-18,ECLAIR,10.0,2.2
2022-08-18,FICELLE,13.0,0.7
2022-08-18,FORMULE SANDWICH,6.0,7.0
2022-08-18,KOUIGN AMANN,14.0,2.3
2022-08-18,MOISSON,10.0,2.2
2022-08-18,PAIN,8.0,1.3
2022-08-18,PAIN AU CHOCOLAT,106.0,1.3
2022-08-18,PAIN AUX RAISINS,9.0,1.6000000000000003
2022-08-18,PAIN BANETTE,8.0,1.6
2022-08-18,PAIN CHOCO AMANDES,5.0,1.7
2022-08-18,QUIM BREAD,5.0,1.2
2022-08-18,SAND JB EMMENTAL,3.0,4.0
2022-08-18,SANDWICH COMPLET,5.0,5.0
2022-08-18,SEIGLE,5.0,2.0
2022-08-18,SPECIAL BREAD,12.0,2.6
2022-08-18,TARTELETTE,6.0,2.2
2022-08-18,TRADITIONAL BAGUETTE,498.0,1.3
2022-08-19,BAGUETTE,53.0,1.0
2022-08-19,BANETTE,60.0,1.15
2022-08-19,BANETTINE,8.0,0.7
2022-08-19,BOISSON 33CL,6.0,1.5
2022-08-19,BOULE 200G,11.0,1.2
2022-08-19,BOULE 400G,7.0,1.7
2022-08-19,BRIOCHE,5.0,6.0
2022-08-19,CAFE OU EAU,5.0,1.0
2022-08-19,CAMPAGNE,17.0,2.0
2022-08-19,CEREAL BAGUETTE,13.0,1.3500000000000003
2022-08-19,CHAUSSON AUX POMMES,5.0,1.6
2022-08-19,COMPLET,10.0,1.8999999999999997
2022-08-19,COOKIE,20.0,1.15
2022-08-19,COUPE,52.0,0.15
2022-08-19,CROISSANT,84.0,1.2
2022-08-19,CROISSANT AMANDES,7.0,1.6000000000000003
2022-08-19,DEMI BAGUETTE,1.0,0.5
2022-08-19,FICELLE,9.0,0.7
2022-08-19,FINANCIER X5,1.0,4.0
2022-08-19,FORMULE SANDWICH,3.0,7.0
2022-08-19,KOUIGN AMANN,12.0,2.3
2022-08-19,MOISSON,6.0,2.2
2022-08-19,PAIN,6.0,1.3
2022-08-19,PAIN AU CHOCOLAT,71.0,1.3
2022-08-19,PAIN AUX RAISINS,7.0,1.6000000000000003
2022-08-19,PAIN BANETTE,8.0,1.6
2022-08-19,PAIN CHOCO AMANDES,5.0,1.7
2022-08-19,QUIM BREAD,13.0,1.2
2022-08-19,SAND JB EMMENTAL,3.0,4.0
2022-08-19,SANDWICH COMPLET,4.0,5.0
2022-08-19,SEIGLE,5.0,2.0
2022-08-19,SPECIAL BREAD,16.0,2.6
2022-08-19,TARTELETTE,1.0,2.2
2022-08-19,TRADITIONAL BAGUETTE,375.0,1.3000000000000003
2022-08-20,BAGUETTE,61.0,1.0
2022-08-20,BANETTE,74.0,1.15
2022-08-20,BANETTINE,7.0,0.7
2022-08-20,BOISSON 33CL,5.0,1.5
2022-08-20,BOULE 200G,12.0,1.2
2022-08-20,BOULE 400G,12.0,1.7
2022-08-20,BRIOCHE,9.0,6.0
2022-08-20,CAFE OU EAU,4.0,1.0
2022-08-20,CAMPAGNE,16.0,2.0
2022-08-20,CEREAL BAGUETTE,8.0,1.3500000000000003
2022-08-20,CHAUSSON AUX POMMES,5.0,1.6000000000000003
2022-08-20,COMPLET,10.0,1.9
2022-08-20,COOKIE,21.0,1.15
2022-08-20,COUPE,73.0,0.15
2022-08-20,CROISSANT,109.0,1.2
2022-08-20,CROISSANT AMANDES,9.0,1.6
2022-08-20,DEMI BAGUETTE,4.0,0.5
2022-08-20,ECLAIR,15.0,2.2
2022-08-20,FICELLE,9.0,0.7
2022-08-20,FINANCIER X5,12.0,4.0
2022-08-20,FORMULE SANDWICH,5.0,7.0
2022-08-20,KOUIGN AMANN,26.0,2.3
2022-08-20,MOISSON,5.0,2.2
2022-08-20,PAIN,4.0,1.3
2022-08-20,PAIN AU CHOCOLAT,83.0,1.3
2022-08-20,PAIN AUX RAISINS,12.0,1.6
2022-08-20,PAIN BANETTE,7.0,1.6000000000000003
2022-08-20,PAIN CHOCO AMANDES,15.0,1.7
2022-08-20,QUIM BREAD,11.0,1.2
2022-08-20,SAND JB EMMENTAL,4.0,4.0
2022-08-20,SANDWICH COMPLET,15.0,5.0
2022-08-20,SEIGLE,5.0,2.0
2022-08-20,SPECIAL BREAD,14.0,2.6
2022-08-20,TARTELETTE,13.0,2.2
2022-08-20,TRADITIONAL BAGUETTE,452.0,1.3
2022-08-21,BAGUETTE,73.0,1.0
2022-08-21,BANETTE,73.0,1.15
2022-08-21,BANETTINE,10.0,0.7
2022-08-21,BOISSON 33CL,1.0,1.5
2022-08-21,BOULE 200G,12.0,1.2
2022-08-21,BOULE 400G,12.0,1.7
2022-08-21,BRIOCHE,11.0,6.0
2022-08-21,CAMPAGNE,27.0,2.0
2022-08-21,CEREAL BAGUETTE,17.0,1.35
2022-08-21,CHAUSSON AUX POMMES,5.0,1.6000000000000003
2022-08-21,COMPLET,9.0,1.8999999999999997
2022-08-21,COOKIE,15.0,1.15
2022-08-21,COUPE,73.0,0.15
2022-08-21,CROISSANT,179.0,1.2
2022-08-21,CROISSANT AMANDES,9.0,1.6000000000000003
2022-08-21,DEMI BAGUETTE,4.0,0.5
2022-08-21,ECLAIR,10.0,2.2
2022-08-21,FICELLE,12.0,0.7
2022-08-21,FINANCIER X5,2.0,4.0
2022-08-21,FORMULE SANDWICH,4.0,7.0
2022-08-21,KOUIGN AMANN,24.0,2.3
2022-08-21,MOISSON,10.0,2.2
2022-08-21,PAIN,6.0,1.3
2022-08-21,PAIN AU CHOCOLAT,141.0,1.3
2022-08-21,PAIN AUX RAISINS,5.0,1.6000000000000003
2022-08-21,PAIN BANETTE,9.0,1.6000000000000003
2022-08-21,PAIN CHOCO AMANDES,5.0,1.7
2022-08-21,QUIM BREAD,4.0,1.2
2022-08-21,SEIGLE,5.0,2.0
2022-08-21,SPECIAL BREAD,14.0,2.6
2022-08-21,TARTELETTE,19.0,2.2
2022-08-21,TRADITIONAL BAGUETTE,574.0,1.3
2022-08-22,BAGUETTE,50.0,1.0
2022-08-22,BANETTE,49.0,1.15
2022-08-22,BANETTINE,6.0,0.7
2022-08-22,BOULE 200G,9.0,1.2
2022-08-22,BOULE 400G,8.0,1.7
2022-08-22,BRIOCHE,6.0,6.0
2022-08-22,CAFE OU EAU,5.0,1.0
2022-08-22,CAMPAGNE,10.0,2.0
2022-08-22,CEREAL BAGUETTE,20.0,1.35
2022-08-22,CHAUSSON AUX POMMES,1.0,1.6
2022-08-22,COMPLET,10.0,1.9
2022-08-22,COOKIE,14.0,1.15
2022-08-22,COUPE,59.0,0.15
2022-08-22,CROISSANT,84.0,1.2
2022-08-22,CROISSANT AMANDES,7.0,1.6
2022-08-22,DEMI BAGUETTE,4.0,0.5
2022-08-22,ECLAIR,4.0,2.2
2022-08-22,FICELLE,5.0,0.7
2022-08-22,FINANCIER X5,2.0,4.0
2022-08-22,FORMULE SANDWICH,8.0,7.0
2022-08-22,KOUIGN AMANN,6.0,2.3
2022-08-22,MOISSON,9.0,2.2
2022-08-22,PAIN,5.0,1.3
2022-08-22,PAIN AU CHOCOLAT,72.0,1.3
2022-08-22,PAIN AUX RAISINS,10.0,1.6
2022-08-22,PAIN BANETTE,7.0,1.6
2022-08-22,PAIN CHOCO AMANDES,4.0,1.7
2022-08-22,QUIM BREAD,10.0,1.2
2022-08-22,SAND JB EMMENTAL,5.0,4.0
2022-08-22,SANDWICH COMPLET,8.0,5.0
2022-08-22,SEIGLE,3.0,2.0
2022-08-22,SPECIAL BREAD,11.0,2.6
2022-08-22,TARTELETTE,12.0,2.2
2022-08-22,TRADITIONAL BAGUETTE,369.0,1.3
2022-08-23,BAGUETTE,42.0,1.0
2022-08-23,BANETTE,67.0,1.15
2022-08-23,BANETTINE,2.0,0.7
2022-08-23,BOISSON 33CL,2.0,1.5
2022-08-23,BOULE 200G,9.0,1.2
2022-08-23,BOULE 400G,8.0,1.7
2022-08-23,BRIOCHE,1.0,6.0
2022-08-23,CAFE OU EAU,3.0,1.0
2022-08-23,CAMPAGNE,8.0,2.0
2022-08-23,CEREAL BAGUETTE,13.0,1.35
2022-08-23,CHAUSSON AUX POMMES,3.0,1.6
2022-08-23,COMPLET,7.0,1.8999999999999997
2022-08-23,COOKIE,10.0,1.15
2022-08-23,COUPE,57.0,0.15
2022-08-23,CROISSANT,49.0,1.2
2022-08-23,CROISSANT AMANDES,5.0,1.6
2022-08-23,DEMI BAGUETTE,5.0,0.5
2022-08-23,ECLAIR,5.0,2.2
2022-08-23,FICELLE,4.0,0.7
2022-08-23,FORMULE SANDWICH,15.0,7.0
2022-08-23,KOUIGN AMANN,13.0,2.3
2022-08-23,MOISSON,10.0,2.2
2022-08-23,PAIN,5.0,1.3
2022-08-23,PAIN AU CHOCOLAT,61.0,1.3
2022-08-23,PAIN AUX RAISINS,3.0,1.6000000000000003
2022-08-23,PAIN BANETTE,5.0,1.6
2022-08-23,PAIN CHOCO AMANDES,3.0,1.7
2022-08-23,QUIM BREAD,6.0,1.2
2022-08-23,SAND JB EMMENTAL,2.0,4.0
2022-08-23,SANDWICH COMPLET,7.0,5.0
2022-08-23,SEIGLE,4.0,2.0
2022-08-23,SPECIAL BREAD,10.0,2.6
2022-08-23,TARTELETTE,10.0,2.2
2022-08-23,TRADITIONAL BAGUETTE,280.0,1.3
2022-08-24,BAGUETTE,47.0,1.0
2022-08-24,BANETTE,42.0,1.15
2022-08-24,BANETTINE,6.0,0.6999999999999998
2022-08-24,BOISSON 33CL,3.0,1.5
2022-08-24,BOULE 200G,10.0,1.2
2022-08-24,BOULE 400G,10.0,1.7
2022-08-24,BRIOCHE,5.0,6.0
2022-08-24,CAFE OU EAU,4.0,1.0
2022-08-24,CAMPAGNE,10.0,2.0
2022-08-24,CEREAL BAGUETTE,10.0,1.35
2022-08-24,CHAUSSON AUX POMMES,7.0,1.6
2022-08-24,COMPLET,11.0,1.9
2022-08-24,COOKIE,9.0,1.15
2022-08-24,COUPE,54.0,0.15
2022-08-24,CROISSANT,59.0,1.2
2022-08-24,CROISSANT AMANDES,3.0,1.6000000000000003
2022-08-24,ECLAIR,5.0,2.2
2022-08-24,FICELLE,11.0,0.7
2022-08-24,FINANCIER X5,3.0,4.0
2022-08-24,FORMULE SANDWICH,13.0,7.0
2022-08-24,KOUIGN AMANN,11.0,2.3
2022-08-24,MOISSON,7.0,2.2
2022-08-24,PAIN AU CHOCOLAT,60.0,1.3
2022-08-24,PAIN AUX RAISINS,7.0,1.6
2022-08-24,PAIN BANETTE,4.0,1.6
2022-08-24,PAIN CHOCO AMANDES,4.0,1.7
2022-08-24,QUIM BREAD,4.0,1.2
2022-08-24,SAND JB EMMENTAL,1.0,4.0
2022-08-24,SANDWICH COMPLET,3.0,5.0
2022-08-24,SEIGLE,3.0,2.0
2022-08-24,SPECIAL BREAD,10.0,2.6
2022-08-24,TARTELETTE,9.0,2.2
2022-08-24,TRADITIONAL BAGUETTE,311.0,1.3
2022-08-25,BAGUETTE,35.0,1.0
2022-08-25,BANETTE,37.0,1.15
2022-08-25,BANETTINE,2.0,0.7
2022-08-25,BOISSON 33CL,5.0,1.5
2022-08-25,BOULE 200G,8.0,1.2
2022-08-25,BOULE 400G,8.0,1.7
2022-08-25,BRIOCHE,4.0,6.0
2022-08-25,CAFE OU EAU,3.0,1.0
2022-08-25,CAMPAGNE,10.0,2.0
2022-08-25,CEREAL BAGUETTE,14.0,1.35
2022-08-25,CHAUSSON AUX POMMES,6.0,1.6000000000000003
2022-08-25,COMPLET,3.0,1.8999999999999997
2022-08-25,COOKIE,16.0,1.15
2022-08-25,COUPE,40.0,0.15
2022-08-25,CROISSANT,51.0,1.2
2022-08-25,CROISSANT AMANDES,6.0,1.6
2022-08-25,DEMI BAGUETTE,4.0,0.5
2022-08-25,ECLAIR,4.0,2.2
2022-08-25,FICELLE,12.0,0.7
2022-08-25,FINANCIER X5,1.0,4.0
2022-08-25,FORMULE SANDWICH,14.0,7.0
2022-08-25,KOUIGN AMANN,3.0,2.3
2022-08-25,MOISSON,5.0,2.2
2022-08-25,PAIN,4.0,1.3
2022-08-25,PAIN AU CHOCOLAT,30.0,1.3
2022-08-25,PAIN AUX RAISINS,7.0,1.6
2022-08-25,PAIN BANETTE,4.0,1.6
2022-08-25,PAIN CHOCO AMANDES,6.0,1.7
2022-08-25,QUIM BREAD,5.0,1.2
2022-08-25,SAND JB EMMENTAL,5.0,4.0
2022-08-25,SANDWICH COMPLET,3.0,5.0
2022-08-25,SEIGLE,2.0,2.0
2022-08-25,SPECIAL BREAD,12.0,2.6
2022-08-25,TARTELETTE,10.0,2.2
2022-08-25,TRADITIONAL BAGUETTE,273.0,1.3
2022-08-26,BAGUETTE,37.0,1.0
2022-08-26,BANETTE,43.0,1.15
2022-08-26,BANETTINE,7.0,0.6999999999999998
2022-08-26,BOISSON 33CL,4.0,1.5
2022-08-26,BOULE 200G,7.0,1.2
2022-08-26,BOULE 400G,9.0,1.7
2022-08-26,BRIOCHE,3.0,6.0
2022-08-26,CAMPAGNE,6.0,2.0
2022-08-26,CEREAL BAGUETTE,11.0,1.35
2022-08-26,CHAUSSON AUX POMMES,6.0,1.6
2022-08-26,COMPLET,4.0,1.8999999999999997
2022-08-26,COOKIE,11.0,1.15
2022-08-26,COUPE,34.0,0.15
2022-08-26,CROISSANT,52.0,1.2
2022-08-26,CROISSANT AMANDES,8.0,1.6000000000000003
2022-08-26,ECLAIR,3.0,2.2
2022-08-26,FICELLE,7.0,0.7
2022-08-26,FINANCIER X5,1.0,4.0
2022-08-26,FORMULE SANDWICH,17.0,7.0
2022-08-26,KOUIGN AMANN,5.0,2.3
2022-08-26,MOISSON,8.0,2.2
2022-08-26,PAIN,3.0,1.3
2022-08-26,PAIN AU CHOCOLAT,57.0,1.3
2022-08-26,PAIN AUX RAISINS,6.0,1.6
2022-08-26,PAIN BANETTE,7.0,1.6
2022-08-26,PAIN CHOCO AMANDES,6.0,1.7
2022-08-26,QUIM BREAD,8.0,1.2
2022-08-26,SAND JB EMMENTAL,7.0,4.0
2022-08-26,SANDWICH COMPLET,5.0,5.0
2022-08-26,SEIGLE,1.0,2.0
2022-08-26,SPECIAL BREAD,7.0,2.6
2022-08-26,TARTELETTE,3.0,2.2
2022-08-26,TRADITIONAL BAGUETTE,221.0,1.3
2022-08-27,BAGUETTE,43.0,1.0
2022-08-27,BANETTE,51.0,1.15
2022-08-27,BANETTINE,7.0,0.6999999999999998
2022-08-27,BOISSON 33CL,4.0,1.5
2022-08-27,BOULE 200G,9.0,1.2
2022-08-27,BOULE 400G,10.0,1.7
2022-08-27,BRIOCHE,4.0,6.0
2022-08-27,CAFE OU EAU,2.0,1.0
2022-08-27,CAMPAGNE,6.0,2.0
2022-08-27,CEREAL BAGUETTE,12.0,1.3500000000000003
2022-08-27,CHAUSSON AUX POMMES,9.0,1.6000000000000003
2022-08-27,COMPLET,6.0,1.8999999999999997
2022-08-27,COOKIE,7.0,1.15
2022-08-27,COUPE,47.0,0.15
2022-08-27,CROISSANT,49.0,1.2
2022-08-27,CROISSANT AMANDES,7.0,1.6
2022-08-27,DEMI BAGUETTE,4.0,0.5
2022-08-27,ECLAIR,7.0,2.2
2022-08-27,FICELLE,11.0,0.7
2022-08-27,FINANCIER X5,1.0,4.0
2022-08-27,FORMULE SANDWICH,1.0,7.0
2022-08-27,KOUIGN AMANN,3.0,2.3
2022-08-27,MOISSON,4.0,2.2
2022-08-27,PAIN,5.0,1.3
2022-08-27,PAIN AU CHOCOLAT,59.0,1.3000000000000003
2022-08-27,PAIN AUX RAISINS,3.0,1.6
2022-08-27,PAIN BANETTE,8.0,1.6
2022-08-27,PAIN CHOCO AMANDES,4.0,1.7
2022-08-27,QUIM BREAD,3.0,1.2
2022-08-27,SAND JB EMMENTAL,4.0,4.0
2022-08-27,SANDWICH COMPLET,11.0,5.0
2022-08-27,SEIGLE,4.0,2.0
2022-08-27,SPECIAL BREAD,8.0,2.6
2022-08-27,TARTELETTE,12.0,2.2
2022-08-27,TRADITIONAL BAGUETTE,289.0,1.3
2022-08-28,BAGUETTE,46.0,1.0
2022-08-28,BANETTE,48.0,1.15
2022-08-28,BANETTINE,6.0,0.6999999999999998
2022-08-28,BOISSON 33CL,5.0,1.5
2022-08-28,BOULE 200G,12.0,1.2
2022-08-28,BOULE 400G,10.0,1.7
2022-08-28,BRIOCHE,7.0,6.0
2022-08-28,CAFE OU EAU,6.0,1.0
2022-08-28,CAMPAGNE,9.0,2.0
2022-08-28,CEREAL BAGUETTE,20.0,1.35
2022-08-28,CHAUSSON AUX POMMES,7.0,1.6
2022-08-28,COMPLET,10.0,1.8999999999999997
2022-08-28,COOKIE,12.0,1.15
2022-08-28,COUPE,55.0,0.15
2022-08-28,CROISSANT,130.0,1.2
2022-08-28,CROISSANT AMANDES,4.0,1.6000000000000003
2022-08-28,DEMI BAGUETTE,6.0,0.5
2022-08-28,ECLAIR,17.0,2.2
2022-08-28,FICELLE,10.0,0.7
2022-08-28,FINANCIER X5,6.0,4.0
2022-08-28,FORMULE SANDWICH,14.0,7.0
2022-08-28,KOUIGN AMANN,12.0,2.3
2022-08-28,MOISSON,10.0,2.2
2022-08-28,PAIN,6.0,1.3
2022-08-28,PAIN AU CHOCOLAT,76.0,1.3
2022-08-28,PAIN AUX RAISINS,8.0,1.6
2022-08-28,PAIN BANETTE,8.0,1.6
2022-08-28,QUIM BREAD,7.0,1.2
2022-08-28,SAND JB EMMENTAL,8.0,4.0
2022-08-28,SANDWICH COMPLET,5.0,5.0
2022-08-28,SEIGLE,5.0,2.0
2022-08-28,SPECIAL BREAD,12.0,2.6
2022-08-28,TARTELETTE,12.0,2.2
2022-08-28,TRADITIONAL BAGUETTE,367.0,1.3000000000000003
2022-08-29,BAGUETTE,39.0,1.0
2022-08-29,BANETTE,50.0,1.15
2022-08-29,BANETTINE,6.0,0.6999999999999998
2022-08-29,BOISSON 33CL,2.0,1.5
2022-08-29,BOULE 200G,8.0,1.2
2022-08-29,BOULE 400G,8.0,1.7
2022-08-29,BRIOCHE,1.0,6.0
2022-08-29,CAFE OU EAU,2.0,1.0
2022-08-29,CAMPAGNE,5.0,2.0
2022-08-29,CEREAL BAGUETTE,10.0,1.35
2022-08-29,CHAUSSON AUX POMMES,2.0,1.6
2022-08-29,COMPLET,6.0,1.8999999999999997
2022-08-29,COOKIE,5.0,1.15
2022-08-29,COUPE,35.0,0.15
2022-08-29,CROISSANT,47.0,1.2
2022-08-29,CROISSANT AMANDES,7.0,1.6
2022-08-29,DEMI BAGUETTE,3.0,0.5
2022-08-29,ECLAIR,6.0,2.2
2022-08-29,FICELLE,6.0,0.7
2022-08-29,FINANCIER X5,2.0,4.0
2022-08-29,FORMULE SANDWICH,9.0,7.0
2022-08-29,KOUIGN AMANN,9.0,2.3
2022-08-29,MOISSON,6.0,2.2
2022-08-29,PAIN,2.0,1.3
2022-08-29,PAIN AU CHOCOLAT,38.0,1.3
2022-08-29,PAIN AUX RAISINS,5.0,1.6000000000000003
2022-08-29,PAIN BANETTE,5.0,1.6
2022-08-29,PAIN CHOCO AMANDES,6.0,1.7
2022-08-29,SAND JB EMMENTAL,5.0,4.0
2022-08-29,SANDWICH COMPLET,6.0,5.0
2022-08-29,SEIGLE,2.0,2.0
2022-08-29,SPECIAL BREAD,8.0,2.6
2022-08-29,TARTELETTE,3.0,2.2
2022-08-29,TRADITIONAL BAGUETTE,195.0,1.3
2022-08-30,BAGUETTE,35.0,1.0
2022-08-30,BANETTE,39.0,1.15
2022-08-30,BANETTINE,6.0,0.7
2022-08-30,BOISSON 33CL,9.0,1.5
2022-08-30,BOULE 200G,8.0,1.2
2022-08-30,BOULE 400G,8.0,1.7
2022-08-30,CAFE OU EAU,10.0,1.0
2022-08-30,CAMPAGNE,6.0,2.0
2022-08-30,CEREAL BAGUETTE,10.0,1.35
2022-08-30,COMPLET,6.0,1.8999999999999997
2022-08-30,COOKIE,8.0,1.15
2022-08-30,COUPE,30.0,0.15
2022-08-30,CROISSANT,38.0,1.2
2022-08-30,CROISSANT AMANDES,9.0,1.6000000000000003
2022-08-30,DEMI BAGUETTE,5.0,0.5
2022-08-30,ECLAIR,1.0,2.2
2022-08-30,FICELLE,3.0,0.6999999999999998
2022-08-30,FINANCIER X5,2.0,4.0
2022-08-30,FORMULE SANDWICH,16.0,7.0
2022-08-30,KOUIGN AMANN,8.0,2.3
2022-08-30,MOISSON,6.0,2.2
2022-08-30,PAIN,2.0,1.3
2022-08-30,PAIN AU CHOCOLAT,37.0,1.3
2022-08-30,PAIN AUX RAISINS,3.0,1.6
2022-08-30,PAIN BANETTE,6.0,1.6000000000000003
2022-08-30,PAIN CHOCO AMANDES,6.0,1.7
2022-08-30,QUIM BREAD,7.0,1.2
2022-08-30,SAND JB EMMENTAL,7.0,4.0
2022-08-30,SANDWICH COMPLET,12.0,5.0
2022-08-30,SEIGLE,2.0,2.0
2022-08-30,SPECIAL BREAD,8.0,2.6
2022-08-30,TARTELETTE,9.0,2.2
2022-08-30,TRADITIONAL BAGUETTE,183.0,1.3
2022-08-31,BAGUETTE,16.0,1.0
2022-08-31,BANETTE,29.0,1.15
2022-08-31,BANETTINE,5.0,0.7
2022-08-31,BOISSON 33CL,3.0,1.5
2022-08-31,BOULE 200G,6.0,1.2
2022-08-31,BOULE 400G,2.0,1.7
2022-08-31,BRIOCHE,1.0,6.0
2022-08-31,CAFE OU EAU,1.0,1.0
2022-08-31,CAMPAGNE,5.0,2.0
2022-08-31,CEREAL BAGUETTE,1.0,1.35
2022-08-31,CHAUSSON AUX POMMES,1.0,1.6
2022-08-31,COMPLET,5.0,1.9
2022-08-31,COOKIE,10.0,1.15
2022-08-31,COUPE,18.0,0.15
2022-08-31,CROISSANT,34.0,1.2
2022-08-31,CROISSANT AMANDES,2.0,1.6
2022-08-31,DEMI BAGUETTE,4.0,0.5
2022-08-31,ECLAIR,2.0,2.2
2022-08-31,FICELLE,1.0,0.7
2022-08-31,FINANCIER X5,3.0,4.0
2022-08-31,FORMULE SANDWICH,10.0,7.0
2022-08-31,KOUIGN AMANN,6.0,2.3
2022-08-31,MOISSON,3.0,2.2
2022-08-31,PAIN,3.0,1.3
2022-08-31,PAIN AU CHOCOLAT,43.0,1.3
2022-08-31,PAIN BANETTE,5.0,1.6
2022-08-31,QUIM BREAD,2.0,1.2
2022-08-31,SAND JB EMMENTAL,2.0,4.0
2022-08-31,SANDWICH COMPLET,6.0,5.0
2022-08-31,SEIGLE,2.0,2.0
2022-08-31,SPECIAL BREAD,3.0,2.6
2022-08-31,TARTELETTE,1.0,2.2
2022-08-31,TRADITIONAL BAGUETTE,155.0,1.3
2022-09-02,BAGUETTE,34.0,1.0
2022-09-02,BANETTE,28.0,1.15
2022-09-02,BANETTINE,6.0,0.7
2022-09-02,BOULE 200G,5.0,1.2
2022-09-02,BOULE 400G,9.0,1.7
2022-09-02,BRIOCHE,1.0,6.0
2022-09-02,CAFE OU EAU,5.0,1.0
2022-09-02,CAMPAGNE,5.0,2.0
2022-09-02,CEREAL BAGUETTE,10.0,1.35
2022-09-02,CHAUSSON AUX POMMES,3.0,1.6
2022-09-02,COMPLET,7.0,1.9
2022-09-02,COOKIE,13.0,1.15
2022-09-02,COUPE,26.0,0.15
2022-09-02,CROISSANT,31.0,1.2
2022-09-02,CROISSANT AMANDES,5.0,1.6000000000000003
2022-09-02,DEMI BAGUETTE,2.0,0.5
2022-09-02,ECLAIR,3.0,2.2
2022-09-02,FICELLE,7.0,0.6999999999999998
2022-09-02,FINANCIER X5,2.0,4.0
2022-09-02,FORMULE SANDWICH,14.0,7.0
2022-09-02,KOUIGN AMANN,2.0,2.3
2022-09-02,MOISSON,6.0,2.2
2022-09-02,PAIN AU CHOCOLAT,26.0,1.3
2022-09-02,PAIN AUX RAISINS,5.0,1.6
2022-09-02,PAIN BANETTE,6.0,1.6000000000000003
2022-09-02,PAIN CHOCO AMANDES,2.0,1.7
2022-09-02,QUIM BREAD,4.0,1.2
2022-09-02,SAND JB EMMENTAL,2.0,4.0
2022-09-02,SANDWICH COMPLET,3.0,5.0
2022-09-02,SEIGLE,2.0,2.0
2022-09-02,SPECIAL BREAD,7.0,2.6
2022-09-02,TARTELETTE,7.0,2.2
2022-09-02,TRADITIONAL BAGUETTE,129.0,1.3
2022-09-03,BAGUETTE,38.0,1.0
2022-09-03,BANETTE,43.0,1.15
2022-09-03,BANETTINE,5.0,0.7
2022-09-03,BOISSON 33CL,4.0,1.5
2022-09-03,BOULE 200G,8.0,1.2
2022-09-03,BOULE 400G,6.0,1.7
2022-09-03,BRIOCHE,3.0,6.0
2022-09-03,CAMPAGNE,7.0,2.0
2022-09-03,CEREAL BAGUETTE,8.0,1.35
2022-09-03,CHAUSSON AUX POMMES,2.0,1.6
2022-09-03,COMPLET,8.0,1.9
2022-09-03,COOKIE,4.0,1.15
2022-09-03,COUPE,45.0,0.15
2022-09-03,CROISSANT,48.0,1.2
2022-09-03,CROISSANT AMANDES,5.0,1.6
2022-09-03,DEMI BAGUETTE,2.0,0.5
2022-09-03,ECLAIR,6.0,2.2
2022-09-03,FICELLE,4.0,0.7
2022-09-03,FINANCIER X5,1.0,4.0
2022-09-03,FORMULE SANDWICH,6.0,7.0
2022-09-03,KOUIGN AMANN,3.0,2.3
2022-09-03,MOISSON,7.0,2.2
2022-09-03,PAIN,2.0,1.3
2022-09-03,PAIN AU CHOCOLAT,30.0,1.3
2022-09-03,PAIN AUX RAISINS,4.0,1.6000000000000003
2022-09-03,PAIN BANETTE,6.0,1.6
2022-09-03,PAIN CHOCO AMANDES,1.0,1.7
2022-09-03,QUIM BREAD,10.0,1.2
2022-09-03,SAND JB EMMENTAL,4.0,4.0
2022-09-03,SANDWICH COMPLET,3.0,5.0
2022-09-03,SEIGLE,2.0,2.0
2022-09-03,SPECIAL BREAD,8.0,2.6
2022-09-03,TARTELETTE,6.0,2.2
2022-09-03,TRADITIONAL BAGUETTE,214.0,1.3
2022-09-04,BAGUETTE,43.0,1.0
2022-09-04,BANETTE,45.0,1.15
2022-09-04,BANETTINE,6.0,0.7
2022-09-04,BOISSON 33CL,1.0,1.5
2022-09-04,BOULE 200G,7.0,1.2
2022-09-04,BOULE 400G,7.0,1.7
2022-09-04,BRIOCHE,3.0,6.0
2022-09-04,CAFE OU EAU,2.0,1.0
2022-09-04,CAMPAGNE,10.0,2.0
2022-09-04,CEREAL BAGUETTE,10.0,1.35
2022-09-04,CHAUSSON AUX POMMES,8.0,1.6
2022-09-04,COMPLET,8.0,1.9
2022-09-04,COOKIE,10.0,1.15
2022-09-04,COUPE,45.0,0.15
2022-09-04,CROISSANT,76.0,1.2
2022-09-04,CROISSANT AMANDES,6.0,1.6
2022-09-04,DEMI BAGUETTE,3.0,0.5
2022-09-04,ECLAIR,10.0,2.2
2022-09-04,FICELLE,6.0,0.7
2022-09-04,FINANCIER X5,1.0,4.0
2022-09-04,FORMULE SANDWICH,3.0,7.0
2022-09-04,KOUIGN AMANN,11.0,2.3
2022-09-04,MOISSON,8.0,2.2
2022-09-04,PAIN,1.0,1.3
2022-09-04,PAIN AU CHOCOLAT,39.0,1.3
2022-09-04,PAIN AUX RAISINS,6.0,1.6000000000000003
2022-09-04,PAIN BANETTE,4.0,1.6
2022-09-04,PAIN CHOCO AMANDES,6.0,1.7
2022-09-04,QUIM BREAD,5.0,1.2
2022-09-04,SAND JB EMMENTAL,5.0,4.0
2022-09-04,SANDWICH COMPLET,3.0,5.0
2022-09-04,SEIGLE,2.0,2.0
2022-09-04,SPECIAL BREAD,8.0,2.6
2022-09-04,TARTELETTE,8.0,2.2
2022-09-04,TRADITIONAL BAGUETTE,258.0,1.3
2022-09-05,BAGUETTE,21.0,1.0
2022-09-05,BANETTE,30.0,1.15
2022-09-05,BANETTINE,7.0,0.7
2022-09-05,BOULE 200G,7.0,1.2
2022-09-05,BOULE 400G,5.0,1.7
2022-09-05,BRIOCHE,2.0,6.0
2022-09-05,CAMPAGNE,4.0,2.0
2022-09-05,CEREAL BAGUETTE,8.0,1.35
2022-09-05,CHAUSSON AUX POMMES,6.0,1.6
2022-09-05,COMPLET,5.0,1.9
2022-09-05,COOKIE,4.0,1.15
2022-09-05,COUPE,20.0,0.15
2022-09-05,CROISSANT,48.0,1.2
2022-09-05,CROISSANT AMANDES,8.0,1.6
2022-09-05,DEMI BAGUETTE,2.0,0.5
2022-09-05,ECLAIR,6.0,2.2
2022-09-05,FICELLE,2.0,0.7
2022-09-05,FORMULE SANDWICH,12.0,7.0
2022-09-05,KOUIGN AMANN,2.0,2.3
2022-09-05,MOISSON,3.0,2.2
2022-09-05,PAIN,1.0,1.3
2022-09-05,PAIN AU CHOCOLAT,45.0,1.3
2022-09-05,PAIN AUX RAISINS,5.0,1.6000000000000003
2022-09-05,PAIN BANETTE,6.0,1.6000000000000003
2022-09-05,SAND JB EMMENTAL,6.0,4.0
2022-09-05,SANDWICH COMPLET,8.0,5.0
2022-09-05,SPECIAL BREAD,8.0,2.6
2022-09-05,TARTELETTE,6.0,2.2
2022-09-05,TRADITIONAL BAGUETTE,157.0,1.3
2022-09-06,BAGUETTE,19.0,1.0
2022-09-06,BANETTE,30.0,1.15
2022-09-06,BANETTINE,3.0,0.6999999999999998
2022-09-06,BOISSON 33CL,1.0,1.5
2022-09-06,BOULE 200G,8.0,1.2
2022-09-06,BOULE 400G,4.0,1.7
2022-09-06,BRIOCHE,1.0,6.0
2022-09-06,CAFE OU EAU,3.0,1.0
2022-09-06,CAMPAGNE,5.0,2.0
2022-09-06,CEREAL BAGUETTE,8.0,1.35
2022-09-06,COMPLET,3.0,1.8999999999999997
2022-09-06,COOKIE,6.0,1.15
2022-09-06,COUPE,30.0,0.15
2022-09-06,CROISSANT,17.0,1.2
2022-09-06,CROISSANT AMANDES,3.0,1.6000000000000003
2022-09-06,DEMI BAGUETTE,3.0,0.5
2022-09-06,ECLAIR,1.0,2.2
2022-09-06,FICELLE,4.0,0.7
2022-09-06,FINANCIER X5,1.0,4.0
2022-09-06,FORMULE SANDWICH,5.0,7.0
2022-09-06,KOUIGN AMANN,1.0,2.3
2022-09-06,MOISSON,8.0,2.2
2022-09-06,PAIN,1.0,1.3
2022-09-06,PAIN AU CHOCOLAT,16.0,1.3
2022-09-06,PAIN AUX RAISINS,3.0,1.6000000000000003
2022-09-06,PAIN BANETTE,5.0,1.6
2022-09-06,PAIN CHOCO AMANDES,2.0,1.7
2022-09-06,QUIM BREAD,5.0,1.2
2022-09-06,SAND JB EMMENTAL,2.0,4.0
2022-09-06,SANDWICH COMPLET,6.0,5.0
2022-09-06,SEIGLE,2.0,2.0
2022-09-06,SPECIAL BREAD,4.0,2.6
2022-09-06,TARTELETTE,9.0,2.2
2022-09-06,TRADITIONAL BAGUETTE,105.0,1.3
2022-09-07,BAGUETTE,18.0,1.0
2022-09-07,BANETTE,14.0,1.15
2022-09-07,BANETTINE,3.0,0.6999999999999998
2022-09-07,BOISSON 33CL,5.0,1.5
2022-09-07,BOULE 200G,6.0,1.2
2022-09-07,BOULE 400G,5.0,1.7
2022-09-07,BRIOCHE,3.0,6.0
2022-09-07,CAFE OU EAU,4.0,1.0
2022-09-07,CAMPAGNE,4.0,2.0
2022-09-07,CEREAL BAGUETTE,7.0,1.35
2022-09-07,CHAUSSON AUX POMMES,4.0,1.6
2022-09-07,COMPLET,4.0,1.9
2022-09-07,COOKIE,4.0,1.15
2022-09-07,COUPE,24.0,0.15
2022-09-07,CROISSANT,19.0,1.2
2022-09-07,CROISSANT AMANDES,2.0,1.6
2022-09-07,DEMI BAGUETTE,1.0,0.5
2022-09-07,FICELLE,2.0,0.7
2022-09-07,FORMULE SANDWICH,10.0,7.0
2022-09-07,MOISSON,6.0,2.2
2022-09-07,PAIN,3.0,1.3
2022-09-07,PAIN AU CHOCOLAT,31.0,1.3
2022-09-07,PAIN AUX RAISINS,4.0,1.6000000000000003
2022-09-07,PAIN BANETTE,4.0,1.6
2022-09-07,PAIN CHOCO AMANDES,1.0,1.7
2022-09-07,QUIM BREAD,3.0,1.2
2022-09-07,SAND JB EMMENTAL,1.0,4.0
2022-09-07,SANDWICH COMPLET,1.0,5.0
2022-09-07,SEIGLE,2.0,2.0
2022-09-07,SPECIAL BREAD,5.0,2.6
2022-09-07,TARTELETTE,7.0,2.2
2022-09-07,TRADITIONAL BAGUETTE,123.0,1.3
2022-09-08,BAGUETTE,20.0,1.0
2022-09-08,BANETTE,28.0,1.15
2022-09-08,BANETTINE,3.0,0.6999999999999998
2022-09-08,BOISSON 33CL,3.0,1.5
2022-09-08,BOULE 200G,5.0,1.2
2022-09-08,BOULE 400G,5.0,1.7
2022-09-08,CAFE OU EAU,1.0,1.0
2022-09-08,CAMPAGNE,5.0,2.0
2022-09-08,CEREAL BAGUETTE,4.0,1.3500000000000003
2022-09-08,CHAUSSON AUX POMMES,1.0,1.6
2022-09-08,COMPLET,5.0,1.9
2022-09-08,COOKIE,9.0,1.15
2022-09-08,COUPE,20.0,0.15
2022-09-08,CROISSANT,25.0,1.2
2022-09-08,CROISSANT AMANDES,4.0,1.6000000000000003
2022-09-08,DEMI BAGUETTE,3.0,0.5
2022-09-08,ECLAIR,5.0,2.2
2022-09-08,FICELLE,6.0,0.7
2022-09-08,FORMULE SANDWICH,10.0,7.0
2022-09-08,KOUIGN AMANN,8.0,2.3
2022-09-08,MOISSON,2.0,2.2
2022-09-08,PAIN,5.0,1.3
2022-09-08,PAIN AU CHOCOLAT,27.0,1.3
2022-09-08,PAIN AUX RAISINS,3.0,1.6
2022-09-08,PAIN BANETTE,4.0,1.6
2022-09-08,QUIM BREAD,1.0,1.2
2022-09-08,SAND JB EMMENTAL,2.0,4.0
2022-09-08,SANDWICH COMPLET,1.0,5.0
2022-09-08,SEIGLE,2.0,2.0
2022-09-08,SPECIAL BREAD,4.0,2.6
2022-09-08,TARTELETTE,4.0,2.2
2022-09-08,TRADITIONAL BAGUETTE,115.0,1.3
2022-09-09,BAGUETTE,25.0,1.0
2022-09-09,BANETTE,25.0,1.15
2022-09-09,BANETTINE,6.0,0.7
2022-09-09,BOULE 200G,6.0,1.2
2022-09-09,BOULE 400G,6.0,1.7
2022-09-09,BRIOCHE,3.0,6.0
2022-09-09,CAFE OU EAU,1.0,1.0
2022-09-09,CAMPAGNE,3.0,2.0
2022-09-09,CEREAL BAGUETTE,8.0,1.3500000000000003
2022-09-09,CHAUSSON AUX POMMES,1.0,1.6
2022-09-09,COMPLET,3.0,1.8999999999999997
2022-09-09,COOKIE,1.0,1.15
2022-09-09,COUPE,27.0,0.15
2022-09-09,CROISSANT,37.0,1.2
2022-09-09,CROISSANT AMANDES,6.0,1.6
2022-09-09,DEMI BAGUETTE,1.0,0.5
2022-09-09,ECLAIR,1.0,2.2
2022-09-09,FICELLE,5.0,0.7
2022-09-09,FINANCIER X5,5.0,4.0
2022-09-09,FORMULE SANDWICH,4.0,7.0
2022-09-09,KOUIGN AMANN,4.0,2.3
2022-09-09,MOISSON,2.0,2.2
2022-09-09,PAIN AU CHOCOLAT,40.0,1.3
2022-09-09,PAIN AUX RAISINS,4.0,1.6
2022-09-09,PAIN BANETTE,6.0,1.6000000000000003
2022-09-09,PAIN CHOCO AMANDES,5.0,1.7
2022-09-09,QUIM BREAD,7.0,1.2
2022-09-09,SAND JB EMMENTAL,2.0,4.0
2022-09-09,SANDWICH COMPLET,3.0,5.0
2022-09-09,SEIGLE,2.0,2.0
2022-09-09,SPECIAL BREAD,6.0,2.6
2022-09-09,TARTELETTE,10.0,2.2
2022-09-09,TRADITIONAL BAGUETTE,134.0,1.3
2022-09-10,BAGUETTE,31.0,1.0
2022-09-10,BANETTE,40.0,1.15
2022-09-10,BANETTINE,6.0,0.6999999999999998
2022-09-10,BOULE 200G,8.0,1.2
2022-09-10,BOULE 400G,5.0,1.7
2022-09-10,BRIOCHE,2.0,6.0
2022-09-10,CAMPAGNE,10.0,2.0
2022-09-10,CEREAL BAGUETTE,9.0,1.3500000000000003
2022-09-10,CHAUSSON AUX POMMES,4.0,1.6000000000000003
2022-09-10,COMPLET,6.0,1.8999999999999997
2022-09-10,COOKIE,7.0,1.15
2022-09-10,COUPE,47.0,0.15
2022-09-10,CROISSANT,53.0,1.2
2022-09-10,DEMI BAGUETTE,4.0,0.5
2022-09-10,ECLAIR,6.0,2.2
2022-09-10,FICELLE,10.0,0.6999999999999998
2022-09-10,FINANCIER X5,2.0,4.0
2022-09-10,FORMULE SANDWICH,6.0,7.0
2022-09-10,KOUIGN AMANN,10.0,2.3
2022-09-10,MOISSON,6.0,2.2
2022-09-10,PAIN,2.0,1.3
2022-09-10,PAIN AU CHOCOLAT,40.0,1.3
2022-09-10,PAIN AUX RAISINS,5.0,1.6000000000000003
2022-09-10,PAIN BANETTE,5.0,1.6
2022-09-10,PAIN CHOCO AMANDES,3.0,1.7
2022-09-10,QUIM BREAD,4.0,1.2
2022-09-10,SAND JB EMMENTAL,2.0,4.0
2022-09-10,SEIGLE,2.0,2.0
2022-09-10,SPECIAL BREAD,18.0,2.6
2022-09-10,TARTELETTE,4.0,2.2
2022-09-10,TRADITIONAL BAGUETTE,181.0,1.3
2022-09-11,BAGUETTE,41.0,1.0
2022-09-11,BANETTE,38.0,1.15
2022-09-11,BANETTINE,6.0,0.6999999999999998
2022-09-11,BOISSON 33CL,1.0,1.5
2022-09-11,BOULE 200G,9.0,1.2
2022-09-11,BOULE 400G,10.0,1.7
2022-09-11,BRIOCHE,5.0,6.0
2022-09-11,CAMPAGNE,10.0,2.0
2022-09-11,CEREAL BAGUETTE,8.0,1.3500000000000003
2022-09-11,CHAUSSON AUX POMMES,6.0,1.6000000000000003
2022-09-11,COMPLET,6.0,1.8999999999999997
2022-09-11,COOKIE,2.0,1.15
2022-09-11,COUPE,48.0,0.15
2022-09-11,CROISSANT,113.0,1.2
2022-09-11,CROISSANT AMANDES,5.0,1.6
2022-09-11,DEMI BAGUETTE,4.0,0.5
2022-09-11,ECLAIR,26.0,2.2
2022-09-11,FICELLE,10.0,0.7
2022-09-11,FINANCIER X5,1.0,4.0
2022-09-11,FORMULE SANDWICH,2.0,7.0
2022-09-11,KOUIGN AMANN,14.0,2.3
2022-09-11,MOISSON,6.0,2.2
2022-09-11,PAIN,6.0,1.3
2022-09-11,PAIN AU CHOCOLAT,92.0,1.3000000000000003
2022-09-11,PAIN AUX RAISINS,7.0,1.6
2022-09-11,PAIN BANETTE,6.0,1.6
2022-09-11,PAIN CHOCO AMANDES,4.0,1.7
2022-09-11,QUIM BREAD,7.0,1.2
2022-09-11,SAND JB EMMENTAL,3.0,4.0
2022-09-11,SANDWICH COMPLET,6.0,5.0
2022-09-11,SEIGLE,2.0,2.0
2022-09-11,SPECIAL BREAD,12.0,2.6
2022-09-11,TARTELETTE,14.0,2.2
2022-09-11,TRADITIONAL BAGUETTE,292.0,1.3
2022-09-12,BAGUETTE,26.0,1.0
2022-09-12,BANETTE,30.0,1.15
2022-09-12,BANETTINE,4.0,0.7
2022-09-12,BOISSON 33CL,1.0,1.5
2022-09-12,BOULE 200G,4.0,1.2
2022-09-12,BOULE 400G,10.0,1.7
2022-09-12,BRIOCHE,1.0,6.0
2022-09-12,CAFE OU EAU,1.0,1.0
2022-09-12,CAMPAGNE,8.0,2.0
2022-09-12,CEREAL BAGUETTE,8.0,1.35
2022-09-12,CHAUSSON AUX POMMES,5.0,1.6
2022-09-12,COMPLET,3.0,1.9
2022-09-12,COOKIE,2.0,1.15
2022-09-12,COUPE,27.0,0.15
2022-09-12,CROISSANT,28.0,1.2
2022-09-12,CROISSANT AMANDES,8.0,1.6000000000000003
2022-09-12,DEMI BAGUETTE,4.0,0.5
2022-09-12,FICELLE,5.0,0.7
2022-09-12,FINANCIER X5,3.0,4.0
2022-09-12,FORMULE SANDWICH,10.0,7.0
2022-09-12,KOUIGN AMANN,3.0,2.3
2022-09-12,MOISSON,6.0,2.2
2022-09-12,PAIN,3.0,1.3
2022-09-12,PAIN AU CHOCOLAT,18.0,1.3
2022-09-12,PAIN AUX RAISINS,4.0,1.6000000000000003
2022-09-12,PAIN BANETTE,5.0,1.6
2022-09-12,PAIN CHOCO AMANDES,8.0,1.7
2022-09-12,QUIM BREAD,1.0,1.2
2022-09-12,SAND JB EMMENTAL,4.0,4.0
2022-09-12,SANDWICH COMPLET,2.0,5.0
2022-09-12,SEIGLE,2.0,2.0
2022-09-12,SPECIAL BREAD,10.0,2.6
2022-09-12,TARTELETTE,8.0,2.2
2022-09-12,TRADITIONAL BAGUETTE,160.0,1.3000000000000003
2022-09-13,BAGUETTE,27.0,1.0
2022-09-13,BANETTE,17.0,1.15
2022-09-13,BANETTINE,3.0,0.6999999999999998
2022-09-13,BOISSON 33CL,2.0,1.5
2022-09-13,BOULE 200G,6.0,1.2
2022-09-13,BOULE 400G,2.0,1.7
2022-09-13,BRIOCHE,1.0,6.0
2022-09-13,CAFE OU EAU,4.0,1.0
2022-09-13,CAMPAGNE,5.0,2.0
2022-09-13,CEREAL BAGUETTE,9.0,1.3500000000000003
2022-09-13,CHAUSSON AUX POMMES,3.0,1.6000000000000003
2022-09-13,COMPLET,6.0,1.9
2022-09-13,COOKIE,2.0,1.15
2022-09-13,COUPE,23.0,0.15
2022-09-13,CROISSANT,18.0,1.2
2022-09-13,CROISSANT AMANDES,3.0,1.6
2022-09-13,DEMI BAGUETTE,1.0,0.5
2022-09-13,FICELLE,3.0,0.7
2022-09-13,FINANCIER X5,1.0,4.0
2022-09-13,FORMULE SANDWICH,6.0,7.0
2022-09-13,MOISSON,5.0,2.2
2022-09-13,PAIN,3.0,1.3
2022-09-13,PAIN AU CHOCOLAT,26.0,1.3
2022-09-13,PAIN AUX RAISINS,3.0,1.6
2022-09-13,PAIN BANETTE,5.0,1.6
2022-09-13,PAIN CHOCO AMANDES,2.0,1.7
2022-09-13,SAND JB EMMENTAL,6.0,4.0
2022-09-13,SANDWICH COMPLET,6.0,5.0
2022-09-13,SPECIAL BREAD,4.0,2.6
2022-09-13,TARTELETTE,1.0,2.2
2022-09-13,TRADITIONAL BAGUETTE,106.0,1.3
2022-09-14,BAGUETTE,22.0,1.0
2022-09-14,BANETTE,20.0,1.15
2022-09-14,BANETTINE,5.0,0.7
2022-09-14,BOISSON 33CL,2.0,1.5
2022-09-14,BOULE 200G,7.0,1.2
2022-09-14,BOULE 400G,8.0,1.7
2022-09-14,BRIOCHE,2.0,6.0
2022-09-14,CAFE OU EAU,2.0,1.0
2022-09-14,CAMPAGNE,5.0,2.0
2022-09-14,CEREAL BAGUETTE,6.0,1.35
2022-09-14,COMPLET,3.0,1.8999999999999997
2022-09-14,COOKIE,1.0,1.15
2022-09-14,COUPE,27.0,0.15
2022-09-14,CROISSANT,21.0,1.2
2022-09-14,DEMI BAGUETTE,4.0,0.5
2022-09-14,ECLAIR,2.0,2.2
2022-09-14,FICELLE,5.0,0.7
2022-09-14,FORMULE SANDWICH,12.0,7.0
2022-09-14,KOUIGN AMANN,4.0,2.3
2022-09-14,MOISSON,3.0,2.2
2022-09-14,PAIN,2.0,1.3
2022-09-14,PAIN AU CHOCOLAT,20.0,1.3
2022-09-14,PAIN AUX RAISINS,3.0,1.6000000000000003
2022-09-14,PAIN BANETTE,5.0,1.6
2022-09-14,PAIN CHOCO AMANDES,1.0,1.7
2022-09-14,QUIM BREAD,4.0,1.2
2022-09-14,SAND JB EMMENTAL,1.0,4.0
2022-09-14,SANDWICH COMPLET,4.0,5.0
2022-09-14,SPECIAL BREAD,7.0,2.6
2022-09-14,TARTELETTE,4.0,2.2
2022-09-14,TRADITIONAL BAGUETTE,119.0,1.3
2022-09-15,BAGUETTE,26.0,1.0
2022-09-15,BANETTE,24.0,1.15
2022-09-15,BANETTINE,1.0,0.7
2022-09-15,BOISSON 33CL,8.0,1.5
2022-09-15,BOULE 200G,5.0,1.2
2022-09-15,BOULE 400G,7.0,1.7
2022-09-15,CAMPAGNE,5.0,2.0
2022-09-15,CEREAL BAGUETTE,4.0,1.3500000000000003
2022-09-15,CHAUSSON AUX POMMES,3.0,1.6000000000000003
2022-09-15,COMPLET,6.0,1.8999999999999997
2022-09-15,COOKIE,6.0,1.15
2022-09-15,COUPE,29.0,0.15
2022-09-15,CROISSANT,21.0,1.2
2022-09-15,CROISSANT AMANDES,7.0,1.6
2022-09-15,DEMI BAGUETTE,3.0,0.5
2022-09-15,ECLAIR,2.0,2.2
2022-09-15,FICELLE,1.0,0.7
2022-09-15,FINANCIER X5,1.0,4.0
2022-09-15,FORMULE SANDWICH,6.0,7.0
2022-09-15,KOUIGN AMANN,2.0,2.3
2022-09-15,MOISSON,5.0,2.2
2022-09-15,PAIN AU CHOCOLAT,25.0,1.3
2022-09-15,PAIN AUX RAISINS,3.0,1.6
2022-09-15,PAIN BANETTE,5.0,1.6
2022-09-15,PAIN CHOCO AMANDES,2.0,1.7
2022-09-15,QUIM BREAD,4.0,1.2
2022-09-15,SAND JB EMMENTAL,4.0,4.0
2022-09-15,SANDWICH COMPLET,7.0,5.0
2022-09-15,SEIGLE,2.0,2.0
2022-09-15,SPECIAL BREAD,6.0,2.6
2022-09-15,TARTELETTE,2.0,2.2
2022-09-15,TRADITIONAL BAGUETTE,122.0,1.3
2022-09-16,BAGUETTE,25.0,1.0
2022-09-16,BANETTE,22.0,1.15
2022-09-16,BANETTINE,4.0,0.7
2022-09-16,BOISSON 33CL,4.0,1.5
2022-09-16,BOULE 200G,3.0,1.2
2022-09-16,BOULE 400G,3.0,1.7
2022-09-16,CAFE OU EAU,7.0,1.0
2022-09-16,CAMPAGNE,5.0,2.0
2022-09-16,CEREAL BAGUETTE,5.0,1.35
2022-09-16,CHAUSSON AUX POMMES,4.0,1.6
2022-09-16,COMPLET,5.0,1.9
2022-09-16,COOKIE,2.0,1.15
2022-09-16,COUPE,28.0,0.15
2022-09-16,CROISSANT,28.0,1.2
2022-09-16,CROISSANT AMANDES,4.0,1.6000000000000003
2022-09-16,DEMI BAGUETTE,2.0,0.5
2022-09-16,ECLAIR,8.0,2.2
2022-09-16,FICELLE,1.0,0.7
2022-09-16,FINANCIER X5,1.0,4.0
2022-09-16,FORMULE SANDWICH,10.0,7.0
2022-09-16,KOUIGN AMANN,4.0,2.3
2022-09-16,MOISSON,1.0,2.2
2022-09-16,PAIN,4.0,1.3
2022-09-16,PAIN AU CHOCOLAT,27.0,1.3
2022-09-16,PAIN AUX RAISINS,2.0,1.6
2022-09-16,PAIN BANETTE,3.0,1.6000000000000003
2022-09-16,PAIN CHOCO AMANDES,2.0,1.7
2022-09-16,QUIM BREAD,1.0,1.2
2022-09-16,SAND JB EMMENTAL,3.0,4.0
2022-09-16,SANDWICH COMPLET,5.0,5.0
2022-09-16,SEIGLE,2.0,2.0
2022-09-16,SPECIAL BREAD,7.0,2.6
2022-09-16,TARTELETTE,4.0,2.2
2022-09-16,TRADITIONAL BAGUETTE,131.0,1.3
2022-09-17,BAGUETTE,34.0,1.0
2022-09-17,BANETTE,25.0,1.15
2022-09-17,BANETTINE,5.0,0.7
2022-09-17,BOISSON 33CL,1.0,1.5
2022-09-17,BOULE 200G,2.0,1.2
2022-09-17,BOULE 400G,7.0,1.7
2022-09-17,BRIOCHE,4.0,6.0
2022-09-17,CAFE OU EAU,6.0,1.0
2022-09-17,CAMPAGNE,7.0,2.0
2022-09-17,CEREAL BAGUETTE,5.0,1.35
2022-09-17,CHAUSSON AUX POMMES,4.0,1.6000000000000003
2022-09-17,COMPLET,6.0,1.8999999999999997
2022-09-17,COOKIE,2.0,1.15
2022-09-17,COUPE,48.0,0.15
2022-09-17,CROISSANT,57.0,1.2
2022-09-17,CROISSANT AMANDES,6.0,1.6
2022-09-17,DEMI BAGUETTE,1.0,0.5
2022-09-17,ECLAIR,2.0,2.2
2022-09-17,FICELLE,8.0,0.7
2022-09-17,FINANCIER X5,1.0,4.0
2022-09-17,FORMULE SANDWICH,6.0,7.0
2022-09-17,KOUIGN AMANN,2.0,2.3
2022-09-17,MOISSON,6.0,2.2
2022-09-17,PAIN,3.0,1.3
2022-09-17,PAIN AU CHOCOLAT,36.0,1.3
2022-09-17,PAIN AUX RAISINS,3.0,1.6000000000000003
2022-09-17,PAIN BANETTE,6.0,1.6
2022-09-17,PAIN CHOCO AMANDES,6.0,1.7
2022-09-17,QUIM BREAD,3.0,1.2
2022-09-17,SAND JB EMMENTAL,4.0,4.0
2022-09-17,SANDWICH COMPLET,4.0,5.0
2022-09-17,SEIGLE,2.0,2.0
2022-09-17,SPECIAL BREAD,11.0,2.6
2022-09-17,TARTELETTE,16.0,2.2
2022-09-17,TRADITIONAL BAGUETTE,191.0,1.3
2022-09-18,BAGUETTE,47.0,1.0
2022-09-18,BANETTE,38.0,1.15
2022-09-18,BANETTINE,6.0,0.6999999999999998
2022-09-18,BOULE 200G,8.0,1.2
2022-09-18,BOULE 400G,12.0,1.7
2022-09-18,BRIOCHE,5.0,6.0
2022-09-18,CAFE OU EAU,2.0,1.0
2022-09-18,CAMPAGNE,9.0,2.0
2022-09-18,CEREAL BAGUETTE,8.0,1.3500000000000003
2022-09-18,CHAUSSON AUX POMMES,1.0,1.6
2022-09-18,COMPLET,5.0,1.9
2022-09-18,COOKIE,3.0,1.15
2022-09-18,COUPE,47.0,0.15
2022-09-18,CROISSANT,81.0,1.2
2022-09-18,CROISSANT AMANDES,6.0,1.6
2022-09-18,DEMI BAGUETTE,1.0,0.5
2022-09-18,ECLAIR,12.0,2.2
2022-09-18,FICELLE,5.0,0.7
2022-09-18,FINANCIER X5,5.0,4.0
2022-09-18,KOUIGN AMANN,11.0,2.3
2022-09-18,MOISSON,5.0,2.2
2022-09-18,PAIN,6.0,1.3
2022-09-18,PAIN AU CHOCOLAT,63.0,1.3
2022-09-18,PAIN AUX RAISINS,7.0,1.6
2022-09-18,PAIN BANETTE,6.0,1.6
2022-09-18,PAIN CHOCO AMANDES,2.0,1.7
2022-09-18,SEIGLE,3.0,2.0
2022-09-18,SPECIAL BREAD,12.0,2.6
2022-09-18,TARTELETTE,17.0,2.2
2022-09-18,TRADITIONAL BAGUETTE,246.0,1.3
2022-09-20,BAGUETTE,20.0,1.0
2022-09-20,BANETTE,30.0,1.15
2022-09-20,BANETTINE,5.0,0.7
2022-09-20,BOULE 200G,8.0,1.2
2022-09-20,BOULE 400G,7.0,1.7
2022-09-20,BRIOCHE,1.0,6.0
2022-09-20,CAFE OU EAU,5.0,1.0
2022-09-20,CAMPAGNE,5.0,2.0
2022-09-20,CEREAL BAGUETTE,11.0,1.35
2022-09-20,CHAUSSON AUX POMMES,5.0,1.6
2022-09-20,COMPLET,4.0,1.8999999999999997
2022-09-20,COOKIE,7.0,1.15
2022-09-20,COUPE,27.0,0.15
2022-09-20,CROISSANT,13.0,1.2
2022-09-20,CROISSANT AMANDES,5.0,1.6000000000000003
2022-09-20,DEMI BAGUETTE,4.0,0.5
2022-09-20,FICELLE,3.0,0.6999999999999998
2022-09-20,FORMULE SANDWICH,5.0,7.0
2022-09-20,KOUIGN AMANN,4.0,2.3
2022-09-20,MOISSON,6.0,2.2
2022-09-20,PAIN,4.0,1.3
2022-09-20,PAIN AU CHOCOLAT,14.0,1.3
2022-09-20,PAIN AUX RAISINS,1.0,1.6
2022-09-20,PAIN BANETTE,3.0,1.6000000000000003
2022-09-20,PAIN CHOCO AMANDES,1.0,1.7
2022-09-20,QUIM BREAD,3.0,1.2
2022-09-20,SAND JB EMMENTAL,8.0,4.0
2022-09-20,SANDWICH COMPLET,6.0,5.0
2022-09-20,SEIGLE,2.0,2.0
2022-09-20,SPECIAL BREAD,8.0,2.6
2022-09-20,TRADITIONAL BAGUETTE,124.0,1.3
2022-09-21,BAGUETTE,11.0,1.0
2022-09-21,BANETTE,17.0,1.15
2022-09-21,BANETTINE,5.0,0.7
2022-09-21,BOISSON 33CL,6.0,1.5
2022-09-21,BOULE 200G,1.0,1.2
2022-09-21,BOULE 400G,4.0,1.7
2022-09-21,CAFE OU EAU,1.0,1.0
2022-09-21,CAMPAGNE,4.0,2.0
2022-09-21,CEREAL BAGUETTE,4.0,1.35
2022-09-21,COMPLET,4.0,1.9
2022-09-21,COOKIE,3.0,1.15
2022-09-21,COUPE,15.0,0.15
2022-09-21,CROISSANT,19.0,1.2
2022-09-21,CROISSANT AMANDES,5.0,1.6000000000000003
2022-09-21,DEMI BAGUETTE,1.0,0.5
2022-09-21,FICELLE,3.0,0.7
2022-09-21,FINANCIER X5,1.0,4.0
2022-09-21,FORMULE SANDWICH,12.0,7.0
2022-09-21,KOUIGN AMANN,2.0,2.3
2022-09-21,MOISSON,3.0,2.2
2022-09-21,PAIN,3.0,1.3
2022-09-21,PAIN AU CHOCOLAT,23.0,1.3
2022-09-21,PAIN AUX RAISINS,4.0,1.6000000000000003
2022-09-21,PAIN BANETTE,4.0,1.6
2022-09-21,PAIN CHOCO AMANDES,3.0,1.7
2022-09-21,SAND JB EMMENTAL,4.0,4.0
2022-09-21,SANDWICH COMPLET,4.0,5.0
2022-09-21,SEIGLE,1.0,2.0
2022-09-21,SPECIAL BREAD,10.0,2.6
2022-09-21,TRADITIONAL BAGUETTE,108.0,1.3
2022-09-22,BAGUETTE,34.0,1.0
2022-09-22,BANETTE,30.0,1.15
2022-09-22,BANETTINE,5.0,0.7
2022-09-22,BOISSON 33CL,4.0,1.5
2022-09-22,BOULE 200G,6.0,1.2
2022-09-22,BOULE 400G,2.0,1.7
2022-09-22,BRIOCHE,1.0,6.0
2022-09-22,CAFE OU EAU,1.0,1.0
2022-09-22,CAMPAGNE,2.0,2.0
2022-09-22,CEREAL BAGUETTE,6.0,1.35
2022-09-22,CHAUSSON AUX POMMES,3.0,1.6000000000000003
2022-09-22,COMPLET,4.0,1.9
2022-09-22,COOKIE,1.0,1.15
2022-09-22,COUPE,18.0,0.15
2022-09-22,CROISSANT,29.0,1.2
2022-09-22,CROISSANT AMANDES,5.0,1.6
2022-09-22,DEMI BAGUETTE,2.0,0.5
2022-09-22,ECLAIR,1.0,2.2
2022-09-22,FICELLE,4.0,0.6999999999999998
2022-09-22,FINANCIER X5,1.0,4.0
2022-09-22,FORMULE SANDWICH,8.0,7.0
2022-09-22,KOUIGN AMANN,5.0,2.3
2022-09-22,MOISSON,5.0,2.2
2022-09-22,PAIN,1.0,1.3
2022-09-22,PAIN AU CHOCOLAT,23.0,1.3
2022-09-22,PAIN AUX RAISINS,4.0,1.6
2022-09-22,PAIN BANETTE,3.0,1.6000000000000003
2022-09-22,PAIN CHOCO AMANDES,3.0,1.7
2022-09-22,QUIM BREAD,5.0,1.2
2022-09-22,SAND JB EMMENTAL,8.0,4.0
2022-09-22,SANDWICH COMPLET,2.0,5.0
2022-09-22,SEIGLE,1.0,2.0
2022-09-22,SPECIAL BREAD,7.0,2.6
2022-09-22,TARTELETTE,7.0,2.2
2022-09-22,TRADITIONAL BAGUETTE,101.0,1.3
2022-09-23,BAGUETTE,12.0,1.0
2022-09-23,BANETTE,30.0,1.15
2022-09-23,BANETTINE,6.0,0.7
2022-09-23,BOISSON 33CL,7.0,1.5
2022-09-23,BOULE 200G,6.0,1.2
2022-09-23,BOULE 400G,6.0,1.7
2022-09-23,BRIOCHE,2.0,6.0
2022-09-23,CAFE OU EAU,6.0,1.0
2022-09-23,CAMPAGNE,3.0,2.0
2022-09-23,CEREAL BAGUETTE,8.0,1.35
2022-09-23,CHAUSSON AUX POMMES,1.0,1.6
2022-09-23,COMPLET,4.0,1.9
2022-09-23,COOKIE,1.0,1.15
2022-09-23,COUPE,34.0,0.15
2022-09-23,CROISSANT,28.0,1.2
2022-09-23,CROISSANT AMANDES,7.0,1.6000000000000003
2022-09-23,DEMI BAGUETTE,3.0,0.5
2022-09-23,FICELLE,6.0,0.7
2022-09-23,FORMULE SANDWICH,5.0,7.0
2022-09-23,KOUIGN AMANN,1.0,2.3
2022-09-23,MOISSON,4.0,2.2
2022-09-23,PAIN,2.0,1.3
2022-09-23,PAIN AU CHOCOLAT,38.0,1.3
2022-09-23,PAIN AUX RAISINS,3.0,1.6000000000000003
2022-09-23,PAIN BANETTE,5.0,1.6
2022-09-23,PAIN CHOCO AMANDES,3.0,1.7
2022-09-23,SAND JB EMMENTAL,4.0,4.0
2022-09-23,SANDWICH COMPLET,5.0,5.0
2022-09-23,SEIGLE,2.0,2.0
2022-09-23,SPECIAL BREAD,8.0,2.6
2022-09-23,TARTELETTE,3.0,2.2
2022-09-23,TRADITIONAL BAGUETTE,120.0,1.3
2022-09-24,BAGUETTE,28.0,1.0
2022-09-24,BANETTE,30.0,1.15
2022-09-24,BANETTINE,5.0,0.7
2022-09-24,BOISSON 33CL,2.0,1.5
2022-09-24,BOULE 200G,6.0,1.2
2022-09-24,BOULE 400G,4.0,1.7
2022-09-24,BRIOCHE,2.0,6.0
2022-09-24,CAFE OU EAU,1.0,1.0
2022-09-24,CAMPAGNE,5.0,2.0
2022-09-24,CEREAL BAGUETTE,7.0,1.35
2022-09-24,CHAUSSON AUX POMMES,6.0,1.6
2022-09-24,COMPLET,4.0,1.9
2022-09-24,COOKIE,4.0,1.15
2022-09-24,COUPE,32.0,0.15
2022-09-24,CROISSANT,43.0,1.2
2022-09-24,CROISSANT AMANDES,7.0,1.6
2022-09-24,DEMI BAGUETTE,3.0,0.5
2022-09-24,ECLAIR,8.0,2.2
2022-09-24,FICELLE,6.0,0.6999999999999998
2022-09-24,FINANCIER X5,3.0,4.0
2022-09-24,FORMULE SANDWICH,5.0,7.0
2022-09-24,KOUIGN AMANN,9.0,2.3
2022-09-24,MOISSON,6.0,2.2
2022-09-24,PAIN,2.0,1.3
2022-09-24,PAIN AU CHOCOLAT,38.0,1.3
2022-09-24,PAIN AUX RAISINS,6.0,1.6
2022-09-24,PAIN BANETTE,5.0,1.6
2022-09-24,PAIN CHOCO AMANDES,2.0,1.7
2022-09-24,QUIM BREAD,5.0,1.2
2022-09-24,SEIGLE,2.0,2.0
2022-09-24,SPECIAL BREAD,8.0,2.6
2022-09-24,TARTELETTE,2.0,2.2
2022-09-24,TRADITIONAL BAGUETTE,198.0,1.3
2022-09-25,BAGUETTE,36.0,1.0
2022-09-25,BANETTE,30.0,1.15
2022-09-25,BANETTINE,6.0,0.6999999999999998
2022-09-25,BOULE 200G,8.0,1.2
2022-09-25,BOULE 400G,14.0,1.7
2022-09-25,BRIOCHE,4.0,6.0
2022-09-25,CAFE OU EAU,5.0,1.0
2022-09-25,CAMPAGNE,10.0,2.0
2022-09-25,CEREAL BAGUETTE,10.0,1.3500000000000003
2022-09-25,CHAUSSON AUX POMMES,6.0,1.6
2022-09-25,COMPLET,4.0,1.9
2022-09-25,COOKIE,8.0,1.15
2022-09-25,COUPE,47.0,0.15
2022-09-25,CROISSANT,91.0,1.2
2022-09-25,CROISSANT AMANDES,3.0,1.6
2022-09-25,DEMI BAGUETTE,3.0,0.5
2022-09-25,ECLAIR,13.0,2.2
2022-09-25,FICELLE,5.0,0.7
2022-09-25,KOUIGN AMANN,7.0,2.3
2022-09-25,MOISSON,6.0,2.2
2022-09-25,PAIN AU CHOCOLAT,62.0,1.3000000000000003
2022-09-25,PAIN AUX RAISINS,6.0,1.6
2022-09-25,PAIN BANETTE,5.0,1.6
2022-09-25,PAIN CHOCO AMANDES,7.0,1.7
2022-09-25,QUIM BREAD,2.0,1.2
2022-09-25,SEIGLE,2.0,2.0
2022-09-25,SPECIAL BREAD,12.0,2.6
2022-09-25,TARTELETTE,16.0,2.2
2022-09-25,TRADITIONAL BAGUETTE,265.0,1.3
2022-09-26,BAGUETTE,18.0,1.0
2022-09-26,BANETTE,30.0,1.15
2022-09-26,BANETTINE,6.0,0.6999999999999998
2022-09-26,BOISSON 33CL,3.0,1.5
2022-09-26,BOULE 200G,6.0,1.2
2022-09-26,BOULE 400G,4.0,1.7
2022-09-26,BRIOCHE,3.0,6.0
2022-09-26,CAMPAGNE,3.0,2.0
2022-09-26,CEREAL BAGUETTE,8.0,1.35
2022-09-26,CHAUSSON AUX POMMES,1.0,1.6
2022-09-26,COMPLET,4.0,1.8999999999999997
2022-09-26,COUPE,17.0,0.15
2022-09-26,CROISSANT,26.0,1.2
2022-09-26,CROISSANT AMANDES,3.0,1.6
2022-09-26,DEMI BAGUETTE,4.0,0.5
2022-09-26,FICELLE,6.0,0.7
2022-09-26,FORMULE SANDWICH,6.0,7.0
2022-09-26,MOISSON,6.0,2.2
2022-09-26,PAIN,3.0,1.3
2022-09-26,PAIN AU CHOCOLAT,22.0,1.3
2022-09-26,PAIN BANETTE,3.0,1.6000000000000003
2022-09-26,PAIN CHOCO AMANDES,1.0,1.7
2022-09-26,QUIM BREAD,4.0,1.2
2022-09-26,SAND JB EMMENTAL,4.0,4.0
2022-09-26,SANDWICH COMPLET,5.0,5.0
2022-09-26,SEIGLE,1.0,2.0
2022-09-26,SPECIAL BREAD,7.0,2.6
2022-09-26,TARTELETTE,3.0,2.2
2022-09-26,TRADITIONAL BAGUETTE,160.0,1.3
2022-09-27,BAGUETTE,34.0,1.0
2022-09-27,BANETTE,30.0,1.15
2022-09-27,BANETTINE,4.0,0.7
2022-09-27,BOISSON 33CL,2.0,1.5
2022-09-27,BOULE 200G,8.0,1.2
2022-09-27,BOULE 400G,8.0,1.7
2022-09-27,BRIOCHE,2.0,6.0
2022-09-27,CAFE OU EAU,1.0,1.0
2022-09-27,CAMPAGNE,5.0,2.0
2022-09-27,CEREAL BAGUETTE,10.0,1.35
2022-09-27,CHAUSSON AUX POMMES,1.0,1.6
2022-09-27,COMPLET,4.0,1.9
2022-09-27,COOKIE,4.0,1.15
2022-09-27,COUPE,29.0,0.15
2022-09-27,CROISSANT,25.0,1.2
2022-09-27,CROISSANT AMANDES,4.0,1.6000000000000003
2022-09-27,DEMI BAGUETTE,2.0,0.5
2022-09-27,ECLAIR,4.0,2.2
2022-09-27,FICELLE,4.0,0.7
2022-09-27,FORMULE SANDWICH,13.0,7.0
2022-09-27,KOUIGN AMANN,1.0,2.3
2022-09-27,MOISSON,6.0,2.2
2022-09-27,PAIN AU CHOCOLAT,22.0,1.3
2022-09-27,PAIN AUX RAISINS,4.0,1.6000000000000003
2022-09-27,PAIN BANETTE,5.0,1.6
2022-09-27,PAIN CHOCO AMANDES,3.0,1.7
2022-09-27,QUIM BREAD,4.0,1.2
2022-09-27,SAND JB EMMENTAL,4.0,4.0
2022-09-27,SANDWICH COMPLET,10.0,5.0
2022-09-27,SEIGLE,2.0,2.0
2022-09-27,SPECIAL BREAD,8.0,2.6
2022-09-27,TARTELETTE,4.0,2.2
2022-09-27,TRADITIONAL BAGUETTE,136.0,1.3
2022-09-28,BAGUETTE,23.0,1.0
2022-09-28,BANETTE,22.0,1.15
2022-09-28,BANETTINE,6.0,0.6999999999999998
2022-09-28,BOISSON 33CL,4.0,1.5
2022-09-28,BOULE 200G,6.0,1.2
2022-09-28,BOULE 400G,2.0,1.7
2022-09-28,BRIOCHE,2.0,6.0
2022-09-28,CAFE OU EAU,1.0,1.0
2022-09-28,CAMPAGNE,5.0,2.0
2022-09-28,CEREAL BAGUETTE,3.0,1.3500000000000003
2022-09-28,CHAUSSON AUX POMMES,3.0,1.6
2022-09-28,COMPLET,3.0,1.8999999999999997
2022-09-28,COOKIE,4.0,1.15
2022-09-28,COUPE,16.0,0.15
2022-09-28,CROISSANT,20.0,1.2
2022-09-28,CROISSANT AMANDES,2.0,1.6
2022-09-28,DEMI BAGUETTE,4.0,0.5
2022-09-28,ECLAIR,11.0,2.2
2022-09-28,FICELLE,2.0,0.7
2022-09-28,FORMULE SANDWICH,9.0,7.0
2022-09-28,KOUIGN AMANN,1.0,2.3
2022-09-28,MOISSON,4.0,2.2
2022-09-28,PAIN,6.0,1.3
2022-09-28,PAIN AU CHOCOLAT,17.0,1.3
2022-09-28,PAIN AUX RAISINS,3.0,1.6
2022-09-28,PAIN BANETTE,6.0,1.6000000000000003
2022-09-28,PAIN CHOCO AMANDES,1.0,1.7
2022-09-28,QUIM BREAD,7.0,1.2
2022-09-28,SAND JB EMMENTAL,3.0,4.0
2022-09-28,SANDWICH COMPLET,6.0,5.0
2022-09-28,SPECIAL BREAD,10.0,2.6
2022-09-28,TARTELETTE,10.0,2.2
2022-09-28,TRADITIONAL BAGUETTE,115.0,1.3
2022-09-29,BAGUETTE,30.0,1.0
2022-09-29,BANETTE,30.0,1.15
2022-09-29,BANETTINE,6.0,0.7
2022-09-29,BOISSON 33CL,8.0,1.5
2022-09-29,BOULE 200G,7.0,1.2
2022-09-29,BOULE 400G,3.0,1.7
2022-09-29,BRIOCHE,2.0,6.0
2022-09-29,CAMPAGNE,5.0,2.0
2022-09-29,CHAUSSON AUX POMMES,4.0,1.6000000000000003
2022-09-29,COMPLET,4.0,1.8999999999999997
2022-09-29,COOKIE,7.0,1.15
2022-09-29,COUPE,27.0,0.15
2022-09-29,CROISSANT,27.0,1.2
2022-09-29,CROISSANT AMANDES,1.0,1.6
2022-09-29,ECLAIR,10.0,2.2
2022-09-29,FICELLE,4.0,0.7
2022-09-29,FORMULE SANDWICH,3.0,7.0
2022-09-29,MOISSON,6.0,2.2
2022-09-29,PAIN AU CHOCOLAT,36.0,1.3
2022-09-29,PAIN AUX RAISINS,4.0,1.6
2022-09-29,PAIN BANETTE,5.0,1.6
2022-09-29,PAIN CHOCO AMANDES,7.0,1.7
2022-09-29,SAND JB EMMENTAL,2.0,4.0
2022-09-29,SANDWICH COMPLET,8.0,5.0
2022-09-29,SPECIAL BREAD,7.0,2.6
2022-09-29,TARTELETTE,3.0,2.2
2022-09-29,TRADITIONAL BAGUETTE,148.0,1.3
2022-09-30,BAGUETTE,35.0,1.0
2022-09-30,BANETTE,30.0,1.15
2022-09-30,BANETTINE,5.0,0.7
2022-09-30,BOISSON 33CL,6.0,1.5
2022-09-30,BOULE 200G,8.0,1.2
2022-09-30,BOULE 400G,10.0,1.7
2022-09-30,BRIOCHE,1.0,6.0
2022-09-30,CAFE OU EAU,2.0,1.0
2022-09-30,CAMPAGNE,10.0,2.0
2022-09-30,CEREAL BAGUETTE,14.0,1.35
2022-09-30,COMPLET,5.0,1.9
2022-09-30,COOKIE,6.0,1.15
2022-09-30,COUPE,55.0,0.15
2022-09-30,CROISSANT,38.0,1.2
2022-09-30,ECLAIR,6.0,2.2
2022-09-30,FICELLE,7.0,0.7
2022-09-30,FORMULE SANDWICH,9.0,7.0
2022-09-30,KOUIGN AMANN,2.0,2.3
2022-09-30,MOISSON,5.0,2.2
2022-09-30,PAIN,2.0,1.3
2022-09-30,PAIN AU CHOCOLAT,32.0,1.3
2022-09-30,PAIN AUX RAISINS,3.0,1.6000000000000003
2022-09-30,PAIN BANETTE,3.0,1.6000000000000003
2022-09-30,PAIN CHOCO AMANDES,7.0,1.7
2022-09-30,QUIM BREAD,5.0,1.2
2022-09-30,SAND JB EMMENTAL,7.0,4.0
2022-09-30,SANDWICH COMPLET,1.0,5.0
2022-09-30,SEIGLE,2.0,2.0
2022-09-30,SPECIAL BREAD,10.0,2.6
2022-09-30,TARTELETTE,3.0,2.2
2022-09-30,TRADITIONAL BAGUETTE,141.0,1.3
