ds,article,y,unit_price
2021-01-02,BOULE POLKA,2.0,1.6
2021-01-02,DIVERS PATISSERIE,1.0,0.0
2021-01-02,DIVERS VIENNOISERIE,2.0,5.0
2021-01-02,GACHE,1.0,5.0
2021-01-02,GAL FRANGIPANE 4P,8.0,8.0
2021-01-02,GAL FRANGIPANE 6P,7.0,12.0
2021-01-02,GAL POMME 4P,9.0,8.0
2021-01-02,GAL POMME 6P,4.0,12.0
2021-01-02,GD KOUIGN AMANN,2.0,7.5
2021-01-02,GRAND FAR BRETON,6.0,7.0
2021-01-02,SPECIAL BREAD KG,1.0,4.8
2021-01-02,VIK BREAD,9.0,2.5
2021-01-03,BAGUETTE GRAINE,8.0,1.3
2021-01-03,BOULE POLKA,2.0,1.6
2021-01-03,DIVERS CONFISERIE,1.0,3.0
2021-01-03,DIVERS VIENNOISERIE,5.0,4.8
2021-01-03,GAL FRANGIPANE 4P,7.0,8.0
2021-01-03,GAL FRANGIPANE 6P,7.0,12.0
2021-01-03,GAL POMME 4P,12.0,8.0
2021-01-03,GAL POMME 6P,9.0,12.0
2021-01-03,GD KOUIGN AMANN,4.0,7.5
2021-01-03,GRAND FAR BRETON,2.0,7.0
2021-01-03,SPECIAL BREAD KG,1.0,4.8
2021-01-03,SUCETTE,4.0,0.3
2021-01-03,VIK BREAD,10.0,2.5
2021-01-04,DIVERS BOULANGERIE,1.0,2.0
2021-01-04,DIVERS SANDWICHS,3.0,2.5
2021-01-04,DIVERS VIENNOISERIE,1.0,6.0
2021-01-04,GAL FRANGIPANE 4P,2.0,8.0
2021-01-04,GAL POMME 4P,3.0,8.0
2021-01-04,GD KOUIGN AMANN,2.0,7.5
2021-01-04,GRAND FAR BRETON,1.0,7.0
2021-01-04,PATES,1.0,4.5
2021-01-05,DIVERS BOULANGERIE,0.0,2.0
2021-01-05,DIVERS PATISSERIE,6.0,5.1875
2021-01-05,DIVERS SANDWICHS,2.0,3.75
2021-01-05,DIVERS VIENNOISERIE,3.0,2.8333333333333335
2021-01-05,GAL FRANGIPANE 4P,1.0,8.0
2021-01-05,GAL FRANGIPANE 6P,2.0,12.0
2021-01-05,NANTAIS,1.0,2.5
2021-01-05,SACHET VIENNOISERIE,3.0,4.0
2021-01-07,CHOCOLAT,1.0,1.5
2021-01-07,DIVERS BOULANGERIE,1.0,12.0
2021-01-07,DIVERS CONFISERIE,1.0,3.0
2021-01-07,DIVERS SANDWICHS,4.0,3.75
2021-01-07,DIVERS VIENNOISERIE,2.0,6.0
2021-01-07,FONDANT CHOCOLAT,2.0,2.5
2021-01-07,GAL FRANGIPANE 4P,5.0,8.0
2021-01-07,GAL FRANGIPANE 6P,4.0,12.0
2021-01-07,GAL POMME 4P,2.0,8.0
2021-01-07,GAL POMME 6P,1.0,12.0
2021-01-07,PAIN S/SEL,1.0,1.5
2021-01-07,SPECIAL BREAD KG,1.0,4.8
2021-01-08,BOULE POLKA,2.0,1.6
2021-01-08,DIVERS SANDWICHS,3.0,4.166666666666667
2021-01-08,DIVERS VIENNOISERIE,3.0,4.666666666666667
2021-01-08,FONDANT CHOCOLAT,1.0,2.5
2021-01-08,GACHE,1.0,5.0
2021-01-08,GAL FRANGIPANE 4P,5.0,8.0
2021-01-08,GAL FRANGIPANE 6P,1.0,12.0
2021-01-08,GAL POMME 4P,4.0,8.0
2021-01-08,GAL POMME 6P,1.0,12.0
2021-01-08,SPECIAL BREAD KG,1.0,4.8
2021-01-08,VIK BREAD,2.0,2.5
2021-01-09,CHOCOLAT,1.0,1.5
2021-01-09,DIVERS BOULANGERIE,1.0,1.0
2021-01-09,DIVERS CONFISERIE,1.0,3.0
2021-01-09,DIVERS VIENNOISERIE,5.0,4.666666666666667
2021-01-09,GAL FRANGIPANE 4P,6.0,8.0
2021-01-09,GAL FRANGIPANE 6P,3.0,12.0
2021-01-09,GAL POIRE CHOCO 4P,2.0,8.0
2021-01-09,GAL POIRE CHOCO 6P,3.0,12.0
2021-01-09,GAL POMME 4P,3.0,8.0
2021-01-09,GAL POMME 6P,2.0,12.0
2021-01-09,GRAND FAR BRETON,1.0,7.0
2021-01-09,NANTAIS,3.0,2.5
2021-01-09,SPECIAL BREAD KG,1.0,4.8
2021-01-09,VIK BREAD,7.0,2.5
2021-01-10,BAGUETTE GRAINE,10.0,1.3
2021-01-10,DIVERS BOULANGERIE,2.0,1.0
2021-01-10,DIVERS VIENNOISERIE,7.0,5.0
2021-01-10,GACHE,1.0,5.0
2021-01-10,GAL FRANGIPANE 4P,15.0,8.0
2021-01-10,GAL FRANGIPANE 6P,6.0,12.0
2021-01-10,GAL POIRE CHOCO 4P,3.0,8.0
2021-01-10,GAL POIRE CHOCO 6P,2.0,12.0
2021-01-10,GAL POMME 4P,5.0,8.0
2021-01-10,GAL POMME 6P,3.0,12.0
2021-01-10,GALETTE 8 PERS,1.0,16.0
2021-01-10,NANTAIS,3.0,2.5
2021-01-10,SACHET VIENNOISERIE,1.0,4.0
2021-01-10,SPECIAL BREAD KG,1.0,4.8
2021-01-10,VIK BREAD,7.0,2.5
2021-01-11,BOULE POLKA,2.0,1.6
2021-01-11,DIVERS PATISSERIE,7.0,8.0
2021-01-11,FONDANT CHOCOLAT,2.0,2.5
2021-01-11,NANTAIS,2.0,2.5
2021-01-11,SAND JB,1.0,3.0
2021-01-11,SPECIAL BREAD KG,1.0,4.8
2021-01-11,SUCETTE,2.0,0.3
2021-01-11,VIK BREAD,3.0,2.5
2021-01-12,DIVERS PATISSERIE,9.0,5.777777777777778
2021-01-12,DIVERS VIENNOISERIE,3.0,2.0
2021-01-12,NANTAIS,1.0,2.5
2021-01-12,SPECIAL BREAD KG,1.0,4.8
2021-01-12,SUCETTE,1.0,0.3
2021-01-14,DIVERS PATISSERIE,12.0,9.833333333333334
2021-01-14,GACHE,1.0,5.0
2021-01-14,NANTAIS,6.0,2.5
2021-01-14,SACHET DE CROUTON,2.0,1.6
2021-01-14,SUCETTE,2.0,0.3
2021-01-15,DIVERS CONFISERIE,1.0,1.0
2021-01-15,DIVERS PATISSERIE,7.0,6.285714285714286
2021-01-15,DIVERS SANDWICHS,2.0,2.285
2021-01-15,DIVERS VIENNOISERIE,1.0,6.0
2021-01-15,GACHE,1.0,5.0
2021-01-15,SAND JB,1.0,3.0
2021-01-15,SPECIAL BREAD KG,1.0,4.8
2021-01-15,VIK BREAD,4.0,2.5
2021-01-16,BOULE POLKA,3.0,1.6000000000000003
2021-01-16,DIVERS PATISSERIE,3.0,6.0
2021-01-16,DIVERS VIENNOISERIE,5.0,6.0
2021-01-16,GACHE,1.0,5.0
2021-01-16,GAL FRANGIPANE 4P,7.0,8.0
2021-01-16,GAL FRANGIPANE 6P,5.0,12.0
2021-01-16,GAL POMME 4P,3.0,8.0
2021-01-16,GRANDE SUCETTE,1.0,0.6
2021-01-16,NANTAIS,3.0,2.5
2021-01-16,SACHET VIENNOISERIE,1.0,4.0
2021-01-16,SPECIAL BREAD KG,1.0,4.8
2021-01-16,SUCETTE,1.0,0.3
2021-01-16,VIK BREAD,6.0,2.5
2021-01-17,BAGUETTE GRAINE,10.0,1.3
2021-01-17,BOULE POLKA,1.0,1.6
2021-01-17,DIVERS CONFISERIE,1.0,3.0
2021-01-17,DIVERS VIENNOISERIE,5.0,4.4
2021-01-17,FONDANT CHOCOLAT,3.0,2.5
2021-01-17,GACHE,2.0,5.0
2021-01-17,GAL FRANGIPANE 4P,7.0,8.0
2021-01-17,GAL FRANGIPANE 6P,3.0,12.0
2021-01-17,GAL POIRE CHOCO 4P,3.0,8.0
2021-01-17,GAL POIRE CHOCO 6P,2.0,12.0
2021-01-17,GAL POMME 6P,6.0,12.0
2021-01-17,GD KOUIGN AMANN,1.0,7.5
2021-01-17,NANTAIS,2.0,2.5
2021-01-17,SACHET DE CROUTON,1.0,1.6
2021-01-17,SAND JB,1.0,3.0
2021-01-17,SPECIAL BREAD KG,1.0,4.8
2021-01-17,VIK BREAD,10.0,2.5
2021-01-18,BOULE POLKA,1.0,1.6
2021-01-18,DIVERS CONFISERIE,1.0,3.0
2021-01-18,DIVERS VIENNOISERIE,1.0,4.0
2021-01-18,GAL FRANGIPANE 4P,3.0,8.0
2021-01-18,GAL FRANGIPANE 6P,1.0,12.0
2021-01-18,GAL POMME 4P,4.0,8.0
2021-01-18,SACHET VIENNOISERIE,2.0,4.0
2021-01-18,SUCETTE,1.0,0.3
2021-01-19,DEMI PAIN,1.0,0.6
2021-01-19,DIVERS BOULANGERIE,1.0,2.0
2021-01-19,DIVERS CONFISERIE,1.0,3.0
2021-01-19,DIVERS PATISSERIE,6.0,5.333333333333333
2021-01-19,DIVERS SANDWICHS,3.0,2.5
2021-01-19,DIVERS VIENNOISERIE,2.0,2.5
2021-01-19,SACHET VIENNOISERIE,4.0,4.0
2021-01-19,SPECIAL BREAD KG,1.0,4.8
2021-01-21,DIVERS SANDWICHS,5.0,4.5
2021-01-21,DIVERS VIENNOISERIE,3.0,5.333333333333333
2021-01-21,FLAN,1.0,2.0
2021-01-21,FONDANT CHOCOLAT,1.0,2.5
2021-01-21,GACHE,1.0,5.0
2021-01-21,GAL FRANGIPANE 4P,2.0,8.0
2021-01-21,GAL POMME 4P,1.0,8.0
2021-01-21,GAL POMME 6P,1.0,12.0
2021-01-21,PARIS BREST,3.0,2.0
2021-01-22,BAGUETTE APERO,1.0,4.5
2021-01-22,BOULE POLKA,1.0,1.6
2021-01-22,DIVERS SANDWICHS,4.0,3.125
2021-01-22,DIVERS VIENNOISERIE,2.0,5.0
2021-01-22,FLAN ABRICOT,4.0,2.1
2021-01-22,FONDANT CHOCOLAT,1.0,2.5
2021-01-22,GACHE,1.0,5.0
2021-01-22,GAL FRANGIPANE 4P,4.0,8.0
2021-01-22,GAL FRANGIPANE 6P,2.0,12.0
2021-01-22,GALETTE 8 PERS,1.0,16.0
2021-01-22,GRAND FAR BRETON,1.0,7.0
2021-01-22,NANTAIS,3.0,2.5
2021-01-22,PARIS BREST,1.0,2.0
2021-01-22,SACHET VIENNOISERIE,2.0,4.0
2021-01-22,SAVARIN,1.0,2.0
2021-01-22,SPECIAL BREAD KG,1.0,4.8
2021-01-22,VIK BREAD,2.0,2.5
2021-01-23,CHOU CHANTILLY,2.0,2.0
2021-01-23,DIVERS SANDWICHS,2.0,2.25
2021-01-23,DIVERS VIENNOISERIE,8.0,5.6
2021-01-23,GACHE,1.0,5.0
2021-01-23,GAL FRANGIPANE 4P,6.0,8.0
2021-01-23,GAL FRANGIPANE 6P,6.0,12.0
2021-01-23,GAL POMME 4P,1.0,8.0
2021-01-23,GD KOUIGN AMANN,1.0,7.5
2021-01-23,MILLES FEUILLES,3.0,2.0
2021-01-23,NANTAIS,1.0,2.5
2021-01-23,SACHET DE CROUTON,1.0,1.6
2021-01-23,SPECIAL BREAD KG,1.0,4.8
2021-01-23,SUCETTE,4.0,0.3
2021-01-23,VIK BREAD,5.0,2.5
2021-01-24,BAGUETTE GRAINE,8.0,1.3
2021-01-24,BOULE POLKA,1.0,1.6
2021-01-24,CHOU CHANTILLY,2.0,2.0
2021-01-24,DIVERS VIENNOISERIE,4.0,6.5
2021-01-24,FLAN,2.0,2.0
2021-01-24,FLAN ABRICOT,1.0,2.1
2021-01-24,FONDANT CHOCOLAT,1.0,2.5
2021-01-24,GACHE,1.0,5.0
2021-01-24,GAL FRANGIPANE 4P,4.0,8.0
2021-01-24,GAL FRANGIPANE 6P,3.0,12.0
2021-01-24,GAL POMME 4P,1.0,8.0
2021-01-24,GAL POMME 6P,3.0,12.0
2021-01-24,GD KOUIGN AMANN,1.0,7.5
2021-01-24,GRAND FAR BRETON,2.0,7.0
2021-01-24,PARIS BREST,7.0,2.0
2021-01-24,ROYAL 4P,2.0,12.0
2021-01-24,SACHET VIENNOISERIE,2.0,4.0
2021-01-24,SAVARIN,5.0,2.0
2021-01-24,VIK BREAD,8.0,2.5
2021-01-25,BOULE POLKA,2.0,1.6
2021-01-25,CHOU CHANTILLY,2.0,2.0
2021-01-25,DIVERS BOULANGERIE,1.0,5.0
2021-01-25,DIVERS SANDWICHS,3.0,3.3333333333333335
2021-01-25,FLAN ABRICOT,5.0,2.1
2021-01-25,GAL FRANGIPANE 4P,1.0,8.0
2021-01-25,GAL FRANGIPANE 6P,1.0,12.0
2021-01-25,NANTAIS,1.0,2.5
2021-01-25,SACHET VIENNOISERIE,1.0,4.0
2021-01-25,VIK BREAD,3.0,2.5
2021-01-26,BOULE POLKA,1.0,1.6
2021-01-26,CHOCOLAT,1.0,1.5
2021-01-26,DEMI PAIN,1.0,0.6
2021-01-26,DIVERS BOULANGERIE,1.0,2.0
2021-01-26,DIVERS SANDWICHS,1.0,2.5
2021-01-26,DIVERS VIENNOISERIE,1.0,4.0
2021-01-26,FONDANT CHOCOLAT,1.0,2.5
2021-01-26,GAL FRANGIPANE 4P,1.0,8.0
2021-01-26,GAL FRANGIPANE 6P,1.0,12.0
2021-01-26,NANTAIS,2.0,2.5
2021-01-26,SACHET DE CROUTON,1.0,1.6
2021-01-26,SACHET VIENNOISERIE,1.0,4.0
2021-01-28,DEMI PAIN,1.0,0.6
2021-01-28,DIVERS CONFISERIE,1.0,6.0
2021-01-28,DIVERS VIENNOISERIE,1.0,4.0
2021-01-28,FONDANT CHOCOLAT,1.0,2.5
2021-01-28,GAL POIRE CHOCO 6P,1.0,12.0
2021-01-28,GRAND FAR BRETON,1.0,7.0
2021-01-28,SAND JB,1.0,3.0
2021-01-29,DIVERS BOULANGERIE,1.0,3.0
2021-01-29,DIVERS PATISSERIE,2.0,10.0
2021-01-29,DIVERS SANDWICHS,2.0,3.75
2021-01-29,DIVERS VIENNOISERIE,3.0,2.9333333333333336
2021-01-29,FLAN,2.0,2.0
2021-01-29,FLAN ABRICOT,2.0,2.1
2021-01-29,FONDANT CHOCOLAT,3.0,2.5
2021-01-29,NANTAIS,4.0,2.5
2021-01-29,SACHET VIENNOISERIE,1.0,4.0
2021-01-29,SPECIAL BREAD KG,1.0,4.8
2021-01-29,VIK BREAD,2.0,2.5
2021-01-30,DIVERS PATISSERIE,1.0,7.0
2021-01-30,DIVERS VIENNOISERIE,6.0,2.3333333333333335
2021-01-30,FLAN,3.0,2.0
2021-01-30,FONDANT CHOCOLAT,3.0,2.5
2021-01-30,GACHE,1.0,5.0
2021-01-30,GAL FRANGIPANE 4P,1.0,8.0
2021-01-30,GRAND FAR BRETON,2.0,7.0
2021-01-30,NANTAIS,6.0,2.5
2021-01-30,SACHET VIENNOISERIE,1.0,4.0
2021-01-30,SAVARIN,1.0,2.0
2021-01-30,SPECIAL BREAD KG,1.0,4.8
2021-01-30,TARTE FRUITS 6P,1.0,12.0
2021-01-30,VIK BREAD,5.0,2.5
2021-01-31,BAGUETTE GRAINE,10.0,1.3
2021-01-31,BOULE POLKA,2.0,1.6
2021-01-31,CHOU CHANTILLY,3.0,2.0
2021-01-31,DIVERS CONFISERIE,3.0,3.0
2021-01-31,DIVERS VIENNOISERIE,4.0,4.6499999999999995
2021-01-31,FONDANT CHOCOLAT,2.0,2.5
2021-01-31,GACHE,1.0,5.0
2021-01-31,GAL FRANGIPANE 4P,1.0,8.0
2021-01-31,GD KOUIGN AMANN,5.0,7.5
2021-01-31,MILLES FEUILLES,2.0,2.0
2021-01-31,NANTAIS,2.0,2.5
2021-01-31,NOIX JAPONAISE,1.0,2.0
2021-01-31,PARIS BREST,6.0,2.0
2021-01-31,SACHET VIENNOISERIE,1.0,4.0
2021-01-31,SAVARIN,4.0,2.0
2021-01-31,SPECIAL BREAD KG,1.0,4.8
2021-01-31,TARTE FRUITS 4P,2.0,9.0
2021-01-31,TARTE FRUITS 6P,1.0,12.0
2021-01-31,VIK BREAD,13.0,2.5
2021-02-01,BOULE POLKA,2.0,1.6
2021-02-01,CHOU CHANTILLY,2.0,2.0
2021-02-01,DIVERS SANDWICHS,4.0,3.0
2021-02-01,DIVERS VIENNOISERIE,1.0,6.0
2021-02-01,NANTAIS,1.0,2.5
2021-02-01,SACHET VIENNOISERIE,2.0,4.0
2021-02-01,SAND JB,1.0,3.0
2021-02-02,BAGUETTE APERO,1.0,4.5
2021-02-02,BOULE POLKA,1.0,1.6
2021-02-02,DIVERS PATISSERIE,3.0,5.0
2021-02-02,DIVERS SANDWICHS,3.0,3.1666666666666665
2021-02-02,DIVERS VIENNOISERIE,2.0,6.0
2021-02-02,GACHE,1.0,5.0
2021-02-02,NANTAIS,1.0,2.5
2021-02-02,SACHET DE CROUTON,1.0,1.6
2021-02-02,SACHET VIENNOISERIE,1.0,4.0
2021-02-02,SUCETTE,2.0,0.3
2021-02-04,BOULE POLKA,2.0,1.6
2021-02-04,DIVERS BOULANGERIE,1.0,2.0
2021-02-04,DIVERS CONFISERIE,1.0,3.0
2021-02-04,DIVERS SANDWICHS,2.0,2.5
2021-02-04,DIVERS VIENNOISERIE,2.0,1.0
2021-02-04,PARIS BREST,1.0,2.0
2021-02-05,BOULE POLKA,2.0,1.6
2021-02-05,CHOU CHANTILLY,1.0,2.0
2021-02-05,DEMI PAIN,1.0,0.6
2021-02-05,DIVERS CONFISERIE,1.0,3.0
2021-02-05,DIVERS SANDWICHS,3.0,2.5
2021-02-05,DIVERS VIENNOISERIE,9.0,2.066666666666667
2021-02-05,FLAN,2.0,2.0
2021-02-05,FONDANT CHOCOLAT,1.0,2.5
2021-02-05,GD KOUIGN AMANN,1.0,7.5
2021-02-05,MILLES FEUILLES,1.0,2.0
2021-02-05,NANTAIS,2.0,2.5
2021-02-05,PARIS BREST,2.0,2.0
2021-02-05,SACHET VIENNOISERIE,1.0,4.0
2021-02-05,SAVARIN,4.0,2.0
2021-02-05,SPECIAL BREAD KG,1.0,4.8
2021-02-05,VIK BREAD,5.0,2.5
2021-02-06,DIVERS PATISSERIE,1.0,7.0
2021-02-06,DIVERS VIENNOISERIE,5.0,3.7636363636363637
2021-02-06,FLAN,3.0,2.0
2021-02-06,FLAN ABRICOT,4.0,2.1
2021-02-06,FONDANT CHOCOLAT,2.0,2.5
2021-02-06,GRAND FAR BRETON,5.0,7.0
2021-02-06,MILLES FEUILLES,3.0,2.0
2021-02-06,NANTAIS,4.0,2.5
2021-02-06,SACHET DE CROUTON,1.0,1.6
2021-02-06,SPECIAL BREAD KG,2.0,4.8
2021-02-06,TARTE FRUITS 4P,1.0,9.0
2021-02-06,TARTE FRUITS 6P,2.0,12.0
2021-02-06,THE,2.0,1.5
2021-02-06,VIK BREAD,5.0,2.5
2021-02-07,BAGUETTE GRAINE,11.0,1.3
2021-02-07,CHOU CHANTILLY,6.0,2.0
2021-02-07,DEMI PAIN,1.0,0.6
2021-02-07,DIVERS PATISSERIE,1.0,7.0
2021-02-07,DIVERS VIENNOISERIE,5.0,4.8
2021-02-07,GACHE,2.0,5.0
2021-02-07,GD KOUIGN AMANN,1.0,7.5
2021-02-07,GRANDE SUCETTE,2.0,0.6
2021-02-07,NOIX JAPONAISE,4.0,2.0
2021-02-07,PARIS BREST,2.0,2.0
2021-02-07,SACHET DE CROUTON,1.0,1.6
2021-02-07,SAVARIN,6.0,2.0
2021-02-07,TARTE FRUITS 4P,1.0,9.0
2021-02-07,TARTE FRUITS 6P,1.0,12.0
2021-02-07,VIK BREAD,8.0,2.5
2021-02-08,BOULE POLKA,1.0,1.6
2021-02-08,DIVERS BOULANGERIE,1.0,4.0
2021-02-08,DIVERS SANDWICHS,2.0,2.5
2021-02-08,DIVERS VIENNOISERIE,2.0,2.8
2021-02-08,MILLES FEUILLES,2.0,2.0
2021-02-08,NOIX JAPONAISE,1.0,2.0
2021-02-08,SACHET VIENNOISERIE,4.0,4.0
2021-02-08,VIK BREAD,2.0,2.5
2021-02-09,BOULE POLKA,2.0,1.6
2021-02-09,DIVERS BOULANGERIE,1.0,1.0
2021-02-09,DIVERS SANDWICHS,4.0,2.125
2021-02-09,FONDANT CHOCOLAT,2.0,2.5
2021-02-09,GACHE,1.0,5.0
2021-02-09,MILLES FEUILLES,3.0,2.0
2021-02-09,NANTAIS,3.0,2.5
2021-02-09,SACHET VIENNOISERIE,2.0,4.0
2021-02-09,SPECIAL BREAD KG,1.0,4.8
2021-02-11,BOULE POLKA,1.0,1.6
2021-02-11,CHOU CHANTILLY,1.0,2.0
2021-02-11,DEMI PAIN,1.0,0.6
2021-02-11,DIVERS BOULANGERIE,1.0,1.0
2021-02-11,DIVERS SANDWICHS,1.0,5.0
2021-02-11,DIVERS VIENNOISERIE,3.0,1.4000000000000001
2021-02-11,FLAN,2.0,2.0
2021-02-11,GRAND FAR BRETON,1.0,7.0
2021-02-11,NANTAIS,1.0,2.5
2021-02-11,NOIX JAPONAISE,1.0,2.0
2021-02-12,CHOU CHANTILLY,2.0,2.0
2021-02-12,DIVERS VIENNOISERIE,7.0,3.4285714285714284
2021-02-12,FLAN,2.0,2.0
2021-02-12,FLAN ABRICOT,2.0,2.1
2021-02-12,GACHE,1.0,5.0
2021-02-12,GD KOUIGN AMANN,2.0,7.5
2021-02-12,GRAND FAR BRETON,1.0,7.0
2021-02-12,NANTAIS,4.0,2.5
2021-02-12,NOIX JAPONAISE,3.0,2.0
2021-02-12,SACHET VIENNOISERIE,1.0,4.0
2021-02-12,SPECIAL BREAD KG,1.0,4.8
2021-02-12,VIK BREAD,4.0,2.5
2021-02-13,BOULE POLKA,2.0,1.6
2021-02-13,CHOU CHANTILLY,1.0,2.0
2021-02-13,DIVERS PATISSERIE,1.0,7.0
2021-02-13,DIVERS SANDWICHS,1.0,2.0
2021-02-13,DIVERS VIENNOISERIE,7.0,5.085714285714286
2021-02-13,FLAN,1.0,2.0
2021-02-13,FONDANT CHOCOLAT,1.0,2.5
2021-02-13,GACHE,1.0,5.0
2021-02-13,GRAND FAR BRETON,4.0,7.0
2021-02-13,MILLES FEUILLES,5.0,2.0
2021-02-13,NANTAIS,1.0,2.5
2021-02-13,SPECIAL BREAD KG,1.0,4.8
2021-02-13,SUCETTE,1.0,0.3
2021-02-13,TARTE FRUITS 4P,1.0,9.0
2021-02-13,TARTE FRUITS 6P,1.0,12.0
2021-02-13,VIK BREAD,5.0,2.5
2021-02-14,BAGUETTE GRAINE,11.0,1.3
2021-02-14,BOULE POLKA,2.0,1.6
2021-02-14,CHOU CHANTILLY,2.0,2.0
2021-02-14,DIVERS PATISSERIE,2.0,7.0
2021-02-14,DIVERS VIENNOISERIE,7.0,2.742857142857143
2021-02-14,FLAN,4.0,2.0
2021-02-14,FONDANT CHOCOLAT,4.0,2.5
2021-02-14,GACHE,1.0,5.0
2021-02-14,GD KOUIGN AMANN,1.0,7.5
2021-02-14,GRAND FAR BRETON,1.0,7.0
2021-02-14,NANTAIS,5.0,2.5
2021-02-14,NOIX JAPONAISE,6.0,2.0
2021-02-14,PARIS BREST,5.0,2.0
2021-02-14,SAVARIN,6.0,2.0
2021-02-14,SPECIAL BREAD KG,1.0,4.8
2021-02-14,SUCETTE,2.0,0.3
2021-02-14,TARTE FRUITS 4P,1.0,9.0
2021-02-14,VIK BREAD,10.0,2.5
2021-02-15,DEMI PAIN,1.0,0.6
2021-02-15,DIVERS SANDWICHS,2.0,3.75
2021-02-15,DIVERS VIENNOISERIE,3.0,7.666666666666667
2021-02-15,FLAN,5.0,2.0
2021-02-15,GD KOUIGN AMANN,1.0,7.5
2021-02-15,GRAND FAR BRETON,1.0,7.0
2021-02-15,NANTAIS,6.0,2.5
2021-02-15,PARIS BREST,2.0,2.0
2021-02-15,SACHET VIENNOISERIE,1.0,4.0
2021-02-15,SAVARIN,1.0,2.0
2021-02-16,BOULE POLKA,1.0,1.6
2021-02-16,DEMI PAIN,1.0,0.6
2021-02-16,DIVERS PATISSERIE,2.0,1.0
2021-02-16,DIVERS SANDWICHS,3.0,2.5
2021-02-16,DIVERS VIENNOISERIE,1.0,1.0
2021-02-16,FONDANT CHOCOLAT,2.0,2.5
2021-02-16,GD KOUIGN AMANN,2.0,7.5
2021-02-16,SACHET VIENNOISERIE,1.0,4.0
2021-02-18,DIVERS BOULANGERIE,2.0,1.5
2021-02-18,DIVERS CONFISERIE,1.0,3.0
2021-02-18,DIVERS VIENNOISERIE,4.0,3.7
2021-02-18,FLAN,2.0,2.0
2021-02-18,FLAN ABRICOT,1.0,2.1
2021-02-18,GD KOUIGN AMANN,1.0,7.5
2021-02-18,GRAND FAR BRETON,1.0,7.0
2021-02-18,PARIS BREST,1.0,2.0
2021-02-18,SPECIAL BREAD KG,1.0,4.8
2021-02-19,BOULE POLKA,2.0,1.6
2021-02-19,DEMI PAIN,1.0,0.6
2021-02-19,DIVERS BOULANGERIE,1.0,0.0
2021-02-19,DIVERS CONFISERIE,1.0,3.0
2021-02-19,DIVERS SANDWICHS,2.0,3.75
2021-02-19,DIVERS VIENNOISERIE,8.0,4.7
2021-02-19,FLAN,1.0,2.0
2021-02-19,FLAN ABRICOT,1.0,2.1
2021-02-19,GACHE,1.0,5.0
2021-02-19,GD KOUIGN AMANN,1.0,7.5
2021-02-19,GRAND FAR BRETON,2.0,7.0
2021-02-19,MILLES FEUILLES,2.0,2.0
2021-02-19,NANTAIS,3.0,2.5
2021-02-19,SACHET VIENNOISERIE,2.0,4.0
2021-02-19,SAVARIN,2.0,2.0
2021-02-19,SUCETTE,2.0,0.3
2021-02-19,VIK BREAD,4.0,2.5
2021-02-20,BOULE POLKA,1.0,1.6
2021-02-20,CHOU CHANTILLY,1.0,2.0
2021-02-20,DIVERS VIENNOISERIE,4.0,3.0
2021-02-20,FLAN ABRICOT,2.0,2.1
2021-02-20,GACHE,3.0,5.0
2021-02-20,GD KOUIGN AMANN,2.0,7.5
2021-02-20,GRAND FAR BRETON,3.0,7.0
2021-02-20,MILLES FEUILLES,1.0,2.0
2021-02-20,NANTAIS,7.0,2.5
2021-02-20,NOIX JAPONAISE,1.0,2.0
2021-02-20,PARIS BREST,1.0,2.0
2021-02-20,SACHET VIENNOISERIE,1.0,4.0
2021-02-20,SAVARIN,2.0,2.0
2021-02-20,SPECIAL BREAD KG,1.0,4.8
2021-02-20,TARTE FRUITS 6P,2.0,12.0
2021-02-20,VIK BREAD,5.0,2.5
2021-02-21,BAGUETTE GRAINE,8.0,1.3
2021-02-21,BOULE POLKA,1.0,1.6
2021-02-21,BRIOCHETTE,1.0,0.8
2021-02-21,CHOU CHANTILLY,6.0,2.0
2021-02-21,DIVERS BOULANGERIE,1.0,7.0
2021-02-21,DIVERS PATISSERIE,1.0,7.0
2021-02-21,DIVERS VIENNOISERIE,8.0,2.55
2021-02-21,FLAN,4.0,2.0
2021-02-21,FLAN ABRICOT,3.0,2.1
2021-02-21,FONDANT CHOCOLAT,1.0,2.5
2021-02-21,GACHE,1.0,5.0
2021-02-21,GD KOUIGN AMANN,3.0,7.5
2021-02-21,GRAND FAR BRETON,6.0,7.0
2021-02-21,MILLES FEUILLES,4.0,2.0
2021-02-21,NANTAIS,3.0,2.5
2021-02-21,NOIX JAPONAISE,6.0,2.0
2021-02-21,PARIS BREST,8.0,2.0
2021-02-21,SACHET VIENNOISERIE,3.0,4.0
2021-02-21,SAVARIN,7.0,2.0
2021-02-21,SPECIAL BREAD KG,1.0,4.8
2021-02-21,SUCETTE,2.0,0.3
2021-02-21,TARTE FRUITS 4P,1.0,9.0
2021-02-21,TARTE FRUITS 6P,1.0,12.0
2021-02-21,VIK BREAD,10.0,2.5
2021-02-22,BOULE POLKA,2.0,1.6
2021-02-22,DEMI PAIN,4.0,0.6
2021-02-22,DIVERS SANDWICHS,2.0,2.5
2021-02-22,DIVERS VIENNOISERIE,5.0,3.6799999999999997
2021-02-22,FONDANT CHOCOLAT,1.0,2.5
2021-02-22,GACHE,1.0,5.0
2021-02-22,GD KOUIGN AMANN,1.0,7.5
2021-02-22,GRANDE SUCETTE,1.0,0.6
2021-02-22,NANTAIS,3.0,2.5
2021-02-22,PARIS BREST,2.0,2.0
2021-02-22,SAVARIN,1.0,2.0
2021-02-22,SPECIAL BREAD KG,1.0,4.8
2021-02-23,BAGUETTE APERO,1.0,4.5
2021-02-23,BOULE POLKA,1.0,1.6
2021-02-23,CHOCOLAT,1.0,1.5
2021-02-23,DIVERS SANDWICHS,3.0,2.5
2021-02-23,DIVERS VIENNOISERIE,6.0,2.733333333333333
2021-02-23,FONDANT CHOCOLAT,3.0,2.5
2021-02-23,GACHE,1.0,5.0
2021-02-23,GRAND FAR BRETON,4.0,7.0
2021-02-23,GRANDE SUCETTE,2.0,0.6
2021-02-23,MILLES FEUILLES,3.0,2.0
2021-02-23,NANTAIS,3.0,2.5
2021-02-23,PARIS BREST,1.0,2.0
2021-02-23,ROYAL 6P,1.0,18.0
2021-02-23,SPECIAL BREAD KG,1.0,4.8
2021-02-23,SUCETTE,4.0,0.3
2021-02-25,BOULE POLKA,2.0,1.6
2021-02-25,DIVERS BOULANGERIE,1.0,1.0
2021-02-25,DIVERS VIENNOISERIE,8.0,3.2
2021-02-25,FLAN,3.0,2.0
2021-02-25,FLAN ABRICOT,4.0,2.1
2021-02-25,FONDANT CHOCOLAT,1.0,2.5
2021-02-25,GACHE,1.0,5.0
2021-02-25,GD KOUIGN AMANN,2.0,7.5
2021-02-25,GRAND FAR BRETON,2.0,7.0
2021-02-25,NANTAIS,3.0,2.5
2021-02-25,PARIS BREST,2.0,2.0
2021-02-25,SPECIAL BREAD KG,1.0,4.8
2021-02-25,SUCETTE,5.0,0.3
2021-02-25,TARTE FRUITS 4P,1.0,9.0
2021-02-25,TARTE FRUITS 6P,1.0,12.0
2021-02-26,BOULE POLKA,2.0,1.6
2021-02-26,DEMI PAIN,1.0,0.6
2021-02-26,DIVERS CONFISERIE,2.0,4.5
2021-02-26,DIVERS VIENNOISERIE,15.0,3.3733333333333335
2021-02-26,FLAN,2.0,2.0
2021-02-26,FLAN ABRICOT,3.0,2.1
2021-02-26,FONDANT CHOCOLAT,4.0,2.5
2021-02-26,GACHE,2.0,5.0
2021-02-26,GD KOUIGN AMANN,4.0,7.5
2021-02-26,GRAND FAR BRETON,3.0,7.0
2021-02-26,MILLES FEUILLES,2.0,2.0
2021-02-26,NANTAIS,6.0,2.5
2021-02-26,PARIS BREST,3.0,2.0
2021-02-26,SAVARIN,1.0,2.0
2021-02-26,SPECIAL BREAD KG,2.0,4.8
2021-02-26,VIK BREAD,10.0,2.5
2021-02-27,BAGUETTE APERO,1.0,4.5
2021-02-27,BOULE POLKA,2.0,1.6
2021-02-27,BRIOCHETTE,3.0,0.8
2021-02-27,CHOU CHANTILLY,3.0,2.0
2021-02-27,DEMI PAIN,2.0,0.6
2021-02-27,DIVERS VIENNOISERIE,11.0,6.461538461538462
2021-02-27,FLAN,2.0,2.0
2021-02-27,GD KOUIGN AMANN,5.0,7.5
2021-02-27,GRAND FAR BRETON,4.0,7.0
2021-02-27,GRANDE SUCETTE,1.0,0.6
2021-02-27,MILLES FEUILLES,6.0,2.0
2021-02-27,NANTAIS,5.0,2.5
2021-02-27,NOIX JAPONAISE,6.0,2.0
2021-02-27,PAIN S/SEL,1.0,1.5
2021-02-27,PARIS BREST,2.0,2.0
2021-02-27,SAVARIN,3.0,2.0
2021-02-27,SPECIAL BREAD KG,1.0,4.8
2021-02-27,SUCETTE,4.0,0.3
2021-02-27,TARTE FRUITS 4P,2.0,9.0
2021-02-27,TARTE FRUITS 6P,1.0,12.0
2021-02-27,VIK BREAD,8.0,2.5
2021-02-28,BAGUETTE GRAINE,10.0,1.3
2021-02-28,BOULE POLKA,2.0,1.6
2021-02-28,BRIOCHETTE,2.0,0.8
2021-02-28,CHOU CHANTILLY,11.0,2.0
2021-02-28,DIVERS CONFISERIE,2.0,3.0
2021-02-28,DIVERS VIENNOISERIE,15.0,5.239999999999999
2021-02-28,ECLAIR FRAISE PISTACHE,1.0,2.1
2021-02-28,FONDANT CHOCOLAT,2.0,2.5
2021-02-28,GACHE,3.0,5.0
2021-02-28,GD KOUIGN AMANN,4.0,7.5
2021-02-28,GRAND FAR BRETON,5.0,7.0
2021-02-28,GRANDE SUCETTE,4.0,0.6
2021-02-28,MILLES FEUILLES,5.0,2.0
2021-02-28,NANTAIS,6.0,2.5
2021-02-28,NOIX JAPONAISE,8.0,2.0
2021-02-28,PAIN S/SEL,1.0,1.5
2021-02-28,PARIS BREST,6.0,2.0
2021-02-28,SACHET VIENNOISERIE,3.0,4.0
2021-02-28,SAVARIN,9.0,2.0
2021-02-28,SPECIAL BREAD KG,1.0,4.8
2021-02-28,TARTE FRUITS 4P,6.0,9.0
2021-02-28,TARTE FRUITS 6P,2.0,12.0
2021-02-28,VIK BREAD,9.0,2.5
2021-03-01,BOULE POLKA,1.0,1.6
2021-03-01,CHOU CHANTILLY,2.0,2.0
2021-03-01,DIVERS CONFISERIE,2.0,3.0
2021-03-01,DIVERS SANDWICHS,2.0,2.5
2021-03-01,DIVERS VIENNOISERIE,2.0,6.0
2021-03-01,GD KOUIGN AMANN,1.0,7.5
2021-03-01,GRAND FAR BRETON,1.0,7.0
2021-03-01,MILLES FEUILLES,2.0,2.0
2021-03-01,NOIX JAPONAISE,3.0,2.0
2021-03-01,PARIS BREST,3.0,2.0
2021-03-01,SACHET VIENNOISERIE,1.0,4.0
2021-03-02,BOULE POLKA,2.0,1.6
2021-03-02,CHOU CHANTILLY,1.0,2.0
2021-03-02,DIVERS BOULANGERIE,1.0,6.0
2021-03-02,DIVERS SANDWICHS,3.0,1.6
2021-03-02,DIVERS VIENNOISERIE,1.0,11.0
2021-03-02,FLAN,5.0,2.0
2021-03-02,FLAN ABRICOT,5.0,2.1
2021-03-02,FONDANT CHOCOLAT,1.0,2.5
2021-03-02,GD KOUIGN AMANN,1.0,7.5
2021-03-02,GRAND FAR BRETON,1.0,7.0
2021-03-02,GRANDE SUCETTE,2.0,0.6
2021-03-02,NANTAIS,2.0,2.5
2021-03-02,PARIS BREST,2.0,2.0
2021-03-02,SACHET VIENNOISERIE,3.0,4.0
2021-03-02,SAVARIN,1.0,2.0
2021-03-02,SPECIAL BREAD KG,1.0,4.8
2021-03-04,.,2.0,0.0
2021-03-04,BOULE POLKA,1.0,1.6
2021-03-04,DIVERS BOULANGERIE,1.0,1.0
2021-03-04,DIVERS SANDWICHS,2.0,3.75
2021-03-04,DIVERS VIENNOISERIE,1.0,11.0
2021-03-04,FLAN,4.0,2.0
2021-03-04,FLAN ABRICOT,2.0,2.1
2021-03-04,FONDANT CHOCOLAT,2.0,2.5
2021-03-04,GACHE,1.0,5.0
2021-03-04,GD KOUIGN AMANN,1.0,7.5
2021-03-04,GRAND FAR BRETON,1.0,7.0
2021-03-04,NANTAIS,4.0,2.5
2021-03-04,PARIS BREST,6.0,2.0
2021-03-04,SAVARIN,3.0,2.0
2021-03-04,SPECIAL BREAD KG,1.0,4.8
2021-03-04,SUCETTE,4.0,0.3
2021-03-05,BOULE POLKA,2.0,1.6
2021-03-05,CHOU CHANTILLY,3.0,2.0
2021-03-05,DEMI PAIN,1.0,0.6
2021-03-05,DIVERS BOULANGERIE,1.0,1.0
2021-03-05,DIVERS CONFISERIE,1.0,6.0
2021-03-05,DIVERS SANDWICHS,5.0,3.5
2021-03-05,DIVERS VIENNOISERIE,5.0,6.0
2021-03-05,FLAN,2.0,2.0
2021-03-05,FONDANT CHOCOLAT,2.0,2.5
2021-03-05,GACHE,3.0,5.0
2021-03-05,GD FAR BRETON,1.0,0.0
2021-03-05,GD KOUIGN AMANN,1.0,7.5
2021-03-05,GRAND FAR BRETON,4.0,7.0
2021-03-05,GRANDE SUCETTE,1.0,0.6
2021-03-05,NANTAIS,2.0,2.5
2021-03-05,PARIS BREST,3.0,2.0
2021-03-05,SACHET VIENNOISERIE,2.0,4.0
2021-03-05,SAVARIN,3.0,2.0
2021-03-05,SPECIAL BREAD KG,1.0,4.8
2021-03-05,VIK BREAD,9.0,2.5
2021-03-06,BOULE POLKA,2.0,1.6
2021-03-06,CHOU CHANTILLY,3.0,2.0
2021-03-06,DIVERS BOULANGERIE,2.0,1.0
2021-03-06,DIVERS PATISSERIE,1.0,7.0
2021-03-06,DIVERS VIENNOISERIE,3.0,6.266666666666667
2021-03-06,GACHE,1.0,5.0
2021-03-06,GD KOUIGN AMANN,5.0,7.5
2021-03-06,GRAND FAR BRETON,4.0,7.0
2021-03-06,GRANDE SUCETTE,4.0,0.6
2021-03-06,MILLES FEUILLES,4.0,2.0
2021-03-06,NANTAIS,10.0,2.5
2021-03-06,PARIS BREST,4.0,2.0
2021-03-06,SAVARIN,3.0,2.0
2021-03-06,SPECIAL BREAD KG,1.0,4.8
2021-03-06,VIK BREAD,10.0,2.5
2021-03-07,BAGUETTE GRAINE,10.0,1.3
2021-03-07,BOULE POLKA,2.0,1.6
2021-03-07,CHOU CHANTILLY,8.0,2.0
2021-03-07,DIVERS CONFISERIE,1.0,3.0
2021-03-07,DIVERS PATISSERIE,3.0,7.0
2021-03-07,DIVERS VIENNOISERIE,5.0,6.24
2021-03-07,FONDANT CHOCOLAT,6.0,2.5
2021-03-07,GACHE,1.0,5.0
2021-03-07,GD KOUIGN AMANN,3.0,7.5
2021-03-07,GRAND FAR BRETON,3.0,7.0
2021-03-07,MILLES FEUILLES,7.0,2.0
2021-03-07,NANTAIS,4.0,2.5
2021-03-07,NOIX JAPONAISE,7.0,2.0
2021-03-07,PARIS BREST,7.0,2.0
2021-03-07,SACHET DE CROUTON,1.0,1.6
2021-03-07,SAVARIN,6.0,2.0
2021-03-07,SPECIAL BREAD KG,1.0,4.8
2021-03-07,TARTE FRUITS 4P,3.0,9.0
2021-03-07,TARTE FRUITS 6P,3.0,12.0
2021-03-07,VIK BREAD,10.0,2.5
2021-03-08,BOULE POLKA,2.0,1.6
2021-03-08,DIVERS BOULANGERIE,2.0,2.0
2021-03-08,DIVERS SANDWICHS,3.0,2.5
2021-03-08,DIVERS VIENNOISERIE,2.0,6.0
2021-03-08,FONDANT CHOCOLAT,2.0,2.5
2021-03-08,GRAND FAR BRETON,2.0,7.0
2021-03-08,MILLES FEUILLES,2.0,2.0
2021-03-08,NANTAIS,4.0,2.5
2021-03-08,PARIS BREST,4.0,2.0
2021-03-09,BAGUETTE APERO,1.0,4.5
2021-03-09,BOULE POLKA,2.0,1.6
2021-03-09,DIVERS BOULANGERIE,2.0,1.0
2021-03-09,DIVERS SANDWICHS,4.0,2.875
2021-03-09,DIVERS VIENNOISERIE,1.0,6.0
2021-03-09,GRAND FAR BRETON,1.0,7.0
2021-03-09,GRANDE SUCETTE,3.0,0.6
2021-03-09,MILLES FEUILLES,2.0,2.0
2021-03-09,NANTAIS,2.0,2.5
2021-03-09,SACHET VIENNOISERIE,1.0,4.0
2021-03-09,SPECIAL BREAD KG,1.0,4.8
2021-03-09,SUCETTE,1.0,0.3
2021-03-11,DIVERS PATISSERIE,1.0,2.0
2021-03-11,FLAN,2.0,2.0
2021-03-11,FLAN ABRICOT,4.0,2.1
2021-03-11,FONDANT CHOCOLAT,2.0,2.5
2021-03-11,GRAND FAR BRETON,1.0,7.0
2021-03-11,NANTAIS,5.0,2.5
2021-03-11,PARIS BREST,2.0,2.0
2021-03-11,SAVARIN,1.0,2.0
2021-03-11,SPECIAL BREAD KG,1.0,4.8
2021-03-11,TRIANGLES,0.0,2.5
2021-03-12,BOULE POLKA,1.0,1.6
2021-03-12,DIVERS VIENNOISERIE,2.0,14.0
2021-03-12,FLAN,2.0,2.0
2021-03-12,FLAN ABRICOT,2.0,2.1
2021-03-12,GACHE,1.0,5.0
2021-03-12,GD KOUIGN AMANN,1.0,7.5
2021-03-12,GRAND FAR BRETON,2.0,7.0
2021-03-12,MILLES FEUILLES,5.0,2.0
2021-03-12,NANTAIS,4.0,2.5
2021-03-12,PARIS BREST,6.0,2.0
2021-03-12,SAVARIN,1.0,2.0
2021-03-12,SPECIAL BREAD KG,1.0,4.8
2021-03-12,SUCETTE,2.0,0.3
2021-03-12,VIK BREAD,10.0,2.5
2021-03-13,BOULE POLKA,2.0,1.6
2021-03-13,DEMI PAIN,1.0,0.6
2021-03-13,DIVERS CONFISERIE,2.0,3.0
2021-03-13,DIVERS VIENNOISERIE,3.0,9.333333333333334
2021-03-13,FLAN,2.0,2.0
2021-03-13,FLAN ABRICOT,2.0,2.1
2021-03-13,GACHE,1.0,5.0
2021-03-13,GD KOUIGN AMANN,5.0,7.5
2021-03-13,GRAND FAR BRETON,1.0,7.0
2021-03-13,GRANDE SUCETTE,3.0,0.6
2021-03-13,MILLES FEUILLES,6.0,2.0
2021-03-13,NANTAIS,4.0,2.5
2021-03-13,NOIX JAPONAISE,6.0,2.0
2021-03-13,PARIS BREST,4.0,2.0
2021-03-13,SAVARIN,4.0,2.0
2021-03-13,SUCETTE,4.0,0.3
2021-03-13,TARTE FRUITS 4P,1.0,9.0
2021-03-13,TARTE FRUITS 6P,3.0,12.0
2021-03-13,VIK BREAD,10.0,2.5
2021-03-14,BAGUETTE GRAINE,10.0,1.3
2021-03-14,BOULE POLKA,2.0,1.6
2021-03-14,DIVERS VIENNOISERIE,1.0,6.0
2021-03-14,FLAN,3.0,2.0
2021-03-14,FONDANT CHOCOLAT,1.0,2.5
2021-03-14,GACHE,1.0,5.0
2021-03-14,GD KOUIGN AMANN,3.0,7.5
2021-03-14,GRAND FAR BRETON,2.0,7.0
2021-03-14,GRANDE SUCETTE,1.0,0.6
2021-03-14,MILLES FEUILLES,6.0,2.0
2021-03-14,NANTAIS,2.0,2.5
2021-03-14,NOIX JAPONAISE,9.0,2.0
2021-03-14,PARIS BREST,2.0,2.0
2021-03-14,SACHET VIENNOISERIE,1.0,4.0
2021-03-14,SAVARIN,7.0,2.0
2021-03-14,SPECIAL BREAD KG,1.0,4.8
2021-03-14,SUCETTE,2.0,0.3
2021-03-14,TARTE FRUITS 4P,3.0,9.0
2021-03-14,TARTE FRUITS 6P,1.0,12.0
2021-03-14,VIK BREAD,10.0,2.5
2021-03-15,BOULE POLKA,1.0,1.6
2021-03-15,DIVERS BOULANGERIE,1.0,2.0
2021-03-15,DIVERS SANDWICHS,2.0,2.5
2021-03-15,DIVERS VIENNOISERIE,2.0,11.0
2021-03-15,FONDANT CHOCOLAT,2.0,2.5
2021-03-15,GACHE,1.0,5.0
2021-03-15,GRAND FAR BRETON,3.0,7.0
2021-03-15,NOIX JAPONAISE,1.0,2.0
2021-03-16,BAGUETTE APERO,1.0,4.5
2021-03-16,BOULE POLKA,1.0,1.6
2021-03-16,DIVERS CONFISERIE,1.0,3.0
2021-03-16,DIVERS SANDWICHS,6.0,2.5
2021-03-16,FONDANT CHOCOLAT,2.0,2.5
2021-03-16,GACHE,1.0,5.0
2021-03-16,GRAND FAR BRETON,1.0,7.0
2021-03-16,GRANDE SUCETTE,1.0,0.6
2021-03-16,NOIX JAPONAISE,1.0,2.0
2021-03-16,SACHET VIENNOISERIE,2.0,4.0
2021-03-16,SPECIAL BREAD KG,1.0,4.8
2021-03-16,SUCETTE,3.0,0.3
2021-03-18,.,1.0,0.0
2021-03-18,BOULE POLKA,1.0,1.6
2021-03-18,DIVERS CONFISERIE,1.0,6.0
2021-03-18,DIVERS SANDWICHS,4.0,2.5
2021-03-18,FLAN,1.0,2.0
2021-03-18,FLAN ABRICOT,1.0,2.1
2021-03-18,FONDANT CHOCOLAT,1.0,2.5
2021-03-18,GRAND FAR BRETON,1.0,7.0
2021-03-18,GRANDE SUCETTE,1.0,0.6
2021-03-18,NANTAIS,4.0,2.5
2021-03-18,PARIS BREST,2.0,2.0
2021-03-18,SAVARIN,3.0,2.0
2021-03-18,SUCETTE,7.0,0.3
2021-03-18,TROPEZIENNE,4.0,2.0
2021-03-18,TROPEZIENNE FRAMBOISE,3.0,2.1
2021-03-19,DIVERS BOULANGERIE,1.0,3.0
2021-03-19,DIVERS SANDWICHS,1.0,2.5
2021-03-19,DIVERS VIENNOISERIE,2.0,6.0
2021-03-19,FONDANT CHOCOLAT,1.0,2.5
2021-03-19,GACHE,1.0,5.0
2021-03-19,GRAND FAR BRETON,1.0,7.0
2021-03-19,GRANDE SUCETTE,1.0,0.6
2021-03-19,MILLES FEUILLES,3.0,2.0
2021-03-19,SACHET VIENNOISERIE,3.0,4.0
2021-03-19,SPECIAL BREAD KG,1.0,4.8
2021-03-19,SUCETTE,4.0,0.3
2021-03-19,TROPEZIENNE FRAMBOISE,1.0,2.1
2021-03-19,VIK BREAD,8.0,2.5
2021-03-20,BOULE POLKA,1.0,1.6
2021-03-20,DIVERS VIENNOISERIE,5.0,7.25
2021-03-20,FONDANT CHOCOLAT,3.0,2.5
2021-03-20,GD KOUIGN AMANN,2.0,7.5
2021-03-20,GRAND FAR BRETON,2.0,7.0
2021-03-20,MILLES FEUILLES,4.0,2.0
2021-03-20,NANTAIS,4.0,2.5
2021-03-20,PARIS BREST,4.0,2.0
2021-03-20,ROYAL 6P,1.0,18.0
2021-03-20,SACHET VIENNOISERIE,1.0,4.0
2021-03-20,SAVARIN,2.0,2.0
2021-03-20,SPECIAL BREAD KG,1.0,4.8
2021-03-20,SUCETTE,7.0,0.3
2021-03-20,TROPEZIENNE,5.0,2.0
2021-03-20,TROPEZIENNE FRAMBOISE,1.0,2.1
2021-03-20,VIK BREAD,10.0,2.5
2021-03-21,BAGUETTE GRAINE,9.0,1.3
2021-03-21,BOULE POLKA,2.0,1.6
2021-03-21,BRIOCHETTE,2.0,0.8
2021-03-21,CHOU CHANTILLY,7.0,2.0
2021-03-21,DIVERS BOULANGERIE,1.0,1.0
2021-03-21,DIVERS PATISSERIE,1.0,14.0
2021-03-21,DIVERS VIENNOISERIE,1.0,11.0
2021-03-21,FLAN,3.0,2.0
2021-03-21,FLAN ABRICOT,4.0,2.1
2021-03-21,FONDANT CHOCOLAT,5.0,2.5
2021-03-21,GACHE,1.0,5.0
2021-03-21,GD KOUIGN AMANN,1.0,7.5
2021-03-21,GRAND FAR BRETON,4.0,7.0
2021-03-21,MILLES FEUILLES,6.0,2.0
2021-03-21,NANTAIS,7.0,2.5
2021-03-21,NOIX JAPONAISE,5.0,2.0
2021-03-21,PARIS BREST,7.0,2.0
2021-03-21,ROYAL,3.0,3.0
2021-03-21,SACHET VIENNOISERIE,2.0,4.0
2021-03-21,SAVARIN,4.0,2.0
2021-03-21,SPECIAL BREAD KG,1.0,4.8
2021-03-21,SUCETTE,2.0,0.3
2021-03-21,TARTE FRUITS 4P,3.0,9.0
2021-03-21,TARTE FRUITS 6P,3.0,12.0
2021-03-21,TROPEZIENNE,3.0,2.0
2021-03-21,TROPEZIENNE FRAMBOISE,2.0,2.1
2021-03-21,VIK BREAD,13.0,2.5
2021-03-22,DIVERS BOULANGERIE,1.0,3.0
2021-03-22,DIVERS SANDWICHS,2.0,2.5
2021-03-22,DIVERS VIENNOISERIE,1.0,11.0
2021-03-22,FLAN ABRICOT,1.0,2.1
2021-03-22,GD KOUIGN AMANN,1.0,7.5
2021-03-22,GRAND FAR BRETON,1.0,7.0
2021-03-22,NANTAIS,1.0,2.5
2021-03-22,SUCETTE,1.0,0.3
2021-03-23,BOULE POLKA,2.0,1.6
2021-03-23,DIVERS BOULANGERIE,1.0,1.0
2021-03-23,DIVERS PATISSERIE,2.0,1.0
2021-03-23,DIVERS SANDWICHS,3.0,2.5
2021-03-23,DIVERS VIENNOISERIE,1.0,1.0
2021-03-23,FONDANT CHOCOLAT,2.0,2.5
2021-03-23,GACHE,1.0,5.0
2021-03-23,GD KOUIGN AMANN,1.0,7.5
2021-03-23,PARIS BREST,1.0,2.0
2021-03-23,SACHET VIENNOISERIE,3.0,4.0
2021-03-23,SPECIAL BREAD KG,1.0,4.8
2021-03-23,SUCETTE,1.0,0.3
2021-03-25,BAGUETTE APERO,1.0,4.5
2021-03-25,DIVERS BOULANGERIE,2.0,1.0
2021-03-25,DIVERS CONFISERIE,1.0,3.0
2021-03-25,DIVERS SANDWICHS,2.0,2.5
2021-03-25,DIVERS VIENNOISERIE,1.0,6.0
2021-03-25,GACHE,1.0,5.0
2021-03-25,NANTAIS,4.0,2.5
2021-03-25,PARIS BREST,3.0,2.0
2021-03-25,SACHET DE CROUTON,1.0,1.6
2021-03-25,SUCETTE,1.0,0.3
2021-03-25,TROPEZIENNE FRAMBOISE,1.0,2.1
2021-03-26,BOULE POLKA,1.0,1.6
2021-03-26,DIVERS CONFISERIE,1.0,3.0
2021-03-26,DIVERS SANDWICHS,7.0,2.857142857142857
2021-03-26,FLAN,2.0,2.0
2021-03-26,FLAN ABRICOT,3.0,2.1
2021-03-26,FONDANT CHOCOLAT,2.0,2.5
2021-03-26,GACHE,2.0,5.0
2021-03-26,GRAND FAR BRETON,1.0,7.0
2021-03-26,MILLES FEUILLES,2.0,2.0
2021-03-26,NANTAIS,2.0,2.5
2021-03-26,NOIX JAPONAISE,2.0,2.0
2021-03-26,SACHET DE CROUTON,1.0,1.6000000000000003
2021-03-26,SACHET VIENNOISERIE,2.0,4.0
2021-03-26,SPECIAL BREAD KG,1.0,4.8
2021-03-26,VIK BREAD,10.0,2.5
2021-03-27,BOULE POLKA,1.0,1.6
2021-03-27,DIVERS VIENNOISERIE,3.0,7.666666666666667
2021-03-27,FLAN,4.0,2.0
2021-03-27,FLAN ABRICOT,6.0,2.1
2021-03-27,FONDANT CHOCOLAT,3.0,2.5
2021-03-27,GD KOUIGN AMANN,1.0,7.5
2021-03-27,GRAND FAR BRETON,2.0,7.0
2021-03-27,GRANDE SUCETTE,1.0,0.6
2021-03-27,MILLES FEUILLES,5.0,2.0
2021-03-27,NANTAIS,6.0,2.5
2021-03-27,NOIX JAPONAISE,3.0,2.0
2021-03-27,PARIS BREST,4.0,2.0
2021-03-27,SACHET DE CROUTON,1.0,1.6
2021-03-27,SPECIAL BREAD KG,1.0,4.8
2021-03-27,SUCETTE,1.0,0.3
2021-03-27,TARTE FRUITS 4P,2.0,9.0
2021-03-27,TARTE FRUITS 6P,2.0,12.0
2021-03-27,VIK BREAD,6.0,2.5
2021-03-28,BAGUETTE GRAINE,10.0,1.3
2021-03-28,BOULE POLKA,1.0,1.6
2021-03-28,BRIOCHETTE,1.0,0.8
2021-03-28,DIVERS BOULANGERIE,1.0,2.0
2021-03-28,DIVERS CONFISERIE,3.0,3.0
2021-03-28,DIVERS VIENNOISERIE,2.0,8.5
2021-03-28,FLAN,7.0,2.0
2021-03-28,FLAN ABRICOT,2.0,2.1
2021-03-28,FONDANT CHOCOLAT,2.0,2.5
2021-03-28,GD KOUIGN AMANN,3.0,7.5
2021-03-28,GRAND FAR BRETON,2.0,7.0
2021-03-28,GRANDE SUCETTE,1.0,0.6
2021-03-28,MILLES FEUILLES,7.0,2.0
2021-03-28,NANTAIS,5.0,2.5
2021-03-28,NOIX JAPONAISE,2.0,2.0
2021-03-28,PARIS BREST,6.0,2.0
2021-03-28,SACHET VIENNOISERIE,4.0,4.0
2021-03-28,SPECIAL BREAD KG,1.0,4.8
2021-03-28,SUCETTE,6.0,0.3
2021-03-28,TARTE FRAISE 4PER,2.0,12.0
2021-03-28,TARTE FRAISE 6P,1.0,18.0
2021-03-28,TARTE FRUITS 4P,3.0,9.0
2021-03-28,TARTELETTE FRAISE,7.0,3.0
2021-03-28,TROPEZIENNE FRAMBOISE,5.0,2.1
2021-03-28,VIK BREAD,12.0,2.5
2021-03-29,CHOU CHANTILLY,1.0,2.0
2021-03-29,DIVERS BOULANGERIE,1.0,3.0
2021-03-29,FONDANT CHOCOLAT,1.0,2.5
2021-03-29,GACHE,1.0,5.0
2021-03-29,GRAND FAR BRETON,2.0,7.0
2021-03-29,NANTAIS,1.0,2.5
2021-03-29,PARIS BREST,1.0,2.0
2021-03-29,SACHET VIENNOISERIE,4.0,4.0
2021-03-29,SPECIAL BREAD KG,1.0,4.8
2021-03-29,SUCETTE,1.0,0.3
2021-03-29,TARTELETTE FRAISE,4.0,3.0
2021-03-29,TRIANGLES,4.0,2.5
2021-03-30,BOULE POLKA,1.0,1.6
2021-03-30,CHOU CHANTILLY,4.0,2.0
2021-03-30,DIVERS CONFISERIE,1.0,3.0
2021-03-30,DIVERS PATISSERIE,1.0,1.0
2021-03-30,DIVERS VIENNOISERIE,1.0,1.0
2021-03-30,GD KOUIGN AMANN,1.0,7.5
2021-03-30,GRAND FAR BRETON,3.0,7.0
2021-03-30,NANTAIS,4.0,2.5
2021-03-30,NOIX JAPONAISE,1.0,2.0
2021-03-30,PARIS BREST,1.0,2.0
2021-03-30,SACHET DE CROUTON,1.0,1.6
2021-03-30,SACHET VIENNOISERIE,3.0,4.0
2021-03-30,SPECIAL BREAD KG,1.0,4.8
2021-03-30,SUCETTE,1.0,0.3
2021-03-30,TARTE FRUITS 4P,1.0,9.0
2021-03-30,TARTELETTE FRAISE,1.0,3.0
2021-03-30,TRIANGLES,3.0,2.5
2021-04-01,DIVERS VIENNOISERIE,2.0,3.5
2021-04-01,FLAN,5.0,2.0
2021-04-01,FLAN ABRICOT,2.0,2.1
2021-04-01,FONDANT CHOCOLAT,1.0,2.5
2021-04-01,GRAND FAR BRETON,1.0,7.0
2021-04-01,NANTAIS,1.0,2.5
2021-04-01,SACHET DE CROUTON,1.0,1.6
2021-04-01,SPECIAL BREAD KG,1.0,4.8
2021-04-01,SUCETTE,3.0,0.3
2021-04-01,TROPEZIENNE,3.0,2.0
2021-04-01,TROPEZIENNE FRAMBOISE,4.0,2.1
2021-04-02,BAGUETTE APERO,1.0,4.5
2021-04-02,DIVERS BOULANGERIE,1.0,6.0
2021-04-02,DIVERS CONFISERIE,1.0,3.0
2021-04-02,DIVERS PATISSERIE,4.0,4.375
2021-04-02,DIVERS SANDWICHS,1.0,3.5
2021-04-02,DIVERS VIENNOISERIE,4.0,2.75
2021-04-02,FLAN,1.0,2.0
2021-04-02,FONDANT CHOCOLAT,3.0,2.5
2021-04-02,FRAISIER,6.0,3.0
2021-04-02,GACHE,1.0,5.0
2021-04-02,GRAND FAR BRETON,3.0,7.0
2021-04-02,MILLES FEUILLES,4.0,2.0
2021-04-02,NANTAIS,2.0,2.5
2021-04-02,PARIS BREST,1.0,2.0
2021-04-02,SPECIAL BREAD KG,1.0,4.8
2021-04-02,TARTELETTE FRAISE,4.0,3.0
2021-04-02,VIK BREAD,10.0,2.5
2021-04-03,BOULE POLKA,1.0,1.6
2021-04-03,BRIOCHETTE,2.0,0.8
2021-04-03,CHOCOLAT,1.0,1.5
2021-04-03,DIVERS BOULANGERIE,1.0,2.0
2021-04-03,DIVERS CONFISERIE,2.0,3.0
2021-04-03,DIVERS PATISSERIE,6.0,4.5
2021-04-03,DIVERS VIENNOISERIE,5.0,5.6
2021-04-03,FLAN,1.0,2.0
2021-04-03,FLAN ABRICOT,2.0,2.1
2021-04-03,FONDANT CHOCOLAT,2.0,2.5
2021-04-03,FRAISIER,7.0,3.0
2021-04-03,GACHE,1.0,5.0
2021-04-03,GD KOUIGN AMANN,7.0,7.5
2021-04-03,GRAND FAR BRETON,3.0,7.0
2021-04-03,NID DE POULE,1.0,2.5
2021-04-03,PARIS BREST,6.0,2.0
2021-04-03,SPECIAL BREAD KG,1.0,4.8
2021-04-03,SUCETTE,1.0,0.3
2021-04-03,TARTE FRAISE 4PER,1.0,12.0
2021-04-03,TARTE FRUITS 4P,1.0,9.0
2021-04-03,TARTE FRUITS 6P,1.0,12.0
2021-04-03,TARTELETTE FRAISE,3.0,3.0
2021-04-03,VIK BREAD,10.0,2.5
2021-04-04,.,1.0,0.0
2021-04-04,BAGUETTE GRAINE,9.0,1.3
2021-04-04,BOULE POLKA,1.0,1.6
2021-04-04,CHOU CHANTILLY,2.0,2.0
2021-04-04,DIVERS BOULANGERIE,1.0,1.0
2021-04-04,DIVERS CONFISERIE,2.0,4.5
2021-04-04,DIVERS PATISSERIE,3.0,8.666666666666666
2021-04-04,DIVERS VIENNOISERIE,2.0,8.5
2021-04-04,FONDANT CHOCOLAT,1.0,2.5
2021-04-04,FRAISIER,20.0,3.0
2021-04-04,GACHE,1.0,5.0
2021-04-04,GD KOUIGN AMANN,7.0,7.5
2021-04-04,GRAND FAR BRETON,6.0,7.0
2021-04-04,MILLES FEUILLES,4.0,2.0
2021-04-04,NANTAIS,8.0,2.5
2021-04-04,NID DE POULE,34.0,2.5
2021-04-04,NOIX JAPONAISE,7.0,2.0
2021-04-04,PARIS BREST,6.0,2.0
2021-04-04,ROYAL,6.0,3.0
2021-04-04,ROYAL 6P,4.0,18.0
2021-04-04,SAVARIN,14.0,2.0
2021-04-04,SPECIAL BREAD KG,2.0,4.8
2021-04-04,SUCETTE,3.0,0.3
2021-04-04,TARTE FRAISE 4PER,5.0,12.0
2021-04-04,TARTE FRAISE 6P,3.0,18.0
2021-04-04,TARTE FRUITS 4P,2.0,9.0
2021-04-04,TARTE FRUITS 6P,3.0,12.0
2021-04-04,TARTELETTE CHOC,4.0,2.5
2021-04-04,TARTELETTE FRAISE,23.0,3.0
2021-04-04,VIK BREAD,10.0,2.5
2021-04-05,BAGUETTE GRAINE,9.0,1.3
2021-04-05,CHOU CHANTILLY,3.0,2.0
2021-04-05,DIVERS CONFISERIE,1.0,3.0
2021-04-05,DIVERS PATISSERIE,1.0,7.0
2021-04-05,DIVERS VIENNOISERIE,1.0,11.0
2021-04-05,FLAN,2.0,2.0
2021-04-05,FONDANT CHOCOLAT,2.0,2.5
2021-04-05,FRAISIER,5.0,3.0
2021-04-05,GACHE,2.0,5.0
2021-04-05,GD KOUIGN AMANN,2.0,7.5
2021-04-05,GRAND FAR BRETON,1.0,7.0
2021-04-05,MILLES FEUILLES,4.0,2.0
2021-04-05,NANTAIS,2.0,2.5
2021-04-05,PAIN DE MIE,2.0,2.0
2021-04-05,PARIS BREST,3.0,2.0
2021-04-05,SACHET DE CROUTON,2.0,1.6
2021-04-05,TARTE FRAISE 4PER,2.0,12.0
2021-04-05,TARTE FRAISE 6P,2.0,18.0
2021-04-05,TARTE FRUITS 4P,2.0,9.0
2021-04-05,TARTELETTE CHOC,1.0,2.5
2021-04-05,TARTELETTE FRAISE,7.0,3.0
2021-04-05,VIK BREAD,8.0,2.5
2021-04-06,DIVERS PATISSERIE,8.0,2.7142857142857144
2021-04-06,DIVERS VIENNOISERIE,1.0,6.0
2021-04-06,GACHE,1.0,5.0
2021-04-06,GD KOUIGN AMANN,3.0,7.5
2021-04-06,GRANDE SUCETTE,2.0,0.6
2021-04-06,NANTAIS,1.0,2.5
2021-04-06,PARIS BREST,1.0,2.0
2021-04-06,SACHET VIENNOISERIE,3.0,4.0
2021-04-06,SPECIAL BREAD KG,1.0,4.8
2021-04-06,SUCETTE,1.0,0.3
2021-04-06,VIK BREAD,8.0,2.5
2021-04-08,BOULE POLKA,1.0,1.6
2021-04-08,DIVERS CONFISERIE,2.0,3.0
2021-04-08,DIVERS VIENNOISERIE,1.0,11.0
2021-04-08,FLAN,2.0,2.0
2021-04-08,FLAN ABRICOT,3.0,2.1
2021-04-08,FONDANT CHOCOLAT,2.0,2.5
2021-04-08,GD KOUIGN AMANN,1.0,7.5
2021-04-08,GRANDE SUCETTE,1.0,0.6
2021-04-08,MILLES FEUILLES,3.0,2.0
2021-04-08,SPECIAL BREAD KG,1.0,4.8
2021-04-08,TROPEZIENNE FRAMBOISE,1.0,2.1
2021-04-09,DIVERS BOULANGERIE,1.0,6.0
2021-04-09,DIVERS SANDWICHS,1.0,5.0
2021-04-09,DIVERS VIENNOISERIE,1.0,6.0
2021-04-09,FLAN,2.0,2.0
2021-04-09,FLAN ABRICOT,1.0,2.1
2021-04-09,FONDANT CHOCOLAT,1.0,2.5
2021-04-09,GRAND FAR BRETON,1.0,7.0
2021-04-09,MILLES FEUILLES,1.0,2.0
2021-04-09,NANTAIS,2.0,2.5
2021-04-09,NOIX JAPONAISE,1.0,2.0
2021-04-09,PARIS BREST,5.0,2.0
2021-04-09,SACHET VIENNOISERIE,1.0,4.0
2021-04-09,SAVARIN,5.0,2.0
2021-04-09,TARTE FRUITS 4P,1.0,9.0
2021-04-09,TROPEZIENNE FRAMBOISE,2.0,2.1
2021-04-09,VIK BREAD,8.0,2.5
2021-04-10,BRIOCHETTE,2.0,0.8
2021-04-10,CHOU CHANTILLY,1.0,2.0
2021-04-10,DIVERS BOULANGERIE,1.0,10.0
2021-04-10,DIVERS PATISSERIE,1.0,14.0
2021-04-10,DIVERS VIENNOISERIE,1.0,6.0
2021-04-10,FLAN,1.0,2.0
2021-04-10,FONDANT CHOCOLAT,2.0,2.5
2021-04-10,FRAISIER,7.0,3.0
2021-04-10,GD KOUIGN AMANN,1.0,7.5
2021-04-10,GRAND FAR BRETON,3.0,7.0
2021-04-10,MILLES FEUILLES,4.0,2.0
2021-04-10,NANTAIS,4.0,2.5
2021-04-10,NOIX JAPONAISE,1.0,2.0
2021-04-10,PARIS BREST,5.0,2.0
2021-04-10,SACHET VIENNOISERIE,2.0,4.0
2021-04-10,SPECIAL BREAD KG,1.0,4.8
2021-04-10,SUCETTE,2.0,0.3
2021-04-10,TARTE FRAISE 4PER,1.0,12.0
2021-04-10,TARTE FRAISE 6P,1.0,18.0
2021-04-10,TARTE FRUITS 6P,1.0,12.0
2021-04-10,TARTELETTE FRAISE,3.0,3.0
2021-04-10,THE,1.0,1.5
2021-04-10,TROPEZIENNE,2.0,2.0
2021-04-10,VIK BREAD,12.0,2.5
2021-04-11,BAGUETTE GRAINE,9.0,1.3
2021-04-11,BRIOCHETTE,1.0,0.8
2021-04-11,CHOU CHANTILLY,4.0,2.0
2021-04-11,DIVERS PATISSERIE,2.0,9.0
2021-04-11,DIVERS VIENNOISERIE,1.0,6.0
2021-04-11,FRAISIER,9.0,3.0
2021-04-11,GACHE,2.0,5.0
2021-04-11,GD KOUIGN AMANN,2.0,7.5
2021-04-11,GRAND FAR BRETON,1.0,7.0
2021-04-11,GRANDE SUCETTE,3.0,0.6
2021-04-11,MILLES FEUILLES,6.0,2.0
2021-04-11,NOIX JAPONAISE,4.0,2.0
2021-04-11,PARIS BREST,1.0,2.0
2021-04-11,ROYAL 4P,1.0,12.0
2021-04-11,ROYAL 6P,2.0,18.0
2021-04-11,SACHET VIENNOISERIE,1.0,4.0
2021-04-11,SAVARIN,4.0,2.0
2021-04-11,SPECIAL BREAD KG,1.0,4.8
2021-04-11,SUCETTE,5.0,0.3
2021-04-11,TARTE FRAISE 4PER,2.0,12.0
2021-04-11,TARTE FRAISE 6P,2.0,18.0
2021-04-11,TARTE FRUITS 4P,1.0,9.0
2021-04-11,TARTE FRUITS 6P,1.0,12.0
2021-04-11,TARTELETTE FRAISE,7.0,3.0
2021-04-11,VIK BREAD,8.0,2.5
2021-04-12,BOULE POLKA,1.0,1.6
2021-04-12,CHOU CHANTILLY,2.0,2.0
2021-04-12,DIVERS BOULANGERIE,2.0,4.0
2021-04-12,DIVERS CONFISERIE,1.0,3.0
2021-04-12,DIVERS PATISSERIE,1.0,7.0
2021-04-12,DIVERS SANDWICHS,7.0,3.3333333333333335
2021-04-12,DIVERS VIENNOISERIE,1.0,6.0
2021-04-12,FLAN,3.0,2.0
2021-04-12,GACHE,1.0,5.0
2021-04-12,GD KOUIGN AMANN,2.0,7.5
2021-04-12,GRAND FAR BRETON,1.0,7.0
2021-04-12,GRANDE SUCETTE,6.0,0.6
2021-04-12,MILLES FEUILLES,2.0,2.0
2021-04-12,NANTAIS,2.0,2.5
2021-04-12,NOIX JAPONAISE,1.0,2.0
2021-04-12,PARIS BREST,2.0,2.0
2021-04-12,SACHET DE CROUTON,1.0,1.6
2021-04-12,SACHET VIENNOISERIE,1.0,4.0
2021-04-12,SAVARIN,2.0,2.0
2021-04-12,SUCETTE,4.0,0.3
2021-04-12,TROPEZIENNE FRAMBOISE,1.0,2.1
2021-04-13,BOULE POLKA,1.0,1.6
2021-04-13,DIVERS BOULANGERIE,1.0,2.0
2021-04-13,DIVERS CONFISERIE,2.0,3.0
2021-04-13,DIVERS SANDWICHS,3.0,2.5
2021-04-13,FONDANT CHOCOLAT,4.0,2.5
2021-04-13,GACHE,1.0,5.0
2021-04-13,GD KOUIGN AMANN,1.0,7.5
2021-04-13,GRAND FAR BRETON,2.0,7.0
2021-04-13,GRANDE SUCETTE,2.0,0.6
2021-04-13,MILLES FEUILLES,1.0,2.0
2021-04-13,NANTAIS,4.0,2.5
2021-04-13,NOIX JAPONAISE,3.0,2.0
2021-04-13,PAIN S/SEL,1.0,1.5
2021-04-13,PARIS BREST,2.0,2.0
2021-04-13,SACHET VIENNOISERIE,2.0,4.0
2021-04-13,SAVARIN,3.0,2.0
2021-04-13,SPECIAL BREAD KG,1.0,4.8
2021-04-13,SUCETTE,2.0,0.3
2021-04-13,TROPEZIENNE FRAMBOISE,2.0,2.1
2021-04-14,BAGUETTE APERO,1.0,4.5
2021-04-14,DIVERS BOULANGERIE,1.0,1.0
2021-04-14,DIVERS VIENNOISERIE,1.0,6.0
2021-04-14,FONDANT CHOCOLAT,6.0,2.5
2021-04-14,GD KOUIGN AMANN,1.0,7.5
2021-04-14,GRANDE SUCETTE,1.0,0.6
2021-04-14,MILLES FEUILLES,3.0,2.0
2021-04-14,NANTAIS,5.0,2.5
2021-04-14,PARIS BREST,1.0,2.0
2021-04-14,TRIANGLES,10.0,2.5
2021-04-15,DIVERS VIENNOISERIE,3.0,9.333333333333334
2021-04-15,FLAN,3.0,2.0
2021-04-15,FLAN ABRICOT,5.0,2.1
2021-04-15,FONDANT CHOCOLAT,4.0,2.5
2021-04-15,GRAND FAR BRETON,1.0,7.0
2021-04-15,GRANDE SUCETTE,1.0,0.6
2021-04-15,MILLES FEUILLES,1.0,2.0
2021-04-15,NANTAIS,6.0,2.5
2021-04-15,PARIS BREST,3.0,2.0
2021-04-15,SACHET DE CROUTON,1.0,1.6
2021-04-15,SACHET VIENNOISERIE,1.0,4.0
2021-04-15,SPECIAL BREAD KG,1.0,4.8
2021-04-15,TARTELETTE FRAISE,5.0,3.0
2021-04-15,TRIANGLES,7.0,2.5
2021-04-16,BAGUETTE APERO,1.0,4.5
2021-04-16,BOULE POLKA,1.0,1.6
2021-04-16,DIVERS CONFISERIE,2.0,3.0
2021-04-16,DIVERS VIENNOISERIE,1.0,6.0
2021-04-16,FLAN,3.0,2.0
2021-04-16,FLAN ABRICOT,2.0,2.1
2021-04-16,GD KOUIGN AMANN,1.0,7.5
2021-04-16,GRANDE SUCETTE,1.0,0.6
2021-04-16,MILLES FEUILLES,1.0,2.0
2021-04-16,NANTAIS,6.0,2.5
2021-04-16,PARIS BREST,3.0,2.0
2021-04-16,SACHET VIENNOISERIE,1.0,4.0
2021-04-16,SPECIAL BREAD KG,1.0,4.8
2021-04-16,SUCETTE,6.0,0.3
2021-04-16,TRIANGLES,1.0,2.5
2021-04-16,VIK BREAD,10.0,2.5
2021-04-17,BOULE POLKA,1.0,1.6
2021-04-17,BRIOCHETTE,2.0,0.8
2021-04-17,CHOU CHANTILLY,1.0,2.0
2021-04-17,DIVERS BOULANGERIE,1.0,1.0
2021-04-17,DIVERS CONFISERIE,1.0,3.0
2021-04-17,DIVERS PATISSERIE,2.0,7.0
2021-04-17,DIVERS VIENNOISERIE,4.0,10.0
2021-04-17,FLAN ABRICOT,2.0,2.1
2021-04-17,FRAISIER,5.0,3.0
2021-04-17,GACHE,1.0,5.0
2021-04-17,GD KOUIGN AMANN,3.0,7.5
2021-04-17,GRAND FAR BRETON,2.0,7.0
2021-04-17,GRANDE SUCETTE,4.0,0.6
2021-04-17,MILLES FEUILLES,4.0,2.0
2021-04-17,NANTAIS,4.0,2.5
2021-04-17,PARIS BREST,2.0,2.0
2021-04-17,SPECIAL BREAD KG,1.0,4.8
2021-04-17,SUCETTE,5.0,0.3
2021-04-17,TARTE FRAISE 6P,1.0,18.0
2021-04-17,TARTE FRUITS 6P,1.0,12.0
2021-04-17,TARTELETTE FRAISE,3.0,3.0
2021-04-17,VIK BREAD,10.0,2.5
2021-04-18,BAGUETTE GRAINE,20.0,1.3
2021-04-18,BOULE POLKA,2.0,1.6
2021-04-18,BRIOCHETTE,3.0,0.8
2021-04-18,CHOU CHANTILLY,5.0,2.0
2021-04-18,DIVERS PATISSERIE,1.0,7.0
2021-04-18,DIVERS VIENNOISERIE,2.0,6.0
2021-04-18,FONDANT CHOCOLAT,3.0,2.5
2021-04-18,FRAISIER,14.0,3.0
2021-04-18,GACHE,1.0,5.0
2021-04-18,GD KOUIGN AMANN,4.0,7.5
2021-04-18,GRAND FAR BRETON,2.0,7.0
2021-04-18,GRANDE SUCETTE,1.0,0.6
2021-04-18,MILLES FEUILLES,3.0,2.0
2021-04-18,NANTAIS,5.0,2.5
2021-04-18,NOIX JAPONAISE,4.0,2.0
2021-04-18,PAIN DE MIE,1.0,2.0
2021-04-18,PARIS BREST,5.0,2.0
2021-04-18,ROYAL 4P,2.0,12.0
2021-04-18,ROYAL 6P,1.0,18.0
2021-04-18,SACHET VIENNOISERIE,1.0,4.0
2021-04-18,SPECIAL BREAD KG,1.0,4.8
2021-04-18,SUCETTE,10.0,0.3
2021-04-18,TARTE FRAISE 6P,1.0,18.0
2021-04-18,TARTE FRUITS 4P,2.0,9.0
2021-04-18,TARTE FRUITS 6P,3.0,12.0
2021-04-18,TARTELETTE CHOC,1.0,2.5
2021-04-18,TARTELETTE FRAISE,4.0,3.0
2021-04-18,VIK BREAD,10.0,2.5
2021-04-19,BOULE POLKA,1.0,1.6
2021-04-19,CHOCOLAT,1.0,1.5
2021-04-19,DIVERS BOULANGERIE,2.0,3.5
2021-04-19,DIVERS SANDWICHS,3.0,3.3333333333333335
2021-04-19,FLAN,1.0,2.0
2021-04-19,FONDANT CHOCOLAT,5.0,2.5
2021-04-19,GRAND FAR BRETON,1.0,7.0
2021-04-19,MILLES FEUILLES,1.0,2.0
2021-04-19,NANTAIS,1.0,2.5
2021-04-19,SUCETTE,1.0,0.3
2021-04-19,TARTE FRAISE 4PER,2.0,12.0
2021-04-19,TARTELETTE FRAISE,2.0,3.0
2021-04-19,VIK BREAD,1.0,2.5
2021-04-20,BOULE POLKA,2.0,1.6
2021-04-20,CHOCOLAT,3.0,1.5
2021-04-20,DIVERS CONFISERIE,3.0,3.0
2021-04-20,DIVERS SANDWICHS,4.0,3.125
2021-04-20,DIVERS VIENNOISERIE,1.0,11.0
2021-04-20,FONDANT CHOCOLAT,1.0,2.5
2021-04-20,GACHE,1.0,5.0
2021-04-20,GD KOUIGN AMANN,1.0,7.5
2021-04-20,GRAND FAR BRETON,2.0,7.0
2021-04-20,MILLES FEUILLES,4.0,2.0
2021-04-20,NANTAIS,2.0,2.5
2021-04-20,NOIX JAPONAISE,2.0,2.0
2021-04-20,PARIS BREST,3.0,2.0
2021-04-20,SPECIAL BREAD KG,1.0,4.8
2021-04-21,BOULE POLKA,1.0,1.6
2021-04-21,DIVERS VIENNOISERIE,3.0,7.5
2021-04-21,FONDANT CHOCOLAT,5.0,2.5
2021-04-21,GRAND FAR BRETON,1.0,7.0
2021-04-21,NANTAIS,2.0,2.5
2021-04-21,NOIX JAPONAISE,2.0,2.0
2021-04-21,PAIN DE MIE,1.0,2.0
2021-04-21,PARIS BREST,3.0,2.0
2021-04-21,SACHET VIENNOISERIE,1.0,4.0
2021-04-21,SPECIAL BREAD KG,1.0,4.8
2021-04-21,TRIANGLES,2.0,2.5
2021-04-21,TROPEZIENNE FRAMBOISE,1.0,2.1
2021-04-22,BOULE POLKA,1.0,1.6
2021-04-22,DIVERS BOULANGERIE,2.0,6.75
2021-04-22,DIVERS CONFISERIE,4.0,6.75
2021-04-22,DIVERS PATISSERIE,1.0,7.5
2021-04-22,DIVERS VIENNOISERIE,1.0,11.0
2021-04-22,FLAN,4.0,2.0
2021-04-22,FLAN ABRICOT,4.0,2.1
2021-04-22,FONDANT CHOCOLAT,1.0,2.5
2021-04-22,GRAND FAR BRETON,3.0,7.0
2021-04-22,GRANDE SUCETTE,1.0,0.6
2021-04-22,MILLES FEUILLES,4.0,2.0
2021-04-22,NANTAIS,3.0,2.5
2021-04-22,SACHET VIENNOISERIE,1.0,4.0
2021-04-22,SPECIAL BREAD KG,1.0,4.8
2021-04-22,SUCETTE,2.0,0.3
2021-04-23,BOULE POLKA,1.0,1.6
2021-04-23,BRIOCHETTE,2.0,0.8
2021-04-23,CHOU CHANTILLY,5.0,2.0
2021-04-23,DIVERS BOULANGERIE,1.0,4.0
2021-04-23,FLAN ABRICOT,1.0,2.1
2021-04-23,FRAISIER,1.0,3.0
2021-04-23,GRAND FAR BRETON,1.0,7.0
2021-04-23,MILLES FEUILLES,1.0,2.0
2021-04-23,NANTAIS,4.0,2.5
2021-04-23,PARIS BREST,2.0,2.0
2021-04-23,SACHET VIENNOISERIE,1.0,4.0
2021-04-23,SPECIAL BREAD KG,1.0,4.8
2021-04-23,SUCETTE,9.0,0.3
2021-04-23,TARTE FRAISE 4PER,1.0,12.0
2021-04-23,TARTELETTE FRAISE,1.0,3.0
2021-04-23,TRIANGLES,1.0,2.5
2021-04-23,VIK BREAD,11.0,2.5
2021-04-24,BRIOCHETTE,4.0,0.8000000000000002
2021-04-24,DIVERS VIENNOISERIE,4.0,11.25
2021-04-24,FLAN,3.0,2.0
2021-04-24,FLAN ABRICOT,2.0,2.1
2021-04-24,FONDANT CHOCOLAT,3.0,2.5
2021-04-24,FRAISIER,3.0,3.0
2021-04-24,GRAND FAR BRETON,1.0,7.0
2021-04-24,GRANDE SUCETTE,1.0,0.6
2021-04-24,MILLES FEUILLES,4.0,2.0
2021-04-24,NANTAIS,6.0,2.5
2021-04-24,PAIN DE MIE,1.0,2.0
2021-04-24,PARIS BREST,5.0,2.0
2021-04-24,SACHET VIENNOISERIE,2.0,4.0
2021-04-24,SPECIAL BREAD KG,1.0,4.8
2021-04-24,SUCETTE,4.0,0.3
2021-04-24,TARTE FRAISE 4PER,1.0,12.0
2021-04-24,TARTE FRUITS 6P,1.0,12.0
2021-04-24,TARTELETTE FRAISE,6.0,3.0
2021-04-24,VIK BREAD,8.0,2.5
2021-04-25,BAGUETTE GRAINE,9.0,1.3
2021-04-25,BOULE POLKA,1.0,1.6
2021-04-25,BRIOCHETTE,4.0,0.8000000000000002
2021-04-25,CHOU CHANTILLY,3.0,2.0
2021-04-25,DIVERS BOULANGERIE,1.0,6.0
2021-04-25,DIVERS CONFISERIE,1.0,3.0
2021-04-25,DIVERS PATISSERIE,1.0,7.0
2021-04-25,DIVERS VIENNOISERIE,6.0,7.833333333333333
2021-04-25,FLAN,2.0,2.0
2021-04-25,FLAN ABRICOT,3.0,2.1
2021-04-25,FONDANT CHOCOLAT,4.0,2.5
2021-04-25,FRAISIER,6.0,3.0
2021-04-25,GRAND FAR BRETON,2.0,7.0
2021-04-25,MILLES FEUILLES,2.0,2.0
2021-04-25,NANTAIS,4.0,2.5
2021-04-25,NOIX JAPONAISE,5.0,2.0
2021-04-25,PARIS BREST,3.0,2.0
2021-04-25,ROYAL 4P,4.0,12.0
2021-04-25,ROYAL 6P,1.0,18.0
2021-04-25,SACHET VIENNOISERIE,3.0,4.0
2021-04-25,SAVARIN,6.0,2.0
2021-04-25,SPECIAL BREAD KG,1.0,4.8
2021-04-25,SUCETTE,1.0,0.3
2021-04-25,TARTE FRUITS 4P,4.0,9.0
2021-04-25,TARTE FRUITS 6P,3.0,12.0
2021-04-25,VIK BREAD,8.0,2.5
2021-04-26,BOULE POLKA,1.0,1.6
2021-04-26,CHOU CHANTILLY,3.0,2.0
2021-04-26,DIVERS SANDWICHS,2.0,3.75
2021-04-26,GACHE,2.0,5.0
2021-04-26,GD KOUIGN AMANN,1.0,7.5
2021-04-26,GRANDE SUCETTE,1.0,0.6
2021-04-26,NOIX JAPONAISE,1.0,2.0
2021-04-26,SACHET VIENNOISERIE,1.0,4.0
2021-04-26,VIK BREAD,0.0,2.5
2021-04-27,.,1.0,0.0
2021-04-27,BAGUETTE APERO,1.0,4.5
2021-04-27,BOULE POLKA,1.0,1.6
2021-04-27,CHOCOLAT,2.0,1.5
2021-04-27,DIVERS BOULANGERIE,2.0,4.0
2021-04-27,DIVERS PATISSERIE,2.0,6.0
2021-04-27,DIVERS SANDWICHS,4.0,2.5
2021-04-27,FLAN,1.0,2.0
2021-04-27,GRAND FAR BRETON,1.0,7.0
2021-04-27,NANTAIS,3.0,2.5
2021-04-27,SACHET VIENNOISERIE,1.0,4.0
2021-04-27,TROPEZIENNE,3.0,2.0
2021-04-28,DIVERS BOULANGERIE,1.0,1.0
2021-04-28,DIVERS VIENNOISERIE,1.0,6.0
2021-04-28,GRAND FAR BRETON,4.0,7.0
2021-04-28,MILLES FEUILLES,2.0,2.0
2021-04-28,NANTAIS,2.0,2.5
2021-04-28,NOIX JAPONAISE,2.0,2.0
2021-04-28,SACHET VIENNOISERIE,2.0,4.0
2021-04-28,TROPEZIENNE FRAMBOISE,3.0,2.1
2021-04-29,BOULE POLKA,1.0,1.6
2021-04-29,DIVERS CONFISERIE,1.0,3.0
2021-04-29,FONDANT CHOCOLAT,2.0,2.5
2021-04-29,GACHE,1.0,5.0
2021-04-29,NANTAIS,1.0,2.5
2021-04-29,SACHET VIENNOISERIE,1.0,4.0
2021-04-29,SPECIAL BREAD KG,1.0,4.8
2021-04-29,SUCETTE,1.0,0.3
2021-04-29,VIK BREAD,10.0,2.5
2021-04-30,DIVERS BOULANGERIE,3.0,4.0
2021-04-30,FONDANT CHOCOLAT,3.0,2.5
2021-04-30,GACHE,1.0,5.0
2021-04-30,GD KOUIGN AMANN,2.0,7.5
2021-04-30,MILLES FEUILLES,3.0,2.0
2021-04-30,NANTAIS,2.0,2.5
2021-04-30,NOIX JAPONAISE,2.0,2.0
2021-04-30,SACHET VIENNOISERIE,2.0,4.0
2021-04-30,TARTELETTE FRAISE,1.0,3.0
2021-04-30,TRIANGLES,2.0,2.5
2021-04-30,TROPEZIENNE,2.0,2.0
2021-04-30,TROPEZIENNE FRAMBOISE,1.0,2.1
2021-04-30,VIK BREAD,10.0,2.5
2021-05-01,BAGUETTE GRAINE,6.0,1.3
2021-05-01,BOULE POLKA,2.0,1.6
2021-05-01,CHOU CHANTILLY,1.0,2.0
2021-05-01,DIVERS CONFISERIE,2.0,3.0
2021-05-01,DIVERS PATISSERIE,2.0,3.5
2021-05-01,DIVERS VIENNOISERIE,2.0,6.0
2021-05-01,FLAN,2.0,2.0
2021-05-01,FRAISIER,6.0,3.0
2021-05-01,GACHE,1.0,5.0
2021-05-01,GD KOUIGN AMANN,2.0,7.5
2021-05-01,GRAND FAR BRETON,1.0,7.0
2021-05-01,GRANDE SUCETTE,1.0,0.6
2021-05-01,MILLES FEUILLES,5.0,2.0
2021-05-01,NANTAIS,1.0,2.5
2021-05-01,PARIS BREST,5.0,2.0
2021-05-01,SACHET VIENNOISERIE,2.0,4.0
2021-05-01,SAVARIN,5.0,2.0
2021-05-01,SUCETTE,4.0,0.3
2021-05-01,TARTE FRAISE 4PER,1.0,12.0
2021-05-01,TARTE FRAISE 6P,1.0,18.0
2021-05-01,TARTE FRUITS 4P,2.0,9.0
2021-05-01,TARTE FRUITS 6P,1.0,12.0
2021-05-01,TARTELETTE FRAISE,9.0,3.0
2021-05-01,TROPEZIENNE,1.0,2.0
2021-05-01,VIK BREAD,10.0,2.5
2021-05-02,BAGUETTE GRAINE,7.0,1.3
2021-05-02,BRIOCHETTE,4.0,0.8
2021-05-02,CHOU CHANTILLY,5.0,2.0
2021-05-02,CRUMBLE,4.0,2.0
2021-05-02,DIVERS BOULANGERIE,1.0,1.0
2021-05-02,DIVERS PATISSERIE,1.0,7.0
2021-05-02,DIVERS VIENNOISERIE,2.0,9.0
2021-05-02,FLAN,3.0,2.0
2021-05-02,FLAN ABRICOT,5.0,2.1
2021-05-02,FONDANT CHOCOLAT,3.0,2.5
2021-05-02,FRAISIER,6.0,3.0
2021-05-02,GACHE,1.0,5.0
2021-05-02,GD KOUIGN AMANN,3.0,7.5
2021-05-02,GRAND FAR BRETON,2.0,7.0
2021-05-02,NANTAIS,9.0,2.5
2021-05-02,NOIX JAPONAISE,3.0,2.0
2021-05-02,PARIS BREST,1.0,2.0
2021-05-02,ROYAL 6P,1.0,18.0
2021-05-02,SACHET VIENNOISERIE,3.0,4.0
2021-05-02,SAVARIN,7.0,2.0
2021-05-02,SPECIAL BREAD KG,1.0,4.8
2021-05-02,SUCETTE,2.0,0.3
2021-05-02,TARTE FRAISE 6P,1.0,18.0
2021-05-02,TARTE FRUITS 4P,2.0,9.0
2021-05-02,TARTE FRUITS 6P,2.0,12.0
2021-05-02,TARTELETTE FRAISE,5.0,3.0
2021-05-02,TROPEZIENNE,1.0,2.0
2021-05-02,VIK BREAD,10.0,2.5
2021-05-03,CHOU CHANTILLY,2.0,2.0
2021-05-03,DIVERS BOULANGERIE,1.0,5.0
2021-05-03,DIVERS PATISSERIE,1.0,7.0
2021-05-03,DIVERS SANDWICHS,4.0,3.125
2021-05-03,FLAN ABRICOT,2.0,2.1
2021-05-03,GRAND FAR BRETON,1.0,7.0
2021-05-03,GRANDE SUCETTE,4.0,0.6
2021-05-03,MILLES FEUILLES,2.0,2.0
2021-05-03,NANTAIS,2.0,2.5
2021-05-03,PARIS BREST,4.0,2.0
2021-05-03,SACHET VIENNOISERIE,1.0,4.0
2021-05-03,SAVARIN,2.0,2.0
2021-05-03,SUCETTE,2.0,0.3
2021-05-03,TROPEZIENNE,1.0,2.0
2021-05-03,TROPEZIENNE FRAMBOISE,1.0,2.1
2021-05-04,BOULE POLKA,1.0,1.6
2021-05-04,CHOU CHANTILLY,3.0,2.0
2021-05-04,DIVERS SANDWICHS,1.0,5.0
2021-05-04,DIVERS VIENNOISERIE,1.0,6.0
2021-05-04,FLAN,1.0,2.0
2021-05-04,FLAN ABRICOT,5.0,2.1
2021-05-04,FONDANT CHOCOLAT,1.0,2.5
2021-05-04,GRAND FAR BRETON,1.0,7.0
2021-05-04,MILLES FEUILLES,1.0,2.0
2021-05-04,NANTAIS,1.0,2.5
2021-05-04,NOIX JAPONAISE,2.0,2.0
2021-05-04,SACHET VIENNOISERIE,1.0,4.0
2021-05-04,SAVARIN,2.0,2.0
2021-05-04,SPECIAL BREAD KG,1.0,4.8
2021-05-04,SUCETTE,1.0,0.3
2021-05-04,TARTE FRUITS 4P,1.0,9.0
2021-05-04,TROPEZIENNE,3.0,2.0
2021-05-05,DIVERS VIENNOISERIE,1.0,11.0
2021-05-05,FLAN,1.0,2.0
2021-05-05,FONDANT CHOCOLAT,1.0,2.5
2021-05-05,GRAND FAR BRETON,2.0,7.0
2021-05-05,NANTAIS,1.0,2.5
2021-05-05,NOIX JAPONAISE,3.0,2.0
2021-05-05,SACHET VIENNOISERIE,2.0,4.0
2021-05-05,SUCETTE,2.0,0.3
2021-05-06,BOULE POLKA,1.0,1.6
2021-05-06,DIVERS CONFISERIE,3.0,3.0
2021-05-06,DIVERS VIENNOISERIE,3.0,6.0
2021-05-06,FLAN,4.0,2.0
2021-05-06,FLAN ABRICOT,3.0,2.1
2021-05-06,FONDANT CHOCOLAT,1.0,2.5
2021-05-06,GACHE,1.0,5.0
2021-05-06,GRAND FAR BRETON,2.0,7.0
2021-05-06,GRANDE SUCETTE,2.0,0.6
2021-05-06,MILLES FEUILLES,3.0,2.0
2021-05-06,NANTAIS,5.0,2.5
2021-05-06,SPECIAL BREAD KG,1.0,4.8
2021-05-07,BOULE POLKA,1.0,1.6
2021-05-07,CHOU CHANTILLY,3.0,2.0
2021-05-07,DIVERS BOULANGERIE,1.0,7.0
2021-05-07,DIVERS VIENNOISERIE,1.0,6.0
2021-05-07,FLAN,4.0,2.0
2021-05-07,FONDANT CHOCOLAT,1.0,2.5
2021-05-07,GD KOUIGN AMANN,2.0,7.5
2021-05-07,GRAND FAR BRETON,1.0,7.0
2021-05-07,NANTAIS,3.0,2.5
2021-05-07,NOIX JAPONAISE,3.0,2.0
2021-05-07,PARIS BREST,3.0,2.0
2021-05-07,SAVARIN,3.0,2.0
2021-05-07,SPECIAL BREAD KG,1.0,4.8
2021-05-07,SUCETTE,1.0,0.3
2021-05-07,TARTELETTE FRAISE,4.0,3.0
2021-05-07,VIK BREAD,10.0,2.5
2021-05-08,BAGUETTE GRAINE,10.0,1.3
2021-05-08,BOULE POLKA,1.0,1.6
2021-05-08,BRIOCHETTE,4.0,0.8
2021-05-08,CHOU CHANTILLY,2.0,2.0
2021-05-08,DIVERS PATISSERIE,1.0,7.0
2021-05-08,DIVERS VIENNOISERIE,3.0,9.333333333333334
2021-05-08,FLAN,3.0,2.0
2021-05-08,FLAN ABRICOT,3.0,2.1
2021-05-08,FONDANT CHOCOLAT,2.0,2.5
2021-05-08,FRAISIER,3.0,3.0
2021-05-08,GACHE,1.0,5.0
2021-05-08,GD KOUIGN AMANN,2.0,7.5
2021-05-08,GRAND FAR BRETON,5.0,7.0
2021-05-08,GRANDE SUCETTE,2.0,0.6
2021-05-08,NANTAIS,1.0,2.5
2021-05-08,NOIX JAPONAISE,1.0,2.0
2021-05-08,PAIN S/SEL,1.0,1.5
2021-05-08,PARIS BREST,6.0,2.0
2021-05-08,SACHET DE CROUTON,1.0,1.6
2021-05-08,SAVARIN,3.0,2.0
2021-05-08,SPECIAL BREAD KG,1.0,4.8
2021-05-08,SUCETTE,5.0,0.3
2021-05-08,TARTE FRAISE 4PER,1.0,12.0
2021-05-08,TARTE FRUITS 4P,2.0,9.0
2021-05-08,TARTE FRUITS 6P,3.0,12.0
2021-05-08,TARTELETTE FRAISE,2.0,3.0
2021-05-08,VIK BREAD,8.0,2.5
2021-05-09,BAGUETTE GRAINE,21.0,1.3
2021-05-09,BOULE POLKA,1.0,1.6
2021-05-09,BRIOCHETTE,3.0,0.8
2021-05-09,CHOU CHANTILLY,9.0,2.0
2021-05-09,DIVERS BOULANGERIE,3.0,1.1333333333333333
2021-05-09,DIVERS PATISSERIE,3.0,7.0
2021-05-09,DIVERS VIENNOISERIE,2.0,8.5
2021-05-09,FLAN ABRICOT,2.0,2.1
2021-05-09,FRAISIER,9.0,3.0
2021-05-09,GACHE,2.0,5.0
2021-05-09,GD KOUIGN AMANN,3.0,7.5
2021-05-09,GRAND FAR BRETON,3.0,7.0
2021-05-09,GRANDE SUCETTE,1.0,0.6
2021-05-09,MILLES FEUILLES,5.0,2.0
2021-05-09,NANTAIS,4.0,2.5
2021-05-09,NOIX JAPONAISE,10.0,2.0
2021-05-09,PAIN S/SEL,1.0,1.5
2021-05-09,PARIS BREST,8.0,2.0
2021-05-09,SACHET DE CROUTON,2.0,1.6
2021-05-09,SACHET VIENNOISERIE,1.0,4.0
2021-05-09,SPECIAL BREAD KG,1.0,4.8
2021-05-09,TARTE FRAISE 4PER,2.0,12.0
2021-05-09,TARTE FRAISE 6P,1.0,18.0
2021-05-09,TARTE FRUITS 4P,3.0,9.0
2021-05-09,TARTE FRUITS 6P,2.0,12.0
2021-05-09,TARTELETTE FRAISE,9.0,3.0
2021-05-09,VIK BREAD,9.0,2.5
2021-05-10,DIVERS CONFISERIE,3.0,3.0
2021-05-10,DIVERS SANDWICHS,3.0,2.5
2021-05-10,DIVERS VIENNOISERIE,4.0,6.0
2021-05-10,GACHE,1.0,5.0
2021-05-10,GD KOUIGN AMANN,1.0,7.5
2021-05-10,GRAND FAR BRETON,3.0,7.0
2021-05-10,MILLES FEUILLES,3.0,2.0
2021-05-10,NANTAIS,3.0,2.5
2021-05-10,PARIS BREST,3.0,2.0
2021-05-10,SACHET VIENNOISERIE,1.0,4.0
2021-05-10,SUCETTE,1.0,0.3
2021-05-10,TROPEZIENNE,3.0,2.0
2021-05-11,DIVERS BOULANGERIE,1.0,2.0
2021-05-11,DIVERS SANDWICHS,5.0,2.5
2021-05-11,DIVERS VIENNOISERIE,1.0,6.0
2021-05-11,FINANCIER,2.0,0.7
2021-05-11,FLAN,3.0,2.0
2021-05-11,FLAN ABRICOT,1.0,2.1
2021-05-11,FONDANT CHOCOLAT,1.0,2.5
2021-05-11,GRAND FAR BRETON,1.0,7.0
2021-05-11,NANTAIS,5.0,2.5
2021-05-11,PARIS BREST,2.0,2.0
2021-05-11,SACHET VIENNOISERIE,1.0,4.0
2021-05-11,TROPEZIENNE,5.0,2.0
2021-05-11,VIK BREAD,0.0,2.5
2021-05-12,BOULE POLKA,1.0,1.6
2021-05-12,DIVERS CONFISERIE,2.0,3.0
2021-05-12,DIVERS VIENNOISERIE,4.0,7.25
2021-05-12,FLAN,4.0,2.0
2021-05-12,FLAN ABRICOT,2.0,2.1
2021-05-12,FONDANT CHOCOLAT,5.0,2.5
2021-05-12,GACHE,1.0,5.0
2021-05-12,GD KOUIGN AMANN,4.0,7.5
2021-05-12,GRAND FAR BRETON,2.0,7.0
2021-05-12,MILLES FEUILLES,1.0,2.0
2021-05-12,NANTAIS,8.0,2.5
2021-05-12,NOIX JAPONAISE,2.0,2.0
2021-05-12,PARIS BREST,5.0,2.0
2021-05-12,SACHET DE CROUTON,3.0,1.6
2021-05-12,SACHET VIENNOISERIE,2.0,4.0
2021-05-12,SPECIAL BREAD KG,1.0,4.8
2021-05-12,SUCETTE,2.0,0.3
2021-05-12,TRIANGLES,3.0,2.5
2021-05-12,TROPEZIENNE,2.0,2.0
2021-05-12,VIK BREAD,10.0,2.5
2021-05-13,BAGUETTE GRAINE,19.0,1.3
2021-05-13,BRIOCHETTE,1.0,0.8
2021-05-13,DIVERS BOULANGERIE,1.0,2.0
2021-05-13,DIVERS CONFISERIE,1.0,0.0
2021-05-13,DIVERS PATISSERIE,2.0,12.0
2021-05-13,DIVERS VIENNOISERIE,3.0,11.0
2021-05-13,FLAN,1.0,2.0
2021-05-13,FLAN ABRICOT,3.0,2.1
2021-05-13,FONDANT CHOCOLAT,4.0,2.5
2021-05-13,FRAISIER,8.0,3.0
2021-05-13,GACHE,2.0,5.0
2021-05-13,GD KOUIGN AMANN,6.0,7.5
2021-05-13,GRAND FAR BRETON,5.0,7.0
2021-05-13,MILLES FEUILLES,3.0,2.0
2021-05-13,NANTAIS,15.0,2.5
2021-05-13,NOIX JAPONAISE,1.0,2.0
2021-05-13,PARIS BREST,7.0,2.0
2021-05-13,SACHET DE CROUTON,2.0,1.6
2021-05-13,SAVARIN,5.0,2.0
2021-05-13,SPECIAL BREAD KG,1.0,4.8
2021-05-13,SUCETTE,3.0,0.3
2021-05-13,TARTE FRAISE 4PER,2.0,12.0
2021-05-13,TARTE FRAISE 6P,2.0,18.0
2021-05-13,TARTE FRUITS 4P,4.0,9.0
2021-05-13,TARTE FRUITS 6P,2.0,12.0
2021-05-13,TARTELETTE FRAISE,6.0,3.0
2021-05-13,TROPEZIENNE,7.0,2.0
2021-05-13,VIK BREAD,20.0,2.5
2021-05-14,BAGUETTE GRAINE,15.0,1.3
2021-05-14,BOULE POLKA,1.0,1.6
2021-05-14,DIVERS PATISSERIE,4.0,7.0
2021-05-14,DIVERS VIENNOISERIE,6.0,7.666666666666667
2021-05-14,FLAN,4.0,2.0
2021-05-14,FONDANT CHOCOLAT,1.0,2.5
2021-05-14,FRAISIER,4.0,3.0
2021-05-14,GACHE,2.0,5.0
2021-05-14,GD KOUIGN AMANN,8.0,7.5
2021-05-14,GRAND FAR BRETON,5.0,7.0
2021-05-14,GRANDE SUCETTE,2.0,0.6
2021-05-14,MILLES FEUILLES,9.0,2.0
2021-05-14,NANTAIS,6.0,2.5
2021-05-14,PAIN S/SEL,1.0,1.5
2021-05-14,PARIS BREST,1.0,2.0
2021-05-14,ROYAL 4P,1.0,12.0
2021-05-14,ROYAL 6P,1.0,18.0
2021-05-14,SPECIAL BREAD KG,2.0,4.8
2021-05-14,TARTE FRAISE 4PER,1.0,12.0
2021-05-14,TARTE FRAISE 6P,1.0,18.0
2021-05-14,TARTE FRUITS 4P,4.0,9.0
2021-05-14,TARTE FRUITS 6P,2.0,12.0
2021-05-14,TARTELETTE FRAISE,8.0,3.0
2021-05-14,TROPEZIENNE,3.0,2.0
2021-05-14,VIK BREAD,20.0,2.5
2021-05-15,BAGUETTE GRAINE,18.0,1.3000000000000003
2021-05-15,BOULE POLKA,1.0,1.6
2021-05-15,DIVERS CONFISERIE,3.0,3.0
2021-05-15,DIVERS VIENNOISERIE,5.0,10.0
2021-05-15,FONDANT CHOCOLAT,5.0,2.5
2021-05-15,FRAISIER,5.0,3.0
2021-05-15,GACHE,3.0,5.0
2021-05-15,GD KOUIGN AMANN,14.0,7.5
2021-05-15,GRAND FAR BRETON,8.0,7.0
2021-05-15,MILLES FEUILLES,3.0,2.0
2021-05-15,NANTAIS,6.0,2.5
2021-05-15,NOIX JAPONAISE,1.0,2.0
2021-05-15,PAIN S/SEL,1.0,1.5
2021-05-15,PARIS BREST,7.0,2.0
2021-05-15,ROYAL 6P,2.0,18.0
2021-05-15,SACHET DE CROUTON,1.0,1.6
2021-05-15,SACHET VIENNOISERIE,3.0,4.0
2021-05-15,SPECIAL BREAD KG,1.0,4.8
2021-05-15,SUCETTE,8.0,0.3
2021-05-15,TARTE FRAISE 4PER,3.0,12.0
2021-05-15,TARTE FRAISE 6P,2.0,18.0
2021-05-15,TARTE FRUITS 4P,1.0,9.0
2021-05-15,TARTE FRUITS 6P,6.0,12.0
2021-05-15,TARTELETTE FRAISE,7.0,3.0
2021-05-15,TROPEZIENNE,1.0,2.0
2021-05-15,VIK BREAD,13.0,2.5
2021-05-16,BAGUETTE GRAINE,12.0,1.3
2021-05-16,BOULE POLKA,2.0,1.6
2021-05-16,CHOU CHANTILLY,3.0,2.0
2021-05-16,DIVERS BOULANGERIE,1.0,3.0
2021-05-16,DIVERS CONFISERIE,1.0,6.0
2021-05-16,DIVERS PATISSERIE,3.0,5.666666666666667
2021-05-16,DIVERS VIENNOISERIE,4.0,8.0
2021-05-16,FRAISIER,3.0,3.0
2021-05-16,GACHE,3.0,5.0
2021-05-16,GD KOUIGN AMANN,8.0,7.5
2021-05-16,GRAND FAR BRETON,8.0,7.0
2021-05-16,GRANDE SUCETTE,2.0,0.6
2021-05-16,MILLES FEUILLES,7.0,2.0
2021-05-16,NANTAIS,4.0,2.5
2021-05-16,NOIX JAPONAISE,7.0,2.0
2021-05-16,ROYAL 4P,4.0,12.0
2021-05-16,ROYAL 6P,1.0,18.0
2021-05-16,SACHET DE CROUTON,1.0,1.6
2021-05-16,SAVARIN,6.0,2.0
2021-05-16,SPECIAL BREAD KG,2.0,4.8
2021-05-16,SUCETTE,11.0,0.3
2021-05-16,TARTE FRAISE 4PER,1.0,12.0
2021-05-16,TARTE FRUITS 4P,4.0,9.0
2021-05-16,TARTE FRUITS 6P,4.0,12.0
2021-05-16,TARTELETTE FRAISE,19.0,3.0
2021-05-16,TROPEZIENNE,8.0,2.0
2021-05-16,VIK BREAD,18.0,2.5
2021-05-21,BOULE POLKA,1.0,1.6
2021-05-21,CHOCOLAT,1.0,1.5
2021-05-21,CHOU CHANTILLY,2.0,2.0
2021-05-21,FONDANT CHOCOLAT,1.0,2.5
2021-05-21,GACHE,2.0,5.0
2021-05-21,GD KOUIGN AMANN,2.0,7.5
2021-05-21,GRAND FAR BRETON,6.0,7.0
2021-05-21,GRANDE SUCETTE,2.0,0.6
2021-05-21,NANTAIS,7.0,2.5
2021-05-21,PARIS BREST,3.0,2.0
2021-05-21,SAVARIN,1.0,2.0
2021-05-21,THE,1.0,1.5
2021-05-21,VIK BREAD,6.0,2.5
2021-05-22,BAGUETTE GRAINE,16.0,1.3
2021-05-22,CHOU CHANTILLY,4.0,2.0
2021-05-22,DIVERS BOULANGERIE,1.0,1.0
2021-05-22,DIVERS CONFISERIE,1.0,12.0
2021-05-22,DIVERS PATISSERIE,1.0,6.0
2021-05-22,DIVERS VIENNOISERIE,4.0,12.5
2021-05-22,FONDANT CHOCOLAT,1.0,2.5
2021-05-22,GACHE,1.0,5.0
2021-05-22,GD KOUIGN AMANN,2.0,7.5
2021-05-22,GRAND FAR BRETON,5.0,7.0
2021-05-22,MILLES FEUILLES,3.0,2.0
2021-05-22,NANTAIS,1.0,2.5
2021-05-22,PARIS BREST,4.0,2.0
2021-05-22,ROYAL 4P,2.0,12.0
2021-05-22,SACHET VIENNOISERIE,4.0,4.0
2021-05-22,SAVARIN,2.0,2.0
2021-05-22,SPECIAL BREAD KG,1.0,4.8
2021-05-22,SUCETTE,4.0,0.3
2021-05-22,TARTE FRUITS 4P,2.0,9.0
2021-05-22,TARTELETTE FRAISE,3.0,3.0
2021-05-22,VIK BREAD,10.0,2.5
2021-05-23,BAGUETTE GRAINE,14.0,1.3
2021-05-23,BOULE POLKA,2.0,1.6
2021-05-23,CHOU CHANTILLY,3.0,2.0
2021-05-23,DIVERS BOULANGERIE,2.0,7.0
2021-05-23,DIVERS CONFISERIE,1.0,3.0
2021-05-23,DIVERS VIENNOISERIE,7.0,8.057142857142857
2021-05-23,FLAN,4.0,2.0
2021-05-23,FLAN ABRICOT,5.0,2.1
2021-05-23,FONDANT CHOCOLAT,1.0,2.5
2021-05-23,FRAISIER,8.0,3.0
2021-05-23,GACHE,3.0,5.0
2021-05-23,GD KOUIGN AMANN,11.0,7.5
2021-05-23,GRAND FAR BRETON,7.0,7.0
2021-05-23,MILLES FEUILLES,5.0,2.0
2021-05-23,NANTAIS,13.0,2.5
2021-05-23,NOIX JAPONAISE,8.0,2.0
2021-05-23,PARIS BREST,12.0,2.0
2021-05-23,SAVARIN,11.0,2.0
2021-05-23,SPECIAL BREAD KG,1.0,4.8
2021-05-23,SUCETTE,1.0,0.3
2021-05-23,TARTE FRAISE 4PER,2.0,12.0
2021-05-23,TARTE FRAISE 6P,2.0,18.0
2021-05-23,TARTE FRUITS 4P,1.0,9.0
2021-05-23,TARTE FRUITS 6P,3.0,12.0
2021-05-23,TARTELETTE FRAISE,10.0,3.0
2021-05-23,VIK BREAD,16.0,2.5
2021-05-24,BAGUETTE GRAINE,10.0,1.3
2021-05-24,BOULE POLKA,2.0,1.6
2021-05-24,DIVERS CONFISERIE,2.0,3.0
2021-05-24,DIVERS VIENNOISERIE,2.0,6.0
2021-05-24,FLAN,2.0,2.0
2021-05-24,FONDANT CHOCOLAT,4.0,2.5
2021-05-24,FRAISIER,6.0,3.0
2021-05-24,GD KOUIGN AMANN,6.0,7.5
2021-05-24,GRAND FAR BRETON,7.0,7.0
2021-05-24,MILLES FEUILLES,8.0,2.0
2021-05-24,NOIX JAPONAISE,2.0,2.0
2021-05-24,SAVARIN,1.0,2.0
2021-05-24,SPECIAL BREAD KG,1.0,4.8
2021-05-24,TARTE FRAISE 4PER,3.0,12.0
2021-05-24,TARTE FRAISE 6P,2.0,18.0
2021-05-24,TARTE FRUITS 4P,1.0,9.0
2021-05-24,TARTE FRUITS 6P,2.0,12.0
2021-05-24,TARTELETTE FRAISE,8.0,3.0
2021-05-24,VIK BREAD,16.0,2.5
2021-05-25,BOULE POLKA,1.0,1.6
2021-05-25,DIVERS BOULANGERIE,2.0,1.5
2021-05-25,DIVERS PATISSERIE,3.0,6.0
2021-05-25,DIVERS SANDWICHS,4.0,3.875
2021-05-25,DIVERS VIENNOISERIE,2.0,4.25
2021-05-25,FLAN,1.0,2.0
2021-05-25,FLAN ABRICOT,1.0,2.1
2021-05-25,FONDANT CHOCOLAT,2.0,2.5
2021-05-25,GACHE,1.0,5.0
2021-05-25,GRAND FAR BRETON,4.0,7.0
2021-05-25,NOIX JAPONAISE,2.0,2.0
2021-05-25,ROYAL 6P,1.0,18.0
2021-05-25,SACHET VIENNOISERIE,1.0,4.0
2021-05-25,TARTELETTE FRAISE,1.0,3.0
2021-05-25,THE,1.0,1.5
2021-05-26,DIVERS CONFISERIE,1.0,3.0
2021-05-26,FRAISIER,1.0,3.0
2021-05-26,GACHE,1.0,5.0
2021-05-26,GRAND FAR BRETON,1.0,7.0
2021-05-26,NOIX JAPONAISE,1.0,2.0
2021-05-26,PARIS BREST,2.0,2.0
2021-05-26,SACHET DE CROUTON,1.0,1.6
2021-05-26,SACHET VIENNOISERIE,2.0,4.0
2021-05-26,SUCETTE,2.0,0.3
2021-05-26,TARTELETTE FRAISE,4.0,3.0
2021-05-27,CHOU CHANTILLY,2.0,2.0
2021-05-27,DIVERS CONFISERIE,3.0,3.0
2021-05-27,FLAN,4.0,2.0
2021-05-27,FLAN ABRICOT,2.0,2.1
2021-05-27,FRAISIER,1.0,3.0
2021-05-27,GD KOUIGN AMANN,1.0,7.5
2021-05-27,GRAND FAR BRETON,2.0,7.0
2021-05-27,NANTAIS,1.0,2.5
2021-05-27,NOIX JAPONAISE,2.0,2.0
2021-05-27,PARIS BREST,3.0,2.0
2021-05-27,ROYAL 6P,1.0,18.0
2021-05-27,SACHET VIENNOISERIE,3.0,4.0
2021-05-27,SAVARIN,1.0,2.0
2021-05-27,SUCETTE,3.0,0.3
2021-05-27,TARTELETTE FRAISE,1.0,3.0
2021-05-28,BOULE POLKA,2.0,1.6
2021-05-28,CHOU CHANTILLY,1.0,2.0
2021-05-28,DIVERS BOULANGERIE,1.0,5.0
2021-05-28,DIVERS SANDWICHS,6.0,3.3333333333333335
2021-05-28,DIVERS VIENNOISERIE,1.0,6.0
2021-05-28,FLAN,3.0,2.0
2021-05-28,FONDANT CHOCOLAT,3.0,2.5
2021-05-28,GD KOUIGN AMANN,1.0,7.5
2021-05-28,GRANDE SUCETTE,2.0,0.6
2021-05-28,MILLES FEUILLES,5.0,2.0
2021-05-28,NANTAIS,5.0,2.5
2021-05-28,PARIS BREST,2.0,2.0
2021-05-28,SACHET VIENNOISERIE,2.0,4.0
2021-05-28,SAVARIN,3.0,2.0
2021-05-28,SPECIAL BREAD KG,1.0,4.8
2021-05-28,VIK BREAD,10.0,2.5
2021-05-29,BOULE POLKA,2.0,1.6
2021-05-29,BRIOCHETTE,3.0,0.8
2021-05-29,CHOCOLAT,1.0,1.5
2021-05-29,DEMI PAIN,1.0,0.6
2021-05-29,DIVERS BOISSONS,2.0,2.0
2021-05-29,DIVERS CONFISERIE,1.0,3.0
2021-05-29,DIVERS VIENNOISERIE,2.0,8.5
2021-05-29,FLAN,3.0,2.0
2021-05-29,FLAN ABRICOT,2.0,2.1
2021-05-29,FONDANT CHOCOLAT,1.0,2.5
2021-05-29,FRAISIER,6.0,3.0
2021-05-29,GD KOUIGN AMANN,1.0,7.5
2021-05-29,GRAND FAR BRETON,2.0,7.0
2021-05-29,MILLES FEUILLES,1.0,2.0
2021-05-29,NANTAIS,8.0,2.5
2021-05-29,PARIS BREST,4.0,2.0
2021-05-29,ROYAL 4P,1.0,12.0
2021-05-29,SACHET DE CROUTON,1.0,1.6
2021-05-29,SACHET VIENNOISERIE,2.0,4.0
2021-05-29,SAVARIN,1.0,2.0
2021-05-29,SPECIAL BREAD KG,1.0,4.8
2021-05-29,TARTE FRAISE 4PER,1.0,12.0
2021-05-29,VIK BREAD,8.0,2.5
2021-05-30,BAGUETTE GRAINE,13.0,1.3
2021-05-30,BOULE POLKA,2.0,1.6
2021-05-30,DEMI PAIN,3.0,0.6
2021-05-30,DIVERS VIENNOISERIE,4.0,7.25
2021-05-30,FLAN,3.0,2.0
2021-05-30,FONDANT CHOCOLAT,3.0,2.5
2021-05-30,FRAISIER,8.0,3.0
2021-05-30,GACHE,2.0,5.0
2021-05-30,GD KOUIGN AMANN,1.0,7.5
2021-05-30,GRAND FAR BRETON,1.0,7.0
2021-05-30,MILLES FEUILLES,5.0,2.0
2021-05-30,NANTAIS,7.0,2.5
2021-05-30,NOIX JAPONAISE,6.0,2.0
2021-05-30,PARIS BREST,6.0,2.0
2021-05-30,ROYAL,4.0,3.0
2021-05-30,ROYAL 4P,3.0,12.0
2021-05-30,ROYAL 6P,2.0,18.0
2021-05-30,SACHET DE CROUTON,1.0,1.6
2021-05-30,SACHET VIENNOISERIE,1.0,4.0
2021-05-30,SAVARIN,6.0,2.0
2021-05-30,SPECIAL BREAD KG,1.0,4.8
2021-05-30,TARTE FRAISE 4PER,5.0,12.0
2021-05-30,TARTE FRAISE 6P,3.0,18.0
2021-05-30,TARTE FRUITS 4P,3.0,9.0
2021-05-30,TARTE FRUITS 6P,2.0,12.0
2021-05-30,TARTELETTE FRAISE,7.0,3.0
2021-05-30,VIK BREAD,8.0,2.5
2021-05-31,BOULE POLKA,1.0,1.6
2021-05-31,DIVERS BOISSONS,3.0,2.6666666666666665
2021-05-31,DIVERS CONFISERIE,1.0,3.0
2021-05-31,DIVERS SANDWICHS,5.0,4.5
2021-05-31,DIVERS VIENNOISERIE,1.0,6.0
2021-05-31,GD KOUIGN AMANN,2.0,7.5
2021-05-31,TARTE FRAISE 4PER,2.0,12.0
2021-05-31,TARTE FRUITS 4P,2.0,9.0
2021-06-01,BOULE POLKA,2.0,1.6
2021-06-01,DIVERS BOISSONS,3.0,2.0
2021-06-01,DIVERS SANDWICHS,7.0,3.9285714285714284
2021-06-01,DIVERS VIENNOISERIE,1.0,11.0
2021-06-01,FLAN,2.0,2.0
2021-06-01,FONDANT CHOCOLAT,3.0,2.5
2021-06-01,GD KOUIGN AMANN,2.0,7.5
2021-06-01,GRAND FAR BRETON,1.0,7.0
2021-06-01,MILLES FEUILLES,1.0,2.0
2021-06-01,NANTAIS,2.0,2.5
2021-06-01,SACHET DE CROUTON,1.0,1.6
2021-06-01,SACHET VIENNOISERIE,3.0,4.0
2021-06-01,SPECIAL BREAD KG,1.0,4.8
2021-06-02,BOULE POLKA,1.0,1.6
2021-06-02,CAKE,1.0,3.0
2021-06-02,DIVERS BOISSONS,2.0,3.0
2021-06-02,DIVERS BOULANGERIE,1.0,1.0
2021-06-02,DIVERS SANDWICHS,5.0,3.5
2021-06-02,DIVERS VIENNOISERIE,1.0,11.0
2021-06-02,FLAN,1.0,2.0
2021-06-02,GRAND FAR BRETON,2.0,7.0
2021-06-02,MILLES FEUILLES,2.0,2.0
2021-06-02,NANTAIS,5.0,2.5
2021-06-02,PARIS BREST,2.0,2.0
2021-06-02,SACHET VIENNOISERIE,1.0,4.0
2021-06-02,SAVARIN,1.0,2.0
2021-06-03,DIVERS BOULANGERIE,1.0,2.0
2021-06-03,DIVERS CONFISERIE,1.0,3.0
2021-06-03,FLAN,2.0,2.0
2021-06-03,FLAN ABRICOT,2.0,2.1
2021-06-03,FONDANT CHOCOLAT,2.0,2.5
2021-06-03,GACHE,2.0,5.0
2021-06-03,GRAND FAR BRETON,1.0,7.0
2021-06-03,MILLES FEUILLES,4.0,2.0
2021-06-03,NANTAIS,7.0,2.5
2021-06-03,PARIS BREST,3.0,2.0
2021-06-03,SPECIAL BREAD KG,1.0,4.8
2021-06-03,SUCETTE,1.0,0.3
2021-06-03,TRIANGLES,1.0,2.5
2021-06-04,DIVERS BOULANGERIE,2.0,5.0
2021-06-04,DIVERS CONFISERIE,1.0,3.0
2021-06-04,DIVERS PATISSERIE,1.0,11.0
2021-06-04,DIVERS VIENNOISERIE,1.0,11.0
2021-06-04,FLAN,2.0,2.0
2021-06-04,GRAND FAR BRETON,2.0,7.0
2021-06-04,GRANDE SUCETTE,4.0,0.6
2021-06-04,MILLES FEUILLES,2.0,2.0
2021-06-04,NANTAIS,4.0,2.5
2021-06-04,SACHET DE CROUTON,1.0,1.6
2021-06-04,SPECIAL BREAD KG,1.0,4.8
2021-06-04,TARTELETTE FRAISE,2.0,3.0
2021-06-04,VIK BREAD,8.0,2.5
2021-06-05,BOULE POLKA,1.0,1.6
2021-06-05,CHOU CHANTILLY,1.0,2.0
2021-06-05,FLAN,4.0,2.0
2021-06-05,FLAN ABRICOT,3.0,2.1
2021-06-05,FONDANT CHOCOLAT,1.0,2.5
2021-06-05,GACHE,2.0,5.0
2021-06-05,GD KOUIGN AMANN,1.0,7.5
2021-06-05,GRAND FAR BRETON,3.0,7.0
2021-06-05,MILLES FEUILLES,4.0,2.0
2021-06-05,NANTAIS,1.0,2.5
2021-06-05,NOIX JAPONAISE,1.0,2.0
2021-06-05,SACHET DE CROUTON,2.0,1.6
2021-06-05,SACHET VIENNOISERIE,1.0,4.0
2021-06-05,SAVARIN,1.0,2.0
2021-06-05,SPECIAL BREAD KG,1.0,4.8
2021-06-05,SUCETTE,9.0,0.3
2021-06-05,TARTE FRAISE 4PER,1.0,12.0
2021-06-05,TARTE FRAISE 6P,2.0,18.0
2021-06-05,TARTELETTE FRAISE,6.0,3.0
2021-06-05,TROPEZIENNE,3.0,2.0
2021-06-05,VIK BREAD,7.0,2.5
2021-06-06,BAGUETTE GRAINE,7.0,1.3
2021-06-06,BOULE POLKA,1.0,1.6
2021-06-06,CHOU CHANTILLY,3.0,2.0
2021-06-06,DIVERS BOISSONS,2.0,2.0
2021-06-06,DIVERS BOULANGERIE,1.0,10.0
2021-06-06,DIVERS VIENNOISERIE,2.0,11.0
2021-06-06,FLAN,5.0,2.0
2021-06-06,FLAN ABRICOT,6.0,2.1
2021-06-06,FONDANT CHOCOLAT,1.0,2.5
2021-06-06,FRAISIER,6.0,3.0
2021-06-06,GD KOUIGN AMANN,2.0,7.5
2021-06-06,GRAND FAR BRETON,2.0,7.0
2021-06-06,GRANDE SUCETTE,2.0,0.6
2021-06-06,MILLES FEUILLES,5.0,2.0
2021-06-06,NANTAIS,3.0,2.5
2021-06-06,NOIX JAPONAISE,1.0,2.0
2021-06-06,PARIS BREST,6.0,2.0
2021-06-06,SACHET DE CROUTON,1.0,1.6
2021-06-06,SAVARIN,5.0,2.0
2021-06-06,SPECIAL BREAD KG,1.0,4.8
2021-06-06,SUCETTE,6.0,0.3
2021-06-06,TARTE FRAISE 4PER,2.0,12.0
2021-06-06,TARTE FRAISE 6P,1.0,18.0
2021-06-06,TARTE FRUITS 4P,1.0,9.0
2021-06-06,TARTELETTE FRAISE,5.0,3.0
2021-06-06,TROPEZIENNE,6.0,2.0
2021-06-06,VIK BREAD,10.0,2.5
2021-06-07,DIVERS BOULANGERIE,1.0,4.0
2021-06-07,DIVERS CONFISERIE,1.0,3.0
2021-06-07,DIVERS PATISSERIE,5.0,4.5
2021-06-07,GD KOUIGN AMANN,1.0,7.5
2021-06-07,MILLES FEUILLES,2.0,2.0
2021-06-07,NANTAIS,6.0,2.5
2021-06-07,SACHET VIENNOISERIE,1.0,4.0
2021-06-07,SPECIAL BREAD KG,1.0,4.8
2021-06-07,TARTE FRUITS 4P,1.0,9.0
2021-06-08,BOULE POLKA,2.0,1.6
2021-06-08,DIVERS BOISSONS,1.0,2.0
2021-06-08,DIVERS BOULANGERIE,1.0,1.0
2021-06-08,DIVERS CONFISERIE,1.0,3.0
2021-06-08,FLAN,3.0,2.0
2021-06-08,FONDANT CHOCOLAT,3.0,2.5
2021-06-08,GD KOUIGN AMANN,2.0,7.5
2021-06-08,GRAND FAR BRETON,1.0,7.0
2021-06-08,MILLES FEUILLES,3.0,2.0
2021-06-08,NANTAIS,2.0,2.5
2021-06-08,PAIN S/SEL,1.0,1.5
2021-06-08,PARIS BREST,1.0,2.0
2021-06-08,SPECIAL BREAD KG,1.0,4.8
2021-06-08,SUCETTE,4.0,0.3
2021-06-08,TRIANGLES,3.0,2.5
2021-06-09,DIVERS CONFISERIE,1.0,3.0
2021-06-09,FLAN,4.0,2.0
2021-06-09,FLAN ABRICOT,6.0,2.1
2021-06-09,FONDANT CHOCOLAT,1.0,2.5
2021-06-09,GD KOUIGN AMANN,2.0,7.5
2021-06-09,MILLES FEUILLES,3.0,2.0
2021-06-09,NANTAIS,3.0,2.5
2021-06-09,PAIN S/SEL,1.0,1.5
2021-06-09,PARIS BREST,1.0,2.0
2021-06-09,SACHET VIENNOISERIE,1.0,4.0
2021-06-09,SUCETTE,2.0,0.3
2021-06-09,TRIANGLES,1.0,2.5
2021-06-10,FONDANT CHOCOLAT,1.0,2.5
2021-06-10,GRAND FAR BRETON,1.0,7.0
2021-06-10,MILLES FEUILLES,1.0,2.0
2021-06-10,NANTAIS,5.0,2.5
2021-06-10,PAIN S/SEL,1.0,1.5
2021-06-10,PARIS BREST,2.0,2.0
2021-06-10,SACHET VIENNOISERIE,2.0,4.0
2021-06-10,SPECIAL BREAD KG,1.0,4.8
2021-06-11,DIVERS BOULANGERIE,1.0,1.0
2021-06-11,DIVERS CONFISERIE,1.0,3.0
2021-06-11,DIVERS SANDWICHS,5.0,3.0
2021-06-11,FLAN,5.0,2.0
2021-06-11,FLAN ABRICOT,2.0,2.1
2021-06-11,GRAND FAR BRETON,1.0,7.0
2021-06-11,GRANDE SUCETTE,1.0,0.6
2021-06-11,MILLES FEUILLES,3.0,2.0
2021-06-11,PAIN S/SEL,1.0,1.5
2021-06-11,PARIS BREST,1.0,2.0
2021-06-11,SACHET DE CROUTON,1.0,1.6
2021-06-11,SAVARIN,3.0,2.0
2021-06-11,SPECIAL BREAD KG,1.0,4.8
2021-06-11,TARTE FRAISE 4PER,4.0,12.0
2021-06-11,TARTELETTE FRAISE,6.0,3.0
2021-06-11,VIK BREAD,8.0,2.5
2021-06-12,DIVERS BOISSONS,1.0,2.0
2021-06-12,DIVERS CONFISERIE,2.0,3.0
2021-06-12,FLAN,2.0,2.0
2021-06-12,FLAN ABRICOT,1.0,2.1
2021-06-12,FONDANT CHOCOLAT,1.0,2.5
2021-06-12,FRAISIER,2.0,3.0
2021-06-12,GD KOUIGN AMANN,2.0,7.5
2021-06-12,GRAND FAR BRETON,1.0,7.0
2021-06-12,MILLES FEUILLES,2.0,2.0
2021-06-12,NANTAIS,1.0,2.5
2021-06-12,PAIN S/SEL,1.0,1.5
2021-06-12,PARIS BREST,1.0,2.0
2021-06-12,SACHET DE CROUTON,5.0,1.6
2021-06-12,SPECIAL BREAD KG,1.0,4.8
2021-06-12,TARTE FRAISE 4PER,4.0,12.0
2021-06-12,TARTE FRUITS 6P,1.0,12.0
2021-06-12,TARTELETTE FRAISE,1.0,3.0
2021-06-12,TROPEZIENNE,2.0,2.0
2021-06-12,VIK BREAD,6.0,2.5
2021-06-13,BAGUETTE APERO,1.0,4.5
2021-06-13,BAGUETTE GRAINE,15.0,1.3
2021-06-13,CHOU CHANTILLY,4.0,2.0
2021-06-13,DEMI PAIN,1.0,0.6
2021-06-13,DIVERS CONFISERIE,1.0,3.0
2021-06-13,DIVERS VIENNOISERIE,1.0,11.0
2021-06-13,FLAN,3.0,2.0
2021-06-13,FLAN ABRICOT,4.0,2.1
2021-06-13,FONDANT CHOCOLAT,6.0,2.5
2021-06-13,FRAISIER,7.0,3.0
2021-06-13,GACHE,1.0,5.0
2021-06-13,GD KOUIGN AMANN,3.0,7.5
2021-06-13,GRAND FAR BRETON,4.0,7.0
2021-06-13,GRANDE SUCETTE,4.0,0.6
2021-06-13,MILLES FEUILLES,3.0,2.0
2021-06-13,NANTAIS,3.0,2.5
2021-06-13,NOIX JAPONAISE,2.0,2.0
2021-06-13,PARIS BREST,4.0,2.0
2021-06-13,ROYAL 6P,1.0,18.0
2021-06-13,SAVARIN,8.0,2.0
2021-06-13,SPECIAL BREAD KG,2.0,4.8
2021-06-13,SUCETTE,1.0,0.3
2021-06-13,TARTE FRAISE 4PER,3.0,12.0
2021-06-13,TARTE FRAISE 6P,1.0,18.0
2021-06-13,TARTE FRUITS 4P,2.0,9.0
2021-06-13,TARTE FRUITS 6P,1.0,12.0
2021-06-13,TARTELETTE FRAISE,3.0,3.0
2021-06-13,TRIANGLES,2.0,2.5
2021-06-13,TROPEZIENNE,2.0,2.0
2021-06-13,VIK BREAD,8.0,2.5
2021-06-14,BOULE POLKA,1.0,1.6
2021-06-14,DIVERS BOISSONS,2.0,2.0
2021-06-14,DIVERS BOULANGERIE,2.0,3.5
2021-06-14,FONDANT CHOCOLAT,4.0,2.5
2021-06-14,GRANDE SUCETTE,2.0,0.6
2021-06-14,NANTAIS,4.0,2.5
2021-06-14,PAIN S/SEL,1.0,1.5
2021-06-14,SPECIAL BREAD KG,1.0,4.8
2021-06-14,TRIANGLES,4.0,2.5
2021-06-15,DIVERS BOISSONS,1.0,4.0
2021-06-15,FLAN ABRICOT,5.0,2.1
2021-06-15,FONDANT CHOCOLAT,3.0,2.5
2021-06-15,GRAND FAR BRETON,3.0,7.0
2021-06-15,MILLES FEUILLES,2.0,2.0
2021-06-15,NANTAIS,4.0,2.5
2021-06-15,PAIN S/SEL,1.0,1.5
2021-06-15,PARIS BREST,1.0,2.0
2021-06-15,SACHET VIENNOISERIE,1.0,4.0
2021-06-15,SPECIAL BREAD KG,1.0,4.8
2021-06-15,TRIANGLES,3.0,2.5
2021-06-16,DIVERS BOULANGERIE,1.0,1.0
2021-06-16,DIVERS CONFISERIE,1.0,3.0
2021-06-16,FLAN,4.0,2.0
2021-06-16,FLAN ABRICOT,1.0,2.1
2021-06-16,FONDANT CHOCOLAT,1.0,2.5
2021-06-16,GRAND FAR BRETON,3.0,7.0
2021-06-16,MILLES FEUILLES,2.0,2.0
2021-06-16,PAIN S/SEL,1.0,1.5
2021-06-16,PARIS BREST,1.0,2.0
2021-06-16,SACHET VIENNOISERIE,1.0,4.0
2021-06-16,SPECIAL BREAD KG,1.0,4.8
2021-06-16,TRIANGLES,6.0,2.5
2021-06-17,BOULE POLKA,1.0,1.6
2021-06-17,FONDANT CHOCOLAT,1.0,2.5
2021-06-17,GRAND FAR BRETON,2.0,7.0
2021-06-17,MILLES FEUILLES,1.0,2.0
2021-06-17,NANTAIS,8.0,2.5
2021-06-17,PAIN S/SEL,1.0,1.5
2021-06-17,PARIS BREST,1.0,2.0
2021-06-17,SACHET DE CROUTON,1.0,1.6
2021-06-17,SUCETTE,4.0,0.3
2021-06-17,TRIANGLES,2.0,2.5
2021-06-18,DIVERS BOULANGERIE,1.0,2.0
2021-06-18,DIVERS CONFISERIE,1.0,3.0
2021-06-18,FLAN,3.0,2.0
2021-06-18,FLAN ABRICOT,2.0,2.1
2021-06-18,FONDANT CHOCOLAT,3.0,2.5
2021-06-18,GRAND FAR BRETON,3.0,7.0
2021-06-18,MILLES FEUILLES,2.0,2.0
2021-06-18,NANTAIS,2.0,2.5
2021-06-18,PAIN S/SEL,1.0,1.5
2021-06-18,SAVARIN,1.0,2.0
2021-06-18,SPECIAL BREAD KG,1.0,4.8
2021-06-18,SUCETTE,2.0,0.3
2021-06-18,TARTELETTE FRAISE,3.0,3.0
2021-06-18,VIK BREAD,8.0,2.5
2021-06-19,BOULE POLKA,1.0,1.6
2021-06-19,CHOU CHANTILLY,2.0,2.0
2021-06-19,DIVERS BOULANGERIE,1.0,1.0
2021-06-19,FLAN,4.0,2.0
2021-06-19,FONDANT CHOCOLAT,1.0,2.5
2021-06-19,FRAISIER,3.0,3.0
2021-06-19,GACHE,2.0,5.0
2021-06-19,GRAND FAR BRETON,3.0,7.0
2021-06-19,MILLES FEUILLES,6.0,2.0
2021-06-19,NANTAIS,1.0,2.5
2021-06-19,PARIS BREST,2.0,2.0
2021-06-19,SACHET DE CROUTON,1.0,1.6
2021-06-19,SAVARIN,1.0,2.0
2021-06-19,SPECIAL BREAD KG,1.0,4.8
2021-06-19,TARTE FRAISE 4PER,2.0,12.0
2021-06-19,TARTE FRAISE 6P,1.0,18.0
2021-06-19,TARTE FRUITS 4P,2.0,9.0
2021-06-19,TARTE FRUITS 6P,1.0,12.0
2021-06-19,TROPEZIENNE,2.0,2.0
2021-06-19,VIK BREAD,21.0,2.5
2021-06-20,BAGUETTE GRAINE,10.0,1.3
2021-06-20,BOULE POLKA,2.0,1.6
2021-06-20,CHOU CHANTILLY,3.0,2.0
2021-06-20,DEMI PAIN,1.0,0.6
2021-06-20,DIVERS BOULANGERIE,1.0,1.0
2021-06-20,DIVERS CONFISERIE,1.0,3.0
2021-06-20,DIVERS VIENNOISERIE,1.0,11.0
2021-06-20,FLAN,7.0,2.0
2021-06-20,FLAN ABRICOT,3.0,2.1
2021-06-20,FRAISIER,11.0,3.0
2021-06-20,GD KOUIGN AMANN,2.0,7.5
2021-06-20,GRAND FAR BRETON,5.0,7.0
2021-06-20,MILLES FEUILLES,5.0,2.0
2021-06-20,NANTAIS,3.0,2.5
2021-06-20,PARIS BREST,5.0,2.0
2021-06-20,SAVARIN,4.0,2.0
2021-06-20,SPECIAL BREAD KG,1.0,4.8
2021-06-20,SUCETTE,4.0,0.3
2021-06-20,TARTE FRAISE 4PER,2.0,12.0
2021-06-20,TARTE FRAISE 6P,4.0,18.0
2021-06-20,TARTE FRUITS 4P,2.0,9.0
2021-06-20,TARTE FRUITS 6P,1.0,12.0
2021-06-20,TARTELETTE FRAISE,8.0,3.0
2021-06-20,TROPEZIENNE,5.0,2.0
2021-06-20,VIK BREAD,12.0,2.5
2021-06-21,BAGUETTE APERO,1.0,4.5
2021-06-21,BOULE POLKA,2.0,1.6
2021-06-21,CHOU CHANTILLY,5.0,2.0
2021-06-21,DIVERS BOULANGERIE,1.0,2.0
2021-06-21,DIVERS CONFISERIE,1.0,3.0
2021-06-21,FLAN,5.0,2.0
2021-06-21,FLAN ABRICOT,1.0,2.1
2021-06-21,GRAND FAR BRETON,2.0,7.0
2021-06-21,MILLES FEUILLES,2.0,2.0
2021-06-21,NANTAIS,3.0,2.5
2021-06-21,PAIN S/SEL,1.0,1.5
2021-06-21,SACHET VIENNOISERIE,1.0,4.0
2021-06-21,SPECIAL BREAD KG,1.0,4.8
2021-06-21,TARTELETTE FRAISE,4.0,3.0
2021-06-21,TRIANGLES,2.0,2.5
2021-06-21,VIK BREAD,5.0,2.5
2021-06-22,BOULE POLKA,1.0,1.6
2021-06-22,DIVERS BOULANGERIE,1.0,2.0
2021-06-22,FLAN,1.0,2.0
2021-06-22,FLAN ABRICOT,1.0,2.1
2021-06-22,FONDANT CHOCOLAT,2.0,2.5
2021-06-22,GRAND FAR BRETON,1.0,7.0
2021-06-22,MILLES FEUILLES,1.0,2.0
2021-06-22,NANTAIS,1.0,2.5
2021-06-22,PAIN S/SEL,1.0,1.5
2021-06-22,PARIS BREST,3.0,2.0
2021-06-22,SACHET VIENNOISERIE,1.0,4.0
2021-06-22,SAVARIN,1.0,2.0
2021-06-22,SPECIAL BREAD KG,1.0,4.8
2021-06-22,SUCETTE,1.0,0.3
2021-06-22,TRIANGLES,1.0,2.5
2021-06-23,BOULE POLKA,2.0,1.6
2021-06-23,DIVERS BOULANGERIE,1.0,1.0
2021-06-23,DIVERS CONFISERIE,1.0,3.0
2021-06-23,FLAN ABRICOT,4.0,2.1
2021-06-23,FONDANT CHOCOLAT,1.0,2.5
2021-06-23,NANTAIS,1.0,2.5
2021-06-23,PAIN S/SEL,1.0,1.5
2021-06-23,PARIS BREST,2.0,2.0
2021-06-23,SACHET VIENNOISERIE,2.0,4.0
2021-06-23,SAVARIN,3.0,2.0
2021-06-23,SUCETTE,6.0,0.3
2021-06-23,TRIANGLES,1.0,2.5
2021-06-24,BOULE POLKA,2.0,1.6
2021-06-24,DIVERS CONFISERIE,1.0,3.0
2021-06-24,GD KOUIGN AMANN,2.0,7.5
2021-06-24,GRAND FAR BRETON,3.0,7.0
2021-06-24,MILLES FEUILLES,3.0,2.0
2021-06-24,NANTAIS,4.0,2.5
2021-06-24,PAIN S/SEL,1.0,1.5
2021-06-24,PARIS BREST,2.0,2.0
2021-06-24,SAVARIN,2.0,2.0
2021-06-24,SUCETTE,4.0,0.3
2021-06-24,TRIANGLES,2.0,2.5
2021-06-25,BAGUETTE APERO,1.0,4.5
2021-06-25,DIVERS BOISSONS,1.0,2.0
2021-06-25,DIVERS CONFISERIE,1.0,3.0
2021-06-25,FLAN,3.0,2.0
2021-06-25,FLAN ABRICOT,1.0,2.1
2021-06-25,GD KOUIGN AMANN,1.0,7.5
2021-06-25,MILLES FEUILLES,2.0,2.0
2021-06-25,PAIN S/SEL,1.0,1.5
2021-06-25,PARIS BREST,4.0,2.0
2021-06-25,TARTELETTE FRAISE,5.0,3.0
2021-06-25,VIK BREAD,6.0,2.5
2021-06-26,BOULE POLKA,1.0,1.6
2021-06-26,CHOU CHANTILLY,1.0,2.0
2021-06-26,DIVERS CONFISERIE,1.0,3.0
2021-06-26,DIVERS PATISSERIE,7.0,4.1
2021-06-26,FLAN,2.0,2.0
2021-06-26,FONDANT CHOCOLAT,4.0,2.5
2021-06-26,FRAISIER,8.0,3.0
2021-06-26,GD KOUIGN AMANN,3.0,7.5
2021-06-26,GRAND FAR BRETON,1.0,7.0
2021-06-26,MILLES FEUILLES,3.0,2.0
2021-06-26,NANTAIS,2.0,2.5
2021-06-26,PAIN S/SEL,1.0,1.5
2021-06-26,PARIS BREST,1.0,2.0
2021-06-26,SAVARIN,5.0,2.0
2021-06-26,SPECIAL BREAD KG,1.0,4.8
2021-06-26,SUCETTE,4.0,0.3
2021-06-26,TARTE FRAISE 4PER,2.0,12.0
2021-06-26,TARTE FRAISE 6P,2.0,18.0
2021-06-26,TARTELETTE FRAISE,1.0,3.0
2021-06-26,TROPEZIENNE,1.0,2.0
2021-06-26,VIK BREAD,8.0,2.5
2021-06-27,BAGUETTE GRAINE,20.0,1.3000000000000003
2021-06-27,BOULE POLKA,2.0,1.6
2021-06-27,CHOU CHANTILLY,4.0,2.0
2021-06-27,DIVERS BOISSONS,1.0,2.0
2021-06-27,DIVERS PATISSERIE,13.0,3.0
2021-06-27,FLAN,4.0,2.0
2021-06-27,FLAN ABRICOT,4.0,2.1
2021-06-27,FRAISIER,7.0,3.0
2021-06-27,GACHE,2.0,5.0
2021-06-27,GD KOUIGN AMANN,1.0,7.5
2021-06-27,GRAND FAR BRETON,5.0,7.0
2021-06-27,GRANDE SUCETTE,5.0,0.6
2021-06-27,MILLES FEUILLES,7.0,2.0
2021-06-27,NANTAIS,3.0,2.5
2021-06-27,PAIN S/SEL,1.0,1.5
2021-06-27,PARIS BREST,6.0,2.0
2021-06-27,ROYAL 6P,1.0,18.0
2021-06-27,SAVARIN,6.0,2.0
2021-06-27,SPECIAL BREAD KG,1.0,4.8
2021-06-27,SUCETTE,5.0,0.3
2021-06-27,TARTE FRAISE 4PER,3.0,12.0
2021-06-27,TARTE FRAISE 6P,3.0,18.0
2021-06-27,TARTE FRUITS 4P,1.0,9.0
2021-06-27,TARTE FRUITS 6P,3.0,12.0
2021-06-27,TARTELETTE FRAISE,6.0,3.0
2021-06-27,TROPEZIENNE,2.0,2.0
2021-06-27,VIK BREAD,10.0,2.5
2021-06-28,BOULE POLKA,2.0,1.6
2021-06-28,CHOCOLAT,2.0,1.5
2021-06-28,DIVERS BOULANGERIE,1.0,3.0
2021-06-28,DIVERS CONFISERIE,1.0,3.0
2021-06-28,FLAN,1.0,2.0
2021-06-28,GRAND FAR BRETON,2.0,7.0
2021-06-28,MILLES FEUILLES,1.0,2.0
2021-06-28,NANTAIS,6.0,2.5
2021-06-28,NOIX JAPONAISE,3.0,2.0
2021-06-28,PAIN S/SEL,1.0,1.5
2021-06-28,SPECIAL BREAD KG,1.0,4.8
2021-06-28,TARTE FRAISE 6P,1.0,18.0
2021-06-28,TRIANGLES,2.0,2.5
2021-06-29,BOULE POLKA,2.0,1.6
2021-06-29,DIVERS CONFISERIE,2.0,3.0
2021-06-29,DIVERS VIENNOISERIE,4.0,6.0
2021-06-29,FLAN,3.0,2.0
2021-06-29,GRAND FAR BRETON,2.0,7.0
2021-06-29,GRANDE SUCETTE,3.0,0.6
2021-06-29,PAIN S/SEL,1.0,1.5
2021-06-29,TARTELETTE FRAISE,1.0,3.0
2021-06-29,TRIANGLES,6.0,2.5
2021-06-29,TROPEZIENNE,1.0,2.0
2021-06-30,CHOU CHANTILLY,1.0,2.0
2021-06-30,DIVERS CONFISERIE,1.0,3.0
2021-06-30,DIVERS VIENNOISERIE,2.0,4.75
2021-06-30,GACHE,1.0,5.0
2021-06-30,GRAND FAR BRETON,2.0,7.0
2021-06-30,GRANDE SUCETTE,1.0,0.6
2021-06-30,PAIN S/SEL,1.0,1.5
2021-06-30,SACHET VIENNOISERIE,1.0,4.0
2021-06-30,SAVARIN,1.0,2.0
2021-06-30,SPECIAL BREAD KG,1.0,4.8
2021-06-30,SUCETTE,1.0,0.3
2021-06-30,TROPEZIENNE,3.0,2.0
2021-07-01,BOULE POLKA,2.0,1.6
2021-07-01,DIVERS CONFISERIE,2.0,3.0
2021-07-01,FLAN,2.0,2.0
2021-07-01,GACHE,1.0,5.0
2021-07-01,GRAND FAR BRETON,4.0,7.0
2021-07-01,GRANDE SUCETTE,13.0,0.6
2021-07-01,NANTAIS,3.0,2.5
2021-07-01,NOIX JAPONAISE,1.0,2.0
2021-07-01,PAIN S/SEL,1.0,1.5
2021-07-01,SPECIAL BREAD KG,1.0,4.8
2021-07-01,SUCETTE,61.0,0.3
2021-07-01,TRIANGLES,3.0,2.5
2021-07-02,BOULE POLKA,1.0,1.6
2021-07-02,DIVERS BOULANGERIE,1.0,3.0
2021-07-02,GACHE,1.0,5.0
2021-07-02,GD KOUIGN AMANN,2.0,7.5
2021-07-02,GRAND FAR BRETON,3.0,7.0
2021-07-02,NANTAIS,4.0,2.5
2021-07-02,NOIX JAPONAISE,1.0,2.0
2021-07-02,PAIN S/SEL,1.0,1.5
2021-07-02,PARIS BREST,1.0,2.0
2021-07-02,SPECIAL BREAD KG,1.0,4.8
2021-07-02,SUCETTE,1.0,0.3
2021-07-02,TARTE FRAISE 4PER,1.0,12.0
2021-07-02,TARTE FRUITS 6P,1.0,12.0
2021-07-02,TRIANGLES,3.0,2.5
2021-07-02,TROPEZIENNE,4.0,2.0
2021-07-02,VIK BREAD,8.0,2.5
2021-07-03,BOULE POLKA,2.0,1.6
2021-07-03,CHOU CHANTILLY,2.0,2.0
2021-07-03,DIVERS BOULANGERIE,2.0,1.5
2021-07-03,DIVERS CONFISERIE,3.0,5.0
2021-07-03,DIVERS PATISSERIE,1.0,7.0
2021-07-03,DIVERS VIENNOISERIE,1.0,6.0
2021-07-03,FONDANT CHOCOLAT,1.0,2.5
2021-07-03,FRAISIER,4.0,3.0
2021-07-03,GACHE,4.0,5.0
2021-07-03,GD KOUIGN AMANN,5.0,7.5
2021-07-03,GRAND FAR BRETON,5.0,7.0
2021-07-03,GRANDE SUCETTE,2.0,0.6
2021-07-03,PAIN S/SEL,1.0,1.5
2021-07-03,PARIS BREST,1.0,2.0
2021-07-03,SPECIAL BREAD KG,1.0,4.8
2021-07-03,SUCETTE,7.0,0.3
2021-07-03,TARTE FRAISE 4PER,2.0,12.0
2021-07-03,TARTE FRUITS 4P,2.0,9.0
2021-07-03,TARTE FRUITS 6P,1.0,12.0
2021-07-03,VIK BREAD,16.0,2.5
2021-07-04,BAGUETTE GRAINE,7.0,1.3
2021-07-04,CHOU CHANTILLY,2.0,2.0
2021-07-04,DIVERS PATISSERIE,3.0,6.666666666666667
2021-07-04,DIVERS VIENNOISERIE,4.0,8.5
2021-07-04,FRAISIER,21.0,3.0
2021-07-04,GACHE,1.0,5.0
2021-07-04,GD KOUIGN AMANN,4.0,7.5
2021-07-04,GRAND FAR BRETON,3.0,7.0
2021-07-04,NANTAIS,2.0,2.5
2021-07-04,NOIX JAPONAISE,7.0,2.0
2021-07-04,PAIN S/SEL,1.0,1.5
2021-07-04,PARIS BREST,6.0,2.0
2021-07-04,ROYAL 6P,1.0,18.0
2021-07-04,TARTE FRAISE 4PER,1.0,12.0
2021-07-04,TARTE FRAISE 6P,2.0,18.0
2021-07-04,TARTE FRUITS 4P,3.0,9.0
2021-07-04,TARTE FRUITS 6P,3.0,12.0
2021-07-04,TARTELETTE FRAISE,7.0,3.0
2021-07-04,TROPEZIENNE,2.0,2.0
2021-07-04,VIK BREAD,13.0,2.5
2021-07-05,BAGUETTE APERO,2.0,4.5
2021-07-05,BOULE POLKA,2.0,1.6
2021-07-05,DIVERS BOULANGERIE,1.0,2.0
2021-07-05,DIVERS CONFISERIE,2.0,3.0
2021-07-05,DIVERS SANDWICHS,5.0,8.32
2021-07-05,FINANCIER,1.0,0.7
2021-07-05,FONDANT CHOCOLAT,3.0,2.5
2021-07-05,GACHE,3.0,5.0
2021-07-05,GRAND FAR BRETON,3.0,7.0
2021-07-05,MILLES FEUILLES,3.0,2.0
2021-07-05,NANTAIS,1.0,2.5
2021-07-05,PAIN S/SEL,1.0,1.5
2021-07-05,PARIS BREST,2.0,2.0
2021-07-05,SPECIAL BREAD KG,1.0,4.8
2021-07-05,TARTE FRAISE 4PER,1.0,12.0
2021-07-05,TARTE FRUITS 6P,1.0,12.0
2021-07-05,TROPEZIENNE,2.0,2.0
2021-07-05,VIK BREAD,2.0,2.5
2021-07-06,BOULE POLKA,2.0,1.6
2021-07-06,DIVERS CONFISERIE,1.0,3.0
2021-07-06,DIVERS SANDWICHS,5.0,9.5
2021-07-06,DIVERS VIENNOISERIE,1.0,11.0
2021-07-06,FLAN,1.0,2.0
2021-07-06,FLAN ABRICOT,2.0,2.1
2021-07-06,GRAND FAR BRETON,2.0,7.0
2021-07-06,GRANDE SUCETTE,1.0,0.6
2021-07-06,NANTAIS,2.0,2.5
2021-07-06,NOIX JAPONAISE,1.0,2.0
2021-07-06,PAIN S/SEL,1.0,1.5
2021-07-06,SACHET VIENNOISERIE,1.0,4.0
2021-07-06,SPECIAL BREAD KG,1.0,4.8
2021-07-06,TARTE FRUITS 6P,1.0,12.0
2021-07-07,BOULE POLKA,2.0,1.6
2021-07-07,DIVERS CONFISERIE,1.0,6.0
2021-07-07,DIVERS SANDWICHS,10.0,4.888888888888889
2021-07-07,DIVERS VIENNOISERIE,1.0,11.0
2021-07-07,FLAN,2.0,2.0
2021-07-07,FLAN ABRICOT,5.0,2.1
2021-07-07,GACHE,1.0,5.0
2021-07-07,GD KOUIGN AMANN,4.0,7.5
2021-07-07,GRAND FAR BRETON,5.0,7.0
2021-07-07,GRANDE SUCETTE,3.0,0.6
2021-07-07,PAIN S/SEL,1.0,1.5
2021-07-07,PARIS BREST,2.0,2.0
2021-07-07,SACHET DE CROUTON,2.0,1.6
2021-07-07,SACHET VIENNOISERIE,3.0,4.0
2021-07-07,SUCETTE,6.0,0.3
2021-07-07,TRIANGLES,1.0,2.5
2021-07-07,TROPEZIENNE,4.0,2.0
2021-07-07,VIENNOISE,2.0,1.1
2021-07-08,BOULE POLKA,2.0,1.6
2021-07-08,DIVERS CONFISERIE,2.0,3.0
2021-07-08,FLAN,3.0,2.0
2021-07-08,MILLES FEUILLES,1.0,2.0
2021-07-08,NANTAIS,2.0,2.5
2021-07-08,NOIX JAPONAISE,2.0,2.0
2021-07-08,PAIN S/SEL,1.0,1.5
2021-07-08,PARIS BREST,1.0,2.0
2021-07-08,SACHET VIENNOISERIE,1.0,4.0
2021-07-08,SUCETTE,1.0,0.3
2021-07-08,TRAITEUR,10.0,5.388888888888889
2021-07-08,TROPEZIENNE,1.0,2.0
2021-07-09,BAGUETTE GRAINE,6.0,1.3
2021-07-09,BOULE POLKA,1.0,1.6
2021-07-09,CHOU CHANTILLY,2.0,2.0
2021-07-09,DIVERS BOULANGERIE,2.0,6.5
2021-07-09,DIVERS CONFISERIE,4.0,3.0
2021-07-09,GACHE,1.0,5.0
2021-07-09,GD KOUIGN AMANN,2.0,7.5
2021-07-09,GRAND FAR BRETON,3.0,7.0
2021-07-09,MILLES FEUILLES,2.0,2.0
2021-07-09,NANTAIS,4.0,2.5
2021-07-09,NOIX JAPONAISE,2.0,2.0
2021-07-09,PAIN S/SEL,1.0,1.5
2021-07-09,PARIS BREST,4.0,2.0
2021-07-09,SACHET VIENNOISERIE,1.0,4.0
2021-07-09,SAVARIN,1.0,2.0
2021-07-09,SPECIAL BREAD KG,1.0,4.8
2021-07-09,SUCETTE,1.0,0.3
2021-07-09,TARTELETTE FRAISE,5.0,3.0
2021-07-09,TRAITEUR,11.0,6.777777777777778
2021-07-09,TROPEZIENNE,1.0,2.0
2021-07-09,VIENNOISE,2.0,1.1
2021-07-09,VIK BREAD,14.0,2.5
2021-07-10,.,2.0,0.0
2021-07-10,BAGUETTE GRAINE,15.0,1.3
2021-07-10,BOULE POLKA,2.0,1.6
2021-07-10,DIVERS CONFISERIE,1.0,3.0
2021-07-10,DIVERS PATISSERIE,6.0,2.75
2021-07-10,DIVERS VIENNOISERIE,2.0,8.5
2021-07-10,FLAN ABRICOT,1.0,2.1
2021-07-10,FONDANT CHOCOLAT,5.0,2.5
2021-07-10,FRAISIER,2.0,3.0
2021-07-10,GACHE,4.0,5.0
2021-07-10,GD KOUIGN AMANN,6.0,7.5
2021-07-10,GRAND FAR BRETON,4.0,7.0
2021-07-10,MILLES FEUILLES,1.0,2.0
2021-07-10,NANTAIS,2.0,2.5
2021-07-10,PAIN GRAINES,1.0,2.0
2021-07-10,PARIS BREST,1.0,2.0
2021-07-10,ROYAL 4P,1.0,12.0
2021-07-10,SACHET DE CROUTON,1.0,1.6
2021-07-10,SAVARIN,1.0,2.0
2021-07-10,SPECIAL BREAD KG,1.0,4.8
2021-07-10,TARTE FRAISE 4PER,1.0,12.0
2021-07-10,TARTE FRUITS 4P,1.0,9.0
2021-07-10,TARTE FRUITS 6P,2.0,12.0
2021-07-10,TARTELETTE FRAISE,3.0,3.0
2021-07-10,TRAITEUR,10.0,7.75
2021-07-10,TROPEZIENNE,4.0,2.0
2021-07-10,VIENNOISE,3.0,1.1
2021-07-10,VIK BREAD,13.0,2.5
2021-07-11,BAGUETTE GRAINE,15.0,1.3
2021-07-11,BOULE POLKA,2.0,1.6
2021-07-11,BRIOCHETTE,3.0,0.8
2021-07-11,CHOU CHANTILLY,4.0,2.0
2021-07-11,DIVERS BOULANGERIE,1.0,1.0
2021-07-11,DIVERS PATISSERIE,25.0,4.595238095238095
2021-07-11,DIVERS VIENNOISERIE,9.0,4.6
2021-07-11,FLAN,8.0,2.0
2021-07-11,FLAN ABRICOT,8.0,2.1
2021-07-11,FONDANT CHOCOLAT,2.0,2.5
2021-07-11,FRAISIER,6.0,3.0
2021-07-11,GACHE,2.0,5.0
2021-07-11,GD KOUIGN AMANN,7.0,7.5
2021-07-11,GRAND FAR BRETON,6.0,7.0
2021-07-11,GRANDE SUCETTE,4.0,0.6
2021-07-11,MILLES FEUILLES,7.0,2.0
2021-07-11,NANTAIS,6.0,2.5
2021-07-11,NOIX JAPONAISE,4.0,2.0
2021-07-11,PARIS BREST,6.0,2.0
2021-07-11,ROYAL 4P,1.0,12.0
2021-07-11,ROYAL 6P,1.0,18.0
2021-07-11,SACHET VIENNOISERIE,2.0,4.0
2021-07-11,SAVARIN,4.0,2.0
2021-07-11,SUCETTE,5.0,0.3
2021-07-11,TARTE FRAISE 4PER,5.0,12.0
2021-07-11,TARTE FRUITS 4P,1.0,9.0
2021-07-11,TARTE FRUITS 6P,4.0,12.0
2021-07-11,TARTELETTE FRAISE,12.0,3.0
2021-07-11,TROPEZIENNE,2.0,2.0
2021-07-11,VIENNOISE,7.0,1.1
2021-07-11,VIK BREAD,16.0,2.5
2021-07-12,BAGUETTE GRAINE,8.0,1.3
2021-07-12,BOULE POLKA,1.0,1.6
2021-07-12,BRIOCHETTE,1.0,0.8
2021-07-12,BROWNIES,1.0,2.5
2021-07-12,DIVERS CONFISERIE,1.0,3.0
2021-07-12,DIVERS PATISSERIE,1.0,2.5
2021-07-12,DIVERS SANDWICHS,1.0,2.5
2021-07-12,DIVERS VIENNOISERIE,2.0,8.5
2021-07-12,FLAN,1.0,2.0
2021-07-12,FLAN ABRICOT,1.0,2.1
2021-07-12,FONDANT CHOCOLAT,1.0,2.5
2021-07-12,FORMULE PLAT PREPARE,3.0,8.0
2021-07-12,GACHE,2.0,5.0
2021-07-12,GD KOUIGN AMANN,1.0,7.5
2021-07-12,GRAND FAR BRETON,4.0,7.0
2021-07-12,MILLES FEUILLES,1.0,2.0
2021-07-12,NANTAIS,1.0,2.5
2021-07-12,NOIX JAPONAISE,3.0,2.0
2021-07-12,PARIS BREST,1.0,2.0
2021-07-12,"PLATPREPARE5,50",1.0,5.5
2021-07-12,"PLATPREPARE6,50",3.0,3.25
2021-07-12,"PLATPREPARE7,00",3.0,7.0
2021-07-12,RELIGIEUSE,1.0,2.5
2021-07-12,ROYAL 4P,1.0,12.0
2021-07-12,SACHET VIENNOISERIE,2.0,4.0
2021-07-12,ST HONORE,1.0,3.0
2021-07-12,TRIANGLES,3.0,2.5
2021-07-12,TROPEZIENNE,2.0,2.0
2021-07-12,VIENNOISE,6.0,1.1
2021-07-12,VIK BREAD,12.0,2.5
2021-07-13,BAGUETTE GRAINE,12.0,1.3
2021-07-13,BOULE POLKA,1.0,1.6
2021-07-13,BROWNIES,1.0,2.5
2021-07-13,DIVERS BOISSONS,0.0,2.0
2021-07-13,DIVERS BOULANGERIE,1.0,1.0
2021-07-13,DIVERS CONFISERIE,4.0,3.0
2021-07-13,DIVERS PATISSERIE,3.0,5.666666666666667
2021-07-13,DIVERS SANDWICHS,2.0,5.0
2021-07-13,FLAN,1.0,2.0
2021-07-13,FLAN ABRICOT,1.0,2.1
2021-07-13,FONDANT CHOCOLAT,1.0,2.5
2021-07-13,FORMULE PLAT PREPARE,1.0,8.0
2021-07-13,GACHE,1.0,5.0
2021-07-13,GD KOUIGN AMANN,4.0,7.5
2021-07-13,MILLES FEUILLES,5.0,2.0
2021-07-13,NANTAIS,1.0,2.5
2021-07-13,NOIX JAPONAISE,2.0,2.0
2021-07-13,PARIS BREST,3.0,2.0
2021-07-13,PATES,1.0,4.5
2021-07-13,"PLATPREPARE5,50",2.0,5.5
2021-07-13,"PLATPREPARE6,00",1.0,6.0
2021-07-13,"PLATPREPARE7,00",6.0,7.0
2021-07-13,RELIGIEUSE,3.0,2.5
2021-07-13,SACHET DE CROUTON,1.0,1.6
2021-07-13,SACHET VIENNOISERIE,4.0,4.0
2021-07-13,SPECIAL BREAD KG,2.0,4.8
2021-07-13,ST HONORE,2.0,3.0
2021-07-13,SUCETTE,1.0,0.3
2021-07-13,TARTE FRUITS 6P,1.0,12.0
2021-07-13,TARTELETTE FRAISE,1.0,3.0
2021-07-13,TRAITEUR,2.0,12.75
2021-07-13,TROPEZIENNE,2.0,2.0
2021-07-13,VIENNOISE,3.0,1.1
2021-07-13,VIK BREAD,14.0,2.5
2021-07-14,BAGUETTE GRAINE,14.0,1.3
2021-07-14,CRUMBLE,1.0,6.0
2021-07-14,DIVERS BOULANGERIE,3.0,1.3333333333333333
2021-07-14,DIVERS CONFISERIE,1.0,3.0
2021-07-14,DIVERS VIENNOISERIE,1.0,6.0
2021-07-14,FLAN,1.0,2.0
2021-07-14,FLAN ABRICOT,4.0,2.1
2021-07-14,FRAISIER,8.0,3.0
2021-07-14,GD KOUIGN AMANN,9.0,7.5
2021-07-14,GRAND FAR BRETON,11.0,7.0
2021-07-14,MILLES FEUILLES,14.0,2.0
2021-07-14,NANTAIS,10.0,2.5
2021-07-14,PARIS BREST,6.0,2.0
2021-07-14,RELIGIEUSE,5.0,2.5
2021-07-14,ROYAL 4P,4.0,12.0
2021-07-14,ROYAL 6P,4.0,18.0
2021-07-14,SACHET VIENNOISERIE,4.0,4.0
2021-07-14,SAVARIN,1.0,2.0
2021-07-14,SPECIAL BREAD KG,2.0,4.8
2021-07-14,ST HONORE,2.0,3.0
2021-07-14,TARTE FRAISE 4PER,1.0,12.0
2021-07-14,TARTE FRAISE 6P,3.0,18.0
2021-07-14,TARTE FRUITS 4P,1.0,9.0
2021-07-14,TARTE FRUITS 6P,4.0,12.0
2021-07-14,TARTELETTE CHOC,2.0,2.5
2021-07-14,TARTELETTE FRAISE,5.0,3.0
2021-07-14,TRAITEUR,6.0,8.2
2021-07-14,VIENNOISE,2.0,1.1
2021-07-14,VIK BREAD,18.0,2.5
2021-07-15,BAGUETTE GRAINE,11.0,1.3
2021-07-15,BOULE POLKA,2.0,1.6
2021-07-15,BROWNIES,1.0,2.5
2021-07-15,DIVERS CONFISERIE,2.0,3.0
2021-07-15,DIVERS VIENNOISERIE,2.0,8.5
2021-07-15,FONDANT CHOCOLAT,4.0,2.5
2021-07-15,GD KOUIGN AMANN,7.0,7.5
2021-07-15,GRAND FAR BRETON,4.0,7.0
2021-07-15,GRANDE SUCETTE,1.0,0.6
2021-07-15,NANTAIS,4.0,2.5
2021-07-15,PAIN S/SEL,1.0,1.5
2021-07-15,RELIGIEUSE,2.0,2.5
2021-07-15,SACHET DE CROUTON,3.0,1.6
2021-07-15,SACHET VIENNOISERIE,4.0,4.0
2021-07-15,SAVARIN,1.0,2.0
2021-07-15,SUCETTE,3.0,0.3
2021-07-15,TARTE FRUITS 4P,2.0,9.0
2021-07-15,TARTELETTE CHOC,1.0,2.5
2021-07-15,TARTELETTE FRAISE,1.0,3.0
2021-07-15,TRAITEUR,3.0,14.166666666666666
2021-07-15,VIK BREAD,16.0,2.5
2021-07-16,BAGUETTE GRAINE,4.0,1.3
2021-07-16,BRIOCHETTE,1.0,0.8
2021-07-16,BROWNIES,4.0,2.5
2021-07-16,DIVERS BOISSONS,5.0,2.6666666666666665
2021-07-16,DIVERS BOULANGERIE,1.0,4.0
2021-07-16,DIVERS CONFISERIE,1.0,3.0
2021-07-16,DIVERS PATISSERIE,3.0,2.0
2021-07-16,DIVERS VIENNOISERIE,3.0,11.0
2021-07-16,FLAN,1.0,2.0
2021-07-16,FLAN ABRICOT,2.0,2.1
2021-07-16,FONDANT CHOCOLAT,3.0,2.5
2021-07-16,FRAISIER,2.0,3.0
2021-07-16,GD KOUIGN AMANN,1.0,7.5
2021-07-16,GRAND FAR BRETON,5.0,7.0
2021-07-16,MILLES FEUILLES,2.0,2.0
2021-07-16,NANTAIS,2.0,2.5
2021-07-16,PAIN S/SEL,1.0,1.5
2021-07-16,PARIS BREST,2.0,2.0
2021-07-16,RELIGIEUSE,1.0,2.5
2021-07-16,SACHET DE CROUTON,1.0,1.6
2021-07-16,SAVARIN,1.0,2.0
2021-07-16,SPECIAL BREAD KG,1.0,4.8
2021-07-16,ST HONORE,1.0,3.0
2021-07-16,TARTELETTE CHOC,4.0,2.5
2021-07-16,TARTELETTE FRAISE,4.0,3.0
2021-07-16,TRAITEUR,4.0,9.833333333333334
2021-07-16,TROPEZIENNE,1.0,2.0
2021-07-16,VIENNOISE,4.0,1.1
2021-07-16,VIK BREAD,11.0,2.5
2021-07-17,BAGUETTE GRAINE,15.0,1.3
2021-07-17,BOULE POLKA,2.0,1.6
2021-07-17,BROWNIES,4.0,2.5
2021-07-17,DIVERS BOISSONS,1.0,2.0
2021-07-17,DIVERS VIENNOISERIE,1.0,22.0
2021-07-17,FLAN,4.0,2.0
2021-07-17,FLAN ABRICOT,1.0,2.1
2021-07-17,FONDANT CHOCOLAT,5.0,2.5
2021-07-17,FRAISIER,2.0,3.0
2021-07-17,GD KOUIGN AMANN,12.0,7.5
2021-07-17,GRAND FAR BRETON,8.0,7.0
2021-07-17,NANTAIS,10.0,2.5
2021-07-17,PARIS BREST,6.0,2.0
2021-07-17,RELIGIEUSE,1.0,2.5
2021-07-17,SACHET DE CROUTON,2.0,1.6
2021-07-17,SACHET VIENNOISERIE,2.0,4.0
2021-07-17,SAVARIN,1.0,2.0
2021-07-17,SUCETTE,4.0,0.3
2021-07-17,TARTE FRUITS 4P,2.0,9.0
2021-07-17,TARTE FRUITS 6P,1.0,12.0
2021-07-17,TARTELETTE FRAISE,8.0,3.0
2021-07-17,TRAITEUR,2.0,7.5
2021-07-17,TROPEZIENNE,2.0,2.0
2021-07-17,VIENNOISE,2.0,1.1
2021-07-17,VIK BREAD,18.0,2.5
2021-07-18,BAGUETTE GRAINE,19.0,1.3
2021-07-18,BOULE POLKA,2.0,1.6
2021-07-18,DIVERS CONFISERIE,3.0,3.0
2021-07-18,DIVERS PATISSERIE,1.0,2.0
2021-07-18,DIVERS VIENNOISERIE,3.0,11.0
2021-07-18,FLAN,4.0,2.0
2021-07-18,FLAN ABRICOT,5.0,2.1
2021-07-18,FONDANT CHOCOLAT,2.0,2.5
2021-07-18,FRAISIER,5.0,3.0
2021-07-18,GD KOUIGN AMANN,8.0,7.5
2021-07-18,GRAND FAR BRETON,7.0,7.0
2021-07-18,MILLES FEUILLES,4.0,2.0
2021-07-18,NANTAIS,4.0,2.5
2021-07-18,NOIX JAPONAISE,1.0,2.0
2021-07-18,PAIN S/SEL,1.0,1.5
2021-07-18,PARIS BREST,4.0,2.0
2021-07-18,RELIGIEUSE,6.0,2.5
2021-07-18,ROYAL 4P,1.0,12.0
2021-07-18,ROYAL 6P,3.0,18.0
2021-07-18,SACHET VIENNOISERIE,2.0,4.0
2021-07-18,SAVARIN,4.0,2.0
2021-07-18,SPECIAL BREAD KG,2.0,4.8
2021-07-18,ST HONORE,2.0,3.0
2021-07-18,SUCETTE,6.0,0.3
2021-07-18,TARTE FRAISE 4PER,3.0,12.0
2021-07-18,TARTE FRAISE 6P,2.0,18.0
2021-07-18,TARTE FRUITS 4P,3.0,9.0
2021-07-18,TARTE FRUITS 6P,1.0,12.0
2021-07-18,TARTELETTE FRAISE,8.0,3.0
2021-07-18,TROPEZIENNE,2.0,2.0
2021-07-18,VIENNOISE,8.0,1.1
2021-07-18,VIK BREAD,19.0,2.5
2021-07-19,BAGUETTE GRAINE,21.0,1.3
2021-07-19,DIVERS BOISSONS,2.0,3.0
2021-07-19,DIVERS BOULANGERIE,1.0,5.0
2021-07-19,DIVERS VIENNOISERIE,1.0,6.0
2021-07-19,FONDANT CHOCOLAT,3.0,2.5
2021-07-19,GD KOUIGN AMANN,2.0,7.5
2021-07-19,GRAND FAR BRETON,3.0,7.0
2021-07-19,NANTAIS,1.0,2.5
2021-07-19,RELIGIEUSE,1.0,2.5
2021-07-19,ROYAL 6P,1.0,18.0
2021-07-19,SACHET VIENNOISERIE,1.0,4.0
2021-07-19,SPECIAL BREAD KG,1.0,4.8
2021-07-19,SUCETTE,6.0,0.3
2021-07-19,TARTELETTE FRAISE,2.0,3.0
2021-07-19,TRAITEUR,6.0,7.2
2021-07-19,TROPEZIENNE,1.0,2.0
2021-07-19,VIK BREAD,8.0,2.5
2021-07-20,BAGUETTE GRAINE,10.0,1.3
2021-07-20,BOULE POLKA,1.0,1.6
2021-07-20,CHOCOLAT,4.0,1.5
2021-07-20,DELICETROPICAL,1.0,3.0
2021-07-20,DIVERS BOISSONS,2.0,3.0
2021-07-20,DIVERS CONFISERIE,3.0,3.0
2021-07-20,DIVERS PATISSERIE,1.0,2.5
2021-07-20,FLAN,3.0,2.0
2021-07-20,FLAN ABRICOT,1.0,2.1
2021-07-20,GD KOUIGN AMANN,4.0,7.5
2021-07-20,GRAND FAR BRETON,4.0,7.0
2021-07-20,GRANDE SUCETTE,1.0,0.6
2021-07-20,MILLES FEUILLES,4.0,2.0
2021-07-20,NANTAIS,5.0,2.5
2021-07-20,NOIX JAPONAISE,1.0,2.0
2021-07-20,PAIN S/SEL,1.0,1.5
2021-07-20,PARIS BREST,4.0,2.0
2021-07-20,RELIGIEUSE,4.0,2.5
2021-07-20,SACHET VIENNOISERIE,3.0,4.0
2021-07-20,ST HONORE,3.0,3.0
2021-07-20,SUCETTE,2.0,0.3
2021-07-20,TARTELETTE FRAISE,1.0,3.0
2021-07-20,TRAITEUR,11.0,6.45
2021-07-20,TROPEZIENNE,1.0,2.0
2021-07-20,VIK BREAD,12.0,2.5
2021-07-21,BAGUETTE GRAINE,10.0,1.3
2021-07-21,BOULE POLKA,1.0,1.6
2021-07-21,BROWNIES,1.0,2.5
2021-07-21,DELICETROPICAL,1.0,3.0
2021-07-21,DIVERS BOULANGERIE,1.0,2.0
2021-07-21,DIVERS CONFISERIE,2.0,3.0
2021-07-21,DIVERS VIENNOISERIE,1.0,11.0
2021-07-21,FLAN,3.0,2.0
2021-07-21,FLAN ABRICOT,2.0,2.1
2021-07-21,FONDANT CHOCOLAT,1.0,2.5
2021-07-21,GD KOUIGN AMANN,2.0,7.5
2021-07-21,GRAND FAR BRETON,6.0,7.0
2021-07-21,NANTAIS,4.0,2.5
2021-07-21,PARIS BREST,1.0,2.0
2021-07-21,RELIGIEUSE,1.0,2.5
2021-07-21,SACHET DE CROUTON,4.0,1.6000000000000003
2021-07-21,SACHET VIENNOISERIE,4.0,4.0
2021-07-21,SPECIAL BREAD KG,2.0,4.8
2021-07-21,ST HONORE,1.0,3.0
2021-07-21,SUCETTE,2.0,0.3
2021-07-21,TRAITEUR,4.0,6.25
2021-07-21,TROPEZIENNE,3.0,2.0
2021-07-21,VIENNOISE,5.0,1.1
2021-07-21,VIK BREAD,10.0,2.5
2021-07-22,BAGUETTE GRAINE,15.0,1.3000000000000003
2021-07-22,BOULE POLKA,2.0,1.6
2021-07-22,DEMI PAIN,2.0,0.6
2021-07-22,DIVERS BOISSONS,1.0,2.0
2021-07-22,DIVERS CONFISERIE,2.0,3.0
2021-07-22,DIVERS VIENNOISERIE,3.0,11.0
2021-07-22,FLAN,3.0,2.0
2021-07-22,FLAN ABRICOT,1.0,2.1
2021-07-22,FONDANT CHOCOLAT,2.0,2.5
2021-07-22,GRAND FAR BRETON,5.0,7.0
2021-07-22,MILLES FEUILLES,2.0,2.0
2021-07-22,NANTAIS,3.0,2.5
2021-07-22,PAIN S/SEL,2.0,1.5
2021-07-22,PARIS BREST,2.0,2.0
2021-07-22,RELIGIEUSE,3.0,2.5
2021-07-22,SACHET VIENNOISERIE,4.0,4.0
2021-07-22,SAVARIN,1.0,2.0
2021-07-22,SPECIAL BREAD KG,1.0,4.8
2021-07-22,ST HONORE,3.0,3.0
2021-07-22,SUCETTE,1.0,0.3
2021-07-22,TARTELETTE CHOC,1.0,2.5
2021-07-22,TRAITEUR,6.0,6.583333333333333
2021-07-22,VIENNOISE,5.0,1.1
2021-07-22,VIK BREAD,9.0,2.5
2021-07-23,BAGUETTE GRAINE,8.0,1.3
2021-07-23,BOULE POLKA,2.0,1.6
2021-07-23,BRIOCHETTE,1.0,0.8
2021-07-23,DIVERS BOULANGERIE,2.0,5.1125
2021-07-23,DIVERS CONFISERIE,1.0,3.0
2021-07-23,DIVERS VIENNOISERIE,2.0,11.0
2021-07-23,FLAN,5.0,2.0
2021-07-23,FLAN ABRICOT,2.0,2.1
2021-07-23,FONDANT CHOCOLAT,3.0,2.5
2021-07-23,FRAISIER,1.0,3.0
2021-07-23,GD KOUIGN AMANN,3.0,7.5
2021-07-23,GRAND FAR BRETON,6.0,7.0
2021-07-23,NANTAIS,8.0,2.5
2021-07-23,NOIX JAPONAISE,2.0,2.0
2021-07-23,PAIN S/SEL,1.0,1.5
2021-07-23,PARIS BREST,1.0,2.0
2021-07-23,RELIGIEUSE,2.0,2.5
2021-07-23,SACHET VIENNOISERIE,1.0,4.0
2021-07-23,SPECIAL BREAD KG,2.0,4.8
2021-07-23,SUCETTE,1.0,0.3
2021-07-23,TARTE FRAISE 4PER,1.0,12.0
2021-07-23,TARTE FRAISE 6P,2.0,18.0
2021-07-23,TARTE FRUITS 4P,1.0,9.0
2021-07-23,TRAITEUR,18.0,5.222222222222222
2021-07-23,VIENNOISE,5.0,1.1
2021-07-23,VIK BREAD,13.0,2.5
2021-07-24,BAGUETTE GRAINE,11.0,1.3
2021-07-24,BRIOCHETTE,4.0,0.8000000000000002
2021-07-24,CRUMBLE,2.0,4.0
2021-07-24,CRUMBLECARAMEL OU PISTAE,3.0,6.0
2021-07-24,DIVERS CONFISERIE,3.0,3.0
2021-07-24,DIVERS PATISSERIE,1.0,2.5
2021-07-24,FLAN,1.0,2.0
2021-07-24,FLAN ABRICOT,1.0,2.1
2021-07-24,FONDANT CHOCOLAT,6.0,2.5
2021-07-24,GD KOUIGN AMANN,7.0,7.5
2021-07-24,GRAND FAR BRETON,7.0,7.0
2021-07-24,MILLES FEUILLES,2.0,2.0
2021-07-24,NANTAIS,10.0,2.5
2021-07-24,NOIX JAPONAISE,1.0,2.0
2021-07-24,PAIN S/SEL,1.0,1.5
2021-07-24,RELIGIEUSE,1.0,2.5
2021-07-24,SACHET DE CROUTON,2.0,1.6
2021-07-24,SPECIAL BREAD KG,1.0,4.8
2021-07-24,ST HONORE,1.0,3.0
2021-07-24,SUCETTE,8.0,0.3
2021-07-24,TARTE FRUITS 4P,1.0,9.0
2021-07-24,TARTE FRUITS 6P,1.0,12.0
2021-07-24,TARTELETTE CHOC,1.0,2.5
2021-07-24,TRAITEUR,6.0,9.0
2021-07-24,VIENNOISE,6.0,1.1
2021-07-24,VIK BREAD,20.0,2.5
2021-07-25,BAGUETTE GRAINE,12.0,1.3
2021-07-25,BOULE POLKA,2.0,1.6
2021-07-25,BRIOCHETTE,20.0,0.8
2021-07-25,CHOU CHANTILLY,4.0,2.0
2021-07-25,CRUMBLE,1.0,2.0
2021-07-25,DELICETROPICAL,8.0,3.0
2021-07-25,DIVERS BOISSONS,1.0,2.0
2021-07-25,DIVERS BOULANGERIE,2.0,2.0
2021-07-25,DIVERS CONFISERIE,1.0,3.0
2021-07-25,DIVERS PATISSERIE,1.0,6.0
2021-07-25,FLAN,3.0,2.0
2021-07-25,FONDANT CHOCOLAT,5.0,2.5
2021-07-25,FRAISIER,6.0,3.0
2021-07-25,GACHE,1.0,5.0
2021-07-25,GD KOUIGN AMANN,7.0,7.5
2021-07-25,GRAND FAR BRETON,13.0,7.0
2021-07-25,NANTAIS,5.0,5.0
2021-07-25,NOIX JAPONAISE,3.0,2.0
2021-07-25,PARIS BREST,11.0,2.0
2021-07-25,PT NANTAIS,2.0,3.0
2021-07-25,RELIGIEUSE,3.0,2.5
2021-07-25,SACHET DE CROUTON,1.0,1.6
2021-07-25,SAVARIN,3.0,2.0
2021-07-25,SPECIAL BREAD KG,2.0,4.8
2021-07-25,ST HONORE,2.0,3.0
2021-07-25,SUCETTE,5.0,0.3
2021-07-25,TARTE FRAISE 6P,1.0,18.0
2021-07-25,TROPEZIENNE,2.0,2.0
2021-07-25,VIENNOISE,4.0,1.1
2021-07-25,VIK BREAD,12.0,2.5
2021-07-26,BAGUETTE GRAINE,18.0,1.3
2021-07-26,BOULE POLKA,2.0,1.6
2021-07-26,CHOCOLAT,1.0,1.5
2021-07-26,DELICETROPICAL,4.0,3.0
2021-07-26,DIVERS CONFISERIE,1.0,3.0
2021-07-26,FLAN,1.0,2.0
2021-07-26,FLAN ABRICOT,2.0,2.1
2021-07-26,FONDANT CHOCOLAT,1.0,2.5
2021-07-26,GD KOUIGN AMANN,4.0,7.5
2021-07-26,GRAND FAR BRETON,1.0,7.0
2021-07-26,MILLES FEUILLES,3.0,2.0
2021-07-26,NANTAIS,4.0,5.0
2021-07-26,PARIS BREST,4.0,2.0
2021-07-26,PT NANTAIS,4.0,3.0
2021-07-26,RELIGIEUSE,1.0,2.5
2021-07-26,SACHET DE CROUTON,1.0,1.6
2021-07-26,SACHET VIENNOISERIE,1.0,4.0
2021-07-26,SPECIAL BREAD KG,2.0,4.8
2021-07-26,TARTE FRAISE 4PER,1.0,12.0
2021-07-26,TARTE FRUITS 6P,1.0,12.0
2021-07-26,TARTELETTE FRAISE,4.0,3.0
2021-07-26,TRAITEUR,7.0,7.3
2021-07-26,TROPEZIENNE,3.0,2.0
2021-07-26,VIENNOISE,6.0,1.1
2021-07-26,VIK BREAD,15.0,2.5
2021-07-27,BAGUETTE GRAINE,10.0,1.3
2021-07-27,BOULE POLKA,2.0,1.6
2021-07-27,DIVERS VIENNOISERIE,3.0,8.0
2021-07-27,FLAN,1.0,2.0
2021-07-27,FLAN ABRICOT,2.0,2.1
2021-07-27,FONDANT CHOCOLAT,3.0,2.5
2021-07-27,GD KOUIGN AMANN,4.0,7.5
2021-07-27,GRAND FAR BRETON,8.0,7.0
2021-07-27,MILLES FEUILLES,2.0,2.0
2021-07-27,NANTAIS,5.0,5.0
2021-07-27,NOIX JAPONAISE,2.0,2.0
2021-07-27,PARIS BREST,2.0,2.0
2021-07-27,PT NANTAIS,4.0,3.0
2021-07-27,RELIGIEUSE,1.0,2.5
2021-07-27,SACHET DE CROUTON,1.0,1.6
2021-07-27,SACHET VIENNOISERIE,3.0,4.0
2021-07-27,SAVARIN,1.0,2.0
2021-07-27,SPECIAL BREAD KG,2.0,4.8
2021-07-27,ST HONORE,2.0,3.0
2021-07-27,TARTE FRAISE 4PER,1.0,12.0
2021-07-27,TARTELETTE FRAISE,1.0,3.0
2021-07-27,TRAITEUR,6.0,6.666666666666667
2021-07-27,TROPEZIENNE,1.0,2.0
2021-07-27,VIENNOISE,4.0,1.1
2021-07-27,VIK BREAD,15.0,2.5
2021-07-28,BAGUETTE GRAINE,17.0,1.3
2021-07-28,BOULE POLKA,1.0,1.6
2021-07-28,DELICETROPICAL,3.0,3.0
2021-07-28,DIVERS VIENNOISERIE,1.0,6.0
2021-07-28,FLAN,1.0,2.0
2021-07-28,GD KOUIGN AMANN,6.0,7.5
2021-07-28,GRAND FAR BRETON,7.0,7.0
2021-07-28,GRANDE SUCETTE,1.0,0.6
2021-07-28,MILLES FEUILLES,1.0,2.0
2021-07-28,NANTAIS,5.0,5.0
2021-07-28,PARIS BREST,2.0,2.0
2021-07-28,PT NANTAIS,1.0,3.0
2021-07-28,SACHET DE CROUTON,1.0,1.6
2021-07-28,SACHET VIENNOISERIE,3.0,4.0
2021-07-28,SPECIAL BREAD KG,2.0,4.8
2021-07-28,ST HONORE,4.0,3.0
2021-07-28,TARTELETTE FRAISE,2.0,3.0
2021-07-28,TRAITEUR,2.0,7.25
2021-07-28,TROPEZIENNE,2.0,2.0
2021-07-28,VIENNOISE,3.0,1.1
2021-07-28,VIK BREAD,14.0,2.5
2021-07-29,BAGUETTE GRAINE,13.0,1.3
2021-07-29,CHOCOLAT,2.0,1.5
2021-07-29,DIVERS BOISSONS,1.0,3.0
2021-07-29,DIVERS CONFISERIE,1.0,0.0
2021-07-29,DIVERS VIENNOISERIE,1.0,6.0
2021-07-29,FLAN,3.0,2.0
2021-07-29,FLAN ABRICOT,2.0,2.1
2021-07-29,FRAISIER,2.0,3.0
2021-07-29,GD KOUIGN AMANN,7.0,7.5
2021-07-29,GRAND FAR BRETON,3.0,7.0
2021-07-29,GRANDE SUCETTE,4.0,0.6
2021-07-29,MILLES FEUILLES,1.0,2.0
2021-07-29,NANTAIS,2.0,5.0
2021-07-29,NOIX JAPONAISE,2.0,2.0
2021-07-29,PARIS BREST,1.0,2.0
2021-07-29,RELIGIEUSE,3.0,2.5
2021-07-29,SACHET DE CROUTON,1.0,1.6
2021-07-29,SACHET VIENNOISERIE,2.0,4.0
2021-07-29,SPECIAL BREAD KG,2.0,4.8
2021-07-29,ST HONORE,1.0,3.0
2021-07-29,TARTELETTE FRAISE,9.0,3.0
2021-07-29,TRAITEUR,4.0,9.0
2021-07-29,TRIANGLES,1.0,2.5
2021-07-29,VIENNOISE,5.0,1.1
2021-07-29,VIK BREAD,17.0,2.5
2021-07-30,BAGUETTE GRAINE,8.0,1.3
2021-07-30,BOULE POLKA,2.0,1.6
2021-07-30,DEMI PAIN,2.0,0.6
2021-07-30,DIVERS BOISSONS,1.0,3.0
2021-07-30,DIVERS BOULANGERIE,1.0,9.0
2021-07-30,DIVERS CONFISERIE,2.0,3.0
2021-07-30,FLAN,3.0,2.0
2021-07-30,FONDANT CHOCOLAT,2.0,2.5
2021-07-30,GD KOUIGN AMANN,10.0,7.5
2021-07-30,GRAND FAR BRETON,12.0,7.0
2021-07-30,GRANDE SUCETTE,2.0,0.6
2021-07-30,NANTAIS,1.0,5.0
2021-07-30,PARIS BREST,3.0,2.0
2021-07-30,PT NANTAIS,2.0,3.0
2021-07-30,SACHET DE CROUTON,1.0,1.6
2021-07-30,SACHET VIENNOISERIE,5.0,4.0
2021-07-30,ST HONORE,1.0,3.0
2021-07-30,SUCETTE,3.0,0.3
2021-07-30,TARTELETTE FRAISE,3.0,3.0
2021-07-30,TRAITEUR,2.0,8.5
2021-07-30,VIENNOISE,4.0,1.1
2021-07-30,VIK BREAD,27.0,2.5
2021-07-31,BAGUETTE GRAINE,13.0,1.3
2021-07-31,BOULE POLKA,2.0,1.6
2021-07-31,DIVERS BOISSONS,1.0,2.0
2021-07-31,DIVERS CONFISERIE,3.0,3.0
2021-07-31,FLAN,3.0,2.0
2021-07-31,FLAN ABRICOT,1.0,2.1
2021-07-31,FRAISIER,3.0,3.0
2021-07-31,GD KOUIGN AMANN,14.0,7.5
2021-07-31,GD NANTAIS,13.0,11.0
2021-07-31,GRAND FAR BRETON,12.0,7.0
2021-07-31,MILLES FEUILLES,3.0,2.0
2021-07-31,NANTAIS,4.0,5.0
2021-07-31,PARIS BREST,3.0,2.0
2021-07-31,PT NANTAIS,6.0,3.0
2021-07-31,SACHET DE CROUTON,1.0,1.6
2021-07-31,SACHET VIENNOISERIE,3.0,4.0
2021-07-31,SPECIAL BREAD KG,2.0,4.8
2021-07-31,SUCETTE,1.0,0.3
2021-07-31,TARTE FRAISE 4PER,1.0,12.0
2021-07-31,TARTE FRUITS 4P,1.0,9.0
2021-07-31,TARTE FRUITS 6P,1.0,12.0
2021-07-31,TARTELETTE FRAISE,3.0,3.0
2021-07-31,TROPEZIENNE,2.0,2.0
2021-07-31,VIENNOISE,5.0,1.1
2021-07-31,VIK BREAD,18.0,2.5
2021-08-01,BAGUETTE GRAINE,8.0,1.3
2021-08-01,BOULE POLKA,2.0,1.6
2021-08-01,DELICETROPICAL,4.0,3.0
2021-08-01,DIVERS BOULANGERIE,1.0,1.0
2021-08-01,FLAN,4.0,2.0
2021-08-01,FRAISIER,4.0,3.0
2021-08-01,GD KOUIGN AMANN,10.0,7.5
2021-08-01,GD NANTAIS,1.0,11.0
2021-08-01,GRAND FAR BRETON,6.0,7.0
2021-08-01,MILLES FEUILLES,4.0,2.0
2021-08-01,NANTAIS,5.0,5.0
2021-08-01,NOIX JAPONAISE,1.0,2.0
2021-08-01,PARIS BREST,8.0,2.0
2021-08-01,PT NANTAIS,3.0,3.0
2021-08-01,RELIGIEUSE,4.0,2.5
2021-08-01,SACHET DE CROUTON,5.0,1.6
2021-08-01,SACHET VIENNOISERIE,1.0,4.0
2021-08-01,SPECIAL BREAD KG,2.0,4.8
2021-08-01,ST HONORE,1.0,3.0
2021-08-01,SUCETTE,1.0,0.3
2021-08-01,TARTE FRAISE 6P,1.0,18.0
2021-08-01,TARTE FRUITS 4P,2.0,9.0
2021-08-01,TARTE FRUITS 6P,3.0,12.0
2021-08-01,TARTELETTE FRAISE,5.0,3.0
2021-08-01,VIENNOISE,4.0,1.1
2021-08-01,VIK BREAD,10.0,2.5
2021-08-02,BAGUETTE GRAINE,12.0,1.3
2021-08-02,BOULE POLKA,1.0,1.6
2021-08-02,CHOCOLAT,1.0,1.5
2021-08-02,DIVERS CONFISERIE,2.0,3.0
2021-08-02,FONDANT CHOCOLAT,6.0,2.5
2021-08-02,GD KOUIGN AMANN,4.0,7.5
2021-08-02,GRAND FAR BRETON,6.0,7.0
2021-08-02,PARIS BREST,1.0,2.0
2021-08-02,PT NANTAIS,4.0,3.0
2021-08-02,SACHET VIENNOISERIE,2.0,4.0
2021-08-02,SPECIAL BREAD KG,2.0,4.8
2021-08-02,SUCETTE,2.0,0.3
2021-08-02,TARTELETTE FRAISE,2.0,3.0
2021-08-02,TROPEZIENNE,2.0,2.0
2021-08-02,VIENNOISE,4.0,1.1
2021-08-02,VIK BREAD,7.0,2.5
2021-08-03,BAGUETTE GRAINE,14.0,1.3
2021-08-03,BOULE POLKA,2.0,1.6
2021-08-03,DIVERS CONFISERIE,1.0,3.0
2021-08-03,DIVERS VIENNOISERIE,3.0,6.0
2021-08-03,FLAN,3.0,2.0
2021-08-03,FONDANT CHOCOLAT,7.0,2.5
2021-08-03,GD KOUIGN AMANN,5.0,7.5
2021-08-03,GRAND FAR BRETON,5.0,7.0
2021-08-03,MILLES FEUILLES,4.0,2.0
2021-08-03,PAIN S/SEL,1.0,1.5
2021-08-03,PARIS BREST,5.0,2.0
2021-08-03,PT NANTAIS,3.0,3.0
2021-08-03,SACHET DE CROUTON,3.0,1.6000000000000003
2021-08-03,SPECIAL BREAD KG,1.0,4.8
2021-08-03,ST HONORE,1.0,3.0
2021-08-03,SUCETTE,1.0,0.3
2021-08-03,TARTE FRUITS 4P,1.0,9.0
2021-08-03,TARTE FRUITS 6P,4.0,12.0
2021-08-03,TRAITEUR,5.0,6.833333333333333
2021-08-03,TROPEZIENNE,5.0,2.0
2021-08-03,VIENNOISE,4.0,1.1
2021-08-03,VIK BREAD,16.0,2.5
2021-08-04,BAGUETTE GRAINE,13.0,1.3
2021-08-04,DIVERS CONFISERIE,3.0,3.0
2021-08-04,DIVERS VIENNOISERIE,2.0,6.0
2021-08-04,FLAN,5.0,2.0
2021-08-04,FLAN ABRICOT,1.0,2.1
2021-08-04,FONDANT CHOCOLAT,1.0,2.5
2021-08-04,GD KOUIGN AMANN,5.0,7.5
2021-08-04,GD NANTAIS,6.0,11.0
2021-08-04,GRAND FAR BRETON,8.0,7.0
2021-08-04,GRANDE SUCETTE,1.0,0.6
2021-08-04,MILLES FEUILLES,5.0,2.0
2021-08-04,NOIX JAPONAISE,1.0,2.0
2021-08-04,PARIS BREST,1.0,2.0
2021-08-04,PT NANTAIS,2.0,3.0
2021-08-04,RELIGIEUSE,3.0,2.5
2021-08-04,SACHET VIENNOISERIE,1.0,4.0
2021-08-04,SAVARIN,2.0,2.0
2021-08-04,SPECIAL BREAD KG,2.0,4.8
2021-08-04,ST HONORE,3.0,3.0
2021-08-04,SUCETTE,3.0,0.3
2021-08-04,TARTELETTE CHOC,1.0,2.5
2021-08-04,TRAITEUR,1.0,6.5
2021-08-04,TROPEZIENNE,1.0,2.0
2021-08-04,VIENNOISE,2.0,1.1
2021-08-04,VIK BREAD,10.0,2.5
2021-08-05,BAGUETTE GRAINE,13.0,1.3
2021-08-05,BOULE POLKA,2.0,1.6
2021-08-05,DIVERS BOISSONS,1.0,2.0
2021-08-05,DIVERS CONFISERIE,1.0,3.0
2021-08-05,DIVERS VIENNOISERIE,2.0,3.0
2021-08-05,FLAN,2.0,2.0
2021-08-05,FLAN ABRICOT,1.0,2.1
2021-08-05,GD KOUIGN AMANN,6.0,7.5
2021-08-05,GD NANTAIS,2.0,11.0
2021-08-05,GRAND FAR BRETON,8.0,7.0
2021-08-05,GRANDE SUCETTE,4.0,0.6
2021-08-05,MILLES FEUILLES,4.0,2.0
2021-08-05,NANTAIS,0.0,5.0
2021-08-05,NOIX JAPONAISE,1.0,2.0
2021-08-05,PAIN DE MIE,1.0,2.0
2021-08-05,PAIN S/SEL,1.0,1.5
2021-08-05,PT NANTAIS,8.0,3.0
2021-08-05,SACHET DE CROUTON,5.0,1.6
2021-08-05,SACHET VIENNOISERIE,5.0,4.0
2021-08-05,SAVARIN,1.0,2.0
2021-08-05,SPECIAL BREAD KG,1.0,4.8
2021-08-05,ST HONORE,2.0,3.0
2021-08-05,SUCETTE,2.0,0.3
2021-08-05,TRAITEUR,3.0,7.0
2021-08-05,TROPEZIENNE,1.0,2.0
2021-08-05,VIK BREAD,17.0,2.5
2021-08-06,BAGUETTE GRAINE,7.0,1.3
2021-08-06,BOULE POLKA,2.0,1.6
2021-08-06,DIVERS VIENNOISERIE,3.0,6.0
2021-08-06,FLAN,1.0,2.0
2021-08-06,GD KOUIGN AMANN,3.0,7.5
2021-08-06,GRAND FAR BRETON,7.0,7.0
2021-08-06,GRANDE SUCETTE,5.0,0.6
2021-08-06,MILLES FEUILLES,1.0,2.0
2021-08-06,PARIS BREST,6.0,2.0
2021-08-06,PT NANTAIS,2.0,3.0
2021-08-06,RELIGIEUSE,3.0,2.5
2021-08-06,SACHET DE CROUTON,1.0,1.6
2021-08-06,SAVARIN,3.0,2.0
2021-08-06,SPECIAL BREAD KG,2.0,4.8
2021-08-06,SUCETTE,2.0,0.3
2021-08-06,TARTE FRUITS 4P,1.0,9.0
2021-08-06,TROPEZIENNE,4.0,2.0
2021-08-06,VIENNOISE,3.0,1.1
2021-08-06,VIK BREAD,14.0,2.5
2021-08-07,BAGUETTE GRAINE,11.0,1.3
2021-08-07,BOULE POLKA,2.0,1.6
2021-08-07,CHOCOLAT,1.0,1.5
2021-08-07,DIVERS BOISSONS,1.0,4.0
2021-08-07,DIVERS CONFISERIE,3.0,3.0
2021-08-07,DIVERS VIENNOISERIE,5.0,6.0
2021-08-07,FLAN,5.0,2.0
2021-08-07,FLAN ABRICOT,2.0,2.1
2021-08-07,FRAISIER,5.0,3.0
2021-08-07,GD KOUIGN AMANN,7.0,7.5
2021-08-07,GRAND FAR BRETON,8.0,7.0
2021-08-07,MILLES FEUILLES,2.0,2.0
2021-08-07,PAIN S/SEL,1.0,1.5
2021-08-07,PARIS BREST,3.0,2.0
2021-08-07,PT NANTAIS,13.0,3.0
2021-08-07,RELIGIEUSE,2.0,2.5
2021-08-07,ROYAL 4P,1.0,12.0
2021-08-07,ROYAL 6P,1.0,18.0
2021-08-07,SACHET DE CROUTON,2.0,1.6
2021-08-07,SACHET VIENNOISERIE,2.0,4.0
2021-08-07,SPECIAL BREAD KG,4.0,4.8
2021-08-07,ST HONORE,2.0,3.0
2021-08-07,SUCETTE,7.0,0.3
2021-08-07,TARTE FRAISE 6P,1.0,18.0
2021-08-07,TARTE FRUITS 4P,2.0,9.0
2021-08-07,TARTE FRUITS 6P,1.0,12.0
2021-08-07,TARTELETTE CHOC,2.0,2.5
2021-08-07,TARTELETTE FRAISE,6.0,3.0
2021-08-07,TRAITEUR,3.0,7.0
2021-08-07,TROPEZIENNE,2.0,2.0
2021-08-07,VIENNOISE,6.0,1.1
2021-08-07,VIK BREAD,17.0,2.5
2021-08-08,BAGUETTE GRAINE,13.0,1.3
2021-08-08,BOULE POLKA,2.0,1.6
2021-08-08,DELICETROPICAL,6.0,3.0
2021-08-08,DIVERS CONFISERIE,2.0,3.0
2021-08-08,FLAN,5.0,2.0
2021-08-08,FLAN ABRICOT,5.0,2.1
2021-08-08,FRAISIER,4.0,3.0
2021-08-08,GD KOUIGN AMANN,10.0,7.5
2021-08-08,GD NANTAIS,4.0,11.0
2021-08-08,GRAND FAR BRETON,15.0,7.0
2021-08-08,MILLES FEUILLES,8.0,2.0
2021-08-08,NOIX JAPONAISE,2.0,2.0
2021-08-08,PARIS BREST,8.0,2.0
2021-08-08,PT NANTAIS,10.0,3.0
2021-08-08,RELIGIEUSE,3.0,2.5
2021-08-08,SACHET VIENNOISERIE,4.0,4.0
2021-08-08,SAVARIN,6.0,2.0
2021-08-08,SPECIAL BREAD KG,2.0,4.8
2021-08-08,ST HONORE,3.0,3.0
2021-08-08,SUCETTE,1.0,0.3
2021-08-08,TARTE FRAISE 4PER,2.0,12.0
2021-08-08,TARTE FRAISE 6P,1.0,18.0
2021-08-08,TARTE FRUITS 4P,3.0,9.0
2021-08-08,TARTE FRUITS 6P,4.0,12.0
2021-08-08,TARTELETTE CHOC,4.0,2.5
2021-08-08,TARTELETTE FRAISE,9.0,3.0
2021-08-08,TROPEZIENNE,4.0,2.0
2021-08-08,VIENNOISE,5.0,1.1
2021-08-08,VIK BREAD,17.0,2.5
2021-08-09,BAGUETTE GRAINE,14.0,1.3
2021-08-09,BOULE POLKA,2.0,1.6
2021-08-09,CHOCOLAT,1.0,1.5
2021-08-09,DELICETROPICAL,1.0,3.0
2021-08-09,DIVERS BOISSONS,1.0,4.0
2021-08-09,DIVERS BOULANGERIE,1.0,6.0
2021-08-09,DIVERS CONFISERIE,2.0,3.0
2021-08-09,FLAN ABRICOT,1.0,2.1
2021-08-09,FRAISIER,3.0,3.0
2021-08-09,GD KOUIGN AMANN,8.0,7.5
2021-08-09,GD NANTAIS,2.0,11.0
2021-08-09,GRAND FAR BRETON,7.0,7.0
2021-08-09,PARIS BREST,1.0,2.0
2021-08-09,PT NANTAIS,6.0,3.0
2021-08-09,RELIGIEUSE,3.0,2.5
2021-08-09,ROYAL 4P,2.0,12.0
2021-08-09,ROYAL 6P,2.0,18.0
2021-08-09,SACHET VIENNOISERIE,3.0,4.0
2021-08-09,SPECIAL BREAD KG,2.0,4.8
2021-08-09,ST HONORE,1.0,3.0
2021-08-09,SUCETTE,10.0,0.3
2021-08-09,TARTE FRUITS 6P,1.0,12.0
2021-08-09,TARTELETTE CHOC,3.0,2.5
2021-08-09,TARTELETTE FRAISE,4.0,3.0
2021-08-09,TRAITEUR,4.0,7.0
2021-08-09,VIENNOISE,5.0,1.1
2021-08-09,VIK BREAD,13.0,2.5
2021-08-10,BAGUETTE GRAINE,14.0,1.3
2021-08-10,BOULE POLKA,2.0,1.6
2021-08-10,DELICETROPICAL,4.0,3.0
2021-08-10,DIVERS CONFISERIE,1.0,3.0
2021-08-10,DIVERS VIENNOISERIE,3.0,8.0
2021-08-10,FLAN,3.0,2.0
2021-08-10,FLAN ABRICOT,2.0,2.1
2021-08-10,GD KOUIGN AMANN,6.0,7.5
2021-08-10,GRAND FAR BRETON,9.0,7.0
2021-08-10,GRANDE SUCETTE,2.0,0.6
2021-08-10,MILLES FEUILLES,3.0,2.0
2021-08-10,PAIN S/SEL,1.0,1.5
2021-08-10,PARIS BREST,3.0,2.0
2021-08-10,PT NANTAIS,5.0,3.0
2021-08-10,RELIGIEUSE,3.0,2.5
2021-08-10,SACHET VIENNOISERIE,2.0,4.0
2021-08-10,SAVARIN,1.0,2.0
2021-08-10,SPECIAL BREAD KG,2.0,4.8
2021-08-10,SUCETTE,3.0,0.3
2021-08-10,TARTELETTE CHOC,1.0,2.5
2021-08-10,TARTELETTE FRAISE,2.0,3.0
2021-08-10,TRAITEUR,3.0,9.333333333333334
2021-08-10,VIENNOISE,5.0,1.1
2021-08-10,VIK BREAD,12.0,2.5
2021-08-11,BAGUETTE GRAINE,12.0,1.3
2021-08-11,DIVERS BOISSONS,2.0,2.0
2021-08-11,DIVERS CONFISERIE,3.0,5.0
2021-08-11,DIVERS VIENNOISERIE,1.0,6.0
2021-08-11,FLAN,3.0,2.0
2021-08-11,GD KOUIGN AMANN,5.0,7.5
2021-08-11,GRAND FAR BRETON,18.0,7.0
2021-08-11,GRANDE SUCETTE,2.0,0.6
2021-08-11,MILLES FEUILLES,4.0,2.0
2021-08-11,PT NANTAIS,6.0,3.0
2021-08-11,RELIGIEUSE,6.0,2.5
2021-08-11,SACHET VIENNOISERIE,1.0,4.0
2021-08-11,SAVARIN,2.0,2.0
2021-08-11,SPECIAL BREAD KG,1.0,4.8
2021-08-11,ST HONORE,1.0,3.0
2021-08-11,SUCETTE,5.0,0.3
2021-08-11,TARTE FRAISE 4PER,1.0,12.0
2021-08-11,TARTE FRUITS 4P,2.0,9.0
2021-08-11,TARTELETTE FRAISE,2.0,3.0
2021-08-11,TRAITEUR,3.0,6.25
2021-08-11,VIENNOISE,4.0,1.1
2021-08-11,VIK BREAD,15.0,2.5
2021-08-12,BAGUETTE GRAINE,12.0,1.3
2021-08-12,BOULE POLKA,2.0,1.6
2021-08-12,FLAN,3.0,2.0
2021-08-12,FLAN ABRICOT,1.0,2.1
2021-08-12,FONDANT CHOCOLAT,5.0,2.5
2021-08-12,GD KOUIGN AMANN,8.0,7.5
2021-08-12,GD NANTAIS,1.0,11.0
2021-08-12,GRAND FAR BRETON,8.0,7.0
2021-08-12,MILLES FEUILLES,6.0,2.0
2021-08-12,PAIN S/SEL,1.0,1.5
2021-08-12,PARIS BREST,3.0,2.0
2021-08-12,PT NANTAIS,1.0,3.0
2021-08-12,RELIGIEUSE,3.0,2.5
2021-08-12,SACHET VIENNOISERIE,2.0,4.0
2021-08-12,SAVARIN,1.0,2.0
2021-08-12,SPECIAL BREAD KG,2.0,4.8
2021-08-12,ST HONORE,4.0,3.0
2021-08-12,SUCETTE,15.0,0.3
2021-08-12,TARTE FRAISE 4PER,1.0,12.0
2021-08-12,TARTELETTE FRAISE,7.0,3.0
2021-08-12,TRAITEUR,2.0,4.25
2021-08-12,TROPEZIENNE,1.0,2.0
2021-08-12,VIENNOISE,4.0,1.1
2021-08-12,VIK BREAD,15.0,2.5
2021-08-13,BAGUETTE GRAINE,14.0,1.3
2021-08-13,BOULE POLKA,1.0,1.6
2021-08-13,DIVERS CONFISERIE,3.0,3.0
2021-08-13,DIVERS VIENNOISERIE,1.0,6.0
2021-08-13,FONDANT CHOCOLAT,5.0,2.5
2021-08-13,FRAISIER,2.0,3.0
2021-08-13,GD KOUIGN AMANN,1.0,7.5
2021-08-13,GD NANTAIS,2.0,11.0
2021-08-13,GRAND FAR BRETON,8.0,7.0
2021-08-13,PAIN S/SEL,1.0,1.5
2021-08-13,PARIS BREST,4.0,2.0
2021-08-13,PT NANTAIS,4.0,3.0
2021-08-13,ROYAL 6P,1.0,18.0
2021-08-13,SPECIAL BREAD KG,1.0,4.8
2021-08-13,ST HONORE,2.0,3.0
2021-08-13,TARTE FRAISE 4PER,1.0,12.0
2021-08-13,TARTE FRUITS 4P,1.0,9.0
2021-08-13,TARTE FRUITS 6P,3.0,12.0
2021-08-13,TARTELETTE CHOC,1.0,2.5
2021-08-13,TRAITEUR,5.0,7.5
2021-08-13,VIENNOISE,4.0,1.1
2021-08-13,VIK BREAD,6.0,2.5
2021-08-14,BAGUETTE GRAINE,14.0,1.3
2021-08-14,BOULE POLKA,2.0,1.6
2021-08-14,DELICETROPICAL,5.0,3.0
2021-08-14,DIVERS BOISSONS,2.0,2.0
2021-08-14,DIVERS CONFISERIE,4.0,3.0
2021-08-14,DIVERS VIENNOISERIE,3.0,6.0
2021-08-14,FONDANT CHOCOLAT,1.0,2.5
2021-08-14,GD KOUIGN AMANN,4.0,7.5
2021-08-14,GD NANTAIS,4.0,11.0
2021-08-14,GRAND FAR BRETON,10.0,7.0
2021-08-14,GRANDE SUCETTE,1.0,0.6
2021-08-14,PAIN S/SEL,1.0,1.5
2021-08-14,PARIS BREST,2.0,2.0
2021-08-14,PT NANTAIS,7.0,3.0
2021-08-14,RELIGIEUSE,2.0,2.5
2021-08-14,ROYAL 6P,1.0,18.0
2021-08-14,SACHET DE CROUTON,1.0,1.6
2021-08-14,SACHET VIENNOISERIE,2.0,4.0
2021-08-14,SPECIAL BREAD KG,2.0,4.8
2021-08-14,ST HONORE,4.0,3.0
2021-08-14,SUCETTE,3.0,0.3
2021-08-14,TARTE FRAISE 4PER,1.0,12.0
2021-08-14,TARTE FRAISE 6P,1.0,18.0
2021-08-14,TARTE FRUITS 4P,2.0,9.0
2021-08-14,TARTE FRUITS 6P,2.0,12.0
2021-08-14,TARTELETTE FRAISE,5.0,3.0
2021-08-14,TRAITEUR,1.0,6.0
2021-08-14,VIENNOISE,5.0,1.1
2021-08-14,VIK BREAD,16.0,2.5
2021-08-15,BAGUETTE GRAINE,14.0,1.3
2021-08-15,BOULE POLKA,2.0,1.6
2021-08-15,DELICETROPICAL,4.0,3.0
2021-08-15,FLAN,3.0,2.0
2021-08-15,FLAN ABRICOT,2.0,2.1
2021-08-15,FONDANT CHOCOLAT,7.0,2.5
2021-08-15,FRAISIER,7.0,3.0
2021-08-15,GD KOUIGN AMANN,9.0,7.5
2021-08-15,GD NANTAIS,3.0,11.0
2021-08-15,GRAND FAR BRETON,16.0,7.0
2021-08-15,MILLES FEUILLES,7.0,2.0
2021-08-15,NOIX JAPONAISE,6.0,2.0
2021-08-15,PAIN S/SEL,1.0,1.5
2021-08-15,PARIS BREST,6.0,2.0
2021-08-15,PT NANTAIS,15.0,3.0
2021-08-15,RELIGIEUSE,9.0,2.5
2021-08-15,ROYAL 6P,1.0,18.0
2021-08-15,SACHET VIENNOISERIE,1.0,4.0
2021-08-15,SAVARIN,3.0,2.0
2021-08-15,SPECIAL BREAD KG,2.0,4.8
2021-08-15,ST HONORE,4.0,3.0
2021-08-15,SUCETTE,7.0,0.3
2021-08-15,TARTE FRAISE 4PER,4.0,12.0
2021-08-15,TARTE FRUITS 4P,3.0,9.0
2021-08-15,TARTE FRUITS 6P,6.0,12.0
2021-08-15,TARTELETTE CHOC,6.0,2.5
2021-08-15,TARTELETTE FRAISE,10.0,3.0
2021-08-15,TRAITEUR,1.0,8.0
2021-08-15,TROPEZIENNE,2.0,2.0
2021-08-15,VIENNOISE,5.0,1.1
2021-08-15,VIK BREAD,12.0,2.5
2021-08-16,BAGUETTE GRAINE,11.0,1.3
2021-08-16,BOULE POLKA,2.0,1.6
2021-08-16,CHOCOLAT,1.0,1.5
2021-08-16,DELICETROPICAL,2.0,3.0
2021-08-16,DIVERS BOISSONS,1.0,2.0
2021-08-16,DIVERS BOULANGERIE,1.0,3.0
2021-08-16,DIVERS CONFISERIE,3.0,3.0
2021-08-16,DIVERS PATISSERIE,1.0,0.0
2021-08-16,DIVERS VIENNOISERIE,2.0,6.0
2021-08-16,FLAN,1.0,2.0
2021-08-16,GD KOUIGN AMANN,2.0,7.5
2021-08-16,GRAND FAR BRETON,8.0,7.0
2021-08-16,MILLES FEUILLES,3.0,2.0
2021-08-16,NOIX JAPONAISE,1.0,2.0
2021-08-16,PARIS BREST,2.0,2.0
2021-08-16,PT NANTAIS,4.0,3.0
2021-08-16,RELIGIEUSE,1.0,2.5
2021-08-16,ROYAL 4P,1.0,12.0
2021-08-16,SPECIAL BREAD KG,2.0,4.8
2021-08-16,SUCETTE,2.0,0.3
2021-08-16,TARTE FRAISE 6P,1.0,18.0
2021-08-16,TARTELETTE CHOC,2.0,2.5
2021-08-16,TARTELETTE FRAISE,3.0,3.0
2021-08-16,TRAITEUR,5.0,8.375
2021-08-16,TROPEZIENNE,2.0,2.0
2021-08-16,VIENNOISE,5.0,1.1
2021-08-16,VIK BREAD,12.0,2.5
2021-08-17,BAGUETTE GRAINE,11.0,1.3
2021-08-17,BOULE POLKA,2.0,1.6
2021-08-17,DELICETROPICAL,1.0,3.0
2021-08-17,DIVERS VIENNOISERIE,2.0,6.0
2021-08-17,FONDANT CHOCOLAT,1.0,2.5
2021-08-17,GD KOUIGN AMANN,3.0,7.5
2021-08-17,GD NANTAIS,4.0,11.0
2021-08-17,GRAND FAR BRETON,8.0,7.0
2021-08-17,GRANDE SUCETTE,2.0,0.6
2021-08-17,MILLES FEUILLES,3.0,2.0
2021-08-17,PARIS BREST,3.0,2.0
2021-08-17,PT NANTAIS,6.0,3.0
2021-08-17,SACHET VIENNOISERIE,2.0,4.0
2021-08-17,SUCETTE,2.0,0.3
2021-08-17,TARTELETTE CHOC,2.0,2.5
2021-08-17,TARTELETTE FRAISE,4.0,3.0
2021-08-17,TRAITEUR,7.0,7.083333333333333
2021-08-17,TROPEZIENNE,1.0,2.0
2021-08-17,VIENNOISE,5.0,1.1
2021-08-17,VIK BREAD,12.0,2.5
2021-08-18,BAGUETTE GRAINE,11.0,1.3
2021-08-18,BOULE POLKA,2.0,1.6
2021-08-18,DIVERS CONFISERIE,5.0,3.0
2021-08-18,FLAN,3.0,2.0
2021-08-18,FONDANT CHOCOLAT,2.0,2.5
2021-08-18,GD KOUIGN AMANN,2.0,7.5
2021-08-18,GD NANTAIS,2.0,11.0
2021-08-18,GRAND FAR BRETON,6.0,7.0
2021-08-18,GRANDE SUCETTE,1.0,0.6
2021-08-18,MILLES FEUILLES,7.0,2.0
2021-08-18,NOIX JAPONAISE,1.0,2.0
2021-08-18,PARIS BREST,2.0,2.0
2021-08-18,PT NANTAIS,3.0,3.0
2021-08-18,RELIGIEUSE,4.0,2.5
2021-08-18,ROYAL 4P,2.0,12.0
2021-08-18,SACHET VIENNOISERIE,4.0,4.0
2021-08-18,SAVARIN,2.0,2.0
2021-08-18,SPECIAL BREAD KG,2.0,4.8
2021-08-18,ST HONORE,2.0,3.0
2021-08-18,SUCETTE,8.0,0.3
2021-08-18,TARTE FRUITS 4P,1.0,9.0
2021-08-18,TARTE FRUITS 6P,1.0,12.0
2021-08-18,TARTELETTE CHOC,1.0,2.5
2021-08-18,TRAITEUR,6.0,6.875
2021-08-18,TROPEZIENNE,4.0,2.0
2021-08-18,VIENNOISE,4.0,1.1
2021-08-18,VIK BREAD,11.0,2.5
2021-08-19,BAGUETTE APERO,1.0,4.5
2021-08-19,BAGUETTE GRAINE,11.0,1.3
2021-08-19,BOULE POLKA,1.0,1.6
2021-08-19,CHOCOLAT,1.0,1.5
2021-08-19,DIVERS BOISSONS,1.0,2.0
2021-08-19,FLAN,2.0,2.0
2021-08-19,GD KOUIGN AMANN,1.0,7.5
2021-08-19,GD NANTAIS,1.0,11.0
2021-08-19,GRAND FAR BRETON,7.0,7.0
2021-08-19,MILLES FEUILLES,5.0,2.0
2021-08-19,PAIN S/SEL,0.0,1.5
2021-08-19,PARIS BREST,4.0,2.0
2021-08-19,PT NANTAIS,10.0,3.0
2021-08-19,SACHET VIENNOISERIE,4.0,4.0
2021-08-19,SPECIAL BREAD KG,2.0,4.8
2021-08-19,SUCETTE,3.0,0.3
2021-08-19,TARTELETTE CHOC,2.0,2.5
2021-08-19,TRAITEUR,4.0,5.625
2021-08-19,TROPEZIENNE,1.0,2.0
2021-08-19,VIENNOISE,4.0,1.1
2021-08-19,VIK BREAD,11.0,2.5
2021-08-20,BAGUETTE GRAINE,10.0,1.3
2021-08-20,BOULE POLKA,2.0,1.6
2021-08-20,DIVERS CONFISERIE,1.0,3.0
2021-08-20,FLAN ABRICOT,2.0,2.1
2021-08-20,FONDANT CHOCOLAT,2.0,2.5
2021-08-20,FRAISIER,1.0,3.0
2021-08-20,GD KOUIGN AMANN,2.0,7.5
2021-08-20,GRAND FAR BRETON,9.0,7.0
2021-08-20,GRANDE SUCETTE,1.0,0.6
2021-08-20,PAIN S/SEL,1.0,1.5
2021-08-20,PT NANTAIS,2.0,3.0
2021-08-20,SACHET VIENNOISERIE,1.0,4.0
2021-08-20,SPECIAL BREAD KG,2.0,4.8
2021-08-20,SUCETTE,7.0,0.3
2021-08-20,TARTE FRAISE 6P,1.0,18.0
2021-08-20,TARTE FRUITS 4P,2.0,9.0
2021-08-20,TRAITEUR,5.0,8.666666666666666
2021-08-20,VIENNOISE,6.0,1.1
2021-08-20,VIK BREAD,15.0,2.5
2021-08-21,BAGUETTE GRAINE,14.0,1.3
2021-08-21,BOULE POLKA,2.0,1.6
2021-08-21,DELICETROPICAL,2.0,3.0
2021-08-21,DIVERS BOISSONS,2.0,2.0
2021-08-21,DIVERS CONFISERIE,1.0,3.0
2021-08-21,FLAN,5.0,2.0
2021-08-21,FLAN ABRICOT,3.0,2.1
2021-08-21,FONDANT CHOCOLAT,3.0,2.5
2021-08-21,GD KOUIGN AMANN,6.0,7.5
2021-08-21,GD NANTAIS,1.0,11.0
2021-08-21,GRAND FAR BRETON,9.0,7.0
2021-08-21,MILLES FEUILLES,6.0,2.0
2021-08-21,PARIS BREST,3.0,2.0
2021-08-21,PT NANTAIS,7.0,3.0
2021-08-21,RELIGIEUSE,3.0,2.5
2021-08-21,ROYAL 6P,2.0,18.0
2021-08-21,SPECIAL BREAD KG,2.0,4.8
2021-08-21,SUCETTE,4.0,0.3
2021-08-21,TARTE FRAISE 4PER,1.0,12.0
2021-08-21,TARTE FRUITS 4P,2.0,9.0
2021-08-21,TARTE FRUITS 6P,2.0,12.0
2021-08-21,TARTELETTE CHOC,4.0,2.5
2021-08-21,TARTELETTE FRAISE,5.0,3.0
2021-08-21,TRAITEUR,2.0,7.5
2021-08-21,VIENNOISE,4.0,1.1
2021-08-21,VIK BREAD,16.0,2.5
2021-08-22,BAGUETTE GRAINE,13.0,1.3
2021-08-22,BOULE POLKA,1.0,1.6
2021-08-22,DELICETROPICAL,3.0,3.0
2021-08-22,DIVERS CONFISERIE,1.0,3.0
2021-08-22,FLAN,1.0,2.0
2021-08-22,FLAN ABRICOT,2.0,2.1
2021-08-22,FONDANT CHOCOLAT,3.0,2.5
2021-08-22,FRAISIER,5.0,3.0
2021-08-22,GD KOUIGN AMANN,6.0,7.5
2021-08-22,GD NANTAIS,1.0,11.0
2021-08-22,GRAND FAR BRETON,7.0,7.0
2021-08-22,MILLES FEUILLES,4.0,2.0
2021-08-22,NOIX JAPONAISE,6.0,2.0
2021-08-22,PAIN S/SEL,1.0,1.5
2021-08-22,PARIS BREST,6.0,2.0
2021-08-22,PT NANTAIS,5.0,3.0
2021-08-22,RELIGIEUSE,4.0,2.5
2021-08-22,ROYAL 4P,1.0,12.0
2021-08-22,SAVARIN,2.0,2.0
2021-08-22,SPECIAL BREAD KG,2.0,4.8
2021-08-22,ST HONORE,5.0,3.0
2021-08-22,SUCETTE,6.0,0.3
2021-08-22,TARTE FRAISE 4PER,2.0,12.0
2021-08-22,TARTE FRAISE 6P,1.0,18.0
2021-08-22,TARTE FRUITS 4P,2.0,9.0
2021-08-22,TARTE FRUITS 6P,2.0,12.0
2021-08-22,TARTELETTE CHOC,3.0,2.5
2021-08-22,TARTELETTE FRAISE,6.0,3.0
2021-08-22,TRAITEUR,3.0,11.833333333333334
2021-08-22,VIENNOISE,5.0,1.1
2021-08-22,VIK BREAD,8.0,2.5
2021-08-23,BAGUETTE GRAINE,8.0,1.3
2021-08-23,BOULE POLKA,2.0,1.6
2021-08-23,CHOCOLAT,1.0,1.5
2021-08-23,DEMI PAIN,2.0,0.6
2021-08-23,DIVERS BOULANGERIE,2.0,1.0
2021-08-23,DIVERS VIENNOISERIE,1.0,6.0
2021-08-23,FLAN,1.0,2.0
2021-08-23,FLAN ABRICOT,4.0,2.1
2021-08-23,FONDANT CHOCOLAT,2.0,2.5
2021-08-23,FRAISIER,3.0,3.0
2021-08-23,GD KOUIGN AMANN,4.0,7.5
2021-08-23,GD NANTAIS,1.0,11.0
2021-08-23,GRAND FAR BRETON,3.0,7.0
2021-08-23,RELIGIEUSE,5.0,2.5
2021-08-23,SACHET VIENNOISERIE,2.0,4.0
2021-08-23,SPECIAL BREAD KG,1.0,4.8
2021-08-23,ST HONORE,1.0,3.0
2021-08-23,SUCETTE,3.0,0.3
2021-08-23,TARTE FRAISE 6P,1.0,18.0
2021-08-23,TARTELETTE CHOC,1.0,2.5
2021-08-23,TARTELETTE FRAISE,7.0,3.0
2021-08-23,TRAITEUR,6.0,7.125
2021-08-23,VIENNOISE,5.0,1.1
2021-08-23,VIK BREAD,17.0,2.5
2021-08-24,BAGUETTE GRAINE,6.0,1.3
2021-08-24,BOULE POLKA,1.0,1.6
2021-08-24,DIVERS CONFISERIE,1.0,3.0
2021-08-24,DIVERS VIENNOISERIE,1.0,6.0
2021-08-24,FLAN,4.0,2.0
2021-08-24,FLAN ABRICOT,1.0,2.1
2021-08-24,GD KOUIGN AMANN,5.0,7.5
2021-08-24,GRAND FAR BRETON,8.0,7.0
2021-08-24,GRANDE SUCETTE,1.0,0.6
2021-08-24,MILLES FEUILLES,6.0,2.0
2021-08-24,NOIX JAPONAISE,1.0,2.0
2021-08-24,PAIN S/SEL,1.0,1.5
2021-08-24,PARIS BREST,3.0,2.0
2021-08-24,RELIGIEUSE,1.0,2.5
2021-08-24,SPECIAL BREAD KG,2.0,4.8
2021-08-24,ST HONORE,3.0,3.0
2021-08-24,SUCETTE,5.0,0.3
2021-08-24,TARTELETTE FRAISE,6.0,3.0
2021-08-24,TRAITEUR,5.0,8.6
2021-08-24,TROPEZIENNE,1.0,2.0
2021-08-24,VIENNOISE,2.0,1.1
2021-08-24,VIK BREAD,12.0,2.5
2021-08-25,BAGUETTE GRAINE,9.0,1.3
2021-08-25,BOULE POLKA,2.0,1.6
2021-08-25,CHOCOLAT,2.0,1.5
2021-08-25,DELICETROPICAL,3.0,3.0
2021-08-25,DEMI PAIN,1.0,0.6
2021-08-25,DIVERS CONFISERIE,3.0,3.0
2021-08-25,DIVERS VIENNOISERIE,3.0,6.0
2021-08-25,FLAN,2.0,2.0
2021-08-25,GD KOUIGN AMANN,4.0,7.5
2021-08-25,GD NANTAIS,1.0,11.0
2021-08-25,GRAND FAR BRETON,8.0,7.0
2021-08-25,GRANDE SUCETTE,2.0,0.6
2021-08-25,MILLES FEUILLES,1.0,2.0
2021-08-25,NOIX JAPONAISE,1.0,2.0
2021-08-25,PAIN S/SEL,1.0,1.5
2021-08-25,PARIS BREST,3.0,2.0
2021-08-25,PT NANTAIS,6.0,3.0
2021-08-25,RELIGIEUSE,1.0,2.5
2021-08-25,SPECIAL BREAD KG,2.0,4.8
2021-08-25,ST HONORE,3.0,3.0
2021-08-25,SUCETTE,8.0,0.3
2021-08-25,TARTELETTE FRAISE,3.0,3.0
2021-08-25,TRAITEUR,3.0,7.333333333333333
2021-08-25,TROPEZIENNE,3.0,2.0
2021-08-25,VIENNOISE,5.0,1.1
2021-08-25,VIK BREAD,12.0,2.5
2021-08-26,BAGUETTE APERO,1.0,4.5
2021-08-26,BAGUETTE GRAINE,8.0,1.3
2021-08-26,CHOCOLAT,1.0,1.5
2021-08-26,DELICETROPICAL,3.0,3.0
2021-08-26,FLAN,2.0,2.0
2021-08-26,GD KOUIGN AMANN,3.0,7.5
2021-08-26,GD NANTAIS,1.0,11.0
2021-08-26,GRAND FAR BRETON,7.0,7.0
2021-08-26,MILLES FEUILLES,1.0,2.0
2021-08-26,NOIX JAPONAISE,2.0,2.0
2021-08-26,PAIN S/SEL,1.0,1.5
2021-08-26,PARIS BREST,3.0,2.0
2021-08-26,PT NANTAIS,7.0,3.0
2021-08-26,RELIGIEUSE,3.0,2.5
2021-08-26,SACHET VIENNOISERIE,6.0,4.0
2021-08-26,SAVARIN,1.0,2.0
2021-08-26,SPECIAL BREAD KG,2.0,4.8
2021-08-26,SUCETTE,7.0,0.3
2021-08-26,TRAITEUR,11.0,8.0
2021-08-26,TROPEZIENNE,4.0,2.0
2021-08-26,VIENNOISE,4.0,1.1
2021-08-26,VIK BREAD,8.0,2.5
2021-08-27,BAGUETTE APERO,1.0,4.5
2021-08-27,BAGUETTE GRAINE,5.0,1.3
2021-08-27,BOULE POLKA,1.0,1.6
2021-08-27,CHOCOLAT,3.0,1.5
2021-08-27,DIVERS CONFISERIE,1.0,3.0
2021-08-27,FLAN,1.0,2.0
2021-08-27,GD KOUIGN AMANN,5.0,7.5
2021-08-27,GD NANTAIS,4.0,11.0
2021-08-27,GRAND FAR BRETON,3.0,7.0
2021-08-27,PARIS BREST,4.0,2.0
2021-08-27,PT NANTAIS,4.0,3.0
2021-08-27,RELIGIEUSE,3.0,2.5
2021-08-27,ROYAL 4P,2.0,12.0
2021-08-27,ST HONORE,1.0,3.0
2021-08-27,SUCETTE,1.0,0.3
2021-08-27,TARTE FRUITS 4P,2.0,9.0
2021-08-27,TARTE FRUITS 6P,1.0,12.0
2021-08-27,TARTELETTE CHOC,2.0,2.5
2021-08-27,TARTELETTE FRAISE,1.0,3.0
2021-08-27,TRAITEUR,4.0,5.375
2021-08-27,TROPEZIENNE,3.0,2.0
2021-08-27,VIENNOISE,3.0,1.1
2021-08-27,VIK BREAD,8.0,2.5
2021-08-28,BAGUETTE GRAINE,10.0,1.3
2021-08-28,BOULE POLKA,2.0,1.6
2021-08-28,CHOCOLAT,2.0,1.5
2021-08-28,DEMI PAIN,1.0,0.6
2021-08-28,DIVERS BOULANGERIE,1.0,1.0
2021-08-28,FLAN,3.0,2.0
2021-08-28,FLAN ABRICOT,5.0,2.1
2021-08-28,GD KOUIGN AMANN,3.0,7.5
2021-08-28,GD NANTAIS,1.0,11.0
2021-08-28,GRAND FAR BRETON,7.0,7.0
2021-08-28,MILLES FEUILLES,4.0,2.0
2021-08-28,NOIX JAPONAISE,1.0,2.0
2021-08-28,PAIN S/SEL,1.0,1.5
2021-08-28,PARIS BREST,4.0,2.0
2021-08-28,PT NANTAIS,2.0,3.0
2021-08-28,RELIGIEUSE,1.0,2.5
2021-08-28,SACHET VIENNOISERIE,5.0,4.0
2021-08-28,SAVARIN,1.0,2.0
2021-08-28,SPECIAL BREAD KG,2.0,4.8
2021-08-28,SUCETTE,8.0,0.3
2021-08-28,TARTE FRUITS 6P,1.0,12.0
2021-08-28,TARTELETTE FRAISE,1.0,3.0
2021-08-28,TRAITEUR,8.0,9.2
2021-08-28,VIENNOISE,4.0,1.1
2021-08-28,VIK BREAD,8.0,2.5
2021-08-29,BAGUETTE GRAINE,10.0,1.3
2021-08-29,BOULE POLKA,1.0,1.6
2021-08-29,DELICETROPICAL,4.0,3.0
2021-08-29,DIVERS CONFISERIE,2.0,3.0
2021-08-29,FLAN,1.0,2.0
2021-08-29,FLAN ABRICOT,3.0,2.1
2021-08-29,GD KOUIGN AMANN,1.0,7.5
2021-08-29,GD NANTAIS,4.0,11.0
2021-08-29,GRAND FAR BRETON,7.0,7.0
2021-08-29,MILLES FEUILLES,7.0,2.0
2021-08-29,NOIX JAPONAISE,3.0,2.0
2021-08-29,PAIN S/SEL,1.0,1.5
2021-08-29,PARIS BREST,6.0,2.0
2021-08-29,PT NANTAIS,8.0,3.0
2021-08-29,RELIGIEUSE,4.0,2.5
2021-08-29,ROYAL 4P,3.0,12.0
2021-08-29,ROYAL 6P,1.0,18.0
2021-08-29,SACHET VIENNOISERIE,1.0,4.0
2021-08-29,SAVARIN,6.0,2.0
2021-08-29,SPECIAL BREAD KG,2.0,4.8
2021-08-29,SUCETTE,7.0,0.3
2021-08-29,TARTE FRUITS 4P,4.0,9.0
2021-08-29,TARTE FRUITS 6P,1.0,12.0
2021-08-29,TARTELETTE CHOC,2.0,2.5
2021-08-29,TRAITEUR,6.0,7.0
2021-08-29,VIENNOISE,5.0,1.1
2021-08-29,VIK BREAD,19.0,2.5
2021-08-30,BOULE POLKA,2.0,1.6
2021-08-30,DEMI PAIN,2.0,0.6
2021-08-30,DIVERS BOULANGERIE,1.0,3.0
2021-08-30,DIVERS VIENNOISERIE,1.0,7.5
2021-08-30,FINANCIER,5.0,0.7
2021-08-30,FLAN,2.0,2.0
2021-08-30,FLAN ABRICOT,1.0,2.1
2021-08-30,GD KOUIGN AMANN,2.0,7.5
2021-08-30,GD NANTAIS,1.0,11.0
2021-08-30,GRAND FAR BRETON,3.0,7.0
2021-08-30,GRANDE SUCETTE,1.0,0.6
2021-08-30,MILLES FEUILLES,6.0,2.0
2021-08-30,NOIX JAPONAISE,4.0,2.0
2021-08-30,PAIN S/SEL,1.0,1.5
2021-08-30,PARIS BREST,1.0,2.0
2021-08-30,PT NANTAIS,3.0,3.0
2021-08-30,SUCETTE,1.0,0.3
2021-08-30,TRAITEUR,5.0,5.25
2021-08-30,TROPEZIENNE,4.0,2.0
2021-08-30,VIK BREAD,2.0,2.5
2021-08-31,FLAN,3.0,2.0
2021-08-31,GD KOUIGN AMANN,1.0,7.5
2021-08-31,GRAND FAR BRETON,3.0,7.0
2021-08-31,GRANDE SUCETTE,3.0,0.6
2021-08-31,MILLES FEUILLES,2.0,2.0
2021-08-31,PARIS BREST,3.0,2.0
2021-08-31,PT NANTAIS,3.0,3.0
2021-08-31,SACHET VIENNOISERIE,1.0,4.0
2021-08-31,SUCETTE,2.0,0.3
2021-08-31,TRAITEUR,3.0,5.666666666666667
2021-09-01,DIVERS VIENNOISERIE,2.0,6.0
2021-09-01,GRAND FAR BRETON,2.0,7.0
2021-09-01,MILLES FEUILLES,5.0,2.0
2021-09-01,PAIN S/SEL,2.0,1.5
2021-09-01,PARIS BREST,1.0,2.0
2021-09-01,TRAITEUR,5.0,8.8
2021-09-01,TROPEZIENNE,3.0,2.0
2021-09-01,VIK BREAD,1.0,2.5
2021-09-02,BAGUETTE APERO,2.0,4.5
2021-09-02,CHOCOLAT,2.0,1.5
2021-09-02,DIVERS SANDWICHS,1.0,1.5
2021-09-02,DIVERS VIENNOISERIE,1.0,6.0
2021-09-02,FLAN,3.0,2.0
2021-09-02,FLAN ABRICOT,1.0,2.1
2021-09-02,GRAND FAR BRETON,1.0,7.0
2021-09-02,NOIX JAPONAISE,1.0,2.0
2021-09-02,PARIS BREST,2.0,2.0
2021-09-02,SACHET VIENNOISERIE,4.0,4.0
2021-09-02,SPECIAL BREAD KG,1.0,4.8
2021-09-02,TARTELETTE FRAISE,5.0,3.0
2021-09-02,TRAITEUR,5.0,7.5
2021-09-03,BOULE POLKA,1.0,1.6
2021-09-03,DIVERS BOISSONS,1.0,4.0
2021-09-03,DIVERS CONFISERIE,1.0,3.0
2021-09-03,FLAN,2.0,2.0
2021-09-03,FLAN ABRICOT,1.0,2.1
2021-09-03,GD KOUIGN AMANN,1.0,7.5
2021-09-03,GRAND FAR BRETON,2.0,7.0
2021-09-03,MILLES FEUILLES,1.0,2.0
2021-09-03,NOIX JAPONAISE,4.0,2.0
2021-09-03,PARIS BREST,4.0,2.0
2021-09-03,SACHET VIENNOISERIE,1.0,4.0
2021-09-03,SAVARIN,1.0,2.0
2021-09-03,SPECIAL BREAD KG,2.0,4.8
2021-09-03,TARTE FRUITS 4P,1.0,9.0
2021-09-03,TRAITEUR,2.0,11.25
2021-09-03,VIK BREAD,10.0,2.5
2021-09-04,BAGUETTE APERO,1.0,4.5
2021-09-04,BOULE POLKA,1.0,1.6
2021-09-04,FLAN,3.0,2.0
2021-09-04,FLAN ABRICOT,4.0,2.1
2021-09-04,GRAND FAR BRETON,7.0,7.0
2021-09-04,MILLES FEUILLES,1.0,2.0
2021-09-04,PARIS BREST,2.0,2.0
2021-09-04,PT NANTAIS,3.0,3.0
2021-09-04,SPECIAL BREAD KG,1.0,4.8
2021-09-04,SUCETTE,2.0,0.3
2021-09-04,TARTE FRUITS 4P,1.0,9.0
2021-09-04,TARTE FRUITS 6P,1.0,12.0
2021-09-04,THE,1.0,1.5
2021-09-04,TRAITEUR,2.0,6.5
2021-09-04,TROPEZIENNE,2.0,2.0
2021-09-04,VIK BREAD,8.0,2.5
2021-09-05,BAGUETTE APERO,1.0,4.5
2021-09-05,BAGUETTE GRAINE,10.0,1.3
2021-09-05,BOULE POLKA,1.0,1.6
2021-09-05,DEMI PAIN,1.0,0.6
2021-09-05,DIVERS BOISSONS,1.0,2.0
2021-09-05,DIVERS BOULANGERIE,1.0,2.0
2021-09-05,DIVERS CONFISERIE,1.0,3.0
2021-09-05,FLAN,7.0,2.0
2021-09-05,FLAN ABRICOT,5.0,2.1
2021-09-05,GD KOUIGN AMANN,4.0,7.5
2021-09-05,GRAND FAR BRETON,9.0,7.0
2021-09-05,MILLES FEUILLES,6.0,2.0
2021-09-05,NOIX JAPONAISE,3.0,2.0
2021-09-05,PAIN S/SEL,3.0,1.5
2021-09-05,PARIS BREST,6.0,2.0
2021-09-05,PT NANTAIS,3.0,3.0
2021-09-05,SACHET VIENNOISERIE,1.0,4.0
2021-09-05,SAVARIN,2.0,2.0
2021-09-05,SPECIAL BREAD KG,1.0,4.8
2021-09-05,SUCETTE,4.0,0.3
2021-09-05,TARTE FRUITS 4P,6.0,9.0
2021-09-05,TARTE FRUITS 6P,2.0,12.0
2021-09-05,TARTELETTE CHOC,2.0,2.5
2021-09-05,TROPEZIENNE,4.0,2.0
2021-09-05,VIENNOISE,6.0,1.1
2021-09-05,VIK BREAD,10.0,2.5
2021-09-06,BOULE POLKA,1.0,1.6
2021-09-06,DIVERS BOULANGERIE,1.0,1.0
2021-09-06,DIVERS VIENNOISERIE,1.0,6.0
2021-09-06,GRAND FAR BRETON,1.0,7.0
2021-09-06,GRANDE SUCETTE,1.0,0.6
2021-09-06,SACHET VIENNOISERIE,2.0,4.0
2021-09-06,SPECIAL BREAD KG,1.0,4.8
2021-09-06,SUCETTE,2.0,0.3
2021-09-07,DIVERS BOISSONS,1.0,4.0
2021-09-07,FLAN ABRICOT,2.0,2.1
2021-09-07,PAIN S/SEL,1.0,1.5
2021-09-07,PARIS BREST,2.0,2.0
2021-09-07,SACHET VIENNOISERIE,3.0,4.0
2021-09-07,SPECIAL BREAD KG,1.0,4.8
2021-09-07,TROPEZIENNE,3.0,2.0
2021-09-08,BOULE POLKA,1.0,1.6
2021-09-08,CHOCOLAT,2.0,1.5
2021-09-08,FLAN,5.0,2.0
2021-09-08,GRAND FAR BRETON,2.0,7.0
2021-09-08,PAIN S/SEL,1.0,1.5
2021-09-08,PARIS BREST,1.0,2.0
2021-09-08,SACHET VIENNOISERIE,3.0,4.0
2021-09-08,TRAITEUR,7.0,11.571428571428571
2021-09-09,BOULE POLKA,1.0,1.6
2021-09-09,CHOCOLAT,1.0,1.5
2021-09-09,DIVERS BOULANGERIE,1.0,2.0
2021-09-09,GRAND FAR BRETON,2.0,7.0
2021-09-09,PAIN S/SEL,1.0,1.5
2021-09-09,PT NANTAIS,4.0,3.0
2021-09-09,SPECIAL BREAD KG,1.0,4.8
2021-09-09,SUCETTE,1.0,0.3
2021-09-09,TRAITEUR,8.0,7.6875
2021-09-10,BAGUETTE APERO,1.0,4.5
2021-09-10,BOULE POLKA,1.0,1.6
2021-09-10,DIVERS BOULANGERIE,1.0,1.0
2021-09-10,FLAN,4.0,2.0
2021-09-10,FLAN ABRICOT,1.0,2.1
2021-09-10,GD KOUIGN AMANN,1.0,7.5
2021-09-10,GRAND FAR BRETON,3.0,7.0
2021-09-10,MILLES FEUILLES,3.0,2.0
2021-09-10,PARIS BREST,1.0,2.0
2021-09-10,PT NANTAIS,1.0,3.0
2021-09-10,SACHET VIENNOISERIE,1.0,4.0
2021-09-10,TRAITEUR,8.0,12.5
2021-09-10,TROPEZIENNE,2.0,2.0
2021-09-10,VIK BREAD,4.0,2.5
2021-09-11,BOULE POLKA,2.0,1.6
2021-09-11,DIVERS BOISSONS,1.0,2.0
2021-09-11,DIVERS BOULANGERIE,1.0,4.0
2021-09-11,FLAN,1.0,2.0
2021-09-11,GRAND FAR BRETON,3.0,7.0
2021-09-11,GRANDE SUCETTE,2.0,0.6
2021-09-11,MILLES FEUILLES,2.0,2.0
2021-09-11,PAIN S/SEL,1.0,1.5
2021-09-11,PARIS BREST,2.0,2.0
2021-09-11,PT NANTAIS,2.0,3.0
2021-09-11,SACHET VIENNOISERIE,1.0,4.0
2021-09-11,SPECIAL BREAD KG,1.0,4.8
2021-09-11,SUCETTE,7.0,0.3
2021-09-11,TARTE FRUITS 6P,1.0,12.0
2021-09-11,TRAITEUR,6.0,8.583333333333334
2021-09-11,TROPEZIENNE,2.0,2.0
2021-09-11,VIK BREAD,12.0,2.5
2021-09-12,BAGUETTE GRAINE,10.0,1.3
2021-09-12,CHOCOLAT,1.0,1.5
2021-09-12,DIVERS CONFISERIE,1.0,3.0
2021-09-12,DIVERS VIENNOISERIE,1.0,0.0
2021-09-12,ECLAIR FRAISE PISTACHE,1.0,2.1
2021-09-12,FLAN,3.0,2.0
2021-09-12,FLAN ABRICOT,7.0,2.1
2021-09-12,GD KOUIGN AMANN,3.0,7.5
2021-09-12,GD NANTAIS,3.0,11.0
2021-09-12,GRAND FAR BRETON,1.0,7.0
2021-09-12,MILLES FEUILLES,9.0,2.0
2021-09-12,NOIX JAPONAISE,2.0,2.0
2021-09-12,PARIS BREST,5.0,2.0
2021-09-12,PT NANTAIS,5.0,3.0
2021-09-12,RELIGIEUSE,5.0,2.5
2021-09-12,ROYAL 4P,2.0,12.0
2021-09-12,SACHET DE CROUTON,1.0,1.6
2021-09-12,SACHET VIENNOISERIE,2.0,4.0
2021-09-12,SAVARIN,1.0,2.0
2021-09-12,ST HONORE,3.0,3.0
2021-09-12,SUCETTE,1.0,0.3
2021-09-12,TARTE FRUITS 4P,2.0,9.0
2021-09-12,TARTE FRUITS 6P,1.0,12.0
2021-09-12,TARTELETTE FRAISE,4.0,3.0
2021-09-12,TRAITEUR,2.0,7.0
2021-09-12,TROPEZIENNE,4.0,2.0
2021-09-12,VIK BREAD,10.0,2.5
2021-09-13,DIVERS PATISSERIE,1.0,2.5
2021-09-13,FLAN,3.0,2.0
2021-09-13,FLAN ABRICOT,2.0,2.1
2021-09-13,GRAND FAR BRETON,1.0,7.0
2021-09-13,NOIX JAPONAISE,1.0,2.0
2021-09-13,PAIN S/SEL,1.0,1.5
2021-09-13,ST HONORE,1.0,3.0
2021-09-13,SUCETTE,2.0,0.3
2021-09-13,TARTE FRUITS 6P,2.0,12.0
2021-09-13,TRAITEUR,4.0,7.166666666666667
2021-09-14,CHOCOLAT,1.0,1.5
2021-09-14,DIVERS BOISSONS,1.0,4.0
2021-09-14,DIVERS CONFISERIE,2.0,4.5
2021-09-14,DIVERS VIENNOISERIE,3.0,6.0
2021-09-14,GRAND FAR BRETON,1.0,7.0
2021-09-14,NOIX JAPONAISE,1.0,2.0
2021-09-14,PAIN S/SEL,1.0,1.5
2021-09-14,PARIS BREST,2.0,2.0
2021-09-14,ROYAL 4P,4.0,12.0
2021-09-14,SPECIAL BREAD KG,1.0,4.8
2021-09-14,TRAITEUR,7.0,7.9
2021-09-15,ECLAIR FRAISE PISTACHE,3.0,2.1
2021-09-15,FLAN,2.0,2.0
2021-09-15,FLAN ABRICOT,1.0,2.1
2021-09-15,GRAND FAR BRETON,2.0,7.0
2021-09-15,MILLES FEUILLES,3.0,2.0
2021-09-15,SUCETTE,1.0,0.3
2021-09-15,TRAITEUR,8.0,7.4375
2021-09-16,BOULE POLKA,1.0,1.6
2021-09-16,CHOCOLAT,2.0,1.5
2021-09-16,FLAN ABRICOT,1.0,2.1
2021-09-16,GRAND FAR BRETON,2.0,7.0
2021-09-16,MILLES FEUILLES,2.0,2.0
2021-09-16,PAIN S/SEL,1.0,1.5
2021-09-16,PT NANTAIS,1.0,3.0
2021-09-16,SACHET VIENNOISERIE,1.0,4.0
2021-09-16,SPECIAL BREAD KG,1.0,4.8
2021-09-16,TRAITEUR,2.0,7.25
2021-09-16,TROPEZIENNE,2.0,2.0
2021-09-17,BOULE POLKA,1.0,1.6
2021-09-17,CHOCOLAT,1.0,1.5
2021-09-17,DIVERS CONFISERIE,1.0,3.0
2021-09-17,FLAN,3.0,2.0
2021-09-17,GD KOUIGN AMANN,1.0,7.5
2021-09-17,GRAND FAR BRETON,4.0,7.0
2021-09-17,MILLES FEUILLES,4.0,2.0
2021-09-17,PAIN S/SEL,1.0,1.5
2021-09-17,PARIS BREST,4.0,2.0
2021-09-17,SACHET VIENNOISERIE,1.0,4.0
2021-09-17,SPECIAL BREAD KG,1.0,4.8
2021-09-17,TRAITEUR,4.0,7.333333333333333
2021-09-17,VIK BREAD,7.0,2.5
2021-09-18,BOULE POLKA,11.0,1.6
2021-09-18,DEMI PAIN,1.0,0.6
2021-09-18,DIVERS SANDWICHS,1.0,6.0
2021-09-18,FLAN,3.0,2.0
2021-09-18,GD KOUIGN AMANN,1.0,7.5
2021-09-18,GRAND FAR BRETON,5.0,7.0
2021-09-18,MILLES FEUILLES,6.0,2.0
2021-09-18,PAIN S/SEL,1.0,1.5
2021-09-18,PARIS BREST,1.0,2.0
2021-09-18,PT NANTAIS,5.0,3.0
2021-09-18,SAVARIN,2.0,2.0
2021-09-18,SPECIAL BREAD KG,1.0,4.8
2021-09-18,ST HONORE,2.0,3.0
2021-09-18,SUCETTE,3.0,0.3
2021-09-18,TARTE FRUITS 4P,2.0,9.0
2021-09-18,TARTE FRUITS 6P,2.0,12.0
2021-09-18,TRAITEUR,1.0,6.0
2021-09-18,VIK BREAD,9.0,2.5
2021-09-19,BAGUETTE GRAINE,7.0,1.3
2021-09-19,BOULE POLKA,1.0,1.6
2021-09-19,FINANCIER,1.0,0.7
2021-09-19,FLAN,2.0,2.0
2021-09-19,FLAN ABRICOT,1.0,2.1
2021-09-19,GD NANTAIS,1.0,11.0
2021-09-19,GRAND FAR BRETON,5.0,7.0
2021-09-19,MILLES FEUILLES,6.0,2.0
2021-09-19,NOIX JAPONAISE,3.0,2.0
2021-09-19,PAIN S/SEL,1.0,1.5
2021-09-19,PARIS BREST,2.0,2.0
2021-09-19,PT NANTAIS,1.0,3.0
2021-09-19,RELIGIEUSE,3.0,2.5
2021-09-19,ROYAL,2.0,3.0
2021-09-19,SAVARIN,2.0,2.0
2021-09-19,SPECIAL BREAD KG,1.0,4.8
2021-09-19,ST HONORE,3.0,3.0
2021-09-19,TARTE FRUITS 4P,2.0,9.0
2021-09-19,TARTE FRUITS 6P,1.0,12.0
2021-09-19,TARTELETTE FRAISE,3.0,3.0
2021-09-19,TRAITEUR,1.0,6.0
2021-09-19,VIK BREAD,11.0,2.5
2021-09-20,BOULE POLKA,1.0,1.6
2021-09-20,CHOCOLAT,1.0,1.5
2021-09-20,DELICETROPICAL,2.0,3.0
2021-09-20,DIVERS CONFISERIE,1.0,3.0
2021-09-20,FLAN,1.0,2.0
2021-09-20,GD KOUIGN AMANN,1.0,7.5
2021-09-20,GRAND FAR BRETON,2.0,7.0
2021-09-20,PAIN S/SEL,1.0,1.5
2021-09-20,PARIS BREST,2.0,2.0
2021-09-20,RELIGIEUSE,1.0,2.5
2021-09-20,SPECIAL BREAD KG,1.0,4.8
2021-09-20,TRAITEUR,5.0,7.6
2021-09-21,BOULE POLKA,1.0,1.6
2021-09-21,DIVERS BOISSONS,1.0,2.0
2021-09-21,FLAN,2.0,2.0
2021-09-21,FLAN ABRICOT,4.0,2.1
2021-09-21,GRAND FAR BRETON,1.0,7.0
2021-09-21,PARIS BREST,1.0,2.0
2021-09-21,PT NANTAIS,1.0,3.0
2021-09-21,SPECIAL BREAD KG,1.0,4.8
2021-09-21,ST HONORE,1.0,3.0
2021-09-21,SUCETTE,1.0,0.3
2021-09-21,TRAITEUR,10.0,7.2
2021-09-21,TROPEZIENNE,4.0,2.0
2021-09-22,GD KOUIGN AMANN,2.0,7.5
2021-09-22,PT NANTAIS,2.0,3.0
2021-09-22,SUCETTE,2.0,0.3
2021-09-22,TRAITEUR,1.0,6.5
2021-09-23,DIVERS BOISSONS,1.0,2.0
2021-09-23,FLAN,3.0,2.0
2021-09-23,FLAN ABRICOT,3.0,2.1
2021-09-23,GRAND FAR BRETON,2.0,7.0
2021-09-23,PARIS BREST,2.0,2.0
2021-09-23,SPECIAL BREAD KG,1.0,4.8
2021-09-23,SUCETTE,2.0,0.3
2021-09-23,TRAITEUR,5.0,8.6
2021-09-23,TROPEZIENNE,3.0,2.0
2021-09-24,CHOCOLAT,1.0,1.5
2021-09-24,DIVERS BOISSONS,2.0,2.0
2021-09-24,DIVERS CONFISERIE,1.0,3.0
2021-09-24,FLAN,5.0,2.0
2021-09-24,GD KOUIGN AMANN,2.0,7.5
2021-09-24,GD NANTAIS,1.0,11.0
2021-09-24,GRAND FAR BRETON,4.0,7.0
2021-09-24,GRANDE SUCETTE,1.0,0.6
2021-09-24,PARIS BREST,1.0,2.0
2021-09-24,SUCETTE,3.0,0.3
2021-09-24,TRAITEUR,6.0,7.0
2021-09-24,TROPEZIENNE,3.0,2.0
2021-09-24,VIK BREAD,8.0,2.5
2021-09-25,BOULE POLKA,1.0,1.6
2021-09-25,DIVERS CONFISERIE,1.0,3.0
2021-09-25,DOUCEUR D HIVER,1.0,3.0
2021-09-25,FLAN,2.0,2.0
2021-09-25,GD KOUIGN AMANN,1.0,7.5
2021-09-25,GRAND FAR BRETON,3.0,7.0
2021-09-25,GRANDE SUCETTE,2.0,0.6
2021-09-25,MILLES FEUILLES,3.0,2.0
2021-09-25,PARIS BREST,3.0,2.0
2021-09-25,PT NANTAIS,3.0,3.0
2021-09-25,ROYAL,4.0,3.0
2021-09-25,SACHET VIENNOISERIE,2.0,4.0
2021-09-25,SAVARIN,2.0,2.0
2021-09-25,SPECIAL BREAD KG,1.0,4.8
2021-09-25,ST HONORE,1.0,3.0
2021-09-25,SUCETTE,1.0,0.3
2021-09-25,TARTE FRUITS 4P,1.0,9.0
2021-09-25,TARTE FRUITS 6P,1.0,12.0
2021-09-25,TRAITEUR,2.0,6.25
2021-09-25,VIK BREAD,7.0,2.5
2021-09-26,CHOCOLAT,1.0,1.5
2021-09-26,DIVERS BOULANGERIE,1.0,1.0
2021-09-26,DIVERS CONFISERIE,2.0,3.0
2021-09-26,FLAN ABRICOT,2.0,2.1
2021-09-26,GD KOUIGN AMANN,1.0,7.5
2021-09-26,GD NANTAIS,1.0,11.0
2021-09-26,GRAND FAR BRETON,7.0,7.0
2021-09-26,MILLES FEUILLES,6.0,2.0
2021-09-26,PAIN S/SEL,2.0,1.5
2021-09-26,PARIS BREST,5.0,2.0
2021-09-26,PT NANTAIS,3.0,3.0
2021-09-26,ROYAL,22.0,3.0
2021-09-26,SAVARIN,3.0,2.0
2021-09-26,SPECIAL BREAD KG,1.0,4.8
2021-09-26,ST HONORE,2.0,3.0
2021-09-26,SUCETTE,1.0,0.3
2021-09-26,TARTE FRUITS 4P,3.0,9.0
2021-09-26,TARTE FRUITS 6P,2.0,12.0
2021-09-26,TARTELETTE CHOC,2.0,2.5
2021-09-26,TRAITEUR,1.0,7.0
2021-09-26,TROIS CHOCOLAT,1.0,3.0
2021-09-26,TROPEZIENNE,1.0,2.0
2021-09-26,VIK BREAD,9.0,2.5
2021-09-27,DIVERS BOULANGERIE,1.0,1.0
2021-09-27,DIVERS CONFISERIE,1.0,3.0
2021-09-27,DIVERS VIENNOISERIE,1.0,6.0
2021-09-27,FLAN,3.0,2.0
2021-09-27,FLAN ABRICOT,1.0,2.1
2021-09-27,GD NANTAIS,2.0,11.0
2021-09-27,GRAND FAR BRETON,1.0,7.0
2021-09-27,GRANDE SUCETTE,1.0,0.6
2021-09-27,ROYAL,1.0,3.0
2021-09-27,SPECIAL BREAD KG,1.0,4.8
2021-09-27,TARTELETTE CHOC,1.0,2.5
2021-09-27,TRAITEUR,9.0,6.4375
2021-09-27,VIK BREAD,3.0,2.5
2021-09-28,DIVERS PATISSERIE,2.0,1.5
2021-09-28,DIVERS VIENNOISERIE,1.0,3.75
2021-09-28,FLAN ABRICOT,2.0,2.1
2021-09-28,PT NANTAIS,1.0,3.0
2021-09-28,SACHET VIENNOISERIE,2.0,4.0
2021-09-28,TRAITEUR,8.0,6.9
2021-09-29,BAGUETTE APERO,1.0,4.5
2021-09-29,DIVERS BOISSONS,1.0,2.0
2021-09-29,DIVERS CONFISERIE,1.0,3.0
2021-09-29,FLAN,3.0,2.0
2021-09-29,FLAN ABRICOT,1.0,2.1
2021-09-29,GD NANTAIS,1.0,11.0
2021-09-29,GRAND FAR BRETON,2.0,7.0
2021-09-29,MILLES FEUILLES,2.0,2.0
2021-09-29,SACHET VIENNOISERIE,1.0,4.0
2021-09-29,SPECIAL BREAD KG,1.0,4.8
2021-09-29,TARTELETTE FRAISE,1.0,3.0
2021-09-29,TRAITEUR,5.0,6.7
2021-09-30,BOULE POLKA,1.0,1.6
2021-09-30,FLAN,1.0,2.0
2021-09-30,FLAN ABRICOT,3.0,2.1
2021-09-30,GD KOUIGN AMANN,1.0,7.5
2021-09-30,MILLES FEUILLES,2.0,2.0
2021-09-30,PT NANTAIS,1.0,3.0
2021-09-30,SACHET DE CROUTON,1.0,1.6
2021-09-30,SACHET VIENNOISERIE,1.0,4.0
2021-09-30,SAVARIN,1.0,2.0
2021-09-30,ST HONORE,1.0,3.0
2021-09-30,TRAITEUR,10.0,7.6
2021-10-01,BOULE POLKA,1.0,1.6
2021-10-01,FLAN,2.0,2.0
2021-10-01,FLAN ABRICOT,4.0,2.1
2021-10-01,GD KOUIGN AMANN,2.0,7.5
2021-10-01,GRAND FAR BRETON,2.0,7.0
2021-10-01,MILLES FEUILLES,3.0,2.0
2021-10-01,PARIS BREST,3.0,2.0
2021-10-01,PT NANTAIS,3.0,3.0
2021-10-01,SACHET VIENNOISERIE,1.0,4.0
2021-10-01,SAVARIN,1.0,2.0
2021-10-01,SPECIAL BREAD KG,1.0,4.8
2021-10-01,TRAITEUR,4.0,12.25
2021-10-01,TROPEZIENNE,2.0,2.0
2021-10-01,VIK BREAD,9.0,2.5
2021-10-02,BOULE POLKA,1.0,1.6
2021-10-02,DIVERS CONFISERIE,1.0,3.0
2021-10-02,FLAN,3.0,2.0
2021-10-02,FLAN ABRICOT,1.0,2.1
2021-10-02,GRAND FAR BRETON,3.0,7.0
2021-10-02,MILLES FEUILLES,5.0,2.0
2021-10-02,PARIS BREST,4.0,2.0
2021-10-02,PT NANTAIS,2.0,3.0
2021-10-02,SACHET VIENNOISERIE,1.0,4.0
2021-10-02,TARTE FRUITS 4P,3.0,9.0
2021-10-02,TARTE FRUITS 6P,1.0,12.0
2021-10-02,TARTELETTE CHOC,1.0,2.5
2021-10-02,TRAITEUR,2.0,3.5
2021-10-02,VIK BREAD,9.0,2.5
2021-10-03,BAGUETTE GRAINE,9.0,1.3
2021-10-03,BOULE POLKA,1.0,1.6
2021-10-03,CHOCOLAT,1.0,1.5
2021-10-03,CHOU CHANTILLY,2.0,2.0
2021-10-03,FLAN,3.0,2.0
2021-10-03,FLAN ABRICOT,3.0,2.1
2021-10-03,GD KOUIGN AMANN,2.0,7.5
2021-10-03,GRAND FAR BRETON,2.0,7.0
2021-10-03,MILLES FEUILLES,7.0,2.0
2021-10-03,PAIN S/SEL,2.0,1.5
2021-10-03,PARIS BREST,6.0,2.0
2021-10-03,PT NANTAIS,1.0,3.0
2021-10-03,SAVARIN,3.0,2.0
2021-10-03,SPECIAL BREAD KG,1.0,4.8
2021-10-03,ST HONORE,2.0,3.0
2021-10-03,TARTE FRUITS 4P,2.0,9.0
2021-10-03,TARTE FRUITS 6P,3.0,12.0
2021-10-03,TARTELETTE CHOC,1.0,2.5
2021-10-03,TROPEZIENNE,2.0,2.0
2021-10-03,VIK BREAD,10.0,2.5
2021-10-04,BOULE POLKA,1.0,1.6
2021-10-04,GRAND FAR BRETON,2.0,7.0
2021-10-04,PT NANTAIS,3.0,3.0
2021-10-04,SAVARIN,2.0,2.0
2021-10-04,ST HONORE,2.0,3.0
2021-10-04,TARTELETTE CHOC,1.0,2.5
2021-10-04,TRAITEUR,9.0,9.277777777777779
2021-10-05,BOULE POLKA,1.0,1.6
2021-10-05,GRAND FAR BRETON,1.0,7.0
2021-10-05,SACHET VIENNOISERIE,1.0,4.0
2021-10-05,SUCETTE,6.0,0.3
2021-10-05,TARTE FRUITS 4P,1.0,9.0
2021-10-05,TRAITEUR,7.0,9.071428571428571
2021-10-06,BOULE POLKA,1.0,1.6
2021-10-06,DIVERS BOISSONS,1.0,2.0
2021-10-06,DIVERS CONFISERIE,1.0,3.0
2021-10-06,FLAN ABRICOT,2.0,2.1
2021-10-06,GD NANTAIS,1.0,11.0
2021-10-06,GRAND FAR BRETON,2.0,7.0
2021-10-06,PT NANTAIS,1.0,3.0
2021-10-06,SPECIAL BREAD KG,1.0,4.8
2021-10-06,TRAITEUR,9.0,6.9375
2021-10-07,BOULE POLKA,1.0,1.6
2021-10-07,BROWNIES,1.0,2.5
2021-10-07,DIVERS BOISSONS,1.0,2.0
2021-10-07,FLAN,5.0,2.0
2021-10-07,GRAND FAR BRETON,2.0,7.0
2021-10-07,GRANDE SUCETTE,1.0,0.6
2021-10-07,PARIS BREST,4.0,2.0
2021-10-07,PT NANTAIS,1.0,3.0
2021-10-07,SPECIAL BREAD KG,2.0,4.8
2021-10-07,TRAITEUR,3.0,8.166666666666666
2021-10-07,TROPEZIENNE,4.0,2.0
2021-10-08,BOULE POLKA,1.0,1.6
2021-10-08,DIVERS BOISSONS,1.0,2.0
2021-10-08,DIVERS BOULANGERIE,1.0,2.0
2021-10-08,FLAN,2.0,2.0
2021-10-08,FLAN ABRICOT,2.0,2.1
2021-10-08,GD KOUIGN AMANN,1.0,7.5
2021-10-08,GRAND FAR BRETON,3.0,7.0
2021-10-08,MILLES FEUILLES,4.0,2.0
2021-10-08,PARIS BREST,3.0,2.0
2021-10-08,SPECIAL BREAD KG,1.0,4.8
2021-10-08,SUCETTE,3.0,0.3
2021-10-08,TARTE FRUITS 4P,1.0,9.0
2021-10-08,TARTE FRUITS 6P,1.0,12.0
2021-10-08,TRAITEUR,8.0,8.125
2021-10-08,VIK BREAD,8.0,2.5
2021-10-09,DIVERS CONFISERIE,2.0,3.0
2021-10-09,DIVERS PATISSERIE,2.0,7.0
2021-10-09,FLAN,1.0,2.0
2021-10-09,FLAN ABRICOT,1.0,2.1
2021-10-09,GD KOUIGN AMANN,2.0,7.5
2021-10-09,GRAND FAR BRETON,2.0,7.0
2021-10-09,GRANDE SUCETTE,1.0,0.6
2021-10-09,MILLES FEUILLES,4.0,2.0
2021-10-09,PAIN S/SEL,1.0,1.5
2021-10-09,PARIS BREST,5.0,2.0
2021-10-09,SACHET VIENNOISERIE,1.0,4.0
2021-10-09,SPECIAL BREAD KG,1.0,4.8
2021-10-09,TARTE FRUITS 4P,2.0,9.0
2021-10-09,TARTE FRUITS 6P,2.0,12.0
2021-10-09,TRAITEUR,4.0,10.833333333333334
2021-10-09,TROPEZIENNE,5.0,2.0
2021-10-09,VIK BREAD,10.0,2.5
2021-10-10,BAGUETTE GRAINE,4.0,1.3
2021-10-10,BOULE POLKA,1.0,1.6
2021-10-10,CHOCOLAT,1.0,1.5
2021-10-10,CHOU CHANTILLY,1.0,2.0
2021-10-10,DIVERS CONFISERIE,1.0,3.0
2021-10-10,DIVERS PATISSERIE,3.0,7.0
2021-10-10,DIVERS VIENNOISERIE,1.0,0.0
2021-10-10,ECLAIR FRAISE PISTACHE,1.0,2.1
2021-10-10,FLAN,5.0,2.0
2021-10-10,FLAN ABRICOT,4.0,2.1
2021-10-10,GD KOUIGN AMANN,2.0,7.5
2021-10-10,GD NANTAIS,1.0,11.0
2021-10-10,GRAND FAR BRETON,3.0,7.0
2021-10-10,MILLES FEUILLES,5.0,2.0
2021-10-10,NOIX JAPONAISE,4.0,2.0
2021-10-10,PAIN S/SEL,2.0,1.5
2021-10-10,PARIS BREST,1.0,2.0
2021-10-10,ROYAL,1.0,3.0
2021-10-10,SACHET VIENNOISERIE,1.0,4.0
2021-10-10,SAVARIN,5.0,2.0
2021-10-10,SPECIAL BREAD KG,1.0,4.8
2021-10-10,TARTE FRUITS 4P,4.0,9.0
2021-10-10,TARTE FRUITS 6P,1.0,12.0
2021-10-10,TRAITEUR,1.0,7.0
2021-10-10,VIK BREAD,9.0,2.5
2021-10-11,BAGUETTE APERO,1.0,4.5
2021-10-11,DIVERS CONFISERIE,1.0,3.0
2021-10-11,DIVERS PATISSERIE,2.0,7.0
2021-10-11,NANTAIS,0.0,5.0
2021-10-11,PT NANTAIS,1.0,3.0
2021-10-11,SPECIAL BREAD KG,1.0,4.8
2021-10-11,TARTE FRUITS 4P,1.0,9.0
2021-10-11,TRAITEUR,3.0,8.166666666666666
2021-10-12,BOULE POLKA,1.0,1.6
2021-10-12,CHOU CHANTILLY,1.0,2.0
2021-10-12,DIVERS BOISSONS,1.0,2.0
2021-10-12,DIVERS CONFISERIE,2.0,3.0
2021-10-12,NOIX JAPONAISE,1.0,2.0
2021-10-12,TARTE FRUITS 4P,1.0,9.0
2021-10-12,TRAITEUR,2.0,8.5
2021-10-13,DIVERS CONFISERIE,1.0,3.0
2021-10-13,FLAN,1.0,2.0
2021-10-13,MILLES FEUILLES,1.0,2.0
2021-10-13,PT NANTAIS,2.0,3.0
2021-10-13,SACHET DE CROUTON,1.0,1.6
2021-10-13,SACHET VIENNOISERIE,1.0,4.0
2021-10-13,SUCETTE,8.0,0.3
2021-10-13,TRAITEUR,4.0,7.0
2021-10-14,BOULE POLKA,1.0,1.6
2021-10-14,CHOCOLAT,1.0,1.5
2021-10-14,DIVERS CONFISERIE,2.0,3.0
2021-10-14,DIVERS VIENNOISERIE,2.0,1.0
2021-10-14,FLAN,3.0,2.0
2021-10-14,FLAN ABRICOT,1.0,2.1
2021-10-14,GRAND FAR BRETON,2.0,7.0
2021-10-14,MILLES FEUILLES,1.0,2.0
2021-10-14,SACHET DE CROUTON,1.0,1.6
2021-10-14,SUCETTE,5.0,0.3
2021-10-14,TRAITEUR,5.0,6.571428571428571
2021-10-15,GD KOUIGN AMANN,1.0,7.5
2021-10-15,GRAND FAR BRETON,1.0,7.0
2021-10-15,MILLES FEUILLES,1.0,2.0
2021-10-15,SPECIAL BREAD KG,1.0,4.8
2021-10-15,SUCETTE,1.0,0.3
2021-10-15,TRAITEUR,5.0,14.4
2021-10-15,VIK BREAD,7.0,2.5
2021-10-16,BOULE POLKA,1.0,1.6
2021-10-16,DIVERS BOISSONS,2.0,3.0
2021-10-16,DIVERS CONFISERIE,1.0,3.0
2021-10-16,DIVERS PATISSERIE,2.0,7.0
2021-10-16,FLAN,1.0,2.0
2021-10-16,FLAN ABRICOT,2.0,2.1
2021-10-16,GRAND FAR BRETON,1.0,7.0
2021-10-16,MILLES FEUILLES,3.0,2.0
2021-10-16,PARIS BREST,2.0,2.0
2021-10-16,SACHET VIENNOISERIE,1.0,4.0
2021-10-16,SPECIAL BREAD KG,2.0,4.8
2021-10-16,SUCETTE,6.0,0.3
2021-10-16,TRAITEUR,6.0,9.833333333333334
2021-10-16,VIK BREAD,6.0,2.5
2021-10-17,BAGUETTE GRAINE,7.0,1.3
2021-10-17,CHOCOLAT,1.0,1.5
2021-10-17,CHOU CHANTILLY,2.0,2.0
2021-10-17,DIVERS CONFISERIE,1.0,3.0
2021-10-17,DIVERS PATISSERIE,3.0,7.0
2021-10-17,FLAN,3.0,2.0
2021-10-17,FLAN ABRICOT,3.0,2.1
2021-10-17,GD NANTAIS,1.0,11.0
2021-10-17,GRAND FAR BRETON,4.0,7.0
2021-10-17,GRANDE SUCETTE,1.0,0.6
2021-10-17,MILLES FEUILLES,6.0,2.0
2021-10-17,NOIX JAPONAISE,4.0,2.0
2021-10-17,PAIN DE MIE,1.0,2.0
2021-10-17,PAIN S/SEL,2.0,1.5
2021-10-17,PARIS BREST,5.0,2.0
2021-10-17,PT NANTAIS,2.0,3.0
2021-10-17,SACHET VIENNOISERIE,2.0,4.0
2021-10-17,SUCETTE,5.0,0.3
2021-10-17,TARTE FRUITS 4P,5.0,9.0
2021-10-17,TARTE FRUITS 6P,3.0,12.0
2021-10-17,TRAITEUR,1.0,12.0
2021-10-17,VIK BREAD,9.0,2.5
2021-10-18,DIVERS BOULANGERIE,1.0,2.0
2021-10-18,DIVERS SANDWICHS,1.0,2.0
2021-10-18,FLAN,1.0,2.0
2021-10-18,SPECIAL BREAD KG,1.0,4.8
2021-10-18,SUCETTE,2.0,0.3
2021-10-18,TRAITEUR,4.0,8.375
2021-10-19,CHOU CHANTILLY,3.0,2.0
2021-10-19,DIVERS BOULANGERIE,1.0,1.0
2021-10-19,FLAN,3.0,2.0
2021-10-19,PT NANTAIS,1.0,3.0
2021-10-19,SACHET VIENNOISERIE,2.0,4.0
2021-10-19,TRAITEUR,2.0,7.0
2021-10-20,BOULE POLKA,1.0,1.6
2021-10-20,DIVERS BOISSONS,1.0,2.0
2021-10-20,DIVERS CONFISERIE,2.0,3.0
2021-10-20,FLAN,2.0,2.0
2021-10-20,MILLES FEUILLES,1.0,2.0
2021-10-20,PARIS BREST,4.0,2.0
2021-10-20,SUCETTE,4.0,0.3
2021-10-20,TRAITEUR,4.0,13.125
2021-10-20,TROPEZIENNE,1.0,2.0
2021-10-21,DIVERS SANDWICHS,1.0,2.0
2021-10-21,FLAN,2.0,2.0
2021-10-21,FLAN ABRICOT,1.0,2.1
2021-10-21,GD KOUIGN AMANN,1.0,7.5
2021-10-21,GD NANTAIS,1.0,11.0
2021-10-21,GRAND FAR BRETON,2.0,7.0
2021-10-21,MILLES FEUILLES,2.0,2.0
2021-10-21,PARIS BREST,3.0,2.0
2021-10-21,SACHET DE CROUTON,1.0,1.6
2021-10-21,SACHET VIENNOISERIE,2.0,4.0
2021-10-21,SPECIAL BREAD KG,1.0,4.8
2021-10-21,TRAITEUR,10.0,9.25
2021-10-21,TROPEZIENNE,1.0,2.0
2021-10-22,BOULE POLKA,1.0,1.6
2021-10-22,FLAN,3.0,2.0
2021-10-22,FLAN ABRICOT,3.0,2.1
2021-10-22,GRANDE SUCETTE,2.0,0.6
2021-10-22,MILLES FEUILLES,1.0,2.0
2021-10-22,PT NANTAIS,1.0,3.0
2021-10-22,SACHET DE CROUTON,2.0,1.6
2021-10-22,SPECIAL BREAD KG,1.0,4.8
2021-10-22,SUCETTE,3.0,0.3
2021-10-22,TRAITEUR,15.0,7.7727272727272725
2021-10-22,TROPEZIENNE,3.0,2.0
2021-10-22,VIK BREAD,7.0,2.5
2021-10-23,BOULE POLKA,1.0,1.6
2021-10-23,DIVERS PATISSERIE,2.0,7.0
2021-10-23,FLAN,1.0,2.0
2021-10-23,GD KOUIGN AMANN,1.0,7.5
2021-10-23,GRAND FAR BRETON,1.0,7.0
2021-10-23,MILLES FEUILLES,5.0,2.0
2021-10-23,PARIS BREST,5.0,2.0
2021-10-23,PT NANTAIS,3.0,3.0
2021-10-23,SACHET DE CROUTON,1.0,1.6
2021-10-23,SPECIAL BREAD KG,1.0,4.8
2021-10-23,TARTE FRUITS 4P,1.0,9.0
2021-10-23,TARTE FRUITS 6P,2.0,12.0
2021-10-23,TRAITEUR,3.0,7.166666666666667
2021-10-23,TROPEZIENNE,3.0,2.0
2021-10-23,VIK BREAD,13.0,2.5
2021-10-24,BAGUETTE GRAINE,10.0,1.3
2021-10-24,BOULE POLKA,1.0,1.6
2021-10-24,CHOCOLAT,1.0,1.5
2021-10-24,CHOU CHANTILLY,4.0,2.0
2021-10-24,DIVERS PATISSERIE,2.0,7.0
2021-10-24,FLAN,4.0,2.0
2021-10-24,FLAN ABRICOT,3.0,2.1
2021-10-24,GD KOUIGN AMANN,5.0,7.5
2021-10-24,GRAND FAR BRETON,3.0,7.0
2021-10-24,MILLES FEUILLES,4.0,2.0
2021-10-24,NOIX JAPONAISE,4.0,2.0
2021-10-24,PAIN S/SEL,2.0,1.5
2021-10-24,PARIS BREST,1.0,2.0
2021-10-24,PT NANTAIS,6.0,3.0
2021-10-24,ROYAL,4.0,3.0
2021-10-24,ROYAL 4P,4.0,12.0
2021-10-24,SPECIAL BREAD KG,1.0,4.8
2021-10-24,TARTE FRUITS 4P,3.0,9.0
2021-10-24,TARTE FRUITS 6P,3.0,12.0
2021-10-24,TRAITEUR,1.0,7.5
2021-10-24,TROPEZIENNE,3.0,2.0
2021-10-24,VIK BREAD,10.0,2.5
2021-10-25,DIVERS BOULANGERIE,1.0,1.0
2021-10-25,DIVERS PATISSERIE,1.0,7.0
2021-10-25,DIVERS VIENNOISERIE,1.0,6.0
2021-10-25,FLAN,2.0,2.0
2021-10-25,GRAND FAR BRETON,1.0,7.0
2021-10-25,GRANDE SUCETTE,1.0,0.6
2021-10-25,MILLES FEUILLES,2.0,2.0
2021-10-25,PT NANTAIS,1.0,3.0
2021-10-25,SUCETTE,3.0,0.3
2021-10-25,TRAITEUR,9.0,7.714285714285714
2021-10-25,TROPEZIENNE,2.0,2.0
2021-10-26,BAGUETTE APERO,1.0,4.5
2021-10-26,BOULE POLKA,1.0,1.6
2021-10-26,DIVERS CONFISERIE,1.0,3.0
2021-10-26,FLAN,1.0,2.0
2021-10-26,FLAN ABRICOT,1.0,2.1
2021-10-26,GD KOUIGN AMANN,1.0,7.5
2021-10-26,GD NANTAIS,1.0,11.0
2021-10-26,MILLES FEUILLES,2.0,2.0
2021-10-26,NOIX JAPONAISE,2.0,2.0
2021-10-26,PT NANTAIS,2.0,3.0
2021-10-26,SACHET VIENNOISERIE,2.0,4.0
2021-10-26,SPECIAL BREAD KG,1.0,4.8
2021-10-26,SUCETTE,3.0,0.3
2021-10-26,TRAITEUR,6.0,7.333333333333333
2021-10-27,BOULE POLKA,1.0,1.6
2021-10-27,DIVERS CONFISERIE,1.0,3.0
2021-10-27,DIVERS VIENNOISERIE,1.0,6.0
2021-10-27,FLAN,5.0,2.0
2021-10-27,FLAN ABRICOT,5.0,2.1
2021-10-27,GD NANTAIS,1.0,11.0
2021-10-27,GRAND FAR BRETON,2.0,7.0
2021-10-27,PARIS BREST,2.0,2.0
2021-10-27,PT NANTAIS,4.0,3.0
2021-10-27,SACHET DE CROUTON,1.0,1.6
2021-10-27,SUCETTE,6.0,0.3
2021-10-27,TRAITEUR,6.0,7.416666666666667
2021-10-27,TROPEZIENNE,1.0,2.0
2021-10-28,BOULE POLKA,1.0,1.6
2021-10-28,DIVERS CONFISERIE,1.0,3.0
2021-10-28,FLAN,2.0,2.0
2021-10-28,FLAN ABRICOT,2.0,2.1
2021-10-28,GRAND FAR BRETON,2.0,7.0
2021-10-28,PARIS BREST,6.0,2.0
2021-10-28,PT NANTAIS,5.0,3.0
2021-10-28,SACHET VIENNOISERIE,5.0,4.0
2021-10-28,SPECIAL BREAD KG,1.0,4.8
2021-10-28,SUCETTE,5.0,0.3
2021-10-28,TRAITEUR,1.0,8.5
2021-10-28,TROPEZIENNE,3.0,2.0
2021-10-29,BOULE POLKA,1.0,1.6
2021-10-29,DIVERS PATISSERIE,3.0,7.0
2021-10-29,FLAN,1.0,2.0
2021-10-29,FLAN ABRICOT,2.0,2.1
2021-10-29,FRAISIER,2.0,3.0
2021-10-29,GD KOUIGN AMANN,2.0,7.5
2021-10-29,GRAND FAR BRETON,4.0,7.0
2021-10-29,MILLES FEUILLES,1.0,2.0
2021-10-29,NOIX JAPONAISE,2.0,2.0
2021-10-29,PARIS BREST,6.0,2.0
2021-10-29,PT NANTAIS,6.0,3.0
2021-10-29,ROYAL,1.0,3.0
2021-10-29,SACHET VIENNOISERIE,4.0,4.0
2021-10-29,SPECIAL BREAD KG,1.0,4.8
2021-10-29,SUCETTE,1.0,0.3
2021-10-29,TARTE FRUITS 4P,2.0,9.0
2021-10-29,TARTE FRUITS 6P,1.0,12.0
2021-10-29,TRAITEUR,11.0,8.590909090909092
2021-10-29,VIK BREAD,5.0,2.5
2021-10-30,BAGUETTE GRAINE,6.0,1.3
2021-10-30,DEMI PAIN,1.0,0.6
2021-10-30,DIVERS PATISSERIE,2.0,7.0
2021-10-30,DIVERS VIENNOISERIE,1.0,6.0
2021-10-30,FLAN,1.0,2.0
2021-10-30,FLAN ABRICOT,3.0,2.1
2021-10-30,GD KOUIGN AMANN,4.0,7.5
2021-10-30,GRAND FAR BRETON,6.0,7.0
2021-10-30,MILLES FEUILLES,4.0,2.0
2021-10-30,NOIX JAPONAISE,3.0,2.0
2021-10-30,PARIS BREST,6.0,2.0
2021-10-30,PT NANTAIS,6.0,3.0
2021-10-30,ROYAL 4P,1.0,12.0
2021-10-30,ROYAL 6P,1.0,18.0
2021-10-30,SUCETTE,4.0,0.3
2021-10-30,TARTE FRUITS 4P,1.0,9.0
2021-10-30,TARTE FRUITS 6P,1.0,12.0
2021-10-30,TRAITEUR,5.0,9.3
2021-10-30,VIK BREAD,10.0,2.5
2021-10-31,BAGUETTE GRAINE,10.0,1.3
2021-10-31,BOULE POLKA,1.0,1.6
2021-10-31,BRIOCHETTE,1.0,0.8
2021-10-31,CHOU CHANTILLY,5.0,2.0
2021-10-31,DIVERS CONFISERIE,1.0,6.0
2021-10-31,DIVERS PATISSERIE,2.0,7.0
2021-10-31,FINANCIER,1.0,0.7
2021-10-31,FLAN,1.0,2.0
2021-10-31,GD KOUIGN AMANN,3.0,7.5
2021-10-31,GD NANTAIS,1.0,11.0
2021-10-31,GRAND FAR BRETON,3.0,7.0
2021-10-31,MILLES FEUILLES,6.0,2.0
2021-10-31,PAIN S/SEL,3.0,1.5
2021-10-31,PARIS BREST,5.0,2.0
2021-10-31,PT NANTAIS,1.0,3.0
2021-10-31,ROYAL,1.0,3.0
2021-10-31,SACHET VIENNOISERIE,5.0,4.0
2021-10-31,SAVARIN,6.0,2.0
2021-10-31,SPECIAL BREAD KG,1.0,4.8
2021-10-31,SUCETTE,3.0,0.3
2021-10-31,TARTE FRUITS 4P,2.0,9.0
2021-10-31,TARTE FRUITS 6P,3.0,12.0
2021-10-31,TRAITEUR,3.0,10.0
2021-10-31,TROPEZIENNE,5.0,2.0
2021-10-31,TROPEZIENNE FRAMBOISE,1.0,2.1
2021-10-31,VIK BREAD,10.0,2.5
2021-11-01,BAGUETTE GRAINE,8.0,1.3
2021-11-01,BOULE POLKA,1.0,1.6
2021-11-01,CHOU CHANTILLY,5.0,2.0
2021-11-01,DIVERS VIENNOISERIE,1.0,6.0
2021-11-01,FINANCIER,2.0,0.7
2021-11-01,FLAN,4.0,2.0
2021-11-01,FLAN ABRICOT,4.0,2.1
2021-11-01,GD KOUIGN AMANN,5.0,7.5
2021-11-01,GD NANTAIS,3.0,11.0
2021-11-01,GRAND FAR BRETON,6.0,7.0
2021-11-01,MILLES FEUILLES,3.0,2.0
2021-11-01,NOIX JAPONAISE,1.0,2.0
2021-11-01,PAIN DE MIE,1.0,2.0
2021-11-01,PARIS BREST,8.0,2.0
2021-11-01,SACHET DE CROUTON,2.0,1.6
2021-11-01,SACHET VIENNOISERIE,1.0,4.0
2021-11-01,SAVARIN,7.0,2.0
2021-11-01,SPECIAL BREAD KG,1.0,4.8
2021-11-01,TARTE FRUITS 4P,5.0,9.0
2021-11-01,TARTE FRUITS 6P,3.0,12.0
2021-11-01,TRAITEUR,1.0,8.0
2021-11-01,TROPEZIENNE,6.0,2.0
2021-11-01,VIK BREAD,10.0,2.5
2021-11-02,CHOU CHANTILLY,1.0,2.0
2021-11-02,DIVERS CONFISERIE,1.0,3.0
2021-11-02,DIVERS PATISSERIE,1.0,8.0
2021-11-02,FLAN,1.0,2.0
2021-11-02,FLAN ABRICOT,2.0,2.1
2021-11-02,GD KOUIGN AMANN,2.0,7.5
2021-11-02,GRAND FAR BRETON,3.0,7.0
2021-11-02,NOIX JAPONAISE,4.0,2.0
2021-11-02,PARIS BREST,1.0,2.0
2021-11-02,SACHET VIENNOISERIE,5.0,4.0
2021-11-02,SPECIAL BREAD KG,1.0,4.8
2021-11-02,TRAITEUR,10.0,8.15
2021-11-03,BOULE POLKA,1.0,1.6
2021-11-03,CHOU CHANTILLY,1.0,2.0
2021-11-03,DIVERS CONFISERIE,1.0,3.0
2021-11-03,FLAN,4.0,2.0
2021-11-03,FLAN ABRICOT,5.0,2.1
2021-11-03,GD KOUIGN AMANN,2.0,7.5
2021-11-03,GRAND FAR BRETON,3.0,7.0
2021-11-03,GRANDE SUCETTE,1.0,0.6
2021-11-03,PARIS BREST,5.0,2.0
2021-11-03,PT NANTAIS,3.0,3.0
2021-11-03,SACHET VIENNOISERIE,1.0,4.0
2021-11-03,SAVARIN,1.0,2.0
2021-11-03,TRAITEUR,5.0,9.7
2021-11-03,VIK BREAD,10.0,2.5
2021-11-04,BAGUETTE APERO,1.0,4.5
2021-11-04,CHOU CHANTILLY,2.0,2.0
2021-11-04,DIVERS CONFISERIE,1.0,9.0
2021-11-04,DIVERS SANDWICHS,1.0,4.0
2021-11-04,DIVERS VIENNOISERIE,2.0,6.0
2021-11-04,FORMULE PLAT PREPARE,5.0,8.0
2021-11-04,GD FAR BRETON,2.0,7.0
2021-11-04,GD KOUIGN AMANN,1.0,7.5
2021-11-04,MILLES FEUILLES,5.0,2.0
2021-11-04,PARIS BREST,1.0,2.0
2021-11-04,"PLATPREPARE6,50",1.0,6.5
2021-11-04,"PLATPREPARE7,00",4.0,7.0
2021-11-04,PT NANTAIS,1.0,3.0
2021-11-04,SUCETTE,2.0,0.3
2021-11-04,TROPEZIENNE,1.0,2.0
2021-11-05,BOULE POLKA,1.0,1.6
2021-11-05,DIVERS SANDWICHS,1.0,4.5
2021-11-05,DIVERS VIENNOISERIE,1.0,6.0
2021-11-05,FLAN,1.0,2.0
2021-11-05,FLAN ABRICOT,1.0,2.1
2021-11-05,FORMULE PLAT PREPARE,2.0,8.0
2021-11-05,GD FAR BRETON,3.0,7.0
2021-11-05,GD KOUIGN AMANN,2.0,7.5
2021-11-05,GD NANTAIS,2.0,11.0
2021-11-05,MILLES FEUILLES,5.0,2.0
2021-11-05,PARIS BREST,5.0,2.0
2021-11-05,"PLATPREPARE6,50",4.0,6.5
2021-11-05,"PLATPREPARE7,00",3.0,7.0
2021-11-05,PT NANTAIS,3.0,3.0
2021-11-05,SACHET VIENNOISERIE,2.0,4.0
2021-11-05,SPECIAL BREAD KG,1.0,4.8
2021-11-05,SUCETTE,2.0,0.3
2021-11-05,TRAITEUR,1.0,8.0
2021-11-05,VIK BREAD,10.0,2.5
2021-11-06,BOULE POLKA,1.0,1.6
2021-11-06,CHOU CHANTILLY,1.0,2.0
2021-11-06,DIVERS CONFISERIE,1.0,3.0
2021-11-06,DIVERS PATISSERIE,1.0,7.0
2021-11-06,DIVERS SANDWICHS,2.0,4.5
2021-11-06,DIVERS VIENNOISERIE,2.0,3.6
2021-11-06,FLAN,1.0,2.0
2021-11-06,GD FAR BRETON,1.0,7.0
2021-11-06,GD NANTAIS,1.0,11.0
2021-11-06,MILLES FEUILLES,1.0,2.0
2021-11-06,NOIX JAPONAISE,1.0,2.0
2021-11-06,PARIS BREST,3.0,2.0
2021-11-06,"PLATPREPARE7,00",1.0,7.0
2021-11-06,PT NANTAIS,1.0,3.0
2021-11-06,SACHET VIENNOISERIE,2.0,4.0
2021-11-06,SAVARIN,2.0,2.0
2021-11-06,SPECIAL BREAD KG,1.0,4.8
2021-11-06,TRAITEUR,4.0,7.5
2021-11-06,VIK BREAD,10.0,2.5
2021-11-07,BAGUETTE GRAINE,4.0,1.3
2021-11-07,CHOCOLAT,1.0,1.5
2021-11-07,CHOU CHANTILLY,1.0,2.0
2021-11-07,DEMI PAIN,1.0,0.6
2021-11-07,DIVERS PATISSERIE,1.0,7.0
2021-11-07,DIVERS VIENNOISERIE,2.0,1.2
2021-11-07,FLAN,3.0,2.0
2021-11-07,FLAN ABRICOT,1.0,2.1
2021-11-07,GD FAR BRETON,1.0,7.0
2021-11-07,GD KOUIGN AMANN,2.0,7.5
2021-11-07,MILLES FEUILLES,3.0,2.0
2021-11-07,NOIX JAPONAISE,4.0,2.0
2021-11-07,PARIS BREST,5.0,2.0
2021-11-07,PT NANTAIS,3.0,3.0
2021-11-07,ROYAL,1.0,3.0
2021-11-07,SAVARIN,4.0,2.0
2021-11-07,SUCETTE,1.0,0.3
2021-11-07,TARTE FRUITS 4P,1.0,9.0
2021-11-07,VIK BREAD,7.0,2.5
2021-11-08,ARTICLE 295,1.0,0.0
2021-11-08,BOULE POLKA,1.0,1.6
2021-11-08,DIVERS PATISSERIE,1.0,7.0
2021-11-08,FLAN ABRICOT,2.0,2.1
2021-11-08,GRAND FAR BRETON,1.0,7.0
2021-11-08,MILLES FEUILLES,1.0,2.0
2021-11-08,PAIN S/SEL,2.0,1.5
2021-11-08,PARIS BREST,2.0,2.0
2021-11-08,PT NANTAIS,1.0,3.0
2021-11-08,SACHET DE CROUTON,1.0,1.6
2021-11-08,SACHET VIENNOISERIE,2.0,4.0
2021-11-08,TRAITEUR,8.0,9.125
2021-11-09,BOULE POLKA,1.0,1.6
2021-11-09,DIVERS PATISSERIE,5.0,4.9
2021-11-09,FLAN,2.0,2.0
2021-11-09,FLAN ABRICOT,2.0,2.1
2021-11-09,GD KOUIGN AMANN,1.0,7.5
2021-11-09,GRANDE SUCETTE,2.0,0.6
2021-11-09,MILLES FEUILLES,4.0,2.0
2021-11-09,PARIS BREST,3.0,2.0
2021-11-09,PT NANTAIS,1.0,3.0
2021-11-09,SACHET VIENNOISERIE,2.0,4.0
2021-11-09,SPECIAL BREAD KG,1.0,4.8
2021-11-09,SUCETTE,2.0,0.3
2021-11-09,TRAITEUR,9.0,11.11111111111111
2021-11-09,TROPEZIENNE,3.0,2.0
2021-11-10,DIVERS VIENNOISERIE,1.0,6.0
2021-11-10,FLAN,3.0,2.0
2021-11-10,FLAN ABRICOT,2.0,2.1
2021-11-10,GRAND FAR BRETON,1.0,7.0
2021-11-10,GRANDE SUCETTE,1.0,0.6
2021-11-10,PARIS BREST,3.0,2.0
2021-11-10,PT NANTAIS,2.0,3.0
2021-11-10,SACHET VIENNOISERIE,1.0,4.0
2021-11-10,SPECIAL BREAD KG,1.0,4.8
2021-11-10,SUCETTE,3.0,0.3
2021-11-10,TRAITEUR,4.0,9.15
2021-11-10,TROPEZIENNE,2.0,2.0
2021-11-11,BAGUETTE GRAINE,9.0,1.3
2021-11-11,BOULE POLKA,1.0,1.6
2021-11-11,DIVERS PATISSERIE,1.0,7.0
2021-11-11,GD NANTAIS,1.0,11.0
2021-11-11,GRAND FAR BRETON,3.0,7.0
2021-11-11,MILLES FEUILLES,2.0,2.0
2021-11-11,NOIX JAPONAISE,2.0,2.0
2021-11-11,PARIS BREST,5.0,2.0
2021-11-11,PT NANTAIS,2.0,3.0
2021-11-11,SPECIAL BREAD KG,1.0,4.8
2021-11-11,SUCETTE,2.0,0.3
2021-11-11,TRAITEUR,5.0,10.0
2021-11-11,TROPEZIENNE,2.0,2.0
2021-11-12,DEMI PAIN,2.0,0.6
2021-11-12,DIVERS PATISSERIE,1.0,24.0
2021-11-12,GD FAR BRETON,2.0,7.0
2021-11-12,GD KOUIGN AMANN,2.0,7.5
2021-11-12,GD NANTAIS,1.0,11.0
2021-11-12,NOIX JAPONAISE,2.0,2.0
2021-11-12,PARIS BREST,1.0,2.0
2021-11-12,PT NANTAIS,1.0,3.0
2021-11-12,ROYAL 6P,2.0,18.0
2021-11-12,SUCETTE,2.0,0.3
2021-11-12,TRAITEUR,7.0,7.6
2021-11-12,TROPEZIENNE,2.0,2.0
2021-11-12,VIK BREAD,9.0,2.5
2021-11-13,DIVERS PATISSERIE,1.0,7.0
2021-11-13,FLAN,2.0,2.0
2021-11-13,FLAN ABRICOT,3.0,2.1
2021-11-13,GD FAR BRETON,1.0,7.0
2021-11-13,GD NANTAIS,1.0,11.0
2021-11-13,GRANDE SUCETTE,2.0,0.6
2021-11-13,PT NANTAIS,4.0,3.0
2021-11-13,SACHET VIENNOISERIE,1.0,4.0
2021-11-13,SUCETTE,2.0,0.3
2021-11-13,TARTE FRUITS 4P,3.0,9.0
2021-11-13,TARTE FRUITS 6P,1.0,12.0
2021-11-13,TRAITEUR,11.0,7.477777777777778
2021-11-13,TROPEZIENNE,1.0,2.0
2021-11-13,VIK BREAD,10.0,2.5
2021-11-14,BAGUETTE GRAINE,10.0,1.3
2021-11-14,BOULE POLKA,1.0,1.6
2021-11-14,CHOCOLAT,1.0,1.5
2021-11-14,CHOU CHANTILLY,1.0,2.0
2021-11-14,DIVERS PATISSERIE,1.0,7.0
2021-11-14,DIVERS VIENNOISERIE,1.0,2.4
2021-11-14,FLAN,5.0,2.0
2021-11-14,FLAN ABRICOT,2.0,2.1
2021-11-14,GD FAR BRETON,2.0,7.0
2021-11-14,GD NANTAIS,1.0,11.0
2021-11-14,GRANDE SUCETTE,1.0,0.6
2021-11-14,NOIX JAPONAISE,4.0,2.0
2021-11-14,PAIN S/SEL,2.0,1.5
2021-11-14,PARIS BREST,4.0,2.0
2021-11-14,PT NANTAIS,7.0,3.0
2021-11-14,ROYAL,1.0,3.0
2021-11-14,SAVARIN,3.0,2.0
2021-11-14,SPECIAL BREAD KG,1.0,4.8
2021-11-14,TARTE FRUITS 4P,1.0,9.0
2021-11-14,TARTE FRUITS 6P,2.0,12.0
2021-11-14,TRAITEUR,1.0,9.8
2021-11-14,TROPEZIENNE,1.0,2.0
2021-11-14,VIK BREAD,8.0,2.5
2021-11-15,CHOU CHANTILLY,1.0,2.0
2021-11-15,DIVERS CONFISERIE,1.0,3.0
2021-11-15,SPECIAL BREAD KG,1.0,4.8
2021-11-15,TARTE FRUITS 4P,1.0,9.0
2021-11-15,TRAITEUR,9.0,8.577777777777778
2021-11-15,VIK BREAD,1.0,2.5
2021-11-16,BAGUETTE APERO,1.0,4.5
2021-11-16,DIVERS PATISSERIE,1.0,2.0
2021-11-16,DIVERS SANDWICHS,1.0,3.0
2021-11-16,FLAN,1.0,2.0
2021-11-16,TRAITEUR,7.0,8.1
2021-11-18,DIVERS SANDWICHS,1.0,3.5
2021-11-18,FLAN,1.0,2.0
2021-11-18,FLAN ABRICOT,1.0,2.1
2021-11-18,GD NANTAIS,1.0,11.0
2021-11-18,MILLES FEUILLES,2.0,2.0
2021-11-18,PARIS BREST,2.0,2.0
2021-11-18,TRAITEUR,6.0,9.18
2021-11-19,BAGUETTE APERO,1.0,4.5
2021-11-19,BOULE POLKA,1.0,1.6
2021-11-19,DIVERS BOULANGERIE,1.0,1.0
2021-11-19,DIVERS VIENNOISERIE,1.0,6.0
2021-11-19,FLAN,3.0,2.0
2021-11-19,GRAND FAR BRETON,1.0,7.0
2021-11-19,GRANDE SUCETTE,6.0,0.6
2021-11-19,PARIS BREST,1.0,2.0
2021-11-19,SACHET VIENNOISERIE,2.0,4.0
2021-11-19,SPECIAL BREAD KG,1.0,4.8
2021-11-19,SUCETTE,1.0,0.3
2021-11-19,TRAITEUR,8.0,9.4
2021-11-19,TROPEZIENNE,1.0,2.0
2021-11-19,VIK BREAD,2.0,2.5
2021-11-20,BOULE POLKA,1.0,1.6
2021-11-20,CHOU CHANTILLY,1.0,2.0
2021-11-20,DIVERS CONFISERIE,1.0,3.0
2021-11-20,GD KOUIGN AMANN,1.0,7.5
2021-11-20,GD NANTAIS,4.0,11.0
2021-11-20,NOIX JAPONAISE,2.0,2.0
2021-11-20,PARIS BREST,4.0,2.0
2021-11-20,PT NANTAIS,6.0,3.0
2021-11-20,SACHET VIENNOISERIE,1.0,4.0
2021-11-20,SAVARIN,2.0,2.0
2021-11-20,SUCETTE,3.0,0.3
2021-11-20,TRAITEUR,3.0,9.733333333333333
2021-11-20,VIK BREAD,6.0,2.5
2021-11-21,BAGUETTE GRAINE,9.0,1.3
2021-11-21,BOULE POLKA,1.0,1.6
2021-11-21,CHOU CHANTILLY,1.0,2.0
2021-11-21,DIVERS PATISSERIE,1.0,7.0
2021-11-21,FLAN ABRICOT,5.0,2.1
2021-11-21,GRAND FAR BRETON,1.0,7.0
2021-11-21,MILLES FEUILLES,3.0,2.0
2021-11-21,NOIX JAPONAISE,2.0,2.0
2021-11-21,PAIN S/SEL,2.0,1.5
2021-11-21,PARIS BREST,5.0,2.0
2021-11-21,SAVARIN,4.0,2.0
2021-11-21,TARTE FRUITS 4P,1.0,9.0
2021-11-21,TARTE FRUITS 6P,1.0,12.0
2021-11-21,THE,1.0,1.5
2021-11-21,TRAITEUR,3.0,7.95
2021-11-21,TROPEZIENNE,1.0,2.0
2021-11-21,VIK BREAD,6.0,2.5
2021-11-22,CHOU CHANTILLY,1.0,2.0
2021-11-22,DEMI PAIN,1.0,0.6
2021-11-22,DIVERS CONFISERIE,1.0,3.0
2021-11-22,DIVERS PATISSERIE,1.0,7.0
2021-11-22,FLAN,1.0,2.0
2021-11-22,MILLES FEUILLES,1.0,2.0
2021-11-22,SACHET VIENNOISERIE,3.0,4.0
2021-11-22,SUCETTE,2.0,0.3
2021-11-22,TRAITEUR,6.0,10.6
2021-11-23,DIVERS PATISSERIE,7.0,5.428571428571429
2021-11-23,PT NANTAIS,1.0,3.0
2021-11-23,SACHET VIENNOISERIE,2.0,4.0
2021-11-23,SPECIAL BREAD KG,1.0,4.8
2021-11-23,SUCETTE,2.0,0.3
2021-11-23,TRAITEUR,4.0,8.9
2021-11-25,DIVERS SANDWICHS,3.0,3.5
2021-11-25,FLAN,2.0,2.0
2021-11-25,FLAN ABRICOT,2.0,2.1
2021-11-25,GD FAR BRETON,1.0,7.0
2021-11-25,GRANDE SUCETTE,8.0,0.6
2021-11-25,PARIS BREST,3.0,2.0
2021-11-25,SPECIAL BREAD KG,1.0,4.8
2021-11-25,TRAITEUR,4.0,9.016666666666666
2021-11-26,BAGUETTE APERO,4.0,4.5
2021-11-26,BOULE POLKA,1.0,1.6
2021-11-26,DIVERS CONFISERIE,2.0,3.0
2021-11-26,DIVERS SANDWICHS,1.0,3.5
2021-11-26,FLAN,4.0,2.0
2021-11-26,GD FAR BRETON,1.0,7.0
2021-11-26,PARIS BREST,3.0,2.0
2021-11-26,SPECIAL BREAD KG,1.0,4.8
2021-11-26,TARTE FINE,1.0,7.0
2021-11-26,TRAITEUR,3.0,8.1
2021-11-26,VIK BREAD,3.0,2.5
2021-11-27,BOULE POLKA,1.0,1.6
2021-11-27,DIVERS CONFISERIE,1.0,3.0
2021-11-27,DIVERS PATISSERIE,4.0,10.333333333333334
2021-11-27,DIVERS VIENNOISERIE,1.0,2.4
2021-11-27,FLAN,3.0,2.0
2021-11-27,GD FAR BRETON,2.0,7.0
2021-11-27,GRANDE SUCETTE,10.0,0.6
2021-11-27,MILLES FEUILLES,3.0,2.0
2021-11-27,PARIS BREST,5.0,2.0
2021-11-27,SPECIAL BREAD KG,1.0,4.8
2021-11-27,TARTE FINE,1.0,7.0
2021-11-27,TRAITEUR,4.0,7.15
2021-11-27,TROPEZIENNE,1.0,2.0
2021-11-27,VIK BREAD,6.0,2.5
2021-11-28,BAGUETTE GRAINE,10.0,1.3
2021-11-28,BOULE POLKA,1.0,1.6
2021-11-28,CHOCOLAT,1.0,1.5
2021-11-28,DIVERS PATISSERIE,4.0,8.75
2021-11-28,DIVERS SANDWICHS,1.0,3.5
2021-11-28,FLAN,3.0,2.0
2021-11-28,FLAN ABRICOT,3.0,2.1
2021-11-28,GD FAR BRETON,2.0,7.0
2021-11-28,GD KOUIGN AMANN,1.0,7.5
2021-11-28,GD NANTAIS,1.0,11.0
2021-11-28,MILLES FEUILLES,4.0,2.0
2021-11-28,PAIN S/SEL,2.0,1.5
2021-11-28,PARIS BREST,6.0,2.0
2021-11-28,PT NANTAIS,2.0,3.0
2021-11-28,ROYAL,1.0,3.0
2021-11-28,SPECIAL BREAD KG,1.0,4.8
2021-11-28,TARTE FRUITS 4P,1.0,9.0
2021-11-28,TROPEZIENNE,3.0,2.0
2021-11-28,VIK BREAD,8.0,2.5
2021-11-29,DIVERS CONFISERIE,1.0,3.0
2021-11-29,DIVERS VIENNOISERIE,1.0,1.5
2021-11-29,FLAN,1.0,2.0
2021-11-29,FLAN ABRICOT,1.0,2.1
2021-11-29,PARIS BREST,3.0,2.0
2021-11-29,SACHET VIENNOISERIE,1.0,4.0
2021-11-29,SUCETTE,5.0,0.3
2021-11-29,TRAITEUR,1.0,7.5
2021-11-29,VIK BREAD,2.0,2.5
2021-11-30,DIVERS VIENNOISERIE,1.0,1.5
2021-11-30,FLAN ABRICOT,2.0,2.1
2021-11-30,GRAND FAR BRETON,1.0,7.0
2021-11-30,PARIS BREST,1.0,2.0
2021-11-30,SACHET VIENNOISERIE,1.0,4.0
2021-11-30,TRAITEUR,8.0,9.3625
2021-12-02,DIVERS SANDWICHS,2.0,4.0
2021-12-02,PARIS BREST,1.0,2.0
2021-12-02,PT NANTAIS,2.0,3.0
2021-12-02,TRAITEUR,8.0,8.233333333333333
2021-12-02,TROPEZIENNE,1.0,2.0
2021-12-03,CHOCOLAT,1.0,1.5
2021-12-03,DIVERS CONFISERIE,1.0,3.0
2021-12-03,FLAN,1.0,2.0
2021-12-03,MILLES FEUILLES,2.0,2.0
2021-12-03,PARIS BREST,1.0,2.0
2021-12-03,PT NANTAIS,1.0,3.0
2021-12-03,SACHET VIENNOISERIE,1.0,4.0
2021-12-03,SPECIAL BREAD KG,1.0,4.8
2021-12-03,TRAITEUR,7.0,8.485714285714286
2021-12-03,VIK BREAD,4.0,2.5
2021-12-04,DIVERS PATISSERIE,2.0,7.0
2021-12-04,DIVERS VIENNOISERIE,1.0,6.0
2021-12-04,FLAN,2.0,2.0
2021-12-04,GD KOUIGN AMANN,1.0,7.5
2021-12-04,NOIX JAPONAISE,2.0,2.0
2021-12-04,PT NANTAIS,1.0,3.0
2021-12-04,SPECIAL BREAD KG,1.0,4.8
2021-12-04,TARTE FRUITS 4P,2.0,9.0
2021-12-04,TRAITEUR,2.0,8.8
2021-12-04,TROPEZIENNE,1.0,2.0
2021-12-04,VIK BREAD,5.0,2.5
2021-12-05,BAGUETTE GRAINE,10.0,1.3
2021-12-05,BOULE POLKA,1.0,1.6
2021-12-05,CHOCOLAT,1.0,1.5
2021-12-05,DIVERS BOULANGERIE,1.0,1.0
2021-12-05,DIVERS CONFISERIE,2.0,3.0
2021-12-05,DIVERS VIENNOISERIE,2.0,6.0
2021-12-05,FLAN,2.0,2.0
2021-12-05,FLAN ABRICOT,5.0,2.1
2021-12-05,PAIN S/SEL,2.0,1.5
2021-12-05,PARIS BREST,4.0,2.0
2021-12-05,PT NANTAIS,7.0,3.0
2021-12-05,ROYAL,1.0,3.0
2021-12-05,TARTE FINE,1.0,7.0
2021-12-05,TARTE FRUITS 6P,1.0,12.0
2021-12-05,TRAITEUR,5.0,7.65
2021-12-05,TROPEZIENNE,2.0,2.0
2021-12-05,VIK BREAD,10.0,2.5
2021-12-09,DIVERS VIENNOISERIE,2.0,6.0
2021-12-09,FLAN,1.0,2.0
2021-12-09,PARIS BREST,2.0,2.0
2021-12-09,SUCETTE,2.0,0.3
2021-12-09,TRAITEUR,5.0,8.98
2021-12-09,TROPEZIENNE,3.0,2.0
2021-12-10,BAGUETTE APERO,1.0,4.5
2021-12-10,BOULE POLKA,1.0,1.6
2021-12-10,FLAN,2.0,2.0
2021-12-10,FLAN ABRICOT,3.0,2.1
2021-12-10,MILLES FEUILLES,1.0,2.0
2021-12-10,PARIS BREST,5.0,2.0
2021-12-10,TRAITEUR,7.0,7.640000000000001
2021-12-10,VIK BREAD,5.0,2.5
2021-12-11,DIVERS VIENNOISERIE,1.0,6.0
2021-12-11,ENTREMETS,2.0,3.5
2021-12-11,GD KOUIGN AMANN,1.0,7.5
2021-12-11,GRAND FAR BRETON,1.0,7.0
2021-12-11,PARIS BREST,1.0,2.0
2021-12-11,PT NANTAIS,2.0,3.0
2021-12-11,ROYAL 6P,1.0,18.0
2021-12-11,SACHET VIENNOISERIE,1.0,4.0
2021-12-11,SPECIAL BREAD KG,1.0,4.8
2021-12-11,TARTE FRUITS 4P,2.0,9.0
2021-12-11,TRAITEUR,6.0,12.333333333333334
2021-12-11,VIK BREAD,5.0,2.5
2021-12-12,BAGUETTE GRAINE,10.0,1.3
2021-12-12,BOULE POLKA,1.0,1.6
2021-12-12,CHOCOLAT,1.0,1.5
2021-12-12,CHOU CHANTILLY,4.0,2.0
2021-12-12,DIVERS PATISSERIE,8.0,3.5
2021-12-12,DIVERS VIENNOISERIE,2.0,1.2
2021-12-12,FLAN,2.0,2.0
2021-12-12,FLAN ABRICOT,1.0,2.1
2021-12-12,GD FAR BRETON,2.0,7.0
2021-12-12,GRANDE SUCETTE,4.0,0.6
2021-12-12,PAIN S/SEL,2.0,1.5
2021-12-12,PARIS BREST,4.0,2.0
2021-12-12,ROYAL,1.0,3.0
2021-12-12,SAVARIN,4.0,2.0
2021-12-12,SPECIAL BREAD KG,1.0,4.8
2021-12-12,TARTE FINE,4.0,7.0
2021-12-12,TARTE FRUITS 4P,1.0,9.0
2021-12-12,TARTE FRUITS 6P,1.0,12.0
2021-12-12,TRAITEUR,5.0,6.4799999999999995
2021-12-12,VIK BREAD,8.0,2.5
2021-12-13,CHOCOLAT,1.0,1.5
2021-12-13,DIVERS PATISSERIE,2.0,3.25
2021-12-13,FLAN,3.0,2.0
2021-12-13,FLAN ABRICOT,1.0,2.1
2021-12-13,GD FAR BRETON,2.0,7.0
2021-12-13,PARIS BREST,3.0,2.0
2021-12-13,PT NANTAIS,1.0,3.0
2021-12-13,TRAITEUR,4.0,7.800000000000001
2021-12-13,VIK BREAD,2.0,2.5
2021-12-14,BAGUETTE APERO,1.0,4.5
2021-12-14,DIVERS CONFISERIE,1.0,3.0
2021-12-14,FLAN ABRICOT,1.0,2.1
2021-12-14,PARIS BREST,2.0,2.0
2021-12-14,PT NANTAIS,1.0,3.0
2021-12-14,SACHET VIENNOISERIE,2.0,4.0
2021-12-14,SPECIAL BREAD KG,1.0,4.8
2021-12-14,SUCETTE,2.0,0.3
2021-12-14,TRAITEUR,6.0,8.783333333333333
2021-12-16,BAGUETTE APERO,0.0,4.5
2021-12-16,BOULE POLKA,1.0,1.6
2021-12-16,BRIOCHE DE NOEL,1.0,6.0
2021-12-16,DIVERS CONFISERIE,1.0,3.0
2021-12-16,FLAN,2.0,2.0
2021-12-16,FLAN ABRICOT,4.0,2.1
2021-12-16,GD FAR BRETON,1.0,7.0
2021-12-16,PARIS BREST,2.0,2.0
2021-12-16,PT NANTAIS,3.0,3.0
2021-12-16,TRAITEUR,3.0,7.5
2021-12-17,BOULE POLKA,1.0,1.6
2021-12-17,DEMI PAIN,1.0,0.6
2021-12-17,GD KOUIGN AMANN,1.0,7.5
2021-12-17,MILLES FEUILLES,3.0,2.0
2021-12-17,NOIX JAPONAISE,2.0,2.0
2021-12-17,SACHET DE CROUTON,1.0,1.6
2021-12-17,SPECIAL BREAD KG,1.0,4.8
2021-12-17,SUCETTE,1.0,0.3
2021-12-17,TRAITEUR,3.0,7.0
2021-12-17,VIK BREAD,10.0,2.5
2021-12-18,BAGUETTE GRAINE,4.0,1.3
2021-12-18,BOULE POLKA,1.0,1.6
2021-12-18,DIVERS BOULANGERIE,1.0,6.0
2021-12-18,DIVERS CONFISERIE,1.0,3.0
2021-12-18,DIVERS PATISSERIE,2.0,6.0
2021-12-18,DIVERS VIENNOISERIE,3.0,6.0
2021-12-18,ENTREMETS,3.0,3.5
2021-12-18,FLAN,5.0,2.0
2021-12-18,GD KOUIGN AMANN,1.0,7.5
2021-12-18,GRAND FAR BRETON,2.0,7.0
2021-12-18,NOIX JAPONAISE,2.0,2.0
2021-12-18,PT NANTAIS,2.0,3.0
2021-12-18,TARTE FRUITS 4P,1.0,9.0
2021-12-18,TRAITEUR,8.0,11.675
2021-12-18,VIK BREAD,6.0,2.5
2021-12-19,BAGUETTE GRAINE,10.0,1.3
2021-12-19,BOULE POLKA,1.0,1.6
2021-12-19,BRIOCHE DE NOEL,2.0,6.0
2021-12-19,CHOCOLAT,1.0,1.5
2021-12-19,DIVERS BOULANGERIE,1.0,0.0
2021-12-19,DIVERS PATISSERIE,1.0,7.0
2021-12-19,DIVERS VIENNOISERIE,1.0,6.0
2021-12-19,ENTREMETS,11.0,3.5
2021-12-19,FLAN,1.0,2.0
2021-12-19,FLAN ABRICOT,3.0,2.1
2021-12-19,GD KOUIGN AMANN,1.0,7.5
2021-12-19,GD NANTAIS,1.0,11.0
2021-12-19,MILLES FEUILLES,3.0,2.0
2021-12-19,NOIX JAPONAISE,1.0,2.0
2021-12-19,PAIN S/SEL,2.0,1.5
2021-12-19,PARIS BREST,6.0,2.0
2021-12-19,PT NANTAIS,3.0,3.0
2021-12-19,ROYAL,1.0,3.0
2021-12-19,SPECIAL BREAD KG,1.0,4.8
2021-12-19,TARTE FRUITS 4P,1.0,9.0
2021-12-19,TRAITEUR,1.0,7.6
2021-12-19,VIK BREAD,8.0,2.5
2021-12-20,BRIOCHE DE NOEL,1.0,6.0
2021-12-20,DIVERS BOULANGERIE,1.0,1.0
2021-12-20,ENTREMETS,1.0,3.5
2021-12-20,FLAN,2.0,2.0
2021-12-20,GD NANTAIS,1.0,11.0
2021-12-20,GRAND FAR BRETON,1.0,7.0
2021-12-20,PT NANTAIS,2.0,3.0
2021-12-20,ROYAL 6P,1.0,18.0
2021-12-20,SUCETTE,2.0,0.3
2021-12-20,TRAITEUR,7.0,9.428571428571429
2021-12-20,VIK BREAD,1.0,2.5
2021-12-21,BAGUETTE APERO,1.0,4.5
2021-12-21,DIVERS BOULANGERIE,4.0,2.5
2021-12-21,DIVERS CONFISERIE,1.0,3.0
2021-12-21,DIVERS PATISSERIE,4.0,3.5
2021-12-21,FLAN,2.0,2.0
2021-12-21,FLAN ABRICOT,3.0,2.1
2021-12-21,GD NANTAIS,2.0,11.0
2021-12-21,PARIS BREST,3.0,2.0
2021-12-21,SUCETTE,1.0,0.3
2021-12-21,TRAITEUR,8.0,7.2
2021-12-22,BAGUETTE APERO,1.0,4.5
2021-12-22,BOULE POLKA,1.0,1.6
2021-12-22,BRIOCHE DE NOEL,1.0,6.0
2021-12-22,DIVERS BOULANGERIE,6.0,2.2
2021-12-22,DIVERS CONFISERIE,4.0,3.0
2021-12-22,DIVERS PATISSERIE,2.0,14.0
2021-12-22,DIVERS VIENNOISERIE,4.0,5.0
2021-12-22,FLAN,3.0,2.0
2021-12-22,GD FAR BRETON,1.0,7.0
2021-12-22,GRANDE SUCETTE,1.0,0.6
2021-12-22,MILLES FEUILLES,2.0,2.0
2021-12-22,PAIN DE MIE,1.0,2.0
2021-12-22,PARIS BREST,2.0,2.0
2021-12-22,TRAITEUR,1.0,7.6
2021-12-22,VIK BREAD,4.0,2.5
2021-12-23,BOULE POLKA,1.0,1.6
2021-12-23,BRIOCHE DE NOEL,1.0,6.0
2021-12-23,ENTREMETS,6.0,3.5
2021-12-23,GD NANTAIS,1.0,11.0
2021-12-23,MILLES FEUILLES,2.0,2.0
2021-12-23,NANTAIS,1.0,5.0
2021-12-23,PAIN DE MIE,2.0,2.0
2021-12-23,PAIN S/SEL,1.0,1.5
2021-12-23,PARIS BREST,2.0,2.0
2021-12-23,SACHET DE CROUTON,3.0,1.6
2021-12-23,SACHET VIENNOISERIE,1.0,4.0
2021-12-23,SPECIAL BREAD KG,1.0,4.8
2021-12-23,SUCETTE,1.0,0.3
2021-12-23,TRAITEUR,14.0,9.986363636363636
2021-12-23,VIK BREAD,9.0,2.5
2021-12-24,BAGUETTE GRAINE,10.0,1.3
2021-12-24,BOULE POLKA,1.0,1.6
2021-12-24,BRIOCHE DE NOEL,3.0,6.0
2021-12-24,BUCHE 4PERS,5.0,14.0
2021-12-24,BUCHE 6PERS,4.0,21.0
2021-12-24,BUCHE 8PERS,2.0,28.0
2021-12-24,DIVERS BOULANGERIE,44.0,3.031578947368421
2021-12-24,DIVERS PATISSERIE,10.0,6.5
2021-12-24,DIVERS VIENNOISERIE,1.0,2.5
2021-12-24,ENTREMETS,1.0,3.5
2021-12-24,FLAN,2.0,2.0
2021-12-24,FRAMBOISIER,4.0,3.0
2021-12-24,GD FAR BRETON,2.0,7.0
2021-12-24,GD NANTAIS,3.0,11.0
2021-12-24,GD PLATEAU SALE,1.0,18.0
2021-12-24,GRAND FAR BRETON,1.0,7.0
2021-12-24,GRANDE SUCETTE,4.0,0.6
2021-12-24,PAIN DE MIE,12.0,2.0
2021-12-24,PAIN S/SEL,1.0,1.5
2021-12-24,PT PLATEAU SALE,1.0,10.0
2021-12-24,ROYAL,3.0,3.0
2021-12-24,SACHET DE CROUTON,3.0,1.6000000000000003
2021-12-24,SPECIAL BREAD KG,2.0,4.8
2021-12-24,SUCETTE,3.0,0.3
2021-12-24,TARTE FRUITS 4P,1.0,9.0
2021-12-24,TARTE FRUITS 6P,1.0,12.0
2021-12-24,TRAITEUR,16.0,10.026923076923076
2021-12-24,VIK BREAD,38.0,2.5
2021-12-25,BAGUETTE GRAINE,10.0,1.3
2021-12-25,BRIOCHE DE NOEL,2.0,6.0
2021-12-25,BUCHE 4PERS,5.0,14.0
2021-12-25,BUCHE 6PERS,3.0,21.0
2021-12-25,DIVERS BOULANGERIE,21.0,2.494736842105263
2021-12-25,DIVERS PATISSERIE,2.0,7.0
2021-12-25,ENTREMETS,2.0,3.5
2021-12-25,FLAN ABRICOT,2.0,2.1
2021-12-25,FRAMBOISIER,2.0,3.0
2021-12-25,GD FAR BRETON,2.0,7.0
2021-12-25,GD PLATEAU SALE,1.0,18.0
2021-12-25,GRANDE SUCETTE,1.0,0.6
2021-12-25,PAIN DE MIE,4.0,2.0
2021-12-25,TRAITEUR,3.0,11.65
2021-12-25,VIK BREAD,15.0,2.5
2021-12-26,BAGUETTE GRAINE,10.0,1.3
2021-12-26,BRIOCHE DE NOEL,1.0,6.0
2021-12-26,BUCHE 4PERS,1.0,14.0
2021-12-26,BUCHE 6PERS,1.0,21.0
2021-12-26,DIVERS BOULANGERIE,2.0,6.0
2021-12-26,DIVERS PATISSERIE,4.0,7.0
2021-12-26,DIVERS VIENNOISERIE,2.0,5.0
2021-12-26,ENTREMETS,7.0,3.5
2021-12-26,FLAN,2.0,2.0
2021-12-26,FRAMBOISIER,4.0,3.0
2021-12-26,GAL FRANGIPANE 4P,5.0,8.0
2021-12-26,GAL FRANGIPANE 6P,2.0,12.0
2021-12-26,GAL POMME 4P,1.0,8.0
2021-12-26,GAL POMME 6P,2.0,12.0
2021-12-26,GD NANTAIS,1.0,11.0
2021-12-26,GRAND FAR BRETON,1.0,7.0
2021-12-26,MILLES FEUILLES,5.0,2.0
2021-12-26,NOIX JAPONAISE,3.0,2.0
2021-12-26,PAIN S/SEL,3.0,1.5
2021-12-26,ROYAL,5.0,3.0
2021-12-26,SAVARIN,4.0,2.0
2021-12-26,SUCETTE,7.0,0.3
2021-12-26,TARTE FRUITS 4P,1.0,9.0
2021-12-26,TRAITEUR,4.0,9.85
2021-12-26,TROPEZIENNE,2.0,2.0
2021-12-27,BAGUETTE GRAINE,2.0,1.3
2021-12-27,CHOU CHANTILLY,1.0,2.0
2021-12-27,DEMI PAIN,1.0,0.6
2021-12-27,DIVERS BOULANGERIE,2.0,2.5
2021-12-27,DIVERS CONFISERIE,1.0,3.0
2021-12-27,DIVERS VIENNOISERIE,1.0,3.0
2021-12-27,FLAN,2.0,2.0
2021-12-27,FRAMBOISIER,1.0,3.0
2021-12-27,GAL FRANGIPANE 4P,3.0,8.0
2021-12-27,GAL FRANGIPANE 6P,1.0,12.0
2021-12-27,GAL POIRE CHOCO 4P,1.0,8.0
2021-12-27,GAL POMME 6P,1.0,12.0
2021-12-27,GD FAR BRETON,1.0,7.0
2021-12-27,PT NANTAIS,2.0,3.0
2021-12-27,ROYAL,5.0,3.0
2021-12-27,SACHET DE CROUTON,1.0,1.6
2021-12-27,SACHET VIENNOISERIE,2.0,4.0
2021-12-27,TARTE FINE,2.0,7.0
2021-12-27,TRAITEUR,4.0,10.049999999999999
2021-12-27,TROPEZIENNE,1.0,2.0
2021-12-27,VIK BREAD,5.0,2.5
2021-12-28,BAGUETTE APERO,1.0,4.5
2021-12-28,BAGUETTE GRAINE,7.0,1.3
2021-12-28,CHOU CHANTILLY,2.0,2.0
2021-12-28,DIVERS BOULANGERIE,6.0,2.25
2021-12-28,DIVERS SANDWICHS,1.0,3.0
2021-12-28,DIVERS VIENNOISERIE,4.0,5.0
2021-12-28,FLAN,1.0,2.0
2021-12-28,FLAN ABRICOT,3.0,2.1
2021-12-28,GAL FRANGIPANE 4P,3.0,8.0
2021-12-28,GAL FRANGIPANE 6P,1.0,12.0
2021-12-28,GAL POIRE CHOCO 4P,1.0,8.0
2021-12-28,GAL POMME 4P,1.0,8.0
2021-12-28,GD FAR BRETON,2.0,7.0
2021-12-28,GD KOUIGN AMANN,1.0,7.5
2021-12-28,MILLES FEUILLES,2.0,2.0
2021-12-28,PARIS BREST,2.0,2.0
2021-12-28,ROYAL,5.0,3.0
2021-12-28,TRAITEUR,4.0,9.65
2021-12-28,VIK BREAD,5.0,2.5
2021-12-29,BAGUETTE GRAINE,6.0,1.3
2021-12-29,DIVERS CONFISERIE,1.0,3.0
2021-12-29,DIVERS VIENNOISERIE,1.0,6.0
2021-12-29,FLAN,1.0,2.0
2021-12-29,FLAN ABRICOT,1.0,2.1
2021-12-29,GAL FRANGIPANE 4P,4.0,8.0
2021-12-29,GAL FRANGIPANE 6P,2.0,12.0
2021-12-29,GAL POMME 4P,1.0,8.0
2021-12-29,GAL POMME 6P,1.0,12.0
2021-12-29,MILLES FEUILLES,3.0,2.0
2021-12-29,PARIS BREST,1.0,2.0
2021-12-29,SACHET DE CROUTON,2.0,1.6
2021-12-29,SACHET VIENNOISERIE,1.0,4.0
2021-12-29,SPECIAL BREAD KG,1.0,4.8
2021-12-29,TRAITEUR,3.0,7.5
2021-12-29,VIK BREAD,11.0,2.5
2021-12-30,BAGUETTE GRAINE,10.0,1.3
2021-12-30,BOULE POLKA,1.0,1.6
2021-12-30,BRIOCHE DE NOEL,1.0,6.0
2021-12-30,DIVERS BOULANGERIE,1.0,2.0
2021-12-30,DIVERS VIENNOISERIE,1.0,6.0
2021-12-30,FLAN,2.0,2.0
2021-12-30,GAL FRANGIPANE 4P,3.0,8.0
2021-12-30,GAL FRANGIPANE 6P,3.0,12.0
2021-12-30,GAL POMME 4P,1.0,8.0
2021-12-30,GRAND FAR BRETON,2.0,7.0
2021-12-30,PARIS BREST,2.0,2.0
2021-12-30,SACHET DE CROUTON,1.0,1.6
2021-12-30,SACHET VIENNOISERIE,1.0,4.0
2021-12-30,TRAITEUR,6.0,9.4625
2021-12-30,VIK BREAD,7.0,2.5
2021-12-31,BAGUETTE GRAINE,10.0,1.3
2021-12-31,BOULE POLKA,3.0,1.6
2021-12-31,BRIOCHE DE NOEL,3.0,6.0
2021-12-31,CHOU CHANTILLY,2.0,2.0
2021-12-31,DIVERS BOULANGERIE,25.0,2.0608695652173914
2021-12-31,DIVERS PATISSERIE,6.0,4.383333333333334
2021-12-31,DIVERS VIENNOISERIE,5.0,5.0
2021-12-31,ENTREMETS,5.0,3.5
2021-12-31,FLAN,1.0,2.0
2021-12-31,FLAN ABRICOT,1.0,2.1
2021-12-31,FRAISIER,2.0,3.0
2021-12-31,GAL FRANGIPANE 6P,3.0,12.0
2021-12-31,GAL POMME 4P,3.0,8.0
2021-12-31,GAL POMME 6P,1.0,12.0
2021-12-31,GD KOUIGN AMANN,1.0,7.5
2021-12-31,GRAND FAR BRETON,1.0,7.0
2021-12-31,NOIX JAPONAISE,5.0,2.0
2021-12-31,PAIN DE MIE,9.0,2.0
2021-12-31,PAIN NOIR,1.0,0.6
2021-12-31,PAIN S/SEL,1.0,1.5
2021-12-31,PARIS BREST,6.0,2.0
2021-12-31,PT NANTAIS,1.0,3.0
2021-12-31,PT PLATEAU SALE,3.0,10.0
2021-12-31,REDUCTION SUCREES 12,7.0,10.0
2021-12-31,REDUCTION SUCREES 24,1.0,15.0
2021-12-31,ROYAL,19.0,3.0
2021-12-31,ROYAL 4P,1.0,12.0
2021-12-31,SACHET DE CROUTON,1.0,1.6
2021-12-31,SACHET VIENNOISERIE,2.0,4.0
2021-12-31,SPECIAL BREAD KG,1.0,4.8
2021-12-31,SUCETTE,3.0,0.3
2021-12-31,TRAITEUR,20.0,9.583333333333334
2021-12-31,TROPEZIENNE,1.0,2.0
2021-12-31,VIK BREAD,44.0,2.5
2022-01-02,BOULE POLKA,1.0,1.6
2022-01-02,BRIOCHE DE NOEL,2.0,6.0
2022-01-02,DIVERS CONFISERIE,1.0,3.0
2022-01-02,DIVERS PATISSERIE,3.0,4.666666666666667
2022-01-02,DIVERS VIENNOISERIE,2.0,5.0
2022-01-02,FLAN,5.0,2.0
2022-01-02,FLAN ABRICOT,3.0,2.1
2022-01-02,GAL FRANGIPANE 4P,19.0,8.0
2022-01-02,GAL FRANGIPANE 6P,23.0,12.0
2022-01-02,GAL POMME 4P,5.0,8.0
2022-01-02,GAL POMME 6P,4.0,12.0
2022-01-02,GRAND FAR BRETON,2.0,7.0
2022-01-02,PAIN S/SEL,3.0,1.5
2022-01-02,PT NANTAIS,3.0,3.0
2022-01-02,ROYAL,1.0,3.0
2022-01-02,SPECIAL BREAD KG,1.0,4.8
2022-01-02,TRAITEUR,9.0,9.19375
2022-01-02,VIK BREAD,14.0,2.5
2022-01-03,BRIOCHE DE NOEL,1.0,6.0
2022-01-03,DIVERS VIENNOISERIE,1.0,6.0
2022-01-03,ECLAIR FRAISE PISTACHE,1.0,2.1
2022-01-03,FLAN,2.0,2.0
2022-01-03,GAL FRANGIPANE 4P,7.0,8.0
2022-01-03,GAL FRANGIPANE 6P,4.0,12.0
2022-01-03,GAL POMME 4P,3.0,8.0
2022-01-03,GRAND FAR BRETON,2.0,7.0
2022-01-03,PT NANTAIS,1.0,3.0
2022-01-03,SUCETTE,1.0,0.3
2022-01-03,TRAITEUR,10.0,10.3625
2022-01-04,DIVERS CONFISERIE,1.0,3.0
2022-01-04,DIVERS PATISSERIE,1.0,7.0
2022-01-04,GAL FRANGIPANE 4P,2.0,8.0
2022-01-04,GAL POMME 4P,1.0,8.0
2022-01-04,GAL POMME 6P,2.0,12.0
2022-01-06,BOULE POLKA,1.0,1.6
2022-01-06,DIVERS VIENNOISERIE,1.0,6.0
2022-01-06,FLAN,1.0,2.0
2022-01-06,GAL FRANGIPANE 4P,2.0,8.0
2022-01-06,GAL FRANGIPANE 6P,1.0,12.0
2022-01-06,GAL POIRE CHOCO 4P,1.0,8.0
2022-01-06,GAL POIRE CHOCO 6P,1.0,12.0
2022-01-06,GAL POMME 4P,2.0,8.0
2022-01-06,GAL POMME 6P,1.0,12.0
2022-01-06,PARIS BREST,2.0,2.0
2022-01-06,PT NANTAIS,1.0,3.0
2022-01-06,SUCETTE,2.0,0.3
2022-01-06,TRAITEUR,11.0,7.824999999999999
2022-01-07,FLAN,3.0,2.0
2022-01-07,GAL FRANGIPANE 4P,3.0,8.0
2022-01-07,GAL FRANGIPANE 6P,3.0,12.0
2022-01-07,GAL POIRE CHOCO 4P,2.0,8.0
2022-01-07,GAL POIRE CHOCO 6P,1.0,12.0
2022-01-07,GAL POMME 4P,1.0,8.0
2022-01-07,PARIS BREST,2.0,2.0
2022-01-07,PT NANTAIS,1.0,3.0
2022-01-07,TRAITEUR,10.0,7.6125
2022-01-07,TROPEZIENNE,2.0,2.0
2022-01-07,VIK BREAD,5.0,2.5
2022-01-08,DEMI PAIN,1.0,0.6
2022-01-08,DIVERS VIENNOISERIE,1.0,6.0
2022-01-08,FLAN,2.0,2.0
2022-01-08,GAL FRANGIPANE 4P,14.0,8.0
2022-01-08,GAL FRANGIPANE 6P,4.0,12.0
2022-01-08,GAL POIRE CHOCO 4P,4.0,8.0
2022-01-08,GAL POIRE CHOCO 6P,2.0,12.0
2022-01-08,GAL POMME 4P,1.0,8.0
2022-01-08,GAL POMME 6P,2.0,12.0
2022-01-08,SACHET VIENNOISERIE,1.0,4.0
2022-01-08,TRAITEUR,3.0,7.3
2022-01-08,VIK BREAD,7.0,2.5
2022-01-09,BAGUETTE GRAINE,3.0,1.3
2022-01-09,DIVERS CONFISERIE,1.0,3.0
2022-01-09,DIVERS PATISSERIE,1.0,18.0
2022-01-09,DIVERS VIENNOISERIE,4.0,4.5
2022-01-09,FLAN,2.0,2.0
2022-01-09,GAL FRANGIPANE 4P,12.0,8.0
2022-01-09,GAL FRANGIPANE 6P,4.0,12.0
2022-01-09,GAL POIRE CHOCO 4P,4.0,8.0
2022-01-09,GAL POIRE CHOCO 6P,1.0,12.0
2022-01-09,GAL POMME 4P,6.0,8.0
2022-01-09,GAL POMME 6P,4.0,12.0
2022-01-09,GD FAR BRETON,1.0,7.0
2022-01-09,PARIS BREST,1.0,2.0
2022-01-09,PT NANTAIS,1.0,3.0
2022-01-09,ROYAL,1.0,3.0
2022-01-09,TRAITEUR,4.0,7.55
2022-01-09,TROPEZIENNE,1.0,2.0
2022-01-09,VIK BREAD,5.0,2.5
2022-01-10,GAL FRANGIPANE 4P,4.0,8.0
2022-01-10,GAL FRANGIPANE 6P,1.0,12.0
2022-01-10,PAIN S/SEL,1.0,1.5
2022-01-10,SACHET VIENNOISERIE,1.0,4.0
2022-01-10,SUCETTE,2.0,0.3
2022-01-10,TRAITEUR,7.0,7.666666666666667
2022-01-10,VIK BREAD,1.0,2.5
2022-01-11,DIVERS PATISSERIE,6.0,4.333333333333333
2022-01-11,DIVERS SANDWICHS,1.0,4.0
2022-01-11,FLAN,2.0,2.0
2022-01-11,GAL FRANGIPANE 6P,1.0,12.0
2022-01-11,GAL POMME 4P,1.0,8.0
2022-01-11,GD FAR BRETON,1.0,7.0
2022-01-11,PARIS BREST,1.0,2.0
2022-01-11,TRAITEUR,6.0,7.599999999999999
2022-01-13,BAGUETTE APERO,1.0,4.5
2022-01-13,DIVERS BOULANGERIE,1.0,1.0
2022-01-13,DIVERS CONFISERIE,1.0,3.0
2022-01-13,FINANCIER,1.0,0.7
2022-01-13,GAL FRANGIPANE 4P,2.0,8.0
2022-01-13,GAL POIRE CHOCO 4P,1.0,8.0
2022-01-13,PT NANTAIS,2.0,3.0
2022-01-13,SUCETTE,1.0,0.3
2022-01-13,TRAITEUR,7.0,7.540000000000001
2022-01-14,BAGUETTE APERO,1.0,4.5
2022-01-14,BOULE POLKA,1.0,1.6
2022-01-14,DIVERS CONFISERIE,1.0,3.0
2022-01-14,DIVERS VIENNOISERIE,1.0,4.0
2022-01-14,FLAN ABRICOT,2.0,2.1
2022-01-14,GAL FRANGIPANE 4P,5.0,8.0
2022-01-14,GAL FRANGIPANE 6P,1.0,12.0
2022-01-14,GAL POMME 4P,2.0,8.0
2022-01-14,SPECIAL BREAD KG,1.0,4.8
2022-01-14,TRAITEUR,8.0,12.825
2022-01-14,TROPEZIENNE,2.0,2.0
2022-01-14,VIK BREAD,5.0,2.5
2022-01-15,BOULE POLKA,1.0,1.6
2022-01-15,DIVERS VIENNOISERIE,3.0,6.0
2022-01-15,FLAN,2.0,2.0
2022-01-15,FLAN ABRICOT,2.0,2.1
2022-01-15,GAL FRANGIPANE 4P,8.0,8.0
2022-01-15,GAL FRANGIPANE 6P,2.0,12.0
2022-01-15,GAL POMME 4P,2.0,8.0
2022-01-15,GAL POMME 6P,3.0,12.0
2022-01-15,GRAND FAR BRETON,1.0,7.0
2022-01-15,PAIN DE MIE,2.0,2.0
2022-01-15,PAIN S/SEL,1.0,1.5
2022-01-15,PARIS BREST,1.0,2.0
2022-01-15,SACHET DE CROUTON,1.0,1.6
2022-01-15,SPECIAL BREAD KG,1.0,4.8
2022-01-15,TRAITEUR,3.0,9.733333333333333
2022-01-15,VIK BREAD,6.0,2.5
2022-01-16,BAGUETTE GRAINE,10.0,1.3
2022-01-16,DIVERS CONFISERIE,1.0,3.0
2022-01-16,DIVERS VIENNOISERIE,2.0,5.0
2022-01-16,FLAN,2.0,2.0
2022-01-16,FLAN ABRICOT,2.0,2.1
2022-01-16,GAL FRANGIPANE 4P,10.0,8.0
2022-01-16,GAL FRANGIPANE 6P,5.0,12.0
2022-01-16,GAL POMME 4P,7.0,8.0
2022-01-16,GAL POMME 6P,4.0,12.0
2022-01-16,PAIN S/SEL,2.0,1.5
2022-01-16,PARIS BREST,6.0,2.0
2022-01-16,SACHET VIENNOISERIE,1.0,4.0
2022-01-16,TRAITEUR,2.0,11.399999999999999
2022-01-16,VIK BREAD,5.0,2.5
2022-01-17,BOULE POLKA,1.0,1.6
2022-01-17,DIVERS CONFISERIE,1.0,3.0
2022-01-17,DIVERS VIENNOISERIE,1.0,6.0
2022-01-17,FLAN,1.0,2.0
2022-01-17,GAL FRANGIPANE 4P,1.0,8.0
2022-01-17,GAL POMME 4P,1.0,8.0
2022-01-17,NOIX JAPONAISE,1.0,2.0
2022-01-17,SPECIAL BREAD KG,1.0,4.8
2022-01-17,TRAITEUR,9.0,8.1
2022-01-18,BAGUETTE APERO,1.0,4.5
2022-01-18,BOULE POLKA,1.0,1.6
2022-01-18,GAL FRANGIPANE 4P,1.0,8.0
2022-01-18,GAL FRANGIPANE 6P,1.0,12.0
2022-01-18,GAL POMME 6P,1.0,12.0
2022-01-18,NOIX JAPONAISE,1.0,2.0
2022-01-18,PARIS BREST,1.0,2.0
2022-01-18,SACHET VIENNOISERIE,2.0,4.0
2022-01-18,SPECIAL BREAD KG,1.0,4.8
2022-01-18,TRAITEUR,6.0,9.633333333333333
2022-01-18,VIK BREAD,1.0,2.5
2022-01-20,DEMI PAIN,1.0,0.6
2022-01-20,FLAN,2.0,2.0
2022-01-20,FLAN ABRICOT,1.0,2.1
2022-01-20,GAL FRANGIPANE 4P,2.0,8.0
2022-01-20,GAL FRANGIPANE 6P,1.0,12.0
2022-01-20,GAL POMME 4P,1.0,8.0
2022-01-20,GAL POMME 6P,1.0,12.0
2022-01-20,PAIN DE MIE,2.0,2.0
2022-01-20,PARIS BREST,1.0,2.0
2022-01-20,SPECIAL BREAD KG,1.0,4.8
2022-01-20,SUCETTE,1.0,0.3
2022-01-20,TRAITEUR,7.0,7.2
2022-01-21,BOULE POLKA,1.0,1.6
2022-01-21,DIVERS CONFISERIE,3.0,3.0
2022-01-21,FLAN,1.0,2.0
2022-01-21,FLAN ABRICOT,1.0,2.1
2022-01-21,GAL FRANGIPANE 4P,2.0,8.0
2022-01-21,GAL POMME 4P,2.0,8.0
2022-01-21,GD FAR BRETON,2.0,7.0
2022-01-21,MILLES FEUILLES,2.0,2.0
2022-01-21,PARIS BREST,3.0,2.0
2022-01-21,PT NANTAIS,1.0,3.0
2022-01-21,SUCETTE,1.0,0.3
2022-01-21,TRAITEUR,6.0,7.38
2022-01-21,VIK BREAD,5.0,2.5
2022-01-22,DIVERS CONFISERIE,1.0,3.0
2022-01-22,DIVERS VIENNOISERIE,3.0,4.666666666666667
2022-01-22,FLAN,3.0,2.0
2022-01-22,GAL FRANGIPANE 4P,3.0,8.0
2022-01-22,GAL FRANGIPANE 6P,3.0,12.0
2022-01-22,GAL POMME 4P,1.0,8.0
2022-01-22,GAL POMME 6P,1.0,12.0
2022-01-22,MILLES FEUILLES,2.0,2.0
2022-01-22,PARIS BREST,1.0,2.0
2022-01-22,ROYAL,1.0,3.0
2022-01-22,SPECIAL BREAD KG,1.0,4.8
2022-01-22,TRAITEUR,6.0,7.475
2022-01-22,VIK BREAD,3.0,2.5
2022-01-23,BAGUETTE GRAINE,8.0,1.3
2022-01-23,BOULE POLKA,1.0,1.6
2022-01-23,DIVERS CONFISERIE,1.0,3.0
2022-01-23,DIVERS VIENNOISERIE,1.0,4.0
2022-01-23,FLAN,3.0,2.0
2022-01-23,FLAN ABRICOT,1.0,2.1
2022-01-23,GAL FRANGIPANE 4P,8.0,8.0
2022-01-23,GAL FRANGIPANE 6P,6.0,12.0
2022-01-23,GAL POMME 4P,5.0,8.0
2022-01-23,GAL POMME 6P,4.0,12.0
2022-01-23,GD FAR BRETON,2.0,7.0
2022-01-23,GD KOUIGN AMANN,1.0,7.5
2022-01-23,MILLES FEUILLES,4.0,2.0
2022-01-23,NOIX JAPONAISE,1.0,2.0
2022-01-23,PAIN S/SEL,2.0,1.5
2022-01-23,PARIS BREST,6.0,2.0
2022-01-23,SACHET DE CROUTON,2.0,1.6
2022-01-23,SUCETTE,4.0,0.3
2022-01-23,TRAITEUR,1.0,7.6
2022-01-23,VIK BREAD,9.0,2.5
2022-01-24,DEMI PAIN,1.0,0.6
2022-01-24,DIVERS VIENNOISERIE,2.0,6.0
2022-01-24,FLAN,2.0,2.0
2022-01-24,FLAN ABRICOT,1.0,2.1
2022-01-24,GAL FRANGIPANE 4P,2.0,8.0
2022-01-24,GAL FRANGIPANE 6P,2.0,12.0
2022-01-24,GAL POIRE CHOCO 4P,1.0,8.0
2022-01-24,GAL POMME 4P,2.0,8.0
2022-01-24,MILLES FEUILLES,1.0,2.0
2022-01-24,ROYAL 6P,1.0,18.0
2022-01-24,SUCETTE,3.0,0.3
2022-01-24,TRAITEUR,2.0,7.65
2022-01-25,BOULE POLKA,1.0,1.6
2022-01-25,DIVERS CONFISERIE,1.0,3.0
2022-01-25,DIVERS PATISSERIE,3.0,3.0
2022-01-25,DIVERS VIENNOISERIE,2.0,5.0
2022-01-25,GAL FRANGIPANE 4P,1.0,8.0
2022-01-25,GAL FRANGIPANE 6P,1.0,12.0
2022-01-25,GAL POIRE CHOCO 6P,1.0,12.0
2022-01-25,NOIX JAPONAISE,1.0,2.0
2022-01-25,PT NANTAIS,1.0,3.0
2022-01-25,TRAITEUR,9.0,8.200000000000001
2022-01-27,DEMI PAIN,1.0,0.6
2022-01-27,DIVERS CONFISERIE,2.0,4.5
2022-01-27,DIVERS VIENNOISERIE,1.0,6.0
2022-01-27,FLAN,6.0,2.0
2022-01-27,FLAN ABRICOT,6.0,2.1
2022-01-27,MILLES FEUILLES,2.0,2.0
2022-01-27,PARIS BREST,3.0,2.0
2022-01-27,SPECIAL BREAD KG,1.0,4.8
2022-01-27,TRAITEUR,9.0,10.88888888888889
2022-01-28,BOULE POLKA,1.0,1.6
2022-01-28,FLAN,1.0,2.0
2022-01-28,GAL FRANGIPANE 4P,1.0,8.0
2022-01-28,GAL FRANGIPANE 6P,1.0,12.0
2022-01-28,GAL POMME 4P,1.0,8.0
2022-01-28,MILLES FEUILLES,2.0,2.0
2022-01-28,PT NANTAIS,2.0,3.0
2022-01-28,SACHET VIENNOISERIE,1.0,4.0
2022-01-28,TRAITEUR,6.0,10.516666666666667
2022-01-29,DIVERS VIENNOISERIE,4.0,3.125
2022-01-29,FLAN,1.0,2.0
2022-01-29,GAL POIRE CHOCO 6P,1.0,12.0
2022-01-29,GD KOUIGN AMANN,2.0,7.5
2022-01-29,NOIX JAPONAISE,2.0,2.0
2022-01-29,SACHET VIENNOISERIE,1.0,4.0
2022-01-29,TARTE FRUITS 4P,2.0,9.0
2022-01-29,TARTE FRUITS 6P,2.0,12.0
2022-01-29,TRAITEUR,3.0,7.866666666666667
2022-01-29,VIK BREAD,10.0,2.5
2022-01-30,BAGUETTE GRAINE,9.0,1.3
2022-01-30,BOULE POLKA,1.0,1.6
2022-01-30,DEMI PAIN,1.0,0.6
2022-01-30,DIVERS CONFISERIE,1.0,3.0
2022-01-30,DIVERS VIENNOISERIE,7.0,1.7857142857142858
2022-01-30,FLAN,2.0,2.0
2022-01-30,FLAN ABRICOT,4.0,2.1
2022-01-30,GAL POIRE CHOCO 4P,1.0,8.0
2022-01-30,GD KOUIGN AMANN,2.0,7.5
2022-01-30,MILLES FEUILLES,2.0,2.0
2022-01-30,NOIX JAPONAISE,2.0,2.0
2022-01-30,PAIN S/SEL,2.0,1.5
2022-01-30,PARIS BREST,6.0,2.0
2022-01-30,PT NANTAIS,1.0,3.0
2022-01-30,ROYAL,1.0,3.0
2022-01-30,SAVARIN,5.0,2.0
2022-01-30,TARTE FRUITS 4P,2.0,9.0
2022-01-30,TARTE FRUITS 6P,1.0,12.0
2022-01-30,TRAITEUR,5.0,7.5200000000000005
2022-01-30,VIK BREAD,7.0,2.5
2022-01-31,BAGUETTE APERO,1.0,4.5
2022-01-31,CHOU CHANTILLY,1.0,2.0
2022-01-31,DEMI PAIN,2.0,0.6
2022-01-31,DIVERS VIENNOISERIE,4.0,2.125
2022-01-31,FLAN,3.0,2.0
2022-01-31,FLAN ABRICOT,4.0,2.1
2022-01-31,PT NANTAIS,1.0,3.0
2022-01-31,SAVARIN,1.0,2.0
2022-01-31,SPECIAL BREAD KG,1.0,4.8
2022-01-31,SUCETTE,1.0,0.3
2022-01-31,TRAITEUR,6.0,7.933333333333334
2022-02-01,DIVERS PATISSERIE,4.0,3.0
2022-02-01,DIVERS SANDWICHS,1.0,3.0
2022-02-01,FLAN ABRICOT,1.0,2.1
2022-02-01,PARIS BREST,1.0,2.0
2022-02-01,PT NANTAIS,1.0,3.0
2022-02-01,SACHET VIENNOISERIE,1.0,4.0
2022-02-01,SPECIAL BREAD KG,1.0,4.8
2022-02-01,TRAITEUR,6.0,7.65
2022-02-03,BAGUETTE APERO,1.0,4.5
2022-02-03,BOULE POLKA,1.0,1.6
2022-02-03,DIVERS CONFISERIE,2.0,3.0
2022-02-03,DIVERS VIENNOISERIE,6.0,2.6666666666666665
2022-02-03,FLAN,2.0,2.0
2022-02-03,GD FAR BRETON,1.0,7.0
2022-02-03,PARIS BREST,4.0,2.0
2022-02-03,PT NANTAIS,1.0,3.0
2022-02-03,SPECIAL BREAD KG,1.0,4.8
2022-02-03,TRAITEUR,4.0,7.85
2022-02-03,TROPEZIENNE,1.0,2.0
2022-02-04,BOULE POLKA,1.0,1.6
2022-02-04,DIVERS CONFISERIE,1.0,3.0
2022-02-04,DIVERS VIENNOISERIE,2.0,2.0
2022-02-04,FLAN,3.0,2.0
2022-02-04,GRAND FAR BRETON,1.0,7.0
2022-02-04,PARIS BREST,2.0,2.0
2022-02-04,PT NANTAIS,1.0,3.0
2022-02-04,SACHET VIENNOISERIE,1.0,4.0
2022-02-04,SPECIAL BREAD KG,1.0,4.8
2022-02-04,TRAITEUR,6.0,8.799999999999999
2022-02-05,BOULE POLKA,1.0,1.6
2022-02-05,DIVERS CONFISERIE,1.0,3.0
2022-02-05,DIVERS PATISSERIE,1.0,7.0
2022-02-05,DIVERS VIENNOISERIE,1.0,6.0
2022-02-05,FLAN,3.0,2.0
2022-02-05,FLAN ABRICOT,2.0,2.1
2022-02-05,GD KOUIGN AMANN,1.0,7.5
2022-02-05,GRAND FAR BRETON,2.0,7.0
2022-02-05,MILLES FEUILLES,1.0,2.0
2022-02-05,PAIN S/SEL,0.0,1.5
2022-02-05,PARIS BREST,2.0,2.0
2022-02-05,PT NANTAIS,1.0,3.0
2022-02-05,SACHET VIENNOISERIE,3.0,4.0
2022-02-05,SPECIAL BREAD KG,1.0,4.8
2022-02-05,SUCETTE,2.0,0.3
2022-02-05,TARTE FRUITS 4P,1.0,9.0
2022-02-05,TRAITEUR,7.0,11.900000000000002
2022-02-05,TROPEZIENNE,1.0,2.0
2022-02-05,VIK BREAD,4.0,2.5
2022-02-06,BAGUETTE GRAINE,8.0,1.3
2022-02-06,BOULE POLKA,1.0,1.6
2022-02-06,BRIOCHETTE,4.0,0.8
2022-02-06,DEMI PAIN,1.0,0.6
2022-02-06,DIVERS CONFISERIE,1.0,3.0
2022-02-06,DIVERS PATISSERIE,1.0,7.0
2022-02-06,DIVERS VIENNOISERIE,1.0,6.0
2022-02-06,FLAN,4.0,2.0
2022-02-06,FLAN ABRICOT,6.0,2.1
2022-02-06,GRAND FAR BRETON,2.0,7.0
2022-02-06,GRANDE SUCETTE,1.0,0.6
2022-02-06,MILLES FEUILLES,3.0,2.0
2022-02-06,PAIN S/SEL,3.0,1.5
2022-02-06,PARIS BREST,5.0,2.0
2022-02-06,ROYAL,1.0,3.0
2022-02-06,SACHET VIENNOISERIE,1.0,4.0
2022-02-06,SAVARIN,4.0,2.0
2022-02-06,SPECIAL BREAD KG,1.0,4.8
2022-02-06,TARTE FRUITS 4P,2.0,9.0
2022-02-06,TRAITEUR,4.0,11.766666666666666
2022-02-06,TROPEZIENNE,2.0,2.0
2022-02-06,VIK BREAD,11.0,2.5
2022-02-07,BOULE POLKA,1.0,1.7
2022-02-07,CHOCOLAT,2.0,1.5
2022-02-07,CHOU CHANTILLY,1.0,2.1
2022-02-07,DEMI PAIN,1.0,0.65
2022-02-07,DIVERS BOULANGERIE,1.0,1.0
2022-02-07,DIVERS CONFISERIE,1.0,3.0
2022-02-07,DIVERS VIENNOISERIE,3.0,5.333333333333333
2022-02-07,PARIS BREST,1.0,2.2
2022-02-07,SACHET VIENNOISERIE,1.0,4.0
2022-02-07,TRAITEUR,8.0,9.225
2022-02-08,BOTTEREAU,22.0,0.5
2022-02-08,DIVERS CONFISERIE,1.0,3.0
2022-02-08,DIVERS VIENNOISERIE,3.0,2.3333333333333335
2022-02-08,FLAN,3.0,2.1
2022-02-08,FLAN ABRICOT,4.0,2.2
2022-02-08,GRANDE SUCETTE,1.0,0.6
2022-02-08,MERINGUE,1.0,1.0
2022-02-08,PARIS BREST,3.0,2.2
2022-02-08,SACHET VIENNOISERIE,3.0,4.0
2022-02-08,SPECIAL BREAD KG,1.0,5.0
2022-02-08,TRAITEUR,8.0,10.8
2022-02-10,BOULE POLKA,1.0,1.7
2022-02-10,DIVERS VIENNOISERIE,4.0,2.25
2022-02-10,FLAN,1.0,2.1
2022-02-10,GD FAR BRETON,2.0,7.5
2022-02-10,MERINGUE,1.0,1.0
2022-02-10,PARIS BREST,3.0,2.2
2022-02-10,SPECIAL BREAD KG,1.0,5.0
2022-02-10,SUCETTE,6.0,0.3
2022-02-10,TRAITEUR,4.0,7.2
2022-02-10,TROPEZIENNE,2.0,2.1
2022-02-11,BAGUETTE APERO,1.0,4.5
2022-02-11,BOULE POLKA,1.0,1.7
2022-02-11,DIVERS CONFISERIE,1.0,3.0
2022-02-11,DIVERS SANDWICHS,1.0,3.0
2022-02-11,DIVERS VIENNOISERIE,9.0,2.111111111111111
2022-02-11,FLAN ABRICOT,3.0,2.2
2022-02-11,GD FAR BRETON,1.0,7.5
2022-02-11,MERINGUE,5.0,1.0
2022-02-11,PARIS BREST,3.0,2.2
2022-02-11,SACHET VIENNOISERIE,1.0,4.0
2022-02-11,SPECIAL BREAD KG,1.0,5.0
2022-02-11,TRAITEUR,5.0,7.9799999999999995
2022-02-11,TROPEZIENNE,1.0,2.1
2022-02-11,VIK BREAD,5.0,2.6
2022-02-12,BOTTEREAU,14.0,0.5
2022-02-12,DIVERS VIENNOISERIE,1.0,0.5
2022-02-12,FLAN,1.0,2.1
2022-02-12,GD KOUIGN AMANN,1.0,8.0
2022-02-12,GRAND FAR BRETON,1.0,7.5
2022-02-12,MILLES FEUILLES,2.0,2.2
2022-02-12,NOIX JAPONAISE,2.0,2.2
2022-02-12,PAIN S/SEL,1.0,1.6
2022-02-12,PARIS BREST,4.0,2.2
2022-02-12,PT NANTAIS,1.0,3.5
2022-02-12,SACHET VIENNOISERIE,1.0,4.0
2022-02-12,SPECIAL BREAD KG,1.0,5.0
2022-02-12,SUCETTE,2.0,0.3
2022-02-12,TARTE FINE,2.0,7.0
2022-02-12,TRAITEUR,7.0,7.685714285714285
2022-02-12,TROPEZIENNE,1.0,2.1
2022-02-12,VIK BREAD,11.0,2.6
2022-02-13,BAGUETTE GRAINE,9.0,1.35
2022-02-13,BOTTEREAU,38.0,0.5
2022-02-13,BOULE POLKA,1.0,1.7
2022-02-13,DIVERS VIENNOISERIE,2.0,1.25
2022-02-13,FLAN,4.0,2.1
2022-02-13,FLAN ABRICOT,3.0,2.2
2022-02-13,GD KOUIGN AMANN,1.0,8.0
2022-02-13,GRAND FAR BRETON,1.0,7.5
2022-02-13,MILLES FEUILLES,3.0,2.2
2022-02-13,NOIX JAPONAISE,2.0,2.2
2022-02-13,PAIN S/SEL,2.0,1.6
2022-02-13,PARIS BREST,4.0,2.2
2022-02-13,PT NANTAIS,1.0,3.5
2022-02-13,ROYAL,3.0,3.0
2022-02-13,SACHET VIENNOISERIE,2.0,4.0
2022-02-13,SAVARIN,5.0,2.2
2022-02-13,SPECIAL BREAD KG,1.0,5.0
2022-02-13,TARTE FINE,1.0,7.0
2022-02-13,TARTE FRUITS 4P,2.0,10.0
2022-02-13,TARTE FRUITS 6P,2.0,14.0
2022-02-13,TRAITEUR,1.0,4.9
2022-02-13,TROPEZIENNE,2.0,2.1
2022-02-13,VIK BREAD,5.0,2.6
2022-02-14,BOTTEREAU,24.0,0.5
2022-02-14,BOULE POLKA,1.0,1.7
2022-02-14,DIVERS VIENNOISERIE,3.0,2.8333333333333335
2022-02-14,GD KOUIGN AMANN,1.0,8.0
2022-02-14,ROYAL,8.0,3.0
2022-02-14,SACHET VIENNOISERIE,2.0,4.0
2022-02-14,SAVARIN,1.0,2.2
2022-02-14,SUCETTE,1.0,0.3
2022-02-14,TRAITEUR,9.0,8.68888888888889
2022-02-15,BAGUETTE APERO,2.0,4.5
2022-02-15,BOULE POLKA,1.0,1.7
2022-02-15,DIVERS CONFISERIE,1.0,3.0
2022-02-15,DIVERS PATISSERIE,6.0,2.625
2022-02-15,DIVERS VIENNOISERIE,6.0,2.5
2022-02-15,FINANCIER,1.0,0.7
2022-02-15,GD KOUIGN AMANN,1.0,8.0
2022-02-15,SACHET VIENNOISERIE,3.0,4.0
2022-02-15,SPECIAL BREAD KG,1.0,5.0
2022-02-15,TRAITEUR,9.0,8.0
2022-02-17,BOTTEREAU,2.0,0.5
2022-02-17,BOULE POLKA,1.0,1.7
2022-02-17,DIVERS VIENNOISERIE,4.0,2.875
2022-02-17,FLAN,1.0,2.1
2022-02-17,FLAN ABRICOT,1.0,2.2
2022-02-17,GRANDE SUCETTE,3.0,0.6
2022-02-17,PARIS BREST,1.0,2.2
2022-02-17,SPECIAL BREAD KG,1.0,5.0
2022-02-17,SUCETTE,6.0,0.3
2022-02-17,TRAITEUR,9.0,7.866666666666667
2022-02-18,BOTTEREAU,25.0,0.5
2022-02-18,BOULE POLKA,1.0,1.7
2022-02-18,DIVERS VIENNOISERIE,5.0,3.1
2022-02-18,FLAN,1.0,2.1
2022-02-18,FLAN ABRICOT,2.0,2.2
2022-02-18,GD KOUIGN AMANN,1.0,8.0
2022-02-18,GRAND FAR BRETON,1.0,7.5
2022-02-18,GRANDE SUCETTE,1.0,0.6
2022-02-18,PARIS BREST,1.0,2.2
2022-02-18,SACHET VIENNOISERIE,2.0,4.0
2022-02-18,SPECIAL BREAD KG,1.0,5.0
2022-02-18,TRAITEUR,13.0,10.39
2022-02-18,TROPEZIENNE,2.0,2.1
2022-02-18,VIK BREAD,4.0,2.6
2022-02-19,BOTTEREAU,32.0,0.5
2022-02-19,DIVERS BOULANGERIE,7.0,1.5
2022-02-19,DIVERS CONFISERIE,3.0,4.0
2022-02-19,DIVERS VIENNOISERIE,3.0,3.3333333333333335
2022-02-19,FLAN,6.0,2.1
2022-02-19,GD KOUIGN AMANN,2.0,8.0
2022-02-19,GRAND FAR BRETON,2.0,7.5
2022-02-19,GRANDE SUCETTE,1.0,0.6
2022-02-19,MILLES FEUILLES,3.0,2.2
2022-02-19,NOIX JAPONAISE,2.0,2.2
2022-02-19,PARIS BREST,4.0,2.2
2022-02-19,ROYAL 4P,1.0,12.0
2022-02-19,SACHET VIENNOISERIE,1.0,4.0
2022-02-19,SPECIAL BREAD KG,1.0,5.0
2022-02-19,TARTE FINE,2.0,7.0
2022-02-19,TARTE FRUITS 4P,1.0,10.0
2022-02-19,TARTE FRUITS 6P,2.0,14.0
2022-02-19,TRAITEUR,5.0,12.4
2022-02-19,TROPEZIENNE,2.0,2.1
2022-02-19,VIK BREAD,10.0,2.6
2022-02-20,BAGUETTE GRAINE,10.0,1.35
2022-02-20,BOTTEREAU,39.0,0.5
2022-02-20,BOULE POLKA,1.0,1.7
2022-02-20,DIVERS VIENNOISERIE,3.0,3.0
2022-02-20,FLAN ABRICOT,6.0,2.2
2022-02-20,GRAND FAR BRETON,1.0,7.5
2022-02-20,GRANDE SUCETTE,2.0,0.6
2022-02-20,MILLES FEUILLES,6.0,2.2
2022-02-20,NOIX JAPONAISE,4.0,2.2
2022-02-20,PARIS BREST,2.0,2.2
2022-02-20,ROYAL,10.0,3.0
2022-02-20,ROYAL 4P,1.0,12.0
2022-02-20,SACHET VIENNOISERIE,4.0,4.0
2022-02-20,SPECIAL BREAD KG,1.0,5.0
2022-02-20,SUCETTE,1.0,0.3
2022-02-20,TARTE FINE,2.0,7.0
2022-02-20,TARTE FRUITS 4P,1.0,10.0
2022-02-20,TRAITEUR,3.0,11.866666666666667
2022-02-20,TROPEZIENNE,4.0,2.1
2022-02-20,VIK BREAD,10.0,2.6
2022-02-21,BOTTEREAU,25.0,0.5
2022-02-21,BOULE POLKA,1.0,1.7
2022-02-21,CHOCOLAT,1.0,1.5
2022-02-21,DIVERS BOULANGERIE,1.0,1.0
2022-02-21,DIVERS CONFISERIE,1.0,3.0
2022-02-21,DIVERS VIENNOISERIE,6.0,3.6666666666666665
2022-02-21,FLAN ABRICOT,2.0,2.2
2022-02-21,GRAND FAR BRETON,2.0,7.5
2022-02-21,GRANDE SUCETTE,1.0,0.6
2022-02-21,PAIN S/SEL,2.0,1.6
2022-02-21,PARIS BREST,2.0,2.2
2022-02-21,SPECIAL BREAD KG,1.0,5.0
2022-02-21,SUCETTE,3.0,0.3
2022-02-21,TARTE FRUITS 6P,1.0,14.0
2022-02-21,TRAITEUR,3.0,7.3999999999999995
2022-02-22,BOTTEREAU,21.0,0.5
2022-02-22,BOULE POLKA,1.0,1.7
2022-02-22,CRUMBLE,1.0,2.0
2022-02-22,DIVERS CONFISERIE,1.0,3.0
2022-02-22,DIVERS PATISSERIE,8.0,3.0
2022-02-22,DIVERS VIENNOISERIE,5.0,2.3
2022-02-22,SACHET VIENNOISERIE,1.0,4.0
2022-02-22,TRAITEUR,9.0,7.471428571428571
2022-02-24,BOTTEREAU,20.0,0.5
2022-02-24,BOULE POLKA,1.0,1.7
2022-02-24,DIVERS VIENNOISERIE,2.0,3.75
2022-02-24,FLAN,3.0,2.1
2022-02-24,FLAN ABRICOT,5.0,2.2
2022-02-24,GD FAR BRETON,2.0,7.5
2022-02-24,PALMIER,2.0,1.0
2022-02-24,PARIS BREST,4.0,2.2
2022-02-24,SUCETTE,4.0,0.3
2022-02-24,TRAITEUR,8.0,7.642857142857143
2022-02-25,BOTTEREAU,31.0,0.5
2022-02-25,BOULE POLKA,1.0,1.7
2022-02-25,BROWNIES,1.0,2.5
2022-02-25,DIVERS VIENNOISERIE,4.0,4.75
2022-02-25,FLAN,4.0,2.1
2022-02-25,FLAN ABRICOT,4.0,2.2
2022-02-25,GRAND FAR BRETON,1.0,7.5
2022-02-25,GRANDE SUCETTE,1.0,0.6
2022-02-25,MERINGUE,2.0,1.0
2022-02-25,PAILLE,1.0,1.5
2022-02-25,PARIS BREST,5.0,2.2
2022-02-25,SACHET VIENNOISERIE,1.0,4.0
2022-02-25,SUCETTE,1.0,0.3
2022-02-25,TARTE FINE,1.0,7.0
2022-02-25,TRAITEUR,8.0,9.129999999999999
2022-02-25,TROPEZIENNE,3.0,2.1
2022-02-25,VIK BREAD,2.0,2.6
2022-02-26,BOTTEREAU,32.0,0.5
2022-02-26,BOULE POLKA,1.0,1.7
2022-02-26,BROWNIES,2.0,2.5
2022-02-26,DIVERS VIENNOISERIE,3.0,1.3333333333333333
2022-02-26,FLAN,2.0,2.1
2022-02-26,FLAN ABRICOT,1.0,2.2
2022-02-26,GD KOUIGN AMANN,3.0,8.0
2022-02-26,GRAND FAR BRETON,3.0,7.5
2022-02-26,GRANDE SUCETTE,2.0,0.6
2022-02-26,MERINGUE,3.0,1.0
2022-02-26,NOIX JAPONAISE,5.0,2.2
2022-02-26,PAILLE,3.0,1.5
2022-02-26,SACHET VIENNOISERIE,1.0,4.0
2022-02-26,SPECIAL BREAD KG,1.0,5.0
2022-02-26,TARTE FRUITS 4P,4.0,10.0
2022-02-26,TRAITEUR,3.0,9.733333333333333
2022-02-26,TROPEZIENNE,2.0,2.1
2022-02-26,VIK BREAD,8.0,2.6
2022-02-27,BAGUETTE GRAINE,10.0,1.35
2022-02-27,BOTTEREAU,32.0,0.5
2022-02-27,BOULE POLKA,1.0,1.7
2022-02-27,CHOCOLAT,1.0,1.5
2022-02-27,CHOU CHANTILLY,1.0,2.1
2022-02-27,DEMI PAIN,2.0,0.65
2022-02-27,DIVERS PATISSERIE,2.0,5.25
2022-02-27,DIVERS VIENNOISERIE,5.0,2.0
2022-02-27,FLAN,6.0,2.1
2022-02-27,GD KOUIGN AMANN,2.0,8.0
2022-02-27,GRAND FAR BRETON,4.0,7.5
2022-02-27,NOIX JAPONAISE,1.0,2.2
2022-02-27,PAILLE,2.0,1.5
2022-02-27,PAIN S/SEL,1.0,1.6
2022-02-27,ROYAL,11.0,3.0
2022-02-27,SACHET VIENNOISERIE,3.0,4.0
2022-02-27,SAVARIN,3.0,2.2
2022-02-27,SPECIAL BREAD KG,1.0,5.0
2022-02-27,SUCETTE,1.0,0.3
2022-02-27,TARTE FRUITS 4P,3.0,10.0
2022-02-27,TARTE FRUITS 6P,3.0,14.0
2022-02-27,TRAITEUR,1.0,7.6
2022-02-27,TROPEZIENNE,2.0,2.1
2022-02-27,VIK BREAD,17.0,2.6
2022-02-28,BAGUETTE APERO,1.0,4.5
2022-02-28,BAGUETTE GRAINE,0.0,1.35
2022-02-28,BOTTEREAU,16.0,0.5
2022-02-28,BOULE POLKA,1.0,1.7
2022-02-28,DEMI PAIN,1.0,0.65
2022-02-28,DIVERS CONFISERIE,1.0,6.0
2022-02-28,DIVERS VIENNOISERIE,1.0,1.0
2022-02-28,GRAND FAR BRETON,2.0,7.5
2022-02-28,PLAT 6.50E,0.0,6.5
2022-02-28,PLAT 7.60E,2.0,7.6
2022-02-28,SACHET VIENNOISERIE,1.0,4.0
2022-02-28,SPECIAL BREAD KG,0.0,5.0
2022-02-28,SUCETTE,2.0,0.3
2022-02-28,TARTE FRUITS 6P,1.0,14.0
2022-03-01,BOTTEREAU,16.0,0.5
2022-03-01,BOULE POLKA,1.0,1.7
2022-03-01,BROWNIES,2.0,2.5
2022-03-01,DEMI PAIN,1.0,0.65
2022-03-01,DIVERS VIENNOISERIE,1.0,1.0
2022-03-01,FLAN,3.0,2.1
2022-03-01,FLAN ABRICOT,3.0,2.2
2022-03-01,GD FAR BRETON,1.0,7.5
2022-03-01,GD KOUIGN AMANN,1.0,8.0
2022-03-01,GRAND FAR BRETON,1.0,7.5
2022-03-01,MERINGUE,1.0,1.0
2022-03-01,MILLES FEUILLES,3.0,2.2
2022-03-01,PAILLE,3.0,1.5
2022-03-01,PALMIER,4.0,1.0
2022-03-01,PLAT 7.00,2.0,7.0
2022-03-01,SPECIAL BREAD KG,1.0,5.0
2022-03-01,SUCETTE,5.0,0.3
2022-03-01,TARTE FRUITS 6P,1.0,14.0
2022-03-01,TRAITEUR,9.0,7.666666666666667
2022-03-02,BOULE POLKA,1.0,1.7
2022-03-02,BROWNIES,2.0,2.5
2022-03-02,DIVERS CONFISERIE,1.0,3.0
2022-03-02,DIVERS SANDWICHS,1.0,4.0
2022-03-02,FLAN,1.0,2.1
2022-03-02,FLAN ABRICOT,4.0,2.2
2022-03-02,MILLES FEUILLES,6.0,2.2
2022-03-02,PAILLE,2.0,1.5
2022-03-02,PLAT 7.60E,2.0,7.6
2022-03-02,SACHET VIENNOISERIE,2.0,4.0
2022-03-02,SPECIAL BREAD KG,1.0,5.0
2022-03-02,SUCETTE,1.0,0.3
2022-03-03,BOULE POLKA,1.0,1.7
2022-03-03,DEMI PAIN,1.0,0.65
2022-03-03,DIVERS CONFISERIE,1.0,3.0
2022-03-03,DIVERS SANDWICHS,1.0,1.5
2022-03-03,DIVERS VIENNOISERIE,1.0,6.0
2022-03-03,FLAN,2.0,2.1
2022-03-03,FLAN ABRICOT,2.0,2.2
2022-03-03,PAILLE,4.0,1.5
2022-03-03,PARIS BREST,3.0,2.2
2022-03-03,PLAT,1.0,4.9
2022-03-03,PLAT 7.60E,2.0,7.6
2022-03-03,SACHET VIENNOISERIE,1.0,4.0
2022-03-03,TRAITEUR,10.0,5.3950000000000005
2022-03-04,BOULE POLKA,1.0,1.7
2022-03-04,DIVERS VIENNOISERIE,1.0,6.0
2022-03-04,FLAN,1.0,2.1
2022-03-04,FLAN ABRICOT,2.0,2.2
2022-03-04,GRAND FAR BRETON,1.0,7.5
2022-03-04,MILLES FEUILLES,1.0,2.2
2022-03-04,PAILLE,3.0,1.5
2022-03-04,PARIS BREST,1.0,2.2
2022-03-04,SACHET VIENNOISERIE,1.0,4.0
2022-03-04,SPECIAL BREAD KG,1.0,5.0
2022-03-04,TRAITEUR,5.0,7.449999999999999
2022-03-04,TROPEZIENNE,2.0,2.1
2022-03-04,VIK BREAD,8.0,2.6
2022-03-05,BOULE POLKA,1.0,1.7
2022-03-05,DEMI PAIN,1.0,0.65
2022-03-05,DIVERS VIENNOISERIE,2.0,4.0
2022-03-05,FLAN,2.0,2.1
2022-03-05,GD KOUIGN AMANN,1.0,8.0
2022-03-05,GRAND FAR BRETON,3.0,7.5
2022-03-05,GRANDE SUCETTE,1.0,0.6
2022-03-05,MILLES FEUILLES,1.0,2.2
2022-03-05,PARIS BREST,3.0,2.2
2022-03-05,SACHET VIENNOISERIE,1.0,4.0
2022-03-05,SPECIAL BREAD KG,1.0,5.0
2022-03-05,SUCETTE,7.0,0.3
2022-03-05,TARTE FINE,4.0,7.0
2022-03-05,TARTE FRUITS 4P,1.0,10.0
2022-03-05,TARTE FRUITS 6P,1.0,14.0
2022-03-05,TRAITEUR,5.0,7.76
2022-03-05,VIK BREAD,12.0,2.6
2022-03-06,BAGUETTE GRAINE,9.0,1.35
2022-03-06,BOULE POLKA,1.0,1.7
2022-03-06,CHOCOLAT,1.0,1.5
2022-03-06,CHOU CHANTILLY,2.0,2.1
2022-03-06,DEMI PAIN,1.0,0.65
2022-03-06,DIVERS BOULANGERIE,1.0,1.0
2022-03-06,DIVERS CONFISERIE,2.0,3.165
2022-03-06,DIVERS PATISSERIE,1.0,7.0
2022-03-06,FRAMBOISIER,1.0,3.5
2022-03-06,GD KOUIGN AMANN,2.0,8.0
2022-03-06,GRAND FAR BRETON,4.0,7.5
2022-03-06,GRANDE SUCETTE,1.0,0.6
2022-03-06,NOIX JAPONAISE,3.0,2.2
2022-03-06,PAILLE,1.0,1.5
2022-03-06,PAIN S/SEL,1.0,1.6
2022-03-06,PARIS BREST,6.0,2.2
2022-03-06,PLAT 7.60E,1.0,7.6
2022-03-06,PLAT 8.30E,1.0,8.3
2022-03-06,ROYAL,8.0,3.5
2022-03-06,SAVARIN,7.0,2.2
2022-03-06,SPECIAL BREAD KG,1.0,5.0
2022-03-06,SUCETTE,2.0,0.3
2022-03-06,TARTE FINE,3.0,7.0
2022-03-06,TARTE FRUITS 4P,4.0,10.0
2022-03-06,TARTE FRUITS 6P,1.0,14.0
2022-03-06,TROPEZIENNE,2.0,2.1
2022-03-06,VIK BREAD,10.0,2.6
2022-03-07,BAGUETTE APERO,1.0,4.5
2022-03-07,CHOU CHANTILLY,1.0,2.1
2022-03-07,DEMI PAIN,1.0,0.65
2022-03-07,DIVERS BOULANGERIE,1.0,1.0
2022-03-07,DIVERS VIENNOISERIE,2.0,1.5
2022-03-07,GRAND FAR BRETON,1.0,7.5
2022-03-07,NOIX JAPONAISE,1.0,2.2
2022-03-07,SACHET VIENNOISERIE,3.0,4.0
2022-03-07,SPECIAL BREAD KG,1.0,5.0
2022-03-07,TARTE FRUITS 4P,1.0,10.0
2022-03-07,TRAITEUR,5.0,6.1
2022-03-07,TRIANGLES,1.0,2.5
2022-03-08,BAGUETTE APERO,2.0,4.5
2022-03-08,BROWNIES,1.0,2.5
2022-03-08,FLAN,2.0,2.1
2022-03-08,FLAN ABRICOT,3.0,2.2
2022-03-08,PARIS BREST,4.0,2.2
2022-03-08,ROYAL 4P,2.0,14.0
2022-03-08,SACHET VIENNOISERIE,1.0,4.0
2022-03-08,TRAITEUR,6.0,7.8
2022-03-09,BROWNIES,1.0,2.5
2022-03-09,DIVERS BOULANGERIE,1.0,1.0
2022-03-09,FLAN,1.0,2.1
2022-03-09,FLAN ABRICOT,1.0,2.2
2022-03-09,GRANDE SUCETTE,3.0,0.6
2022-03-09,PARIS BREST,2.0,2.2
2022-03-09,SACHET VIENNOISERIE,1.0,4.0
2022-03-09,SPECIAL BREAD KG,1.0,5.0
2022-03-09,TRAITEUR,9.0,8.25
2022-03-10,BROWNIES,2.0,2.5
2022-03-10,DEMI PAIN,1.0,0.65
2022-03-10,DIVERS BOULANGERIE,1.0,1.05
2022-03-10,PARIS BREST,1.0,2.2
2022-03-10,TRAITEUR,5.0,7.449999999999999
2022-03-11,DIVERS VIENNOISERIE,1.0,6.0
2022-03-11,FLAN,1.0,2.1
2022-03-11,GRANDE SUCETTE,2.0,0.6
2022-03-11,NOIX JAPONAISE,1.0,2.2
2022-03-11,PARIS BREST,2.0,2.2
2022-03-11,SACHET VIENNOISERIE,1.0,4.0
2022-03-11,TARTE FRUITS 6P,1.0,14.0
2022-03-11,TRAITEUR,5.0,7.5
2022-03-11,TROPEZIENNE,2.0,2.1
2022-03-11,VIK BREAD,6.0,2.6
2022-03-12,DEMI PAIN,1.0,0.65
2022-03-12,DIVERS VIENNOISERIE,4.0,3.0
2022-03-12,FLAN,2.0,2.1
2022-03-12,FRAMBOISIER,1.0,3.5
2022-03-12,GRAND FAR BRETON,1.0,7.5
2022-03-12,PAILLE,1.0,1.5
2022-03-12,SACHET VIENNOISERIE,1.0,4.0
2022-03-12,TARTE FINE,2.0,7.0
2022-03-12,TARTE FRUITS 4P,1.0,10.0
2022-03-12,TRAITEUR,4.0,6.15
2022-03-12,TROPEZIENNE,2.0,2.1
2022-03-12,VIK BREAD,4.0,2.6
2022-03-13,BAGUETTE GRAINE,7.0,1.35
2022-03-13,BOULE POLKA,1.0,1.7
2022-03-13,BROWNIES,1.0,2.5
2022-03-13,DEMI PAIN,1.0,0.65
2022-03-13,ECLAIR FRAISE PISTACHE,1.0,2.1
2022-03-13,FLAN,3.0,2.1
2022-03-13,FLAN ABRICOT,13.0,2.2
2022-03-13,FRAMBOISIER,6.0,3.5
2022-03-13,GRAND FAR BRETON,3.0,7.5
2022-03-13,MILLES FEUILLES,5.0,2.2
2022-03-13,NOIX JAPONAISE,2.0,2.2
2022-03-13,PAILLE,1.0,1.5
2022-03-13,PARIS BREST,3.0,2.2
2022-03-13,ROYAL,7.0,3.5
2022-03-13,ROYAL 4P,2.0,14.0
2022-03-13,SACHET VIENNOISERIE,2.0,4.0
2022-03-13,SAVARIN,5.0,2.2
2022-03-13,SPECIAL BREAD KG,1.0,5.0
2022-03-13,SUCETTE,2.0,0.3
2022-03-13,TARTE FRUITS 4P,1.0,10.0
2022-03-13,TARTE FRUITS 6P,2.0,14.0
2022-03-13,TRAITEUR,4.0,6.8
2022-03-13,VIK BREAD,10.0,2.6
2022-03-14,DEMI PAIN,1.0,0.65
2022-03-14,FLAN,1.0,2.1
2022-03-14,NOIX JAPONAISE,1.0,2.2
2022-03-14,SACHET DE CROUTON,1.0,1.6
2022-03-14,SUCETTE,2.0,0.3
2022-03-14,TRAITEUR,5.0,7.3999999999999995
2022-03-15,BROWNIES,3.0,2.5
2022-03-15,DIVERS CONFISERIE,2.0,4.5
2022-03-15,DIVERS VIENNOISERIE,1.0,1.0
2022-03-15,FLAN,1.0,2.1
2022-03-15,GRAND FAR BRETON,1.0,7.5
2022-03-15,MILLES FEUILLES,3.0,2.2
2022-03-15,SACHET VIENNOISERIE,2.0,4.0
2022-03-15,SUCETTE,3.0,0.3
2022-03-15,TRAITEUR,3.0,7.599999999999999
2022-03-16,FLAN,2.0,2.1
2022-03-16,GRANDE SUCETTE,1.0,0.6
2022-03-16,PAILLE,1.0,1.5
2022-03-16,SACHET VIENNOISERIE,1.0,4.0
2022-03-16,TRAITEUR,2.0,11.1
2022-03-17,DEMI PAIN,1.0,0.65
2022-03-17,FLAN,4.0,2.1
2022-03-17,PARIS BREST,3.0,2.2
2022-03-17,TRAITEUR,10.0,8.2625
2022-03-18,BOULE POLKA,1.0,1.7
2022-03-18,BROWNIES,2.0,2.5
2022-03-18,DEMI PAIN,1.0,0.65
2022-03-18,GD FAR BRETON,1.0,7.5
2022-03-18,PARIS BREST,3.0,2.2
2022-03-18,SACHET VIENNOISERIE,1.0,4.0
2022-03-18,TARTE FINE,1.0,7.0
2022-03-18,TRAITEUR,2.0,8.3
2022-03-18,TROPEZIENNE,2.0,2.1
2022-03-18,VIK BREAD,3.0,2.6
2022-03-19,CHOU CHANTILLY,3.0,2.1
2022-03-19,DEMI PAIN,1.0,0.65
2022-03-19,DIVERS CONFISERIE,2.0,3.0
2022-03-19,DIVERS PATISSERIE,1.0,2.0
2022-03-19,DIVERS VIENNOISERIE,2.0,6.0
2022-03-19,FLAN,2.0,2.1
2022-03-19,FLAN ABRICOT,2.0,2.2
2022-03-19,FRAISIER,5.0,3.5
2022-03-19,GRAND FAR BRETON,3.0,7.5
2022-03-19,GRANDE SUCETTE,3.0,0.6
2022-03-19,PARIS BREST,2.0,2.2
2022-03-19,SACHET VIENNOISERIE,1.0,4.0
2022-03-19,SPECIAL BREAD KG,1.0,5.0
2022-03-19,TARTE FINE,1.0,7.0
2022-03-19,TARTE FRUITS 6P,1.0,14.0
2022-03-19,TRAITEUR,1.0,7.6
2022-03-19,TROPEZIENNE,1.0,2.1
2022-03-19,VIK BREAD,11.0,2.6
2022-03-20,CHOCOLAT,1.0,1.5
2022-03-20,CHOU CHANTILLY,2.0,2.1
2022-03-20,DIVERS CONFISERIE,1.0,3.0
2022-03-20,DIVERS VIENNOISERIE,2.0,1.5
2022-03-20,FLAN,5.0,2.1
2022-03-20,FRAISIER,7.0,3.5
2022-03-20,GRAND FAR BRETON,2.0,7.5
2022-03-20,MILLES FEUILLES,5.0,2.2
2022-03-20,PAILLE,1.0,1.5
2022-03-20,PARIS BREST,3.0,2.2
2022-03-20,ROYAL,6.0,3.5
2022-03-20,ROYAL 4P,1.0,14.0
2022-03-20,SPECIAL BREAD KG,1.0,5.0
2022-03-20,SUCETTE,4.0,0.3
2022-03-20,TARTE FINE,2.0,7.0
2022-03-20,TARTE FRUITS 4P,2.0,10.0
2022-03-20,TARTE FRUITS 6P,1.0,14.0
2022-03-20,TRAITEUR,1.0,5.3
2022-03-20,TROPEZIENNE,3.0,2.1
2022-03-20,VIK BREAD,11.0,2.6
2022-03-21,BAGUETTE APERO,1.0,4.5
2022-03-21,BOULE POLKA,1.0,1.7
2022-03-21,DEMI PAIN,1.0,0.65
2022-03-21,DIVERS BOULANGERIE,1.0,3.6666666666666665
2022-03-21,DIVERS CONFISERIE,1.0,3.0
2022-03-21,DIVERS PATISSERIE,3.0,3.0
2022-03-21,GD KOUIGN AMANN,1.0,8.0
2022-03-21,PAILLE,1.0,1.5
2022-03-21,TRAITEUR,4.0,7.15
2022-03-22,BROWNIES,1.0,2.5
2022-03-22,DEMI PAIN,1.0,0.65
2022-03-22,DIVERS PATISSERIE,2.0,4.5
2022-03-22,DIVERS VIENNOISERIE,1.0,6.0
2022-03-22,GRAND FAR BRETON,1.0,7.5
2022-03-22,GRANDE SUCETTE,1.0,0.6
2022-03-22,PAILLE,2.0,1.5
2022-03-22,SPECIAL BREAD KG,1.0,5.0
2022-03-22,TRAITEUR,7.0,7.24
2022-03-23,BROWNIES,1.0,2.5
2022-03-23,DIVERS CONFISERIE,2.0,3.0
2022-03-23,DIVERS PATISSERIE,4.0,2.25
2022-03-23,FINANCIER,1.0,0.7
2022-03-23,FORMULE PATE,1.0,6.5
2022-03-23,GRAND FAR BRETON,1.0,7.5
2022-03-23,GRANDE SUCETTE,1.0,0.6
2022-03-23,NOIX JAPONAISE,1.0,2.2
2022-03-23,SACHET VIENNOISERIE,1.0,4.0
2022-03-23,SUCETTE,1.0,0.3
2022-03-23,TRAITEUR,1.0,7.0
2022-03-23,TROPEZIENNE,1.0,2.1
2022-03-24,BAGUETTE APERO,1.0,4.5
2022-03-24,BOULE POLKA,1.0,1.7
2022-03-24,DEMI PAIN,1.0,0.65
2022-03-24,DIVERS CONFISERIE,1.0,6.0
2022-03-24,NOIX JAPONAISE,1.0,2.2
2022-03-24,PARIS BREST,3.0,2.2
2022-03-24,TRAITEUR,4.0,8.0
2022-03-24,TROPEZIENNE,1.0,2.1
2022-03-25,BOULE POLKA,1.0,1.7
2022-03-25,CHOCOLAT,1.0,1.5
2022-03-25,FLAN,3.0,2.1
2022-03-25,GD FAR BRETON,1.0,7.5
2022-03-25,GRANDE SUCETTE,3.0,0.6
2022-03-25,PARIS BREST,3.0,2.2
2022-03-25,PLAT 7.00,5.0,7.0
2022-03-25,PLAT 7.60E,4.0,7.6
2022-03-25,PT NANTAIS,2.0,3.5
2022-03-25,SACHET VIENNOISERIE,2.0,4.0
2022-03-25,SUCETTE,3.0,0.3
2022-03-25,TRAITEUR,1.0,7.3
2022-03-25,TROPEZIENNE,1.0,2.1
2022-03-25,VIK BREAD,6.0,2.6
2022-03-26,BOULE POLKA,1.0,1.7
2022-03-26,DIVERS CONFISERIE,1.0,3.0
2022-03-26,FLAN,3.0,2.1
2022-03-26,FLAN ABRICOT,3.0,2.2
2022-03-26,FRAISIER,1.0,3.5
2022-03-26,GD KOUIGN AMANN,1.0,8.0
2022-03-26,GRAND FAR BRETON,1.0,7.5
2022-03-26,GUERANDAIS,2.0,3.5
2022-03-26,MILLES FEUILLES,3.0,2.2
2022-03-26,PAILLE,4.0,1.5
2022-03-26,PAIN S/SEL,1.0,1.6
2022-03-26,PARIS BREST,4.0,2.2
2022-03-26,PT NANTAIS,2.0,3.5
2022-03-26,ROYAL,7.0,3.5
2022-03-26,ROYAL 4P,2.0,14.0
2022-03-26,SACHET VIENNOISERIE,2.0,4.0
2022-03-26,SAVARIN,1.0,2.2
2022-03-26,SPECIAL BREAD KG,1.0,5.0
2022-03-26,TARTE FRUITS 4P,1.0,10.0
2022-03-26,TRAITEUR,4.0,9.933333333333332
2022-03-26,TROPEZIENNE,4.0,2.1
2022-03-26,VIK BREAD,5.0,2.6
2022-03-27,BAGUETTE GRAINE,10.0,1.35
2022-03-27,BOULE POLKA,1.0,1.7
2022-03-27,CHOU CHANTILLY,1.0,2.1
2022-03-27,DIVERS VIENNOISERIE,2.0,3.0
2022-03-27,FLAN,5.0,2.1
2022-03-27,FLAN ABRICOT,2.0,2.2
2022-03-27,FRAISIER,1.0,3.5
2022-03-27,GD KOUIGN AMANN,3.0,8.0
2022-03-27,MILLES FEUILLES,3.0,2.2
2022-03-27,PAILLE,4.0,1.5
2022-03-27,PAIN S/SEL,1.0,1.6
2022-03-27,PARIS BREST,3.0,2.2
2022-03-27,PT NANTAIS,2.0,3.5
2022-03-27,ROYAL 4P,1.0,14.0
2022-03-27,SAVARIN,1.0,2.2
2022-03-27,SUCETTE,5.0,0.3
2022-03-27,TARTE FINE,1.0,7.0
2022-03-27,TARTE FRUITS 4P,2.0,10.0
2022-03-27,TARTE FRUITS 6P,1.0,14.0
2022-03-27,TRAITEUR,2.0,9.45
2022-03-27,TROPEZIENNE,1.0,2.1
2022-03-27,VIK BREAD,16.0,2.6000000000000005
2022-03-28,BOULE POLKA,1.0,1.7
2022-03-28,DIVERS CONFISERIE,1.0,3.0
2022-03-28,DIVERS PATISSERIE,7.0,2.142857142857143
2022-03-28,DIVERS VIENNOISERIE,2.0,6.0
2022-03-28,GRANDE SUCETTE,1.0,0.6
2022-03-28,PAILLE,3.0,1.5
2022-03-28,PLAT 7.00,1.0,7.0
2022-03-28,PLAT 7.60E,1.0,7.6
2022-03-28,PLAT 8.30E,2.0,8.3
2022-03-28,PT NANTAIS,3.0,3.5
2022-03-28,SACHET VIENNOISERIE,1.0,4.0
2022-03-28,SPECIAL BREAD KG,1.0,5.0
2022-03-29,DEMI PAIN,1.0,0.65
2022-03-29,DIVERS CONFISERIE,1.0,6.0
2022-03-29,DIVERS PATISSERIE,3.0,1.3333333333333333
2022-03-29,FLAN,3.0,2.1
2022-03-29,FLAN ABRICOT,1.0,2.2
2022-03-29,GRAND FAR BRETON,1.0,7.5
2022-03-29,PAILLE,3.0,1.5
2022-03-29,PARIS BREST,1.0,2.2
2022-03-29,PLAT 7.00,2.0,7.0
2022-03-29,PLAT 7.60E,8.0,7.599999999999999
2022-03-29,PT NANTAIS,1.0,3.5
2022-03-29,TROPEZIENNE,4.0,2.1
2022-03-30,FLAN,1.0,2.1
2022-03-30,FLAN ABRICOT,1.0,2.2
2022-03-30,GRANDE SUCETTE,1.0,0.6
2022-03-30,MILLES FEUILLES,4.0,2.2
2022-03-30,PAILLE,2.0,1.5
2022-03-30,SPECIAL BREAD KG,1.0,5.0
2022-03-31,BOULE POLKA,1.0,1.7
2022-03-31,DEMI PAIN,1.0,0.65
2022-03-31,FLAN,2.0,2.1
2022-03-31,GD FAR BRETON,1.0,7.5
2022-03-31,GRANDE SUCETTE,4.0,0.6
2022-03-31,PARIS BREST,1.0,2.2
2022-03-31,PLAT 7.00,1.0,7.0
2022-03-31,PLAT 8.30E,1.0,8.3
2022-03-31,SACHET VIENNOISERIE,1.0,4.0
2022-03-31,SPECIAL BREAD KG,1.0,5.0
2022-03-31,TRAITEUR,2.0,9.45
2022-03-31,TROPEZIENNE,1.0,2.1
2022-04-01,DIVERS CONFISERIE,1.0,4.0
2022-04-01,DIVERS VIENNOISERIE,1.0,1.0
2022-04-01,FLAN,1.0,2.1
2022-04-01,FLAN ABRICOT,1.0,2.2
2022-04-01,GD FAR BRETON,2.0,7.5
2022-04-01,GD KOUIGN AMANN,1.0,8.0
2022-04-01,GRANDE SUCETTE,1.0,0.6
2022-04-01,PAILLE,3.0,1.5
2022-04-01,PARIS BREST,1.0,2.2
2022-04-01,PLAT 7.60E,7.0,7.6
2022-04-01,SACHET VIENNOISERIE,1.0,4.0
2022-04-01,SPECIAL BREAD KG,1.0,5.0
2022-04-01,TRAITEUR,2.0,9.1
2022-04-01,TROPEZIENNE,2.0,2.1
2022-04-01,VIK BREAD,6.0,2.6
2022-04-02,DEMI PAIN,1.0,0.65
2022-04-02,DIVERS CONFISERIE,2.0,3.0
2022-04-02,FLAN,2.0,2.1
2022-04-02,FRAISIER,6.0,3.5
2022-04-02,FRAMBOISIER,1.0,3.5
2022-04-02,GRAND FAR BRETON,1.0,7.5
2022-04-02,MERINGUE,2.0,1.0
2022-04-02,MILLES FEUILLES,4.0,2.2
2022-04-02,PARIS BREST,3.0,2.2
2022-04-02,PT NANTAIS,2.0,3.5
2022-04-02,ROYAL,2.0,3.5
2022-04-02,SAVARIN,2.0,2.2
2022-04-02,SPECIAL BREAD KG,1.0,5.0
2022-04-02,TARTE FINE,2.0,7.0
2022-04-02,TARTE FRUITS 4P,1.0,10.0
2022-04-02,TRAITEUR,3.0,6.233333333333333
2022-04-02,VIK BREAD,8.0,2.6
2022-04-03,BAGUETTE GRAINE,8.0,1.35
2022-04-03,BOULE POLKA,1.0,1.7
2022-04-03,DIVERS BOISSONS,1.0,3.0
2022-04-03,DIVERS CONFISERIE,4.0,3.5
2022-04-03,FLAN,1.0,2.1
2022-04-03,FRAISIER,6.0,3.5
2022-04-03,FRAMBOISIER,2.0,3.5
2022-04-03,MERINGUE,3.0,1.0
2022-04-03,MILLES FEUILLES,6.0,2.2
2022-04-03,NOIX JAPONAISE,1.0,2.2
2022-04-03,PAILLE,4.0,1.5
2022-04-03,PAIN S/SEL,1.0,1.6
2022-04-03,PARIS BREST,6.0,2.2
2022-04-03,PT NANTAIS,2.0,3.5
2022-04-03,ROYAL,1.0,3.5
2022-04-03,SACHET VIENNOISERIE,1.0,4.0
2022-04-03,SAVARIN,1.0,2.2
2022-04-03,SPECIAL BREAD KG,1.0,5.0
2022-04-03,SUCETTE,1.0,0.3
2022-04-03,TARTE FINE,1.0,7.0
2022-04-03,TARTE FRUITS 4P,2.0,10.0
2022-04-03,VIK BREAD,8.0,2.6
2022-04-04,BOULE POLKA,1.0,1.7
2022-04-04,DEMI PAIN,1.0,0.65
2022-04-04,DIVERS BOULANGERIE,3.0,2.9
2022-04-04,DIVERS CONFISERIE,1.0,3.0
2022-04-04,DIVERS PATISSERIE,6.0,3.8333333333333335
2022-04-04,PLAT,1.0,1.0
2022-04-04,PLAT 7.00,2.0,7.0
2022-04-04,PLAT 7.60E,1.0,7.6
2022-04-04,PLAT 8.30E,2.0,8.3
2022-04-04,TARTE FINE,2.0,7.0
2022-04-04,VIK BREAD,2.0,2.6
2022-04-05,BAGUETTE APERO,1.0,4.5
2022-04-05,DEMI PAIN,1.0,0.65
2022-04-05,DIVERS PATISSERIE,3.0,4.0
2022-04-05,DIVERS VIENNOISERIE,2.0,2.25
2022-04-05,FLAN,2.0,2.1
2022-04-05,GRAND FAR BRETON,1.0,7.5
2022-04-05,GRANDE SUCETTE,1.0,0.6
2022-04-05,MILLES FEUILLES,1.0,2.2
2022-04-05,NOIX JAPONAISE,1.0,2.2
2022-04-05,PARIS BREST,1.0,2.2
2022-04-05,PLAT,1.0,3.0
2022-04-05,PLAT 7.00,2.0,7.0
2022-04-05,PLAT 7.60E,2.0,7.6
2022-04-05,PT NANTAIS,1.0,3.5
2022-04-06,BOULE POLKA,1.0,1.7
2022-04-06,BROWNIES,2.0,2.5
2022-04-06,DIVERS PATISSERIE,1.0,1.0
2022-04-06,DIVERS VIENNOISERIE,1.0,1.5
2022-04-06,FLAN,3.0,2.1
2022-04-06,FLAN ABRICOT,3.0,2.2
2022-04-06,GRAND FAR BRETON,1.0,7.5
2022-04-06,PARIS BREST,2.0,2.2
2022-04-06,PLAT 8.30E,4.0,8.3
2022-04-06,PT NANTAIS,5.0,3.5
2022-04-07,BOULE POLKA,1.0,1.7
2022-04-07,DEMI PAIN,1.0,0.65
2022-04-07,DIVERS CONFISERIE,7.0,9.971428571428572
2022-04-07,DIVERS VIENNOISERIE,1.0,8.0
2022-04-07,FLAN,3.0,2.1
2022-04-07,FLAN ABRICOT,1.0,2.2
2022-04-07,PAILLE,1.0,1.5
2022-04-07,PLAT 7.00,2.0,7.0
2022-04-07,PLAT 7.60E,3.0,7.6
2022-04-07,PLAT 8.30E,2.0,8.3
2022-04-08,BROWNIES,2.0,2.5
2022-04-08,DIVERS BOULANGERIE,1.0,1.0
2022-04-08,DIVERS CONFISERIE,2.0,4.5
2022-04-08,MILLES FEUILLES,2.0,2.2
2022-04-08,PAILLE,1.0,1.5
2022-04-08,PARIS BREST,4.0,2.2
2022-04-08,PLAT 7.00,1.0,7.0
2022-04-08,PLAT 7.60E,3.0,7.599999999999999
2022-04-08,PLAT 8.30E,3.0,8.3
2022-04-08,PT NANTAIS,2.0,3.5
2022-04-08,SACHET VIENNOISERIE,2.0,4.0
2022-04-08,TRAITEUR,2.0,7.0
2022-04-08,VIK BREAD,4.0,2.6
2022-04-09,BROWNIES,3.0,2.5
2022-04-09,DIVERS CONFISERIE,3.0,3.1666666666666665
2022-04-09,DIVERS VIENNOISERIE,1.0,6.0
2022-04-09,FLAN ABRICOT,1.0,2.2
2022-04-09,FRAISIER,3.0,3.5
2022-04-09,GD KOUIGN AMANN,2.0,8.0
2022-04-09,GRAND FAR BRETON,2.0,7.5
2022-04-09,NOIX JAPONAISE,2.0,2.2
2022-04-09,PARIS BREST,4.0,2.2
2022-04-09,PLAT 7.60E,2.0,7.6
2022-04-09,PT NANTAIS,3.0,3.5
2022-04-09,SPECIAL BREAD KG,1.0,5.0
2022-04-09,SUCETTE,13.0,0.3
2022-04-09,TARTE FINE,1.0,7.0
2022-04-09,TARTE FRUITS 4P,1.0,10.0
2022-04-09,TROPEZIENNE,1.0,2.1
2022-04-09,VIK BREAD,10.0,2.6
2022-04-10,BAGUETTE GRAINE,10.0,1.35
2022-04-10,BOULE POLKA,1.0,1.7
2022-04-10,DIVERS CONFISERIE,2.0,4.35
2022-04-10,ECLAIR FRAISE PISTACHE,1.0,2.1
2022-04-10,FRAISIER,12.0,3.5
2022-04-10,FRAMBOISIER,2.0,3.5
2022-04-10,GRAND FAR BRETON,1.0,7.5
2022-04-10,GRANDE SUCETTE,2.0,0.6
2022-04-10,MERINGUE,1.0,1.0
2022-04-10,MILLES FEUILLES,5.0,2.2
2022-04-10,NOIX JAPONAISE,3.0,2.2
2022-04-10,PAILLE,1.0,1.5
2022-04-10,PARIS BREST,1.0,2.2
2022-04-10,PT NANTAIS,1.0,3.5
2022-04-10,ROYAL,6.0,3.5
2022-04-10,SAVARIN,3.0,2.2
2022-04-10,SUCETTE,2.0,0.3
2022-04-10,TRAITEUR,1.0,7.0
2022-04-10,VIK BREAD,10.0,2.6
2022-04-11,BOULE POLKA,1.0,1.7
2022-04-11,DEMI PAIN,1.0,0.65
2022-04-11,DIVERS BOULANGERIE,2.0,1.0
2022-04-11,DIVERS CONFISERIE,3.0,3.3333333333333335
2022-04-11,DIVERS VIENNOISERIE,3.0,2.0
2022-04-11,FRAMBOISIER,2.0,3.5
2022-04-11,GD FAR BRETON,1.0,0.0
2022-04-11,GD KOUIGN AMANN,1.0,8.0
2022-04-11,GRAND FAR BRETON,1.0,7.5
2022-04-11,MERINGUE,3.0,1.0
2022-04-11,PAILLE,3.0,1.5
2022-04-11,PARIS BREST,2.0,2.2
2022-04-11,PT NANTAIS,1.0,3.5
2022-04-11,ROYAL,1.0,3.5
2022-04-11,SACHET VIENNOISERIE,2.0,4.0
2022-04-11,SPECIAL BREAD KG,1.0,5.0
2022-04-11,SUCETTE,3.0,0.3
2022-04-11,TRAITEUR,7.0,11.325
2022-04-11,VIK BREAD,1.0,2.6
2022-04-12,DIVERS BOULANGERIE,1.0,1.0
2022-04-12,DIVERS CONFISERIE,1.0,6.0
2022-04-12,DIVERS PATISSERIE,1.0,7.0
2022-04-12,DIVERS VIENNOISERIE,3.0,3.5
2022-04-12,FLAN,1.0,2.1
2022-04-12,GRANDE SUCETTE,2.0,0.6
2022-04-12,MERINGUE,1.0,1.0
2022-04-12,PARIS BREST,2.0,2.2
2022-04-12,SACHET VIENNOISERIE,3.0,4.0
2022-04-12,SAVARIN,2.0,2.2
2022-04-12,TRAITEUR,6.0,11.116666666666667
2022-04-12,TROPEZIENNE,1.0,2.1
2022-04-13,BOULE POLKA,1.0,1.7
2022-04-13,DIVERS CONFISERIE,3.0,3.9
2022-04-13,DIVERS VIENNOISERIE,3.0,4.333333333333333
2022-04-13,FLAN,1.0,2.1
2022-04-13,GRAND FAR BRETON,2.0,7.5
2022-04-13,PAILLE,1.0,1.5
2022-04-13,SACHET VIENNOISERIE,3.0,4.0
2022-04-13,SUCETTE,4.0,0.3
2022-04-13,TRAITEUR,2.0,7.3
2022-04-14,BOULE POLKA,1.0,1.7
2022-04-14,DEMI PAIN,5.0,0.65
2022-04-14,DIVERS VIENNOISERIE,2.0,3.75
2022-04-14,FLAN,3.0,2.1
2022-04-14,FLAN ABRICOT,3.0,2.2
2022-04-14,GD FAR BRETON,2.0,7.5
2022-04-14,GD KOUIGN AMANN,1.0,8.0
2022-04-14,MILLES FEUILLES,2.0,2.2
2022-04-14,PAILLE,3.0,1.5
2022-04-14,PARIS BREST,1.0,2.2
2022-04-14,PLAT 7.60E,2.0,7.6
2022-04-14,PT NANTAIS,3.0,3.5
2022-04-14,TRAITEUR,2.0,5.3
2022-04-15,BOULE POLKA,1.0,1.7
2022-04-15,BROWNIES,1.0,2.5
2022-04-15,DIVERS CONFISERIE,5.0,5.82
2022-04-15,DIVERS PATISSERIE,2.0,10.5
2022-04-15,DIVERS SANDWICHS,1.0,3.0
2022-04-15,DIVERS VIENNOISERIE,2.0,3.5
2022-04-15,FLAN ABRICOT,3.0,2.2
2022-04-15,GD FAR BRETON,2.0,7.5
2022-04-15,MERINGUE,2.0,1.0
2022-04-15,MILLES FEUILLES,4.0,2.2
2022-04-15,PAILLE,2.0,1.5
2022-04-15,PLAT 7.60E,1.0,7.6
2022-04-15,PT NANTAIS,1.0,3.5
2022-04-15,SACHET VIENNOISERIE,1.0,4.0
2022-04-15,SPECIAL BREAD KG,1.0,5.0
2022-04-15,VIK BREAD,10.0,2.6
2022-04-16,BOULE POLKA,1.0,1.7
2022-04-16,BROWNIES,2.0,2.5
2022-04-16,DEMI PAIN,1.0,0.65
2022-04-16,DIVERS CONFISERIE,19.0,5.792307692307692
2022-04-16,DIVERS PATISSERIE,8.0,4.625
2022-04-16,DIVERS VIENNOISERIE,7.0,3.0
2022-04-16,FLAN,2.0,2.1
2022-04-16,FLAN ABRICOT,1.0,2.2
2022-04-16,GD FAR BRETON,2.0,7.5
2022-04-16,GD KOUIGN AMANN,3.0,8.0
2022-04-16,GRAND FAR BRETON,5.0,7.5
2022-04-16,GRANDE SUCETTE,2.0,0.6
2022-04-16,MERINGUE,1.0,1.0
2022-04-16,PAILLE,4.0,1.5
2022-04-16,PARIS BREST,1.0,2.2
2022-04-16,PT NANTAIS,8.0,3.5
2022-04-16,SACHET VIENNOISERIE,2.0,4.0
2022-04-16,SPECIAL BREAD KG,1.0,5.0
2022-04-16,TARTE FINE,3.0,7.0
2022-04-16,TARTE FRAISE 4PER,0.0,12.0
2022-04-16,TARTE FRAISE 6P,1.0,19.0
2022-04-16,TARTE FRUITS 4P,2.0,10.0
2022-04-16,TARTE FRUITS 6P,2.0,14.0
2022-04-16,TARTELETTE FRAISE,9.0,3.5
2022-04-16,TRAITEUR,2.0,6.25
2022-04-16,TROPEZIENNE,2.0,2.1
2022-04-16,VIK BREAD,9.0,2.6
2022-04-17,BAGUETTE GRAINE,7.0,1.35
2022-04-17,BOULE POLKA,1.0,1.7
2022-04-17,BRIOCHETTE,7.0,1.0
2022-04-17,CHOU CHANTILLY,4.0,2.1
2022-04-17,DEMI PAIN,1.0,0.65
2022-04-17,DIVERS CONFISERIE,9.0,5.128571428571428
2022-04-17,DIVERS PATISSERIE,11.0,5.454545454545454
2022-04-17,DIVERS VIENNOISERIE,2.0,6.0
2022-04-17,FRAISIER,5.0,3.5
2022-04-17,FRAMBOISIER,4.0,3.5
2022-04-17,GD FAR BRETON,3.0,7.5
2022-04-17,GD KOUIGN AMANN,3.0,8.0
2022-04-17,PAILLE,1.0,1.5
2022-04-17,PARIS BREST,2.0,2.2
2022-04-17,PT NANTAIS,1.0,3.5
2022-04-17,ROYAL,2.0,3.5
2022-04-17,ROYAL 6P,2.0,21.0
2022-04-17,SACHET VIENNOISERIE,2.0,4.0
2022-04-17,TARTE FINE,3.0,7.0
2022-04-17,TARTE FRAISE 4PER,2.0,14.0
2022-04-17,TARTE FRAISE 6P,2.0,21.0
2022-04-17,TARTE FRUITS 4P,1.0,10.0
2022-04-17,TARTE FRUITS 6P,2.0,14.0
2022-04-17,TARTELETTE FRAISE,3.0,3.5
2022-04-17,TRAITEUR,2.0,7.95
2022-04-17,VIK BREAD,7.0,2.6
2022-04-18,BAGUETTE GRAINE,10.0,1.35
2022-04-18,BOULE POLKA,1.0,1.7
2022-04-18,CHOU CHANTILLY,2.0,2.1
2022-04-18,DEMI PAIN,2.0,0.65
2022-04-18,DIVERS CONFISERIE,4.0,5.85
2022-04-18,DIVERS PATISSERIE,2.0,3.0
2022-04-18,FLAN,1.0,2.1
2022-04-18,FLAN ABRICOT,2.0,2.2
2022-04-18,FRAISIER,6.0,3.5
2022-04-18,GD KOUIGN AMANN,3.0,8.0
2022-04-18,GRAND FAR BRETON,4.0,7.5
2022-04-18,MILLES FEUILLES,1.0,2.2
2022-04-18,PALET BRETON,9.0,1.5
2022-04-18,PARIS BREST,6.0,2.2
2022-04-18,ROYAL 4P,2.0,14.0
2022-04-18,SPECIAL BREAD KG,1.0,5.0
2022-04-18,TARTE FINE,2.0,7.0
2022-04-18,TARTE FRUITS 4P,3.0,10.0
2022-04-18,TARTE FRUITS 6P,6.0,14.0
2022-04-18,TARTELETTE FRAISE,2.0,3.5
2022-04-18,TRAITEUR,1.0,8.3
2022-04-18,TROPEZIENNE,1.0,2.1
2022-04-18,VIK BREAD,15.0,2.6
2022-04-19,BOULE POLKA,1.0,1.7
2022-04-19,DEMI PAIN,1.0,0.65
2022-04-19,DIVERS CONFISERIE,1.0,5.7
2022-04-19,DIVERS PATISSERIE,20.0,3.5125
2022-04-19,DIVERS VIENNOISERIE,1.0,1.0
2022-04-19,FRAISIER,1.0,3.5
2022-04-19,GRAND FAR BRETON,1.0,7.5
2022-04-19,MERINGUE,2.0,1.0
2022-04-19,PALET BRETON,2.0,1.5
2022-04-19,PLAT,1.0,14.0
2022-04-19,PT NANTAIS,4.0,3.5
2022-04-19,SACHET VIENNOISERIE,1.0,4.0
2022-04-19,SPECIAL BREAD KG,2.0,5.0
2022-04-19,TRAITEUR,3.0,7.599999999999999
2022-04-20,BAGUETTE APERO,1.0,4.5
2022-04-20,CHOCOLAT,1.0,1.5
2022-04-20,DEMI PAIN,1.0,0.65
2022-04-20,FLAN,3.0,2.1
2022-04-20,FLAN ABRICOT,4.0,2.2
2022-04-20,FRAISIER,1.0,3.5
2022-04-20,GD KOUIGN AMANN,2.0,8.0
2022-04-20,GRAND FAR BRETON,3.0,7.5
2022-04-20,MERINGUE,1.0,1.0
2022-04-20,PAILLE,1.0,1.5
2022-04-20,PALET BRETON,6.0,1.5
2022-04-20,PARIS BREST,2.0,2.2
2022-04-20,PT NANTAIS,2.0,3.5
2022-04-20,TRAITEUR,2.0,12.875
2022-04-21,BOULE POLKA,1.0,1.7
2022-04-21,DIVERS CONFISERIE,3.0,3.0
2022-04-21,DIVERS VIENNOISERIE,3.0,5.666666666666667
2022-04-21,FLAN,3.0,2.1
2022-04-21,FLAN ABRICOT,3.0,2.2
2022-04-21,FRAISIER,1.0,3.5
2022-04-21,GD FAR BRETON,2.0,7.5
2022-04-21,GD KOUIGN AMANN,3.0,8.0
2022-04-21,GRANDE SUCETTE,4.0,0.6
2022-04-21,MERINGUE,2.0,1.0
2022-04-21,PAILLE,1.0,1.5
2022-04-21,PARIS BREST,2.0,2.2
2022-04-21,PLAT 7.60E,2.0,7.6
2022-04-21,PT NANTAIS,1.0,3.5
2022-04-21,SACHET VIENNOISERIE,2.0,4.0
2022-04-21,SPECIAL BREAD KG,1.0,5.0
2022-04-21,SUCETTE,4.0,0.3
2022-04-21,TARTE FRAISE 4PER,2.0,14.0
2022-04-21,TRAITEUR,2.0,9.3
2022-04-22,BROWNIES,0.0,2.5
2022-04-22,CHOU CHANTILLY,1.0,2.1
2022-04-22,DEMI PAIN,1.0,0.65
2022-04-22,DIVERS BOULANGERIE,2.0,3.4
2022-04-22,DIVERS CONFISERIE,2.0,5.85
2022-04-22,FLAN,4.0,2.1
2022-04-22,GD FAR BRETON,6.0,7.5
2022-04-22,GD KOUIGN AMANN,4.0,8.0
2022-04-22,GRANDE SUCETTE,2.0,0.6
2022-04-22,MILLES FEUILLES,1.0,2.2
2022-04-22,PARIS BREST,2.0,2.2
2022-04-22,PT NANTAIS,4.0,3.5
2022-04-22,SPECIAL BREAD KG,2.0,5.0
2022-04-22,TARTE FRAISE 4PER,1.0,14.0
2022-04-22,TARTE FRAISE 6P,1.0,21.0
2022-04-22,TRAITEUR,3.0,6.55
2022-04-22,TROPEZIENNE,4.0,2.1
2022-04-22,VIK BREAD,10.0,2.6
2022-04-23,CHOCOLAT,1.0,1.5
2022-04-23,CHOU CHANTILLY,1.0,2.1
2022-04-23,DIVERS VIENNOISERIE,2.0,6.0
2022-04-23,FINANCIER,1.0,0.7
2022-04-23,FLAN,1.0,2.1
2022-04-23,FRAISIER,4.0,3.5
2022-04-23,GD FAR BRETON,1.0,0.0
2022-04-23,GRAND FAR BRETON,1.0,7.5
2022-04-23,MERINGUE,3.0,1.0
2022-04-23,MILLES FEUILLES,3.0,2.2
2022-04-23,PAILLE,4.0,1.5
2022-04-23,PALET BRETON,4.0,1.5
2022-04-23,PARIS BREST,2.0,2.2
2022-04-23,PT NANTAIS,1.0,3.5
2022-04-23,SACHET VIENNOISERIE,2.0,4.0
2022-04-23,SPECIAL BREAD KG,1.0,5.0
2022-04-23,TARTE FINE,1.0,7.0
2022-04-23,TARTE FRAISE 4PER,1.0,14.0
2022-04-23,TARTELETTE FRAISE,3.0,3.5
2022-04-23,TRAITEUR,1.0,14.0
2022-04-23,TROPEZIENNE,4.0,2.1
2022-04-23,VIK BREAD,13.0,2.6
2022-04-24,BAGUETTE GRAINE,10.0,1.35
2022-04-24,BOULE POLKA,1.0,1.7
2022-04-24,CHOCOLAT,1.0,1.5
2022-04-24,CHOU CHANTILLY,2.0,2.1
2022-04-24,DIVERS CONFISERIE,1.0,5.7
2022-04-24,FRAISIER,5.0,3.5
2022-04-24,FRAMBOISIER,6.0,3.5
2022-04-24,GD KOUIGN AMANN,2.0,8.0
2022-04-24,GRAND FAR BRETON,3.0,7.5
2022-04-24,GRANDE SUCETTE,1.0,0.6
2022-04-24,MERINGUE,1.0,1.0
2022-04-24,NOIX JAPONAISE,3.0,2.2
2022-04-24,PALET BRETON,4.0,1.5
2022-04-24,PARIS BREST,5.0,2.2
2022-04-24,PT NANTAIS,3.0,3.5
2022-04-24,ROYAL,7.0,3.5
2022-04-24,ROYAL 4P,2.0,14.0
2022-04-24,SPECIAL BREAD KG,1.0,5.0
2022-04-24,SUCETTE,2.0,0.3
2022-04-24,TARTE FINE,2.0,7.0
2022-04-24,TARTE FRAISE 4PER,1.0,14.0
2022-04-24,TARTE FRAISE 6P,1.0,21.0
2022-04-24,TARTE FRUITS 4P,4.0,10.0
2022-04-24,TARTELETTE FRAISE,8.0,3.5
2022-04-24,TRAITEUR,3.0,11.399999999999999
2022-04-24,VIK BREAD,7.0,2.6
2022-04-25,BOULE POLKA,1.0,1.7
2022-04-25,CHOCOLAT,1.0,1.5
2022-04-25,DEMI PAIN,1.0,0.65
2022-04-25,DIVERS CONFISERIE,1.0,6.0
2022-04-25,DIVERS VIENNOISERIE,3.0,6.0
2022-04-25,FLAN,3.0,2.1
2022-04-25,GRAND FAR BRETON,1.0,7.5
2022-04-25,GRANDE SUCETTE,1.0,0.6
2022-04-25,PAILLE,3.0,1.5
2022-04-25,PT NANTAIS,2.0,3.5
2022-04-25,ROYAL,1.0,3.5
2022-04-25,SUCETTE,2.0,0.3
2022-04-25,TARTE FRUITS 6P,1.0,14.0
2022-04-25,TRAITEUR,2.0,7.95
2022-04-25,VIK BREAD,7.0,2.6
2022-04-26,DEMI PAIN,1.0,0.65
2022-04-26,DIVERS CONFISERIE,1.0,3.0
2022-04-26,DIVERS VIENNOISERIE,1.0,6.0
2022-04-26,FINANCIER,1.0,0.7
2022-04-26,GD KOUIGN AMANN,2.0,8.0
2022-04-26,GRAND FAR BRETON,1.0,7.5
2022-04-26,MERINGUE,2.0,1.0
2022-04-26,PAILLE,2.0,1.5
2022-04-26,PARIS BREST,1.0,2.2
2022-04-26,PT NANTAIS,1.0,3.5
2022-04-26,TARTELETTE FRAISE,1.0,3.5
2022-04-26,TRAITEUR,4.0,9.5
2022-04-27,BOULE POLKA,1.0,1.7
2022-04-27,DIVERS CONFISERIE,1.0,3.0
2022-04-27,DIVERS VIENNOISERIE,3.0,8.0
2022-04-27,FINANCIER,1.0,0.7
2022-04-27,FLAN,2.0,2.1
2022-04-27,GRAND FAR BRETON,1.0,7.5
2022-04-27,MERINGUE,2.0,1.0
2022-04-27,MILLES FEUILLES,2.0,2.2
2022-04-27,PAILLE,2.0,1.5
2022-04-27,PALET BRETON,3.0,1.5
2022-04-27,PARIS BREST,2.0,2.2
2022-04-27,PT NANTAIS,3.0,3.5
2022-04-27,SACHET VIENNOISERIE,3.0,4.0
2022-04-27,SPECIAL BREAD KG,1.0,5.0
2022-04-27,TARTELETTE FRAISE,2.0,3.5
2022-04-27,TRAITEUR,6.0,10.45
2022-04-28,BAGUETTE APERO,1.0,4.5
2022-04-28,DEMI PAIN,1.0,0.65
2022-04-28,DIVERS VIENNOISERIE,1.0,6.0
2022-04-28,FLAN,3.0,2.1
2022-04-28,GD KOUIGN AMANN,1.0,8.0
2022-04-28,MILLES FEUILLES,2.0,2.2
2022-04-28,PAILLE,2.0,1.5
2022-04-28,PARIS BREST,5.0,2.2
2022-04-28,PT NANTAIS,1.0,3.5
2022-04-28,SACHET VIENNOISERIE,2.0,4.0
2022-04-28,SUCETTE,1.0,0.3
2022-04-28,TRAITEUR,3.0,10.5
2022-04-28,TROPEZIENNE,3.0,2.1
2022-04-29,DEMI PAIN,1.0,0.65
2022-04-29,DIVERS CONFISERIE,2.0,3.0
2022-04-29,DIVERS PATISSERIE,1.0,7.0
2022-04-29,DIVERS SANDWICHS,1.0,9.0
2022-04-29,DIVERS VIENNOISERIE,1.0,3.0
2022-04-29,FLAN,2.0,2.1
2022-04-29,FLAN ABRICOT,1.0,2.2
2022-04-29,GD FAR BRETON,1.0,7.5
2022-04-29,GD NANTAIS,1.0,12.0
2022-04-29,PAILLE,4.0,1.5
2022-04-29,PT NANTAIS,2.0,3.5
2022-04-29,SUCETTE,2.0,0.3
2022-04-29,TARTE FRUITS 6P,1.0,14.0
2022-04-29,TARTELETTE FRAISE,2.0,3.5
2022-04-29,TRAITEUR,2.0,6.0
2022-04-29,VIK BREAD,9.0,2.6
2022-04-30,BOULE POLKA,1.0,1.7
2022-04-30,CHOCOLAT,1.0,1.5
2022-04-30,DIVERS CONFISERIE,1.0,3.0
2022-04-30,DIVERS PATISSERIE,2.0,7.0
2022-04-30,DIVERS VIENNOISERIE,7.0,3.2857142857142856
2022-04-30,FLAN,1.0,2.1
2022-04-30,FLAN ABRICOT,1.0,2.2
2022-04-30,FRAISIER,13.0,3.5
2022-04-30,GD FAR BRETON,4.0,7.5
2022-04-30,GD KOUIGN AMANN,4.0,8.0
2022-04-30,GD NANTAIS,1.0,12.0
2022-04-30,NOIX JAPONAISE,2.0,2.2
2022-04-30,PT NANTAIS,7.0,3.5
2022-04-30,SAVARIN,1.0,2.2
2022-04-30,SPECIAL BREAD KG,1.0,5.0
2022-04-30,TARTE FRAISE 4PER,1.0,14.0
2022-04-30,TARTE FRAISE 6P,1.0,21.0
2022-04-30,TARTE FRUITS 4P,3.0,10.0
2022-04-30,TARTELETTE FRAISE,2.0,3.5
2022-04-30,TRAITEUR,1.0,6.0
2022-04-30,TROPEZIENNE,4.0,2.1
2022-04-30,VIK BREAD,10.0,2.6
2022-05-01,BAGUETTE GRAINE,5.0,1.35
2022-05-01,BOULE POLKA,1.0,1.7
2022-05-01,DEMI PAIN,2.0,0.65
2022-05-01,DIVERS PATISSERIE,1.0,7.0
2022-05-01,DIVERS VIENNOISERIE,3.0,2.0
2022-05-01,FLAN ABRICOT,3.0,2.2
2022-05-01,FRAISIER,14.0,3.5
2022-05-01,FRAMBOISIER,6.0,3.5
2022-05-01,GD FAR BRETON,4.0,7.5
2022-05-01,GD KOUIGN AMANN,7.0,8.0
2022-05-01,NOIX JAPONAISE,1.0,2.2
2022-05-01,PAILLE,4.0,1.5
2022-05-01,PARIS BREST,8.0,2.2
2022-05-01,PT NANTAIS,5.0,3.5
2022-05-01,ROYAL,5.0,3.5
2022-05-01,ROYAL 4P,1.0,14.0
2022-05-01,ROYAL 6P,1.0,21.0
2022-05-01,SACHET VIENNOISERIE,2.0,4.0
2022-05-01,SAVARIN,4.0,2.2
2022-05-01,SPECIAL BREAD KG,1.0,5.0
2022-05-01,SUCETTE,1.0,0.3
2022-05-01,TARTE FRAISE 4PER,5.0,14.0
2022-05-01,TARTE FRAISE 6P,2.0,21.0
2022-05-01,TARTE FRUITS 4P,3.0,10.0
2022-05-01,TARTE FRUITS 6P,3.0,14.0
2022-05-01,TARTELETTE FRAISE,8.0,3.5
2022-05-01,TRAITEUR,1.0,6.0
2022-05-01,VIK BREAD,9.0,2.6
2022-05-02,BAGUETTE APERO,0.0,4.5
2022-05-02,BOULE POLKA,1.0,1.7
2022-05-02,DIVERS VIENNOISERIE,1.0,6.0
2022-05-02,GD KOUIGN AMANN,1.0,8.0
2022-05-02,GRAND FAR BRETON,3.0,7.5
2022-05-02,GRANDE SUCETTE,4.0,0.6
2022-05-02,PALET BRETON,5.0,1.5
2022-05-02,PARIS BREST,3.0,2.2
2022-05-02,PT NANTAIS,1.0,3.5
2022-05-02,SACHET VIENNOISERIE,2.0,4.0
2022-05-02,SAVARIN,2.0,2.2
2022-05-02,SPECIAL BREAD KG,1.0,5.0
2022-05-02,SUCETTE,1.0,0.3
2022-05-02,TARTE FRUITS 4P,1.0,10.0
2022-05-02,TRAITEUR,5.0,10.639999999999999
2022-05-02,TROPEZIENNE,1.0,2.1
2022-05-03,BOULE POLKA,1.0,1.7
2022-05-03,CHOCOLAT,1.0,1.5
2022-05-03,DIVERS VIENNOISERIE,2.0,6.0
2022-05-03,FLAN,2.0,2.1
2022-05-03,FLAN ABRICOT,2.0,2.2
2022-05-03,GD KOUIGN AMANN,1.0,8.0
2022-05-03,PARIS BREST,2.0,2.2
2022-05-03,SACHET VIENNOISERIE,1.0,4.0
2022-05-03,TRAITEUR,4.0,11.399999999999999
2022-05-05,BOULE POLKA,1.0,1.7
2022-05-05,BROWNIES,1.0,2.5
2022-05-05,DEMI PAIN,1.0,0.65
2022-05-05,DIVERS CONFISERIE,1.0,3.0
2022-05-05,DIVERS VIENNOISERIE,2.0,1.25
2022-05-05,FLAN,4.0,2.1
2022-05-05,GD FAR BRETON,1.0,7.5
2022-05-05,GRAND FAR BRETON,1.0,7.5
2022-05-05,NOIX JAPONAISE,2.0,2.2
2022-05-05,PAILLE,1.0,1.5
2022-05-05,PARIS BREST,4.0,2.2
2022-05-05,PLAT 7.60E,2.0,7.6
2022-05-05,PT NANTAIS,1.0,3.5
2022-05-05,SPECIAL BREAD KG,1.0,5.0
2022-05-05,SUCETTE,2.0,0.3
2022-05-05,TARTELETTE FRAISE,1.0,3.5
2022-05-06,DIVERS VIENNOISERIE,2.0,4.0
2022-05-06,FLAN,3.0,2.1
2022-05-06,GRAND FAR BRETON,3.0,7.5
2022-05-06,GRANDE SUCETTE,2.0,0.6
2022-05-06,NOIX JAPONAISE,2.0,2.2
2022-05-06,PAILLE,2.0,1.5
2022-05-06,PARIS BREST,2.0,2.2
2022-05-06,SACHET VIENNOISERIE,3.0,4.0
2022-05-06,SUCETTE,2.0,0.3
2022-05-06,TRAITEUR,9.0,8.577777777777778
2022-05-06,VIK BREAD,7.0,2.6
2022-05-07,BOULE POLKA,1.0,1.7
2022-05-07,DIVERS CONFISERIE,1.0,3.0
2022-05-07,DIVERS VIENNOISERIE,5.0,3.12
2022-05-07,FRAISIER,3.0,3.5
2022-05-07,GD KOUIGN AMANN,3.0,8.0
2022-05-07,GRAND FAR BRETON,2.0,7.5
2022-05-07,MILLES FEUILLES,4.0,2.2
2022-05-07,PALET BRETON,1.0,1.5
2022-05-07,PARIS BREST,2.0,2.2
2022-05-07,PT NANTAIS,1.0,3.5
2022-05-07,SPECIAL BREAD KG,2.0,5.0
2022-05-07,TARTE FINE,3.0,7.0
2022-05-07,TARTE FRAISE 4PER,1.0,14.0
2022-05-07,TARTE FRUITS 6P,1.0,14.0
2022-05-07,TARTELETTE FRAISE,1.0,3.5
2022-05-07,TRAITEUR,2.0,6.800000000000001
2022-05-07,VIK BREAD,13.0,2.6
2022-05-08,BAGUETTE GRAINE,10.0,1.35
2022-05-08,BOULE POLKA,1.0,1.7
2022-05-08,DIVERS VIENNOISERIE,1.0,1.0
2022-05-08,FRAISIER,7.0,3.5
2022-05-08,FRAMBOISIER,4.0,3.5
2022-05-08,GRAND FAR BRETON,1.0,7.5
2022-05-08,MILLES FEUILLES,4.0,2.2
2022-05-08,PAILLE,4.0,1.5
2022-05-08,PALET BRETON,3.0,1.5
2022-05-08,PARIS BREST,3.0,2.2
2022-05-08,PT NANTAIS,1.0,3.5
2022-05-08,ROYAL,9.0,3.5
2022-05-08,ROYAL 4P,1.0,14.0
2022-05-08,ROYAL 6P,1.0,21.0
2022-05-08,SAVARIN,5.0,2.2
2022-05-08,TARTE FINE,2.0,7.0
2022-05-08,TARTE FRAISE 6P,2.0,21.0
2022-05-08,TARTE FRUITS 4P,1.0,10.0
2022-05-08,TARTELETTE FRAISE,9.0,3.5
2022-05-08,TRAITEUR,2.0,7.95
2022-05-08,VIK BREAD,10.0,2.6
2022-05-09,BAGUETTE APERO,1.0,4.5
2022-05-09,DEMI PAIN,1.0,0.65
2022-05-09,DIVERS VIENNOISERIE,3.0,3.0
2022-05-09,FLAN,1.0,2.1
2022-05-09,FLAN ABRICOT,4.0,2.2
2022-05-09,FRAISIER,1.0,3.5
2022-05-09,GD FAR BRETON,3.0,7.5
2022-05-09,GD KOUIGN AMANN,1.0,8.0
2022-05-09,PAILLE,3.0,1.5
2022-05-09,PARIS BREST,1.0,2.2
2022-05-09,PLAT 7.60E,4.0,7.599999999999999
2022-05-09,PLAT 8.30E,2.0,8.3
2022-05-09,ROYAL,3.0,3.5
2022-05-09,SACHET VIENNOISERIE,1.0,4.0
2022-05-09,SPECIAL BREAD KG,1.0,5.0
2022-05-09,VIK BREAD,2.0,2.6
2022-05-10,BAGUETTE APERO,1.0,4.5
2022-05-10,DIVERS PATISSERIE,5.0,3.0
2022-05-10,FLAN,2.0,2.1
2022-05-10,FLAN ABRICOT,1.0,2.2
2022-05-10,FRAISIER,2.0,3.5
2022-05-10,GD FAR BRETON,1.0,7.5
2022-05-10,PLAT 8.30E,3.0,8.3
2022-05-10,PT NANTAIS,7.0,3.5
2022-05-10,SACHET VIENNOISERIE,1.0,4.0
2022-05-10,SPECIAL BREAD KG,1.0,5.0
2022-05-10,SUCETTE,1.0,0.3
2022-05-10,TRAITEUR,1.0,9.1
2022-05-11,DEMI PAIN,1.0,0.65
2022-05-11,DIVERS PATISSERIE,1.0,0.0
2022-05-11,DIVERS VIENNOISERIE,1.0,6.0
2022-05-11,GD NANTAIS,1.0,12.0
2022-05-11,PALET BRETON,2.0,1.5
2022-05-11,PARIS BREST,1.0,2.2
2022-05-11,PT NANTAIS,2.0,3.5
2022-05-11,SACHET VIENNOISERIE,1.0,4.0
2022-05-11,TARTELETTE FRAISE,2.0,3.5
2022-05-11,TRAITEUR,3.0,7.833333333333333
2022-05-12,DIVERS VIENNOISERIE,1.0,6.0
2022-05-12,FINANCIER,1.0,0.7
2022-05-12,GRANDE SUCETTE,3.0,0.6
2022-05-12,MERINGUE,1.0,1.0
2022-05-12,PALET BRETON,3.0,1.5
2022-05-12,PARIS BREST,2.0,2.2
2022-05-12,SACHET VIENNOISERIE,2.0,4.0
2022-05-12,TRAITEUR,9.0,10.725
2022-05-13,BOULE POLKA,1.0,1.7
2022-05-13,DIVERS VIENNOISERIE,3.0,6.0
2022-05-13,FLAN,4.0,2.1
2022-05-13,FLAN ABRICOT,1.0,2.2
2022-05-13,GD KOUIGN AMANN,3.0,8.0
2022-05-13,GD NANTAIS,2.0,12.0
2022-05-13,GRAND FAR BRETON,3.0,7.5
2022-05-13,MERINGUE,1.0,1.0
2022-05-13,NOIX JAPONAISE,1.0,2.2
2022-05-13,PAILLE,2.0,1.5
2022-05-13,PARIS BREST,3.0,2.2
2022-05-13,SACHET VIENNOISERIE,4.0,4.0
2022-05-13,SPECIAL BREAD KG,1.0,5.0
2022-05-13,SUCETTE,1.0,0.3
2022-05-13,TRAITEUR,8.0,11.0
2022-05-13,VIK BREAD,3.0,2.6
2022-05-14,DEMI PAIN,1.0,0.65
2022-05-14,FLAN,5.0,2.1
2022-05-14,FRAISIER,4.0,3.5
2022-05-14,GD KOUIGN AMANN,1.0,8.0
2022-05-14,GD NANTAIS,1.0,12.0
2022-05-14,GRAND FAR BRETON,2.0,7.5
2022-05-14,MERINGUE,1.0,1.0
2022-05-14,MILLES FEUILLES,4.0,2.2
2022-05-14,PAILLE,4.0,1.5
2022-05-14,PALET BRETON,1.0,1.5
2022-05-14,PARIS BREST,2.0,2.2
2022-05-14,PT NANTAIS,2.0,3.5
2022-05-14,SACHET DE CROUTON,1.0,1.6
2022-05-14,SACHET VIENNOISERIE,2.0,4.0
2022-05-14,SAVARIN,3.0,2.2
2022-05-14,SPECIAL BREAD KG,1.0,5.0
2022-05-14,TARTE FINE,3.0,7.0
2022-05-14,TARTELETTE FRAISE,2.0,3.5
2022-05-14,TRAITEUR,5.0,8.64
2022-05-14,VIK BREAD,10.0,2.6
2022-05-15,BAGUETTE GRAINE,9.0,1.35
2022-05-15,BOULE POLKA,1.0,1.7
2022-05-15,DEMI PAIN,1.0,0.65
2022-05-15,DIVERS BOULANGERIE,2.0,1.5
2022-05-15,DIVERS VIENNOISERIE,1.0,1.0
2022-05-15,FLAN ABRICOT,4.0,2.2
2022-05-15,FRAISIER,10.0,3.5
2022-05-15,FRAMBOISIER,1.0,3.5
2022-05-15,GD KOUIGN AMANN,2.0,8.0
2022-05-15,GRAND FAR BRETON,5.0,7.5
2022-05-15,NOIX JAPONAISE,2.0,2.2
2022-05-15,PAILLE,2.0,1.5
2022-05-15,PALET BRETON,4.0,1.5
2022-05-15,PARIS BREST,3.0,2.2
2022-05-15,PT NANTAIS,1.0,3.5
2022-05-15,ROYAL,4.0,3.5
2022-05-15,SACHET VIENNOISERIE,1.0,4.0
2022-05-15,SAVARIN,3.0,2.2
2022-05-15,SPECIAL BREAD KG,1.0,5.0
2022-05-15,TARTE FINE,1.0,7.0
2022-05-15,TARTE FRUITS 4P,2.0,10.0
2022-05-15,TARTE FRUITS 6P,2.0,14.0
2022-05-15,TARTELETTE FRAISE,8.0,3.5
2022-05-15,VIK BREAD,10.0,2.6
2022-05-16,DIVERS VIENNOISERIE,1.0,6.0
2022-05-16,GRAND FAR BRETON,1.0,7.5
2022-05-16,NOIX JAPONAISE,3.0,2.2
2022-05-16,PAILLE,2.0,1.5
2022-05-16,PLAT 7.00,1.0,7.0
2022-05-16,PLAT 7.60E,1.0,7.6
2022-05-16,PLAT 8.30E,1.0,8.3
2022-05-16,PT NANTAIS,2.0,3.5
2022-05-16,SAVARIN,2.0,2.2
2022-05-16,SPECIAL BREAD KG,1.0,5.0
2022-05-16,SUCETTE,1.0,0.3
2022-05-17,BOULE POLKA,1.0,1.7
2022-05-17,BROWNIES,1.0,2.5
2022-05-17,DEMI PAIN,1.0,0.65
2022-05-17,DIVERS PATISSERIE,3.0,2.0
2022-05-17,DIVERS VIENNOISERIE,3.0,1.5
2022-05-17,FLAN,3.0,2.1
2022-05-17,FRAISIER,4.0,3.5
2022-05-17,GRAND FAR BRETON,1.0,7.5
2022-05-17,PAILLE,1.0,1.5
2022-05-17,PLAT 7.00,3.0,7.0
2022-05-17,PLAT 7.60E,4.0,7.6
2022-05-17,TARTELETTE FRAISE,2.0,3.5
2022-05-18,DIVERS CONFISERIE,1.0,3.0
2022-05-18,DIVERS VIENNOISERIE,1.0,6.0
2022-05-18,FLAN,4.0,2.1
2022-05-18,FLAN ABRICOT,4.0,2.2
2022-05-18,GD KOUIGN AMANN,1.0,8.0
2022-05-18,GRAND FAR BRETON,1.0,7.5
2022-05-18,GRANDE SUCETTE,3.0,0.6
2022-05-18,MERINGUE,3.0,1.0
2022-05-18,PAILLE,1.0,1.5
2022-05-18,PAIN S/SEL,0.0,1.6
2022-05-18,SPECIAL BREAD KG,1.0,5.0
2022-05-18,TRAITEUR,5.0,12.828571428571427
2022-05-19,DEMI PAIN,1.0,0.65
2022-05-19,FLAN,2.0,2.1
2022-05-19,PAILLE,1.0,1.5
2022-05-19,PALET BRETON,1.0,1.5
2022-05-19,TRAITEUR,7.0,10.514285714285714
2022-05-19,TROPEZIENNE,3.0,2.1
2022-05-20,DIVERS SANDWICHS,0.0,0.0
2022-05-20,DIVERS VIENNOISERIE,1.0,6.0
2022-05-20,FLAN ABRICOT,4.0,2.2
2022-05-20,FRAISIER,2.0,3.5
2022-05-20,GD KOUIGN AMANN,1.0,8.0
2022-05-20,GRANDE SUCETTE,2.0,0.6
2022-05-20,PAILLE,1.0,1.5
2022-05-20,PARIS BREST,1.0,2.2
2022-05-20,SACHET VIENNOISERIE,2.0,4.0
2022-05-20,SUCETTE,5.0,0.3
2022-05-20,TRAITEUR,5.0,10.98
2022-05-20,TROPEZIENNE,1.0,2.1
2022-05-20,VIK BREAD,10.0,2.6
2022-05-21,BOULE POLKA,1.0,1.7
2022-05-21,CHOCOLAT,2.0,1.5
2022-05-21,DEMI PAIN,1.0,0.65
2022-05-21,FLAN,1.0,2.1
2022-05-21,FRAISIER,3.0,3.5
2022-05-21,GRAND FAR BRETON,2.0,7.5
2022-05-21,MERINGUE,1.0,1.0
2022-05-21,MILLES FEUILLES,1.0,2.2
2022-05-21,PARIS BREST,4.0,2.2
2022-05-21,PT NANTAIS,1.0,3.5
2022-05-21,SACHET VIENNOISERIE,1.0,4.0
2022-05-21,SUCETTE,1.0,0.3
2022-05-21,TARTE FINE,1.0,7.0
2022-05-21,TARTE FRAISE 4PER,1.0,14.0
2022-05-21,TARTELETTE FRAISE,1.0,3.5
2022-05-21,TRAITEUR,2.0,11.1
2022-05-21,TROPEZIENNE,3.0,2.1
2022-05-21,VIK BREAD,6.0,2.6
2022-05-22,BAGUETTE GRAINE,10.0,1.35
2022-05-22,BOULE POLKA,1.0,1.7
2022-05-22,DEMI PAIN,1.0,0.65
2022-05-22,DIVERS CONFISERIE,1.0,3.0
2022-05-22,ECLAIR FRAISE PISTACHE,1.0,2.1
2022-05-22,FLAN,3.0,2.1
2022-05-22,FRAISIER,7.0,3.5
2022-05-22,FRAMBOISIER,3.0,3.5
2022-05-22,GRAND FAR BRETON,4.0,7.5
2022-05-22,GRANDE SUCETTE,1.0,0.6
2022-05-22,MERINGUE,3.0,1.0
2022-05-22,PAILLE,2.0,1.5
2022-05-22,PAIN S/SEL,0.0,1.6
2022-05-22,PALET BRETON,2.0,1.5
2022-05-22,PT NANTAIS,1.0,3.5
2022-05-22,ROYAL,3.0,3.5
2022-05-22,ROYAL 4P,1.0,14.0
2022-05-22,ROYAL 6P,1.0,21.0
2022-05-22,SACHET VIENNOISERIE,1.0,4.0
2022-05-22,SPECIAL BREAD KG,1.0,5.0
2022-05-22,TARTE FINE,1.0,7.0
2022-05-22,TARTE FRAISE 4PER,1.0,14.0
2022-05-22,TARTELETTE FRAISE,9.0,3.5
2022-05-22,TRAITEUR,1.0,8.3
2022-05-22,TROPEZIENNE,2.0,2.1
2022-05-22,VIK BREAD,14.0,2.6
2022-05-23,BAGUETTE APERO,1.0,4.5
2022-05-23,BOULE POLKA,1.0,1.7
2022-05-23,FRAISIER,2.0,3.5
2022-05-23,FRAMBOISIER,1.0,3.5
2022-05-23,GRAND FAR BRETON,2.0,7.5
2022-05-23,MERINGUE,2.0,1.0
2022-05-23,PAILLE,1.0,1.5
2022-05-23,PLAT 7.00,2.0,7.0
2022-05-23,PLAT 7.60E,4.0,7.6
2022-05-23,PLAT 8.30E,1.0,8.3
2022-05-23,SUCETTE,3.0,0.3
2022-05-23,TARTE FRUITS 4P,2.0,10.0
2022-05-24,DIVERS PATISSERIE,8.0,2.25
2022-05-24,DIVERS VIENNOISERIE,5.0,2.25
2022-05-24,FLAN,1.0,2.1
2022-05-24,FLAN ABRICOT,4.0,2.2
2022-05-24,FRAMBOISIER,1.0,3.5
2022-05-24,MERINGUE,1.0,1.0
2022-05-24,MILLES FEUILLES,3.0,2.2
2022-05-24,PAILLE,1.0,1.5
2022-05-24,PT NANTAIS,1.0,3.5
2022-05-24,ROYAL,3.0,3.5
2022-05-24,SPECIAL BREAD KG,1.0,5.0
2022-05-24,SUCETTE,1.0,0.3
2022-05-25,BOULE POLKA,1.0,1.7
2022-05-25,DEMI PAIN,2.0,0.65
2022-05-25,DIVERS PATISSERIE,1.0,12.0
2022-05-25,DIVERS SANDWICHS,1.0,2.5
2022-05-25,DIVERS VIENNOISERIE,3.0,6.0
2022-05-25,FLAN,4.0,2.1
2022-05-25,FLAN ABRICOT,6.0,2.2
2022-05-25,GD KOUIGN AMANN,2.0,8.0
2022-05-25,GRAND FAR BRETON,3.0,7.5
2022-05-25,MERINGUE,1.0,1.0
2022-05-25,PAILLE,1.0,1.5
2022-05-25,PALET BRETON,1.0,1.5
2022-05-25,PARIS BREST,4.0,2.2
2022-05-25,SPECIAL BREAD KG,1.0,5.0
2022-05-25,SUCETTE,1.0,0.3
2022-05-25,TARTE FRUITS 4P,2.0,10.0
2022-05-25,TRAITEUR,2.0,11.8
2022-05-25,TROPEZIENNE,3.0,2.1
2022-05-26,BAGUETTE GRAINE,10.0,1.35
2022-05-26,BOULE POLKA,1.0,1.7
2022-05-26,DEMI PAIN,1.0,0.65
2022-05-26,DIVERS CONFISERIE,3.0,4.0
2022-05-26,DIVERS VIENNOISERIE,1.0,1.5
2022-05-26,FLAN ABRICOT,1.0,2.2
2022-05-26,FRAISIER,8.0,3.5
2022-05-26,GD FAR BRETON,4.0,7.5
2022-05-26,GD KOUIGN AMANN,5.0,8.0
2022-05-26,GRAND FAR BRETON,6.0,7.5
2022-05-26,NOIX JAPONAISE,2.0,2.2
2022-05-26,PAILLE,6.0,1.5
2022-05-26,PALET BRETON,4.0,1.5
2022-05-26,PARIS BREST,4.0,2.2
2022-05-26,PLAT 7.00,4.0,7.0
2022-05-26,PLAT 7.60E,3.0,7.6
2022-05-26,ROYAL,2.0,3.5
2022-05-26,SAVARIN,4.0,2.2
2022-05-26,TARTE FRAISE 4PER,1.0,14.0
2022-05-26,TARTE FRAISE 6P,2.0,21.0
2022-05-26,TARTE FRUITS 4P,2.0,10.0
2022-05-26,TARTE FRUITS 6P,4.0,14.0
2022-05-26,TARTELETTE FRAISE,6.0,3.5
2022-05-26,TRAITEUR,2.0,10.8
2022-05-26,TROPEZIENNE,2.0,2.1
2022-05-26,VIK BREAD,15.0,2.6
2022-05-27,BAGUETTE GRAINE,10.0,1.35
2022-05-27,BOULE POLKA,1.0,1.7
2022-05-27,CHOU CHANTILLY,1.0,2.1
2022-05-27,DIVERS CONFISERIE,3.0,3.0
2022-05-27,DIVERS VIENNOISERIE,1.0,6.0
2022-05-27,ECLAIR FRAISE PISTACHE,1.0,2.1
2022-05-27,FLAN,2.0,2.1
2022-05-27,FLAN ABRICOT,3.0,2.2
2022-05-27,FRAISIER,1.0,3.5
2022-05-27,FRAMBOISIER,2.0,3.5
2022-05-27,GD FAR BRETON,1.0,7.5
2022-05-27,GRAND FAR BRETON,6.0,7.5
2022-05-27,MERINGUE,3.0,1.0
2022-05-27,MILLES FEUILLES,1.0,2.2
2022-05-27,PAILLE,2.0,1.5
2022-05-27,PALET BRETON,3.0,1.5
2022-05-27,PARIS BREST,1.0,2.2
2022-05-27,PLAT 7.00,1.0,7.0
2022-05-27,PLAT 8.30E,7.0,8.3
2022-05-27,ROYAL,5.0,3.5
2022-05-27,ROYAL 6P,1.0,21.0
2022-05-27,SACHET VIENNOISERIE,3.0,4.0
2022-05-27,SAVARIN,1.0,2.2
2022-05-27,SPECIAL BREAD KG,1.0,5.0
2022-05-27,TARTE FINE,2.0,7.0
2022-05-27,TARTE FRAISE 4PER,2.0,14.0
2022-05-27,TARTE FRAISE 6P,1.0,21.0
2022-05-27,TARTE FRUITS 4P,4.0,10.0
2022-05-27,TARTE FRUITS 6P,2.0,14.0
2022-05-27,TRAITEUR,2.0,10.8
2022-05-27,VIK BREAD,16.0,2.6
2022-05-28,BAGUETTE GRAINE,7.0,1.35
2022-05-28,BOULE POLKA,1.0,1.7
2022-05-28,CHOU CHANTILLY,1.0,2.1
2022-05-28,DIVERS CONFISERIE,3.0,4.0
2022-05-28,FRAISIER,7.0,3.5
2022-05-28,GD FAR BRETON,3.0,7.5
2022-05-28,GD KOUIGN AMANN,10.0,8.0
2022-05-28,GRAND FAR BRETON,4.0,7.5
2022-05-28,GRANDE SUCETTE,1.0,0.6
2022-05-28,MERINGUE,3.0,1.0
2022-05-28,MILLES FEUILLES,7.0,2.2
2022-05-28,NOIX JAPONAISE,3.0,2.2
2022-05-28,PAILLE,3.0,1.5
2022-05-28,PAIN S/SEL,1.0,1.6
2022-05-28,PALET BRETON,5.0,1.5
2022-05-28,PARIS BREST,1.0,2.2
2022-05-28,PLAT 7.00,1.0,7.0
2022-05-28,PLAT 7.60E,1.0,7.6
2022-05-28,PLAT 8.30E,3.0,8.3
2022-05-28,ROYAL,8.0,3.5
2022-05-28,ROYAL 6P,2.0,21.0
2022-05-28,SACHET VIENNOISERIE,2.0,4.0
2022-05-28,SAVARIN,2.0,2.2
2022-05-28,SPECIAL BREAD KG,1.0,5.0
2022-05-28,SUCETTE,3.0,0.3
2022-05-28,TARTE FRAISE 4PER,2.0,14.0
2022-05-28,TARTE FRAISE 6P,1.0,21.0
2022-05-28,TARTE FRUITS 4P,3.0,10.0
2022-05-28,TARTE FRUITS 6P,3.0,14.0
2022-05-28,TARTELETTE CHOC,0.0,2.5
2022-05-28,TARTELETTE FRAISE,2.0,3.5
2022-05-28,VIK BREAD,15.0,2.6
2022-05-29,BAGUETTE GRAINE,8.0,1.35
2022-05-29,BOULE POLKA,1.0,1.7
2022-05-29,CHOU CHANTILLY,6.0,2.1
2022-05-29,DIVERS VIENNOISERIE,1.0,6.0
2022-05-29,FRAISIER,7.0,3.5
2022-05-29,FRAMBOISIER,5.0,3.5
2022-05-29,GD FAR BRETON,8.0,7.5
2022-05-29,GD KOUIGN AMANN,7.0,8.0
2022-05-29,GRAND FAR BRETON,5.0,7.5
2022-05-29,PAILLE,2.0,1.5
2022-05-29,PALET BRETON,3.0,1.5
2022-05-29,PARIS BREST,4.0,2.2
2022-05-29,PT NANTAIS,3.0,3.5
2022-05-29,ROYAL,15.0,3.5
2022-05-29,ROYAL 4P,1.0,14.0
2022-05-29,ROYAL 6P,1.0,21.0
2022-05-29,SACHET VIENNOISERIE,5.0,4.0
2022-05-29,SAVARIN,9.0,2.2
2022-05-29,SPECIAL BREAD KG,1.0,5.0
2022-05-29,TARTE FRAISE 4PER,1.0,14.0
2022-05-29,TARTE FRAISE 6P,2.0,21.0
2022-05-29,TARTE FRUITS 4P,7.0,10.0
2022-05-29,TARTE FRUITS 6P,4.0,14.0
2022-05-29,TARTELETTE FRAISE,5.0,3.5
2022-05-29,VIK BREAD,19.0,2.6
2022-05-30,BOULE POLKA,1.0,1.7
2022-05-30,DEMI PAIN,1.0,0.65
2022-05-30,DIVERS BOULANGERIE,1.0,2.0
2022-05-30,DIVERS VIENNOISERIE,2.0,6.0
2022-05-30,FLAN,4.0,2.1
2022-05-30,FLAN ABRICOT,2.0,2.2
2022-05-30,GRAND FAR BRETON,5.0,7.5
2022-05-30,GRANDE SUCETTE,1.0,0.6
2022-05-30,NOIX JAPONAISE,1.0,2.2
2022-05-30,PALET BRETON,1.0,1.5
2022-05-30,PARIS BREST,5.0,2.2
2022-05-30,PLAT 7.60E,1.0,7.6
2022-05-30,PLAT 8.30E,1.0,8.3
2022-05-30,PT NANTAIS,3.0,3.5
2022-05-30,SPECIAL BREAD KG,1.0,5.0
2022-05-30,TRAITEUR,1.0,16.6
2022-05-30,TROPEZIENNE,3.0,2.1
2022-05-31,DIVERS VIENNOISERIE,2.0,6.0
2022-05-31,FLAN ABRICOT,1.0,2.2
2022-05-31,GD FAR BRETON,2.0,7.5
2022-05-31,PLAT 7.00,1.0,7.0
2022-05-31,SPECIAL BREAD KG,1.0,5.0
2022-05-31,TRAITEUR,1.0,9.8
2022-06-01,BOULE POLKA,1.0,1.7
2022-06-01,DEMI PAIN,1.0,0.65
2022-06-01,DIVERS BOULANGERIE,1.0,2.0
2022-06-01,DIVERS CONFISERIE,1.0,3.0
2022-06-01,DIVERS VIENNOISERIE,1.0,3.0
2022-06-01,FLAN,4.0,2.1
2022-06-01,FLAN ABRICOT,2.0,2.2
2022-06-01,MILLES FEUILLES,4.0,2.2
2022-06-01,NOIX JAPONAISE,2.0,2.2
2022-06-01,PARIS BREST,3.0,2.2
2022-06-01,PLAT 7.00,2.0,7.0
2022-06-01,PT NANTAIS,1.0,3.5
2022-06-01,SACHET VIENNOISERIE,1.0,4.0
2022-06-01,SPECIAL BREAD KG,1.0,5.0
2022-06-01,SUCETTE,1.0,0.3
2022-06-02,BOULE POLKA,1.0,1.7
2022-06-02,FLAN,3.0,2.1
2022-06-02,FLAN ABRICOT,1.0,2.2
2022-06-02,GRAND FAR BRETON,1.0,7.5
2022-06-02,MERINGUE,1.0,1.0
2022-06-02,MILLES FEUILLES,1.0,2.2
2022-06-02,PARIS BREST,1.0,2.2
2022-06-02,PLAT 8.30E,4.0,8.3
2022-06-02,PT NANTAIS,1.0,3.5
2022-06-02,SACHET VIENNOISERIE,3.0,4.0
2022-06-02,SPECIAL BREAD KG,1.0,5.0
2022-06-02,TRAITEUR,1.0,16.6
2022-06-03,BAGUETTE APERO,1.0,4.5
2022-06-03,DEMI PAIN,1.0,0.65
2022-06-03,DIVERS CONFISERIE,1.0,3.0
2022-06-03,FLAN,3.0,2.1
2022-06-03,FLAN ABRICOT,1.0,2.2
2022-06-03,GD KOUIGN AMANN,2.0,8.0
2022-06-03,GRAND FAR BRETON,1.0,7.5
2022-06-03,GRANDE SUCETTE,1.0,0.6
2022-06-03,MERINGUE,1.0,1.0
2022-06-03,MILLES FEUILLES,1.0,2.2
2022-06-03,PAIN S/SEL,0.0,1.6
2022-06-03,PLAT 7.00,2.0,7.0
2022-06-03,PLAT 8.30E,2.0,8.3
2022-06-03,SACHET VIENNOISERIE,3.0,4.0
2022-06-03,SUCETTE,1.0,0.3
2022-06-03,TRAITEUR,3.0,5.6000000000000005
2022-06-03,VIK BREAD,5.0,2.6
2022-06-04,BOULE POLKA,1.0,1.7
2022-06-04,DEMI PAIN,2.0,0.65
2022-06-04,DIVERS CONFISERIE,1.0,3.0
2022-06-04,DIVERS VIENNOISERIE,1.0,6.0
2022-06-04,FINANCIER,0.0,0.7
2022-06-04,FLAN ABRICOT,1.0,2.2
2022-06-04,GD KOUIGN AMANN,7.0,8.0
2022-06-04,GRAND FAR BRETON,4.0,7.5
2022-06-04,PALET BRETON,7.0,1.5
2022-06-04,PARIS BREST,4.0,2.2
2022-06-04,PT NANTAIS,3.0,3.5
2022-06-04,SACHET VIENNOISERIE,2.0,4.0
2022-06-04,SPECIAL BREAD KG,1.0,5.0
2022-06-04,SUCETTE,1.0,0.3
2022-06-04,TARTE FRAISE 4PER,1.0,14.0
2022-06-04,TARTE FRUITS 4P,1.0,10.0
2022-06-04,VIK BREAD,8.0,2.6
2022-06-05,BAGUETTE GRAINE,10.0,1.35
2022-06-05,BOULE POLKA,1.0,1.7
2022-06-05,DIVERS CONFISERIE,3.0,5.0
2022-06-05,ECLAIR FRAISE PISTACHE,3.0,2.2
2022-06-05,FLAN,5.0,2.1
2022-06-05,FLAN ABRICOT,5.0,2.2
2022-06-05,FRAISIER,6.0,3.5
2022-06-05,GD KOUIGN AMANN,5.0,8.0
2022-06-05,GRAND FAR BRETON,4.0,7.5
2022-06-05,GRANDE SUCETTE,4.0,0.6
2022-06-05,MERINGUE,1.0,1.0
2022-06-05,PALET BRETON,2.0,1.5
2022-06-05,PARIS BREST,6.0,2.2
2022-06-05,PLAT 7.60E,2.0,7.6
2022-06-05,PT NANTAIS,1.0,3.5
2022-06-05,REDUCTION SUCREES 12,1.0,10.0
2022-06-05,SACHET VIENNOISERIE,3.0,4.0
2022-06-05,SPECIAL BREAD KG,1.0,5.0
2022-06-05,SUCETTE,7.0,0.3
2022-06-05,TARTE FRAISE 4PER,3.0,14.0
2022-06-05,TARTE FRAISE 6P,2.0,21.0
2022-06-05,TARTE FRUITS 4P,2.0,10.0
2022-06-05,TARTE FRUITS 6P,1.0,14.0
2022-06-05,TARTELETTE FRAISE,7.0,3.5
2022-06-05,VIK BREAD,8.0,2.6
2022-06-06,BAGUETTE APERO,1.0,4.5
2022-06-06,BAGUETTE GRAINE,8.0,1.3500000000000003
2022-06-06,BOULE POLKA,1.0,1.7
2022-06-06,DIVERS CONFISERIE,2.0,3.0
2022-06-06,ECLAIR FRAISE PISTACHE,3.0,2.2
2022-06-06,FLAN,4.0,2.1
2022-06-06,FRAISIER,2.0,3.5
2022-06-06,GD KOUIGN AMANN,10.0,8.0
2022-06-06,GRAND FAR BRETON,7.0,7.5
2022-06-06,MERINGUE,3.0,1.0
2022-06-06,MILLES FEUILLES,2.0,2.2
2022-06-06,PAIN GRAINES,1.0,2.0
2022-06-06,PARIS BREST,4.0,2.2
2022-06-06,PLAT 7.00,3.0,7.0
2022-06-06,PLAT 7.60E,1.0,7.6
2022-06-06,PLAT 8.30E,2.0,8.3
2022-06-06,PT NANTAIS,6.0,3.5
2022-06-06,SACHET VIENNOISERIE,2.0,4.0
2022-06-06,SPECIAL BREAD KG,1.0,5.0
2022-06-06,ST HONORE,4.0,3.0
2022-06-06,TARTE FRAISE 4PER,1.0,14.0
2022-06-06,TARTE FRAISE 6P,1.0,21.0
2022-06-06,TARTE FRUITS 4P,3.0,10.0
2022-06-06,TARTE FRUITS 6P,1.0,14.0
2022-06-06,TARTELETTE FRAISE,14.0,3.5
2022-06-06,VIK BREAD,10.0,2.6
2022-06-07,BOULE POLKA,1.0,1.7
2022-06-07,DEMI PAIN,2.0,0.65
2022-06-07,DIVERS PATISSERIE,1.0,6.6
2022-06-07,DIVERS VIENNOISERIE,1.0,6.0
2022-06-07,FLAN,3.0,2.1
2022-06-07,FLAN ABRICOT,2.0,2.2
2022-06-07,FRAISIER,3.0,3.5
2022-06-07,GD FAR BRETON,1.0,7.5
2022-06-07,MILLES FEUILLES,1.0,2.2
2022-06-07,PLAT 7.00,1.0,7.0
2022-06-07,PLAT 7.60E,1.0,7.6
2022-06-07,PLAT 8.30E,1.0,8.3
2022-06-07,PT NANTAIS,2.0,3.5
2022-06-07,ST HONORE,1.0,3.0
2022-06-07,SUCETTE,1.0,0.3
2022-06-08,BOULE POLKA,1.0,1.7
2022-06-08,DEMI PAIN,1.0,0.65
2022-06-08,DIVERS BOULANGERIE,1.0,1.0
2022-06-08,DIVERS CONFISERIE,1.0,6.0
2022-06-08,DIVERS PATISSERIE,3.0,2.566666666666667
2022-06-08,FLAN,1.0,2.1
2022-06-08,FLAN ABRICOT,1.0,2.2
2022-06-08,GD FAR BRETON,1.0,7.5
2022-06-08,GRANDE SUCETTE,2.0,0.6
2022-06-08,MILLES FEUILLES,5.0,2.2
2022-06-08,PARIS BREST,1.0,2.2
2022-06-08,PLAT 7.00,1.0,7.0
2022-06-08,PLAT 7.60E,3.0,7.6
2022-06-08,PT NANTAIS,2.0,3.5
2022-06-08,ROYAL,1.0,3.5
2022-06-08,ROYAL 6P,1.0,21.0
2022-06-08,SACHET VIENNOISERIE,4.0,4.0
2022-06-08,TRAITEUR,1.0,8.5
2022-06-09,BOULE POLKA,1.0,1.7
2022-06-09,DIVERS PATISSERIE,4.0,2.475
2022-06-09,FLAN,2.0,2.1
2022-06-09,FLAN ABRICOT,1.0,2.2
2022-06-09,GRAND FAR BRETON,1.0,7.5
2022-06-09,PARIS BREST,2.0,2.2
2022-06-09,PLAT 7.00,1.0,7.0
2022-06-09,PLAT 7.60E,1.0,7.6
2022-06-09,PLAT 8.30E,1.0,8.3
2022-06-09,TRAITEUR,2.0,8.8
2022-06-10,BOULE POLKA,1.0,1.7
2022-06-10,DEMI PAIN,2.0,0.65
2022-06-10,FLAN,1.0,2.1
2022-06-10,FLAN ABRICOT,1.0,2.2
2022-06-10,GRAND FAR BRETON,2.0,7.5
2022-06-10,GRANDE SUCETTE,1.0,0.6
2022-06-10,MILLES FEUILLES,4.0,2.2
2022-06-10,PARIS BREST,2.0,2.2
2022-06-10,PLAT 7.00,1.0,7.0
2022-06-10,PLAT 7.60E,3.0,7.6
2022-06-10,PLAT 8.30E,6.0,8.3
2022-06-10,PT NANTAIS,3.0,3.5
2022-06-10,TRAITEUR,2.0,8.8
2022-06-10,VIK BREAD,3.0,2.6
2022-06-11,BOULE POLKA,1.0,1.7
2022-06-11,DEMI PAIN,1.0,0.65
2022-06-11,DIVERS BOULANGERIE,2.0,1.125
2022-06-11,DIVERS CONFISERIE,1.0,3.0
2022-06-11,DIVERS PATISSERIE,4.0,16.0
2022-06-11,FLAN,1.0,2.1
2022-06-11,FLAN ABRICOT,3.0,2.2
2022-06-11,FRAISIER,3.0,3.5
2022-06-11,GD KOUIGN AMANN,8.0,8.0
2022-06-11,GRAND FAR BRETON,7.0,7.5
2022-06-11,MILLES FEUILLES,1.0,2.2
2022-06-11,PARIS BREST,1.0,2.2
2022-06-11,PLAT 7.60E,1.0,7.6
2022-06-11,PT NANTAIS,1.0,3.5
2022-06-11,SPECIAL BREAD KG,1.0,5.0
2022-06-11,SUCETTE,5.0,0.3
2022-06-11,TARTE FRUITS 4P,2.0,10.0
2022-06-11,TARTE FRUITS 6P,1.0,14.0
2022-06-11,TROPEZIENNE,2.0,2.1
2022-06-11,VIK BREAD,8.0,2.6
2022-06-12,BAGUETTE GRAINE,10.0,1.35
2022-06-12,BOULE POLKA,1.0,1.7
2022-06-12,DIVERS CONFISERIE,1.0,3.0
2022-06-12,FLAN ABRICOT,1.0,2.2
2022-06-12,FRAISIER,3.0,3.5
2022-06-12,GD KOUIGN AMANN,3.0,8.0
2022-06-12,GRAND FAR BRETON,4.0,7.5
2022-06-12,PALET BRETON,1.0,1.5
2022-06-12,PLAT 7.60E,2.0,7.6
2022-06-12,PT NANTAIS,2.0,3.5
2022-06-12,SAVARIN,8.0,2.2
2022-06-12,ST HONORE,1.0,3.0
2022-06-12,SUCETTE,4.0,0.3
2022-06-12,TARTE FRUITS 4P,2.0,10.0
2022-06-12,TARTELETTE FRAISE,6.0,3.5
2022-06-12,TROPEZIENNE,1.0,2.1
2022-06-12,TROPEZIENNE FRAMBOISE,2.0,2.2
2022-06-12,VIK BREAD,10.0,2.6
2022-06-13,BAGUETTE APERO,0.0,4.5
2022-06-13,DIVERS BOULANGERIE,1.0,1.0
2022-06-13,DIVERS PATISSERIE,3.0,3.1333333333333333
2022-06-13,FLAN,2.0,2.1
2022-06-13,FLAN ABRICOT,1.0,2.2
2022-06-13,GD FAR BRETON,3.0,7.5
2022-06-13,GRANDE SUCETTE,5.0,0.6
2022-06-13,PARIS BREST,1.0,2.2
2022-06-13,PLAT 7.00,1.0,7.0
2022-06-13,PLAT 7.60E,6.0,7.599999999999999
2022-06-13,PLAT 8.30E,1.0,8.3
2022-06-13,PT NANTAIS,4.0,3.5
2022-06-13,SPECIAL BREAD KG,1.0,5.0
2022-06-13,ST HONORE,2.0,3.0
2022-06-13,TRAITEUR,2.0,9.1
2022-06-14,DIVERS CONFISERIE,1.0,3.0
2022-06-14,DIVERS VIENNOISERIE,1.0,6.0
2022-06-14,FLAN ABRICOT,3.0,2.2
2022-06-14,GD FAR BRETON,3.0,7.5
2022-06-14,PLAT 7.00,1.0,7.0
2022-06-14,PLAT 7.60E,3.0,7.6
2022-06-14,TARTELETTE FRAISE,2.0,3.5
2022-06-14,TRAITEUR,4.0,8.9
2022-06-15,CHOU CHANTILLY,1.0,2.1
2022-06-15,DEMI PAIN,1.0,0.65
2022-06-15,DIVERS CONFISERIE,1.0,3.0
2022-06-15,GRAND FAR BRETON,3.0,7.5
2022-06-15,PLAT 7.00,2.0,7.0
2022-06-15,PLAT 7.60E,1.0,7.6
2022-06-15,SAVARIN,1.0,2.2
2022-06-15,SPECIAL BREAD KG,1.0,5.0
2022-06-15,ST HONORE,1.0,3.0
2022-06-16,BAGUETTE APERO,0.0,4.5
2022-06-16,BOULE POLKA,1.0,1.7
2022-06-16,CHOU CHANTILLY,2.0,2.1
2022-06-16,FLAN,1.0,2.1
2022-06-16,PLAT 7.00,1.0,7.0
2022-06-16,PLAT 7.60E,1.0,7.6
2022-06-16,PT NANTAIS,3.0,3.5
2022-06-16,ST HONORE,1.0,3.0
2022-06-16,TRAITEUR,4.0,9.1
2022-06-17,BOULE POLKA,1.0,1.7
2022-06-17,FLAN,2.0,2.1
2022-06-17,NOIX JAPONAISE,2.0,2.2
2022-06-17,PARIS BREST,3.0,2.2
2022-06-17,PLAT 7.60E,3.0,7.599999999999999
2022-06-17,PLAT 8.30E,3.0,8.3
2022-06-17,SPECIAL BREAD KG,1.0,5.0
2022-06-17,TRAITEUR,1.0,9.1
2022-06-17,VIK BREAD,7.0,2.6
2022-06-18,BOULE POLKA,1.0,1.7
2022-06-18,DEMI PAIN,1.0,0.65
2022-06-18,DIVERS BOULANGERIE,1.0,1.0
2022-06-18,DIVERS CONFISERIE,1.0,3.0
2022-06-18,DIVERS PATISSERIE,1.0,3.0
2022-06-18,FLAN,2.0,2.1
2022-06-18,GD KOUIGN AMANN,2.0,8.0
2022-06-18,GRAND FAR BRETON,4.0,7.5
2022-06-18,PAIN S/SEL,1.0,1.6
2022-06-18,PARIS BREST,1.0,2.2
2022-06-18,PLAT 7.60E,4.0,7.6
2022-06-18,PT NANTAIS,2.0,3.5
2022-06-18,TARTE FRAISE 4PER,1.0,14.0
2022-06-18,TARTE FRUITS 4P,3.0,10.0
2022-06-18,TARTE FRUITS 6P,1.0,14.0
2022-06-18,TARTELETTE FRAISE,2.0,3.5
2022-06-18,TROPEZIENNE,1.0,2.1
2022-06-18,VIK BREAD,13.0,2.6000000000000005
2022-06-19,BAGUETTE GRAINE,7.0,1.35
2022-06-19,BOULE POLKA,1.0,1.7
2022-06-19,DEMI PAIN,2.0,0.65
2022-06-19,DIVERS BOULANGERIE,1.0,6.0
2022-06-19,DIVERS CONFISERIE,2.0,3.0
2022-06-19,DIVERS PATISSERIE,5.0,10.8
2022-06-19,FLAN,4.0,2.1
2022-06-19,FRAISIER,6.0,3.5
2022-06-19,GD KOUIGN AMANN,4.0,8.0
2022-06-19,GRAND FAR BRETON,8.0,7.5
2022-06-19,NOIX JAPONAISE,3.0,2.2
2022-06-19,PARIS BREST,5.0,2.2
2022-06-19,PT NANTAIS,2.0,3.5
2022-06-19,SPECIAL BREAD KG,1.0,5.0
2022-06-19,ST HONORE,2.0,3.0
2022-06-19,SUCETTE,1.0,0.3
2022-06-19,TARTE FRAISE 4PER,3.0,14.0
2022-06-19,TARTE FRAISE 6P,1.0,21.0
2022-06-19,TARTE FRUITS 4P,2.0,10.0
2022-06-19,TARTE FRUITS 6P,2.0,14.0
2022-06-19,TARTELETTE FRAISE,2.0,3.5
2022-06-19,TROPEZIENNE,6.0,2.1
2022-06-19,VIK BREAD,11.0,2.6
2022-06-20,BOULE POLKA,1.0,1.7
2022-06-20,FLAN,2.0,2.1
2022-06-20,GD FAR BRETON,1.0,7.5
2022-06-20,PLAT 7.00,1.0,7.0
2022-06-20,PLAT 7.60E,0.0,7.6
2022-06-20,PLAT 8.30E,2.0,8.3
2022-06-20,SPECIAL BREAD KG,1.0,5.0
2022-06-20,TRAITEUR,3.0,9.133333333333333
2022-06-20,TROPEZIENNE,2.0,2.1
2022-06-20,VIK BREAD,4.0,2.6
2022-06-21,BOULE POLKA,1.0,1.7
2022-06-21,FLAN,2.0,2.1
2022-06-21,FLAN ABRICOT,1.0,2.2
2022-06-21,GD FAR BRETON,1.0,7.5
2022-06-21,PARIS BREST,3.0,2.2
2022-06-21,PLAT 7.60E,1.0,7.6
2022-06-21,SPECIAL BREAD KG,1.0,5.0
2022-06-21,SUCETTE,3.0,0.3
2022-06-21,TRAITEUR,1.0,9.8
2022-06-21,TROPEZIENNE,1.0,2.1
2022-06-22,BAGUETTE APERO,1.0,4.5
2022-06-22,BOULE POLKA,1.0,1.7
2022-06-22,DEMI PAIN,2.0,0.65
2022-06-22,DIVERS VIENNOISERIE,2.0,1.5
2022-06-22,GRANDE SUCETTE,2.0,0.6
2022-06-22,PLAT 7.00,1.0,7.0
2022-06-22,PLAT 7.60E,3.0,7.6
2022-06-22,SPECIAL BREAD KG,1.0,5.0
2022-06-22,TRAITEUR,1.0,9.1
2022-06-23,BROWNIES,1.0,2.5
2022-06-23,DEMI PAIN,1.0,0.65
2022-06-23,DIVERS BOULANGERIE,1.0,2.0
2022-06-23,FLAN,4.0,2.1
2022-06-23,FLAN ABRICOT,1.0,2.2
2022-06-23,GRAND FAR BRETON,1.0,7.5
2022-06-23,GRANDE SUCETTE,1.0,0.6
2022-06-23,PLAT 8.30E,1.0,8.3
2022-06-23,PT NANTAIS,1.0,3.5
2022-06-23,TRAITEUR,2.0,8.8
2022-06-24,DEMI PAIN,1.0,0.65
2022-06-24,FLAN,3.0,2.1
2022-06-24,GD KOUIGN AMANN,1.0,8.0
2022-06-24,GRAND FAR BRETON,2.0,7.5
2022-06-24,PALET BRETON,1.0,1.5
2022-06-24,PARIS BREST,1.0,2.2
2022-06-24,PLAT 7.00,1.0,7.0
2022-06-24,PLAT 7.60E,8.0,7.599999999999999
2022-06-24,PLAT 8.30E,4.0,8.3
2022-06-24,PT NANTAIS,0.0,3.5
2022-06-24,SPECIAL BREAD KG,1.0,5.0
2022-06-24,TARTE FRUITS 6P,2.0,14.0
2022-06-24,TRAITEUR,2.0,9.1
2022-06-24,VIK BREAD,6.0,2.6
2022-06-25,BOULE POLKA,1.0,1.7
2022-06-25,DEMI PAIN,1.0,0.65
2022-06-25,DIVERS PATISSERIE,2.0,10.0
2022-06-25,DIVERS VIENNOISERIE,1.0,6.0
2022-06-25,FLAN,4.0,2.1
2022-06-25,FLAN ABRICOT,4.0,2.2
2022-06-25,GD KOUIGN AMANN,2.0,8.0
2022-06-25,GRAND FAR BRETON,2.0,7.5
2022-06-25,MILLES FEUILLES,1.0,2.2
2022-06-25,PARIS BREST,2.0,2.2
2022-06-25,PT NANTAIS,3.0,3.5
2022-06-25,SPECIAL BREAD KG,1.0,5.0
2022-06-25,SUCETTE,6.0,0.3
2022-06-25,TARTE FRAISE 4PER,1.0,14.0
2022-06-25,TARTE FRAISE 6P,1.0,21.0
2022-06-25,TARTE FRUITS 4P,1.0,10.0
2022-06-25,TARTE FRUITS 6P,1.0,14.0
2022-06-25,TRAITEUR,1.0,9.1
2022-06-25,VIK BREAD,6.0,2.6
2022-06-26,BAGUETTE GRAINE,8.0,1.35
2022-06-26,BOULE POLKA,1.0,1.7
2022-06-26,DEMI PAIN,2.0,0.65
2022-06-26,DIVERS CONFISERIE,1.0,3.0
2022-06-26,DIVERS PATISSERIE,1.0,3.5
2022-06-26,ECLAIR FRAISE PISTACHE,1.0,2.2
2022-06-26,FLAN ABRICOT,1.0,2.2
2022-06-26,FRAISIER,21.0,3.5
2022-06-26,FRAMBOISIER,2.0,3.5
2022-06-26,GD KOUIGN AMANN,2.0,8.0
2022-06-26,GRAND FAR BRETON,4.0,7.5
2022-06-26,MILLES FEUILLES,3.0,2.2
2022-06-26,NOIX JAPONAISE,2.0,2.2
2022-06-26,PARIS BREST,4.0,2.2
2022-06-26,ROYAL,1.0,3.5
2022-06-26,SAVARIN,6.0,2.2
2022-06-26,SPECIAL BREAD KG,1.0,5.0
2022-06-26,SUCETTE,3.0,0.3
2022-06-26,TARTE FRAISE 4PER,1.0,14.0
2022-06-26,TARTE FRAISE 6P,2.0,21.0
2022-06-26,TARTE FRUITS 4P,2.0,10.0
2022-06-26,TARTELETTE FRAISE,6.0,3.5
2022-06-26,VIK BREAD,13.0,2.6000000000000005
2022-06-27,BOULE POLKA,1.0,1.7
2022-06-27,CHOU CHANTILLY,1.0,2.1
2022-06-27,DEMI PAIN,1.0,0.65
2022-06-27,FLAN ABRICOT,5.0,2.2
2022-06-27,GRANDE SUCETTE,6.0,0.6
2022-06-27,NOIX JAPONAISE,1.0,2.2
2022-06-27,PLAT 7.00,2.0,7.0
2022-06-27,PLAT 7.60E,3.0,7.6
2022-06-27,PT NANTAIS,2.0,3.5
2022-06-27,ROYAL,3.0,3.5
2022-06-27,VIK BREAD,2.0,2.6
2022-06-28,DIVERS CONFISERIE,1.0,3.0
2022-06-28,DIVERS PATISSERIE,2.0,1.0
2022-06-28,DIVERS VIENNOISERIE,5.0,1.3333333333333333
2022-06-28,GRAND FAR BRETON,1.0,7.5
2022-06-28,PT NANTAIS,1.0,3.5
2022-06-28,SUCETTE,1.0,0.3
2022-06-28,TARTE FRUITS 4P,1.0,10.0
2022-06-29,BOULE POLKA,1.0,1.8
2022-06-29,DIVERS BOISSONS,1.0,1.5
2022-06-29,DIVERS BOULANGERIE,1.0,0.45
2022-06-29,FLAN,3.0,2.2
2022-06-29,FLAN ABRICOT,2.0,2.3
2022-06-29,PALET BRETON,2.0,1.5
2022-06-29,PLAT 7.60E,3.0,7.599999999999999
2022-06-29,PLAT 8.30E,3.0,8.3
2022-06-29,SPECIAL BREAD KG,1.0,5.2
2022-06-29,TRAITEUR,1.0,9.1
2022-06-30,BOULE POLKA,1.0,1.8
2022-06-30,DEMI PAIN,1.0,0.7
2022-06-30,DIVERS CONFISERIE,1.0,3.0
2022-06-30,FLAN,2.0,2.2
2022-06-30,PLAT 7.00,1.0,7.0
2022-06-30,PLAT 7.60E,3.0,7.6
2022-06-30,PLAT 8.30E,1.0,8.3
2022-06-30,PT NANTAIS,1.0,3.5
2022-06-30,SACHET DE CROUTON,1.0,1.6
2022-06-30,SPECIAL BREAD KG,1.0,5.2
2022-06-30,TRAITEUR,2.0,9.1
2022-07-01,BAGUETTE APERO,0.0,4.5
2022-07-01,DEMI PAIN,1.0,0.7
2022-07-01,DIVERS BOULANGERIE,1.0,1.0
2022-07-01,DIVERS VIENNOISERIE,2.0,8.1
2022-07-01,GD KOUIGN AMANN,1.0,9.0
2022-07-01,GRAND FAR BRETON,1.0,7.5
2022-07-01,PARIS BREST,4.0,2.2
2022-07-01,PLAT,1.0,9.1
2022-07-01,PLAT 7.00,1.0,7.0
2022-07-01,PLAT 7.60E,6.0,7.599999999999999
2022-07-01,SUCETTE,2.0,0.3
2022-07-01,TRAITEUR,2.0,8.05
2022-07-01,VIK BREAD,12.0,2.7
2022-07-02,BOULE POLKA,1.0,1.8
2022-07-02,CARAMEL NOIX,1.0,2.4
2022-07-02,DIVERS CONFISERIE,3.0,2.0
2022-07-02,DIVERS PATISSERIE,1.0,0.0
2022-07-02,FLAN,1.0,2.2
2022-07-02,FLAN ABRICOT,1.0,2.3
2022-07-02,FRAISIER,7.0,3.5
2022-07-02,GD FAR BRETON,1.0,0.0
2022-07-02,GRAND FAR BRETON,1.0,7.5
2022-07-02,GRANDE SUCETTE,1.0,0.6
2022-07-02,MILLES FEUILLES,1.0,2.3
2022-07-02,PALET BRETON,2.0,1.5
2022-07-02,PLAT 7.60E,3.0,7.6
2022-07-02,PT NANTAIS,4.0,3.5
2022-07-02,SPECIAL BREAD KG,1.0,5.2
2022-07-02,SUCETTE,5.0,0.3
2022-07-02,TARTE FRAISE 4PER,2.0,14.0
2022-07-02,TARTE FRAISE 6P,1.0,21.0
2022-07-02,TARTE FRUITS 6P,2.0,14.0
2022-07-02,TARTELETTE FRAISE,4.0,3.5
2022-07-02,TRAITEUR,1.0,5.0
2022-07-02,VIK BREAD,11.0,2.7
2022-07-03,BAGUETTE GRAINE,10.0,1.4
2022-07-03,BOULE POLKA,1.0,1.8
2022-07-03,CHOU CHANTILLY,2.0,2.2
2022-07-03,DIVERS BOULANGERIE,1.0,2.0
2022-07-03,DIVERS CONFISERIE,1.0,3.0
2022-07-03,FLAN,5.0,2.2
2022-07-03,FLAN ABRICOT,5.0,2.3
2022-07-03,FRAISIER,6.0,3.5
2022-07-03,FRAMBOISIER,3.0,3.5
2022-07-03,GD KOUIGN AMANN,2.0,9.0
2022-07-03,GRAND FAR BRETON,5.0,7.5
2022-07-03,GUERANDAIS,1.0,3.5
2022-07-03,MILLES FEUILLES,7.0,2.3
2022-07-03,PARIS BREST,8.0,2.2
2022-07-03,PLAT 7.00,2.0,7.0
2022-07-03,PLAT 7.60E,1.0,7.6
2022-07-03,PT NANTAIS,7.0,3.5
2022-07-03,ROYAL,3.0,3.5
2022-07-03,ROYAL 6P,1.0,21.0
2022-07-03,SPECIAL BREAD KG,1.0,5.2
2022-07-03,SUCETTE,3.0,0.3
2022-07-03,TARTE FRAISE 4PER,4.0,14.0
2022-07-03,TARTE FRAISE 6P,2.0,21.0
2022-07-03,TARTE FRUITS 4P,6.0,10.0
2022-07-03,TARTE FRUITS 6P,2.0,14.0
2022-07-03,TARTELETTE FRAISE,7.0,3.5
2022-07-03,TROPEZIENNE FRAMBOISE,1.0,2.3
2022-07-03,VIK BREAD,11.0,2.7
2022-07-04,BOULE POLKA,1.0,1.8
2022-07-04,DIVERS BOULANGERIE,1.0,1.0
2022-07-04,DIVERS CONFISERIE,1.0,3.0
2022-07-04,FLAN,1.0,2.2
2022-07-04,FLAN ABRICOT,2.0,2.3
2022-07-04,FRAMBOISIER,1.0,3.5
2022-07-04,PAIN S/SEL,1.0,2.0
2022-07-04,PALET BRETON,1.0,1.5
2022-07-04,PLAT 7.60E,4.0,7.6
2022-07-04,PLAT 8.30E,1.0,8.3
2022-07-04,PT NANTAIS,2.0,3.5
2022-07-04,ROYAL,1.0,3.5
2022-07-04,SACHET VIENNOISERIE,3.0,4.0
2022-07-04,SPECIAL BREAD KG,1.0,5.2
2022-07-04,SUCETTE,2.0,0.3
2022-07-04,VIK BREAD,5.0,2.7
2022-07-05,BOULE POLKA,1.0,1.8
2022-07-05,DIVERS BOULANGERIE,0.0,14.0
2022-07-05,DIVERS CONFISERIE,1.0,3.0
2022-07-05,DIVERS VIENNOISERIE,1.0,12.0
2022-07-05,FLAN,4.0,2.2
2022-07-05,FLAN ABRICOT,4.0,2.3
2022-07-05,GRAND FAR BRETON,1.0,7.5
2022-07-05,PARIS BREST,4.0,2.2
2022-07-05,PLAT 7.00,1.0,7.0
2022-07-05,PLAT 7.60E,2.0,7.6
2022-07-05,PLAT 8.30E,4.0,8.3
2022-07-05,PT NANTAIS,3.0,3.5
2022-07-05,SACHET VIENNOISERIE,2.0,4.0
2022-07-05,SPECIAL BREAD KG,1.0,5.2
2022-07-05,SUCETTE,1.0,0.3
2022-07-05,TARTE FRUITS 4P,1.0,10.0
2022-07-05,TROPEZIENNE,5.0,2.2
2022-07-06,BOULE POLKA,1.0,1.8
2022-07-06,DIVERS BOULANGERIE,1.0,4.0
2022-07-06,DIVERS VIENNOISERIE,2.0,4.0
2022-07-06,FLAN,2.0,2.2
2022-07-06,FLAN ABRICOT,2.0,2.3
2022-07-06,GRAND FAR BRETON,1.0,7.5
2022-07-06,PALET BRETON,1.0,1.5
2022-07-06,PARIS BREST,1.0,2.2
2022-07-06,PLAT 7.60E,1.0,7.6
2022-07-06,PT NANTAIS,2.0,3.5
2022-07-06,SUCETTE,6.0,0.3
2022-07-07,BOULE POLKA,1.0,1.8
2022-07-07,DIVERS CONFISERIE,3.0,3.0
2022-07-07,FLAN,5.0,2.2
2022-07-07,FLAN ABRICOT,3.0,2.3
2022-07-07,GD KOUIGN AMANN,1.0,9.0
2022-07-07,GD NANTAIS,1.0,12.0
2022-07-07,GRAND FAR BRETON,7.0,7.5
2022-07-07,PARIS BREST,2.0,2.2
2022-07-07,PT NANTAIS,3.0,3.5
2022-07-07,SPECIAL BREAD KG,2.0,5.2
2022-07-07,SUCETTE,5.0,0.3
2022-07-07,TRAITEUR,1.0,9.1
2022-07-08,BAGUETTE GRAINE,8.0,1.4
2022-07-08,BOULE POLKA,1.0,1.8
2022-07-08,CARAMEL NOIX,1.0,2.4
2022-07-08,DEMI PAIN,1.0,0.7
2022-07-08,DIVERS BOULANGERIE,1.0,0.65
2022-07-08,DIVERS CONFISERIE,3.0,3.0
2022-07-08,FLAN,1.0,2.2
2022-07-08,GD KOUIGN AMANN,1.0,9.0
2022-07-08,GRAND FAR BRETON,5.0,7.5
2022-07-08,NOIX JAPONAISE,1.0,2.3
2022-07-08,PLAT,1.0,4.9
2022-07-08,PLAT 8.30E,2.0,8.3
2022-07-08,PT NANTAIS,2.0,3.5
2022-07-08,SPECIAL BREAD KG,1.0,5.2
2022-07-08,SUCETTE,2.0,0.3
2022-07-08,TARTE FRUITS 4P,1.0,10.0
2022-07-08,TRAITEUR,3.0,5.533333333333334
2022-07-08,VIK BREAD,13.0,2.7
2022-07-09,BAGUETTE GRAINE,5.0,1.4
2022-07-09,BOULE POLKA,1.0,1.8
2022-07-09,DIVERS PATISSERIE,1.0,2.0
2022-07-09,DIVERS VIENNOISERIE,2.0,4.0
2022-07-09,FLAN,1.0,2.2
2022-07-09,FLAN ABRICOT,3.0,2.3
2022-07-09,GD KOUIGN AMANN,5.0,9.0
2022-07-09,GRAND FAR BRETON,3.0,7.5
2022-07-09,MILLES FEUILLES,4.0,2.3
2022-07-09,NOIX JAPONAISE,4.0,2.3
2022-07-09,PARIS BREST,3.0,2.2
2022-07-09,PLAT 7.60E,1.0,7.6
2022-07-09,PLAT 8.30E,2.0,8.3
2022-07-09,SPECIAL BREAD KG,1.0,5.2
2022-07-09,TARTE FRAISE 4PER,1.0,14.0
2022-07-09,TARTE FRUITS 4P,2.0,10.0
2022-07-09,TARTE FRUITS 6P,1.0,14.0
2022-07-09,TARTELETTE FRAISE,6.0,3.5
2022-07-09,TROPEZIENNE,1.0,2.2
2022-07-09,VIK BREAD,16.0,2.7
2022-07-10,BAGUETTE GRAINE,10.0,1.4
2022-07-10,BOULE POLKA,1.0,1.8
2022-07-10,CARAMEL NOIX,1.0,2.4
2022-07-10,DEMI PAIN,1.0,0.7
2022-07-10,DIVERS CONFISERIE,1.0,3.0
2022-07-10,DIVERS PATISSERIE,1.0,10.5
2022-07-10,FLAN,2.0,2.2
2022-07-10,FLAN ABRICOT,4.0,2.3
2022-07-10,FRAISIER,5.0,3.5
2022-07-10,GD KOUIGN AMANN,2.0,9.0
2022-07-10,GRAND FAR BRETON,7.0,7.5
2022-07-10,MILLES FEUILLES,8.0,2.3
2022-07-10,NOIX JAPONAISE,4.0,2.3
2022-07-10,PALET BRETON,1.0,1.5
2022-07-10,PARIS BREST,6.0,2.2
2022-07-10,PLAT 7.60E,2.0,7.6
2022-07-10,PLAT 8.30E,1.0,8.3
2022-07-10,PT NANTAIS,2.0,3.5
2022-07-10,ROYAL 4P,1.0,14.0
2022-07-10,SAVARIN,6.0,2.5
2022-07-10,SUCETTE,3.0,0.3
2022-07-10,TARTE FRAISE 4PER,2.0,14.0
2022-07-10,TARTE FRAISE 6P,3.0,21.0
2022-07-10,TARTE FRUITS 4P,5.0,10.0
2022-07-10,TARTE FRUITS 6P,4.0,14.0
2022-07-10,TARTELETTE FRAISE,9.0,3.5
2022-07-10,TROPEZIENNE,1.0,2.2
2022-07-10,VIK BREAD,13.0,2.7000000000000006
2022-07-11,BAGUETTE GRAINE,9.0,1.4
2022-07-11,BOULE POLKA,2.0,1.8
2022-07-11,CARAMEL NOIX,1.0,2.4
2022-07-11,DEMI PAIN,1.0,0.7
2022-07-11,DIVERS BOISSONS,1.0,2.0
2022-07-11,DIVERS CONFISERIE,3.0,3.0
2022-07-11,DIVERS VIENNOISERIE,2.0,6.0
2022-07-11,FLAN,6.0,2.2
2022-07-11,FLAN ABRICOT,3.0,2.3
2022-07-11,GD KOUIGN AMANN,2.0,9.0
2022-07-11,GD NANTAIS,1.0,14.0
2022-07-11,GRAND FAR BRETON,3.0,7.5
2022-07-11,MACARON,3.0,1.0
2022-07-11,MILLES FEUILLES,1.0,2.3
2022-07-11,PALET BRETON,1.0,1.5
2022-07-11,PARIS BREST,1.0,2.2
2022-07-11,PLAT 7.00,2.0,7.0
2022-07-11,PLAT 7.60E,2.0,7.6
2022-07-11,PT NANTAIS,5.0,3.5
2022-07-11,SAVARIN,1.0,2.5
2022-07-11,SPECIAL BREAD KG,1.0,5.2
2022-07-11,SUCETTE,5.0,0.3
2022-07-11,TARTELETTE FRAISE,3.0,3.5
2022-07-11,TROPEZIENNE,1.0,2.2
2022-07-11,VIK BREAD,10.0,2.7
2022-07-12,BAGUETTE GRAINE,7.0,1.4
2022-07-12,BOULE POLKA,2.0,1.8
2022-07-12,DIVERS BOISSONS,2.0,2.0
2022-07-12,DIVERS CONFISERIE,2.0,3.0
2022-07-12,DIVERS PATISSERIE,3.0,2.1999999999999997
2022-07-12,DIVERS VIENNOISERIE,1.0,4.0
2022-07-12,FLAN,2.0,2.2
2022-07-12,FLAN ABRICOT,1.0,2.3
2022-07-12,FORMULE PATE,1.0,6.5
2022-07-12,GRAND FAR BRETON,5.0,7.5
2022-07-12,MACARON,6.0,1.0
2022-07-12,MILLES FEUILLES,5.0,2.3
2022-07-12,PALET BRETON,2.0,1.5
2022-07-12,PARIS BREST,2.0,2.2
2022-07-12,PLAT 7.60E,5.0,7.6
2022-07-12,PLAT 8.30E,2.0,8.3
2022-07-12,PT NANTAIS,5.0,3.5
2022-07-12,SPECIAL BREAD KG,1.0,5.2
2022-07-12,TARTELETTE FRAISE,2.0,3.5
2022-07-12,VIK BREAD,10.0,2.7
2022-07-13,12 MACARON,1.0,10.0
2022-07-13,BAGUETTE GRAINE,8.0,1.4
2022-07-13,BOULE POLKA,2.0,1.8
2022-07-13,CARAMEL NOIX,3.0,2.4
2022-07-13,DIVERS BOULANGERIE,1.0,2.0
2022-07-13,DIVERS CONFISERIE,1.0,3.0
2022-07-13,DIVERS VIENNOISERIE,3.0,6.0
2022-07-13,FLAN,5.0,2.2
2022-07-13,FLAN ABRICOT,7.0,2.3
2022-07-13,GD KOUIGN AMANN,1.0,9.0
2022-07-13,GRAND FAR BRETON,8.0,7.5
2022-07-13,GRANDE SUCETTE,2.0,0.6
2022-07-13,PALET BRETON,5.0,1.5
2022-07-13,PARIS BREST,1.0,2.2
2022-07-13,PLAT 7.00,2.0,7.0
2022-07-13,PLAT 7.60E,1.0,7.6
2022-07-13,PT NANTAIS,1.0,3.5
2022-07-13,ROYAL,2.0,3.5
2022-07-13,ROYAL 6P,1.0,21.0
2022-07-13,SPECIAL BREAD KG,1.0,5.2
2022-07-13,SUCETTE,4.0,0.3
2022-07-13,TARTELETTE FRAISE,1.0,3.5
2022-07-13,TROPEZIENNE,4.0,2.2
2022-07-13,VIK BREAD,19.0,2.7
2022-07-14,BAGUETTE GRAINE,7.0,1.3999999999999997
2022-07-14,BOULE POLKA,2.0,1.8
2022-07-14,CHOU CHANTILLY,1.0,2.2
2022-07-14,DIVERS CONFISERIE,2.0,4.5
2022-07-14,DIVERS PATISSERIE,1.0,3.0
2022-07-14,DIVERS VIENNOISERIE,6.0,3.266666666666667
2022-07-14,FLAN,4.0,2.2
2022-07-14,FLAN ABRICOT,8.0,2.3
2022-07-14,FRAISIER,4.0,3.5
2022-07-14,GD KOUIGN AMANN,3.0,9.0
2022-07-14,GRAND FAR BRETON,14.0,7.5
2022-07-14,MACARON,10.0,1.0
2022-07-14,MILLES FEUILLES,2.0,2.3
2022-07-14,PALET BRETON,18.0,1.5833333333333333
2022-07-14,PARIS BREST,4.0,2.2
2022-07-14,PLAT 7.60E,2.0,7.6
2022-07-14,PT NANTAIS,1.0,3.5
2022-07-14,ROYAL 6P,1.0,21.0
2022-07-14,SPECIAL BREAD KG,2.0,5.2
2022-07-14,SUCETTE,7.0,0.3
2022-07-14,TARTE FRAISE 4PER,3.0,14.0
2022-07-14,TARTE FRAISE 6P,3.0,21.0
2022-07-14,TARTE FRUITS 4P,1.0,10.0
2022-07-14,TARTE FRUITS 6P,1.0,14.0
2022-07-14,TARTELETTE FRAISE,9.0,3.5
2022-07-14,TROPEZIENNE,4.0,2.2
2022-07-14,VIK BREAD,20.0,2.7
2022-07-15,BAGUETTE GRAINE,9.0,1.3999999999999997
2022-07-15,BOULE POLKA,1.0,1.8
2022-07-15,DIVERS BOISSONS,1.0,2.0
2022-07-15,FLAN,5.0,2.2
2022-07-15,FLAN ABRICOT,2.0,2.3
2022-07-15,FRAISIER,4.0,3.5
2022-07-15,GD KOUIGN AMANN,5.0,9.0
2022-07-15,GRAND FAR BRETON,6.0,7.5
2022-07-15,GRANDE SUCETTE,2.0,0.6
2022-07-15,MACARON,10.0,1.0
2022-07-15,MILLES FEUILLES,5.0,2.3
2022-07-15,PAIN GRAINES,1.0,2.1
2022-07-15,PALET BRETON,8.0,1.6
2022-07-15,PARIS BREST,4.0,2.2
2022-07-15,SPECIAL BREAD KG,2.0,5.2
2022-07-15,SUCETTE,10.0,0.3
2022-07-15,TARTE FINE,1.0,7.0
2022-07-15,TARTE FRUITS 4P,1.0,10.0
2022-07-15,TARTE FRUITS 6P,2.0,14.0
2022-07-15,TROPEZIENNE,1.0,2.2
2022-07-15,VIK BREAD,13.0,2.7
2022-07-16,12 MACARON,1.0,10.0
2022-07-16,BAGUETTE GRAINE,8.0,1.3999999999999997
2022-07-16,BOULE POLKA,1.0,1.8
2022-07-16,DIVERS SANDWICHS,2.0,7.0
2022-07-16,DIVERS VIENNOISERIE,1.0,3.6
2022-07-16,FLAN,2.0,2.2
2022-07-16,FLAN ABRICOT,2.0,2.3
2022-07-16,GD KOUIGN AMANN,5.0,9.0
2022-07-16,GRAND FAR BRETON,7.0,7.5
2022-07-16,MACARON,18.0,1.0
2022-07-16,MILLES FEUILLES,4.0,2.3
2022-07-16,PALET BRETON,11.0,1.6000000000000003
2022-07-16,PARIS BREST,2.0,2.2
2022-07-16,PT NANTAIS,2.0,3.5
2022-07-16,SPECIAL BREAD KG,2.0,5.2
2022-07-16,SUCETTE,6.0,0.3
2022-07-16,TARTE FRAISE 6P,1.0,21.0
2022-07-16,TARTE FRUITS 4P,5.0,10.0
2022-07-16,TARTE FRUITS 6P,3.0,14.0
2022-07-16,TARTELETTE FRAISE,3.0,3.5
2022-07-16,TRAITEUR,1.0,8.5
2022-07-16,TROPEZIENNE,1.0,2.2
2022-07-16,VIK BREAD,12.0,2.7
2022-07-17,12 MACARON,3.0,10.0
2022-07-17,ARMORICAIN,1.0,2.5
2022-07-17,BAGUETTE GRAINE,8.0,1.3999999999999997
2022-07-17,BOULE POLKA,1.0,1.8
2022-07-17,CHOU CHANTILLY,2.0,2.2
2022-07-17,DEMI PAIN,2.0,0.7
2022-07-17,DIVERS BOULANGERIE,1.0,1.0
2022-07-17,DIVERS CONFISERIE,1.0,6.0
2022-07-17,FLAN,8.0,2.2
2022-07-17,GD KOUIGN AMANN,8.0,9.0
2022-07-17,GRAND FAR BRETON,11.0,7.5
2022-07-17,GRANDE SUCETTE,1.0,0.6
2022-07-17,MACARON,12.0,1.0
2022-07-17,MILLES FEUILLES,6.0,2.3
2022-07-17,NOIX JAPONAISE,1.0,2.3
2022-07-17,PALET BRETON,8.0,1.6
2022-07-17,PARIS BREST,8.0,2.2
2022-07-17,PLAT 7.60E,5.0,7.6
2022-07-17,PT NANTAIS,13.0,3.5
2022-07-17,SACHET DE CROUTON,2.0,1.6
2022-07-17,SAVARIN,6.0,2.5
2022-07-17,SPECIAL BREAD KG,2.0,5.2
2022-07-17,SUCETTE,11.0,0.3
2022-07-17,TARTE FRAISE 4PER,4.0,14.0
2022-07-17,TARTE FRAISE 6P,5.0,21.0
2022-07-17,TARTE FRUITS 4P,3.0,10.0
2022-07-17,TARTE FRUITS 6P,1.0,14.0
2022-07-17,TARTELETTE FRAISE,3.0,3.5
2022-07-17,TROPEZIENNE,2.0,2.2
2022-07-17,VIK BREAD,12.0,2.7
2022-07-18,BAGUETTE GRAINE,8.0,1.4
2022-07-18,BOULE POLKA,2.0,1.8
2022-07-18,CHOU CHANTILLY,3.0,2.2
2022-07-18,DEMI PAIN,1.0,0.7
2022-07-18,FLAN,2.0,2.2
2022-07-18,GD FAR BRETON,4.0,7.5
2022-07-18,GD KOUIGN AMANN,3.0,9.0
2022-07-18,GRAND FAR BRETON,2.0,7.5
2022-07-18,PALET BRETON,2.0,1.6
2022-07-18,PARIS BREST,1.0,2.2
2022-07-18,PLAT 7.60E,7.0,7.599999999999999
2022-07-18,PLAT 8.30E,4.0,8.3
2022-07-18,PT NANTAIS,2.0,3.5
2022-07-18,SPECIAL BREAD KG,2.0,5.2
2022-07-18,SUCETTE,1.0,0.3
2022-07-18,TARTELETTE FRAISE,4.0,3.5
2022-07-18,TROPEZIENNE,2.0,2.2
2022-07-18,VIK BREAD,15.0,2.7
2022-07-19,12 MACARON,1.0,10.0
2022-07-19,BAGUETTE GRAINE,6.0,1.4
2022-07-19,CARAMEL NOIX,1.0,2.4
2022-07-19,CHOCOLAT,2.0,1.5
2022-07-19,DEMI PAIN,1.0,0.7
2022-07-19,DIVERS BOULANGERIE,2.0,1.0
2022-07-19,DIVERS CONFISERIE,4.0,3.0
2022-07-19,DIVERS PATISSERIE,1.0,6.0
2022-07-19,DIVERS VIENNOISERIE,2.0,6.0
2022-07-19,GD KOUIGN AMANN,4.0,9.0
2022-07-19,GRAND FAR BRETON,7.0,7.5
2022-07-19,MACARON,12.0,1.0
2022-07-19,MILLES FEUILLES,4.0,2.3
2022-07-19,NOIX JAPONAISE,2.0,2.3
2022-07-19,PALET BRETON,3.0,1.6000000000000003
2022-07-19,PARIS BREST,1.0,2.2
2022-07-19,PLAT 7.00,4.0,7.0
2022-07-19,PLAT 7.60E,2.0,7.6
2022-07-19,PLAT 8.30E,1.0,8.3
2022-07-19,PT NANTAIS,4.0,3.5
2022-07-19,SACHET DE CROUTON,3.0,1.6
2022-07-19,SUCETTE,4.0,0.3
2022-07-19,VIK BREAD,13.0,2.7
2022-07-20,BAGUETTE GRAINE,7.0,1.4
2022-07-20,BOULE POLKA,2.0,1.8
2022-07-20,CARAMEL NOIX,1.0,2.4
2022-07-20,DIVERS CONFISERIE,4.0,3.0
2022-07-20,DIVERS PATISSERIE,1.0,3.0
2022-07-20,FLAN,5.0,2.2
2022-07-20,FLAN ABRICOT,3.0,2.3
2022-07-20,GD KOUIGN AMANN,2.0,9.0
2022-07-20,GRAND FAR BRETON,6.0,7.5
2022-07-20,MILLES FEUILLES,2.0,2.3
2022-07-20,PALET BRETON,1.0,1.6
2022-07-20,PLAT 7.00,3.0,7.0
2022-07-20,PLAT 7.60E,6.0,7.599999999999999
2022-07-20,PLAT 8.30E,1.0,8.3
2022-07-20,PT NANTAIS,2.0,3.5
2022-07-20,SACHET VIENNOISERIE,3.0,4.0
2022-07-20,SPECIAL BREAD KG,2.0,5.2
2022-07-20,SUCETTE,3.0,0.3
2022-07-20,TROPEZIENNE,2.0,2.2
2022-07-20,VIK BREAD,11.0,2.7
2022-07-21,12 MACARON,1.0,10.0
2022-07-21,ARMORICAIN,2.0,2.5
2022-07-21,BAGUETTE GRAINE,8.0,1.4
2022-07-21,BOULE POLKA,1.0,1.8
2022-07-21,DEMI PAIN,1.0,0.7
2022-07-21,DIVERS CONFISERIE,3.0,3.0
2022-07-21,DIVERS VIENNOISERIE,1.0,2.4
2022-07-21,FLAN,2.0,2.2
2022-07-21,FLAN ABRICOT,2.0,2.3
2022-07-21,GD FAR BRETON,3.0,7.5
2022-07-21,GD KOUIGN AMANN,1.0,9.0
2022-07-21,GRAND FAR BRETON,4.0,7.5
2022-07-21,MILLES FEUILLES,1.0,2.3
2022-07-21,PALET BRETON,2.0,1.6
2022-07-21,PARIS BREST,3.0,2.2
2022-07-21,PLAT 7.00,2.0,7.0
2022-07-21,PT NANTAIS,3.0,3.5
2022-07-21,SPECIAL BREAD KG,2.0,5.2
2022-07-21,SUCETTE,10.0,0.3
2022-07-21,TARTELETTE FRAISE,2.0,3.5
2022-07-21,TROPEZIENNE,2.0,2.2
2022-07-21,VIK BREAD,14.0,2.7
2022-07-22,BAGUETTE GRAINE,4.0,1.4
2022-07-22,BOULE POLKA,2.0,1.8
2022-07-22,CHOCOLAT,1.0,1.5
2022-07-22,DEMI PAIN,1.0,0.7
2022-07-22,DIVERS CONFISERIE,1.0,3.0
2022-07-22,DIVERS VIENNOISERIE,2.0,2.8
2022-07-22,ECLAIR FRAISE PISTACHE,4.0,2.5
2022-07-22,FLAN,4.0,2.2
2022-07-22,FLAN ABRICOT,3.0,2.3
2022-07-22,FRAISIER,2.0,3.5
2022-07-22,GRAND FAR BRETON,4.0,7.5
2022-07-22,GRANDE SUCETTE,1.0,0.6
2022-07-22,MILLES FEUILLES,1.0,2.3
2022-07-22,PALET BRETON,4.0,1.6
2022-07-22,PLAT 7.60E,1.0,7.6
2022-07-22,PLAT 8.30E,2.0,8.3
2022-07-22,PT NANTAIS,1.0,3.5
2022-07-22,SACHET VIENNOISERIE,1.0,4.0
2022-07-22,SPECIAL BREAD KG,2.0,5.2
2022-07-22,TARTE FRAISE 4PER,1.0,14.0
2022-07-22,TARTE FRAISE 6P,1.0,21.0
2022-07-22,TARTE FRUITS 4P,2.0,10.0
2022-07-22,TARTELETTE FRAISE,3.0,3.5
2022-07-22,TRAITEUR,2.0,2.25
2022-07-22,VIK BREAD,15.0,2.7
2022-07-23,BAGUETTE GRAINE,8.0,1.3999999999999997
2022-07-23,BOULE POLKA,2.0,1.8
2022-07-23,CARAMEL NOIX,2.0,2.4
2022-07-23,DEMI PAIN,1.0,0.7
2022-07-23,DIVERS BOULANGERIE,1.0,1.0
2022-07-23,DIVERS VIENNOISERIE,1.0,1.2
2022-07-23,FLAN,5.0,2.2
2022-07-23,FLAN ABRICOT,1.0,2.3
2022-07-23,GD KOUIGN AMANN,8.0,9.0
2022-07-23,GRAND FAR BRETON,13.0,7.5
2022-07-23,GRANDE SUCETTE,2.0,0.6
2022-07-23,MACARON,6.0,1.0
2022-07-23,MILLES FEUILLES,2.0,2.3
2022-07-23,PALET BRETON,3.0,1.6
2022-07-23,PLAQUE TARTE 25P,2.0,35.0
2022-07-23,PLAT 7.00,1.0,7.0
2022-07-23,PT NANTAIS,1.0,3.5
2022-07-23,ROYAL 4P,1.0,14.0
2022-07-23,SPECIAL BREAD KG,2.0,5.2
2022-07-23,TARTE FINE,2.0,7.0
2022-07-23,TARTE FRAISE 4PER,2.0,14.0
2022-07-23,TARTE FRAISE 6P,2.0,21.0
2022-07-23,TARTE FRUITS 4P,1.0,10.0
2022-07-23,TARTE FRUITS 6P,4.0,14.0
2022-07-23,TARTELETTE FRAISE,3.0,3.5
2022-07-23,TRAITEUR,3.0,7.906666666666666
2022-07-23,TROPEZIENNE,1.0,2.2
2022-07-23,VIK BREAD,17.0,2.7
2022-07-24,12 MACARON,1.0,10.0
2022-07-24,BAGUETTE GRAINE,8.0,1.3999999999999997
2022-07-24,BOULE POLKA,2.0,1.8
2022-07-24,CARAMEL NOIX,1.0,2.4
2022-07-24,DIVERS BOISSONS,1.0,2.0
2022-07-24,DIVERS CONFISERIE,3.0,4.0
2022-07-24,FLAN,4.0,2.2
2022-07-24,FRAISIER,4.0,3.5
2022-07-24,GD KOUIGN AMANN,9.0,9.0
2022-07-24,GRAND FAR BRETON,17.0,7.5
2022-07-24,GRANDE SUCETTE,2.0,0.6
2022-07-24,MILLES FEUILLES,6.0,2.3
2022-07-24,NOIX JAPONAISE,7.0,2.3
2022-07-24,PAIN S/SEL,1.0,2.0
2022-07-24,PALET BRETON,4.0,1.6
2022-07-24,PARIS BREST,5.0,2.2
2022-07-24,PLAT 7.60E,1.0,7.6
2022-07-24,PT NANTAIS,14.0,3.5
2022-07-24,ROYAL 4P,3.0,14.0
2022-07-24,SAVARIN,3.0,2.5
2022-07-24,SPECIAL BREAD KG,3.0,5.2
2022-07-24,SUCETTE,4.0,0.3
2022-07-24,TARTE FINE,1.0,7.0
2022-07-24,TARTE FRAISE 4PER,1.0,14.0
2022-07-24,TARTE FRAISE 6P,2.0,21.0
2022-07-24,TARTE FRUITS 4P,2.0,10.0
2022-07-24,TARTELETTE FRAISE,6.0,3.5
2022-07-24,TROPEZIENNE,4.0,2.2
2022-07-24,VIK BREAD,15.0,2.7
2022-07-25,BAGUETTE GRAINE,6.0,1.4
2022-07-25,BOULE POLKA,1.0,1.8
2022-07-25,CARAMEL NOIX,1.0,2.4
2022-07-25,DEMI PAIN,1.0,0.7
2022-07-25,DIVERS VIENNOISERIE,1.0,1.6
2022-07-25,FLAN,2.0,2.2
2022-07-25,FLAN ABRICOT,1.0,2.3
2022-07-25,GD FAR BRETON,4.0,7.5
2022-07-25,GD KOUIGN AMANN,5.0,9.0
2022-07-25,GRAND FAR BRETON,3.0,7.5
2022-07-25,GRANDE SUCETTE,1.0,0.6
2022-07-25,MACARON,7.0,1.0
2022-07-25,MILLES FEUILLES,3.0,2.3
2022-07-25,PARIS BREST,2.0,2.2
2022-07-25,PLAT 7.60E,1.0,7.6
2022-07-25,PLAT 8.30E,2.0,8.3
2022-07-25,PT NANTAIS,5.0,3.5
2022-07-25,SABLE F  P,3.0,1.6
2022-07-25,SAVARIN,1.0,2.5
2022-07-25,SPECIAL BREAD KG,2.0,5.2
2022-07-25,SUCETTE,4.0,0.3
2022-07-25,TRAITEUR,4.0,8.95
2022-07-25,TROPEZIENNE,3.0,2.2
2022-07-25,VIK BREAD,14.0,2.7
2022-07-26,BAGUETTE GRAINE,6.0,1.3999999999999997
2022-07-26,DIVERS BOULANGERIE,2.0,3.0
2022-07-26,DIVERS CONFISERIE,2.0,3.0
2022-07-26,DIVERS PATISSERIE,1.0,60.0
2022-07-26,DIVERS VIENNOISERIE,1.0,1.2
2022-07-26,FLAN,2.0,2.2
2022-07-26,FLAN ABRICOT,2.0,2.3
2022-07-26,GD FAR BRETON,4.0,7.5
2022-07-26,GD KOUIGN AMANN,2.0,9.0
2022-07-26,GRAND FAR BRETON,3.0,7.5
2022-07-26,MACARON,8.0,1.0
2022-07-26,MILLES FEUILLES,4.0,2.3
2022-07-26,PALET BRETON,1.0,1.2
2022-07-26,PARIS BREST,2.0,2.2
2022-07-26,PLAT 7.60E,1.0,7.6
2022-07-26,PLAT 8.30E,2.0,8.3
2022-07-26,PT NANTAIS,3.0,3.5
2022-07-26,SABLE F  P,2.0,1.6
2022-07-26,SACHET VIENNOISERIE,1.0,4.0
2022-07-26,SUCETTE,5.0,0.3
2022-07-26,VIK BREAD,6.0,2.7
2022-07-27,12 MACARON,1.0,10.0
2022-07-27,BAGUETTE GRAINE,7.0,1.4
2022-07-27,BOULE POLKA,2.0,1.8
2022-07-27,CARAMEL NOIX,2.0,2.4
2022-07-27,DEMI PAIN,1.0,0.7
2022-07-27,DIVERS BOULANGERIE,2.0,3.25
2022-07-27,DIVERS CONFISERIE,1.0,3.0
2022-07-27,DIVERS VIENNOISERIE,2.0,16.0
2022-07-27,FLAN,3.0,2.2
2022-07-27,FLAN ABRICOT,1.0,2.3
2022-07-27,GD FAR BRETON,3.0,7.5
2022-07-27,GD KOUIGN AMANN,3.0,9.0
2022-07-27,GRAND FAR BRETON,2.0,7.5
2022-07-27,MILLES FEUILLES,2.0,2.3
2022-07-27,PALET BRETON,2.0,1.2
2022-07-27,PARIS BREST,3.0,2.2
2022-07-27,PLAT 7.00,2.0,7.0
2022-07-27,PLAT 7.60E,4.0,7.6
2022-07-27,PLAT 8.30E,2.0,8.3
2022-07-27,PT NANTAIS,3.0,3.5
2022-07-27,SABLE F  P,3.0,1.6
2022-07-27,SACHET VIENNOISERIE,2.0,4.0
2022-07-27,SUCETTE,1.0,0.3
2022-07-27,TRAITEUR,5.0,8.9
2022-07-27,VIK BREAD,7.0,2.7
2022-07-28,BAGUETTE GRAINE,8.0,1.4
2022-07-28,BOULE POLKA,2.0,1.8
2022-07-28,CARAMEL NOIX,1.0,2.4
2022-07-28,CHOCOLAT,1.0,1.5
2022-07-28,DEMI PAIN,1.0,0.7
2022-07-28,FINANCIER,1.0,0.7
2022-07-28,FLAN,2.0,2.2
2022-07-28,FLAN ABRICOT,3.0,2.3
2022-07-28,GD KOUIGN AMANN,4.0,9.0
2022-07-28,GRAND FAR BRETON,12.0,7.5
2022-07-28,GRANDE SUCETTE,6.0,0.6
2022-07-28,MILLES FEUILLES,4.0,2.3
2022-07-28,NOIX JAPONAISE,4.0,2.3
2022-07-28,PALET BRETON,4.0,1.2
2022-07-28,PARIS BREST,4.0,2.2
2022-07-28,PLAT 7.00,3.0,7.0
2022-07-28,PLAT 7.60E,4.0,7.599999999999999
2022-07-28,PT NANTAIS,7.0,3.5
2022-07-28,SABLE F  P,8.0,1.6000000000000003
2022-07-28,SACHET VIENNOISERIE,1.0,4.0
2022-07-28,SPECIAL BREAD KG,1.0,5.2
2022-07-28,TARTELETTE FRAISE,1.0,3.5
2022-07-28,TROPEZIENNE,3.0,2.2
2022-07-28,VIK BREAD,17.0,2.7
2022-07-29,12 MACARON,2.0,10.0
2022-07-29,BAGUETTE GRAINE,5.0,1.4
2022-07-29,BOULE POLKA,2.0,1.8
2022-07-29,CARAMEL NOIX,1.0,2.4
2022-07-29,CHOCOLAT,1.0,1.5
2022-07-29,DIVERS CONFISERIE,2.0,3.0
2022-07-29,FLAN ABRICOT,2.0,2.3
2022-07-29,GD KOUIGN AMANN,1.0,9.0
2022-07-29,GRAND FAR BRETON,7.0,7.5
2022-07-29,MACARON,4.0,1.0
2022-07-29,MILLES FEUILLES,2.0,2.3
2022-07-29,NOIX JAPONAISE,4.0,2.3
2022-07-29,PALET BRETON,2.0,1.2
2022-07-29,PARIS BREST,5.0,2.2
2022-07-29,PLAT 7.00,1.0,7.0
2022-07-29,PLAT 7.60E,3.0,7.599999999999999
2022-07-29,SABLE F  P,4.0,1.6
2022-07-29,SPECIAL BREAD KG,2.0,5.2
2022-07-29,SUCETTE,3.0,0.3
2022-07-29,TARTE FRUITS 4P,2.0,10.0
2022-07-29,TARTELETTE FRAISE,1.0,3.5
2022-07-29,TROPEZIENNE,2.0,2.2
2022-07-29,VIK BREAD,12.0,2.7
2022-07-30,12 MACARON,1.0,10.0
2022-07-30,BAGUETTE GRAINE,8.0,1.3999999999999997
2022-07-30,BOULE POLKA,1.0,1.8
2022-07-30,CARAMEL NOIX,3.0,2.4
2022-07-30,DIVERS BOULANGERIE,1.0,2.0
2022-07-30,DIVERS CONFISERIE,2.0,3.0
2022-07-30,FLAN,5.0,2.2
2022-07-30,FRAISIER,1.0,3.5
2022-07-30,GD KOUIGN AMANN,3.0,9.0
2022-07-30,GRAND FAR BRETON,7.0,7.5
2022-07-30,GRANDE SUCETTE,3.0,0.6
2022-07-30,MACARON,3.0,1.0
2022-07-30,MILLES FEUILLES,6.0,2.3
2022-07-30,PARIS BREST,2.0,2.2
2022-07-30,PLAT 7.00,2.0,7.0
2022-07-30,PLAT 7.60E,3.0,7.599999999999999
2022-07-30,PLAT 8.30E,1.0,8.3
2022-07-30,PT NANTAIS,6.0,3.5
2022-07-30,SABLE F  P,7.0,1.6
2022-07-30,SPECIAL BREAD KG,2.0,5.2
2022-07-30,SUCETTE,9.0,0.3
2022-07-30,TARTE FRUITS 4P,2.0,10.0
2022-07-30,TARTE FRUITS 6P,1.0,14.0
2022-07-30,TARTELETTE FRAISE,7.0,3.5
2022-07-30,TROPEZIENNE,2.0,2.2
2022-07-30,VIK BREAD,15.0,2.7000000000000006
2022-07-31,12 MACARON,2.0,10.0
2022-07-31,BAGUETTE GRAINE,8.0,1.3999999999999997
2022-07-31,BOULE POLKA,2.0,1.8
2022-07-31,CARAMEL NOIX,3.0,2.4
2022-07-31,DIVERS BOULANGERIE,1.0,2.0
2022-07-31,DIVERS CONFISERIE,2.0,4.5
2022-07-31,FLAN,5.0,2.2
2022-07-31,FRAISIER,2.0,3.5
2022-07-31,GD KOUIGN AMANN,4.0,9.0
2022-07-31,GRAND FAR BRETON,11.0,7.5
2022-07-31,MACARON,10.0,1.0
2022-07-31,MILLES FEUILLES,5.0,2.3
2022-07-31,NOIX JAPONAISE,2.0,2.3
2022-07-31,PARIS BREST,4.0,2.2
2022-07-31,PLAT 7.00,1.0,7.0
2022-07-31,PLAT 7.60E,4.0,7.6
2022-07-31,PLAT 8.30E,1.0,8.3
2022-07-31,PT NANTAIS,4.0,3.5
2022-07-31,ROYAL 6P,1.0,21.0
2022-07-31,SABLE F  P,11.0,1.6
2022-07-31,SAVARIN,6.0,2.5
2022-07-31,SPECIAL BREAD KG,2.0,5.2
2022-07-31,SUCETTE,8.0,0.3
2022-07-31,TARTE FRAISE 6P,2.0,21.0
2022-07-31,TARTE FRUITS 4P,2.0,10.0
2022-07-31,TARTE FRUITS 6P,3.0,14.0
2022-07-31,TARTELETTE FRAISE,12.0,3.5
2022-07-31,VIK BREAD,15.0,2.7
2022-08-01,BAGUETTE GRAINE,7.0,1.3999999999999997
2022-08-01,BOULE POLKA,2.0,1.8
2022-08-01,CARAMEL NOIX,1.0,2.4
2022-08-01,DEMI PAIN,1.0,0.7
2022-08-01,DIVERS PATISSERIE,1.0,3.5
2022-08-01,FLAN ABRICOT,5.0,2.3
2022-08-01,GD FAR BRETON,6.0,7.5
2022-08-01,GD KOUIGN AMANN,4.0,9.0
2022-08-01,GRAND FAR BRETON,1.0,7.5
2022-08-01,GRANDE SUCETTE,1.0,0.6
2022-08-01,MACARON,9.0,1.0
2022-08-01,MILLES FEUILLES,3.0,2.3
2022-08-01,NOIX JAPONAISE,2.0,2.3
2022-08-01,PALET BRETON,2.0,1.2
2022-08-01,PARIS BREST,2.0,2.2
2022-08-01,PLAT 7.60E,4.0,7.6
2022-08-01,PLAT 8.30E,2.0,8.3
2022-08-01,PT NANTAIS,5.0,3.5
2022-08-01,SABLE F  P,3.0,1.6
2022-08-01,SACHET DE CROUTON,1.0,1.6
2022-08-01,SPECIAL BREAD KG,2.0,5.2
2022-08-01,SUCETTE,5.0,0.3
2022-08-01,TARTE FRUITS 4P,1.0,10.0
2022-08-01,TARTELETTE FRAISE,2.0,3.5
2022-08-01,TRAITEUR,2.0,9.15
2022-08-01,TROPEZIENNE,2.0,2.2
2022-08-01,VIK BREAD,15.0,2.7
2022-08-02,12 MACARON,2.0,10.0
2022-08-02,BAGUETTE GRAINE,6.0,1.4
2022-08-02,BOULE POLKA,2.0,1.8
2022-08-02,DIVERS PATISSERIE,6.0,6.0
2022-08-02,FLAN,1.0,2.2
2022-08-02,FLAN ABRICOT,4.0,2.3
2022-08-02,GD FAR BRETON,4.0,7.5
2022-08-02,GD KOUIGN AMANN,4.0,9.0
2022-08-02,GRAND FAR BRETON,6.0,7.5
2022-08-02,MACARON,7.0,1.0
2022-08-02,MILLES FEUILLES,2.0,2.5
2022-08-02,NOIX JAPONAISE,2.0,2.3
2022-08-02,PALET BRETON,2.0,1.2
2022-08-02,PARIS BREST,4.0,2.2
2022-08-02,PLAT 7.00,1.0,7.0
2022-08-02,PLAT 7.60E,2.0,7.6
2022-08-02,PLAT 8.30E,1.0,8.3
2022-08-02,PT NANTAIS,5.0,3.5
2022-08-02,SABLE F  P,5.0,1.6
2022-08-02,SPECIAL BREAD KG,2.0,5.2
2022-08-02,ST HONORE,2.0,3.5
2022-08-02,TARTELETTE FRAISE,2.0,3.5
2022-08-02,VIK BREAD,14.0,2.7
2022-08-03,BAGUETTE GRAINE,6.0,1.4
2022-08-03,DIVERS BOISSONS,1.0,2.0
2022-08-03,DIVERS BOULANGERIE,2.0,3.5
2022-08-03,DIVERS CONFISERIE,1.0,3.0
2022-08-03,DIVERS VIENNOISERIE,2.0,6.0
2022-08-03,FLAN,1.0,2.2
2022-08-03,FLAN ABRICOT,3.0,2.3
2022-08-03,GD FAR BRETON,2.0,7.5
2022-08-03,GD KOUIGN AMANN,3.0,9.0
2022-08-03,GRAND FAR BRETON,2.0,7.5
2022-08-03,GRANDE SUCETTE,2.0,0.6
2022-08-03,MACARON,7.0,1.0
2022-08-03,MILLES FEUILLES,3.0,2.5
2022-08-03,PLAT 7.00,1.0,7.0
2022-08-03,PLAT 7.60E,4.0,7.6
2022-08-03,PT NANTAIS,1.0,3.5
2022-08-03,SPECIAL BREAD KG,1.0,5.2
2022-08-03,SUCETTE,7.0,0.3
2022-08-03,TARTELETTE FRAISE,1.0,3.5
2022-08-03,TROPEZIENNE,1.0,2.2
2022-08-03,VIK BREAD,16.0,2.7
2022-08-04,12 MACARON,2.0,10.0
2022-08-04,BAGUETTE GRAINE,7.0,1.3999999999999997
2022-08-04,BOULE POLKA,1.0,1.8
2022-08-04,CARAMEL NOIX,7.0,2.4
2022-08-04,DIVERS CONFISERIE,2.0,3.0
2022-08-04,FLAN,2.0,2.2
2022-08-04,GD KOUIGN AMANN,4.0,9.0
2022-08-04,GRAND FAR BRETON,5.0,7.5
2022-08-04,MACARON,14.0,1.0
2022-08-04,PALET BRETON,4.0,1.2
2022-08-04,PARIS BREST,2.0,2.2
2022-08-04,PLAT 7.00,4.0,7.0
2022-08-04,PLAT 7.60E,7.0,7.6
2022-08-04,PT NANTAIS,3.0,3.5
2022-08-04,SABLE F  P,4.0,1.6
2022-08-04,SPECIAL BREAD KG,2.0,5.2
2022-08-04,SUCETTE,3.0,0.3
2022-08-04,TARTE FRAISE 6P,1.0,21.0
2022-08-04,TARTELETTE FRAISE,3.0,3.5
2022-08-04,TROPEZIENNE,2.0,2.2
2022-08-04,VIK BREAD,13.0,2.7
2022-08-05,12 MACARON,1.0,10.0
2022-08-05,BAGUETTE GRAINE,5.0,1.4
2022-08-05,CARAMEL NOIX,3.0,2.4
2022-08-05,DIVERS PATISSERIE,1.0,24.0
2022-08-05,FLAN,3.0,2.2
2022-08-05,FLAN ABRICOT,5.0,2.3
2022-08-05,GD KOUIGN AMANN,8.0,9.0
2022-08-05,GRAND FAR BRETON,5.0,7.5
2022-08-05,MACARON,17.0,1.0
2022-08-05,MILLES FEUILLES,1.0,2.5
2022-08-05,PALET BRETON,1.0,1.2
2022-08-05,PARIS BREST,1.0,2.2
2022-08-05,PLAT 8.30E,5.0,8.3
2022-08-05,PT NANTAIS,14.0,3.5
2022-08-05,SABLE F  P,1.0,1.6
2022-08-05,TARTE FRAISE 4PER,2.0,14.0
2022-08-05,TARTE FRUITS 4P,1.0,10.0
2022-08-05,TARTELETTE FRAISE,7.0,3.5
2022-08-05,TRAITEUR,5.0,7.95
2022-08-05,TROPEZIENNE,1.0,2.2
2022-08-05,VIK BREAD,15.0,2.7
2022-08-06,BAGUETTE GRAINE,6.0,1.3999999999999997
2022-08-06,BOULE POLKA,2.0,1.8
2022-08-06,CARAMEL NOIX,2.0,2.4
2022-08-06,DIVERS BOULANGERIE,1.0,1.0
2022-08-06,DIVERS CONFISERIE,1.0,3.0
2022-08-06,FLAN,2.0,2.2
2022-08-06,FRAISIER,3.0,3.5
2022-08-06,GD KOUIGN AMANN,6.0,9.0
2022-08-06,GRAND FAR BRETON,8.0,7.5
2022-08-06,MACARON,4.0,1.0
2022-08-06,MILLES FEUILLES,4.0,2.5
2022-08-06,PAIN SUISSE PEPITO,3.0,1.6000000000000003
2022-08-06,PALET BRETON,1.0,1.2
2022-08-06,PARIS BREST,4.0,2.2
2022-08-06,PLAT 7.60E,1.0,7.6
2022-08-06,PT NANTAIS,6.0,3.5
2022-08-06,SABLE F  P,7.0,1.6000000000000003
2022-08-06,SAVARIN,2.0,2.5
2022-08-06,SPECIAL BREAD KG,2.0,5.2
2022-08-06,SUCETTE,1.0,0.3
2022-08-06,TARTE FRUITS 4P,3.0,10.0
2022-08-06,TARTELETTE FRAISE,4.0,3.5
2022-08-06,TRAITEUR,3.0,7.6
2022-08-06,TROPEZIENNE,3.0,2.2
2022-08-06,VIK BREAD,16.0,2.7
2022-08-07,BAGUETTE GRAINE,6.0,1.4
2022-08-07,BOULE POLKA,2.0,1.8
2022-08-07,CARAMEL NOIX,4.0,2.4
2022-08-07,DIVERS BOISSONS,1.0,2.0
2022-08-07,DIVERS CONFISERIE,3.0,5.0
2022-08-07,FLAN,5.0,2.2
2022-08-07,FLAN ABRICOT,6.0,2.3
2022-08-07,FRAISIER,7.0,3.5
2022-08-07,FRAMBOISIER,6.0,3.5
2022-08-07,GD KOUIGN AMANN,9.0,9.0
2022-08-07,GRAND FAR BRETON,9.0,7.5
2022-08-07,GRANDE SUCETTE,3.0,0.6
2022-08-07,MACARON,2.0,1.0
2022-08-07,MILLES FEUILLES,6.0,2.5
2022-08-07,NOIX JAPONAISE,1.0,2.3
2022-08-07,PALET BRETON,2.0,1.2
2022-08-07,PARIS BREST,6.0,2.2
2022-08-07,PT NANTAIS,2.0,3.5
2022-08-07,ROYAL,2.0,3.5
2022-08-07,SABLE F  P,1.0,1.6
2022-08-07,SAVARIN,3.0,2.5
2022-08-07,SPECIAL BREAD KG,1.0,5.2
2022-08-07,SUCETTE,3.0,0.3
2022-08-07,TARTE FRAISE 4PER,3.0,14.0
2022-08-07,TARTE FRAISE 6P,2.0,21.0
2022-08-07,TARTE FRUITS 4P,2.0,10.0
2022-08-07,TARTE FRUITS 6P,1.0,14.0
2022-08-07,TARTELETTE FRAISE,17.0,3.5
2022-08-07,TROPEZIENNE,5.0,2.2
2022-08-07,VIK BREAD,15.0,2.7
2022-08-08,12 MACARON,1.0,10.0
2022-08-08,BAGUETTE GRAINE,7.0,1.4
2022-08-08,BOULE POLKA,2.0,1.8
2022-08-08,DIVERS BOISSONS,2.0,0.5
2022-08-08,DIVERS BOULANGERIE,1.0,1.0
2022-08-08,DIVERS CONFISERIE,3.0,4.0
2022-08-08,FLAN,3.0,2.2
2022-08-08,FLAN ABRICOT,3.0,2.3
2022-08-08,GD KOUIGN AMANN,2.0,9.0
2022-08-08,GRAND FAR BRETON,7.0,7.5
2022-08-08,MACARON,12.0,1.0
2022-08-08,MILLES FEUILLES,7.0,2.5
2022-08-08,NOIX JAPONAISE,1.0,2.3
2022-08-08,PALET BRETON,9.0,1.2
2022-08-08,PARIS BREST,2.0,2.2
2022-08-08,PLAT 7.60E,5.0,7.599999999999999
2022-08-08,PLAT 8.30E,1.0,8.3
2022-08-08,PT NANTAIS,5.0,3.5
2022-08-08,SABLE F  P,5.0,1.6000000000000003
2022-08-08,SPECIAL BREAD KG,2.0,5.2
2022-08-08,SUCETTE,4.0,0.3
2022-08-08,TARTELETTE FRAISE,1.0,3.5
2022-08-08,TROPEZIENNE,4.0,2.2
2022-08-08,VIK BREAD,15.0,2.7
2022-08-09,12 MACARON,1.0,10.0
2022-08-09,BAGUETTE GRAINE,6.0,1.3999999999999997
2022-08-09,BOULE POLKA,2.0,1.8
2022-08-09,CARAMEL NOIX,2.0,2.4
2022-08-09,DIVERS BOISSONS,1.0,2.0
2022-08-09,DIVERS CONFISERIE,1.0,3.0
2022-08-09,FLAN,1.0,2.2
2022-08-09,FLAN ABRICOT,3.0,2.3
2022-08-09,GD KOUIGN AMANN,4.0,9.0
2022-08-09,GRAND FAR BRETON,9.0,7.5
2022-08-09,GRANDE SUCETTE,2.0,0.6
2022-08-09,MILLES FEUILLES,3.0,2.5
2022-08-09,PALET BRETON,3.0,1.2
2022-08-09,PARIS BREST,4.0,2.2
2022-08-09,PT NANTAIS,8.0,3.5
2022-08-09,SAVARIN,1.0,2.5
2022-08-09,SPECIAL BREAD KG,1.0,5.2
2022-08-09,TARTELETTE FRAISE,2.0,3.5
2022-08-09,VIK BREAD,15.0,2.7000000000000006
2022-08-10,12 MACARON,1.0,10.0
2022-08-10,BAGUETTE GRAINE,6.0,1.3999999999999997
2022-08-10,BOULE POLKA,2.0,1.8
2022-08-10,DIVERS BOISSONS,1.0,2.0
2022-08-10,DIVERS CONFISERIE,2.0,3.0
2022-08-10,FLAN,6.0,2.2
2022-08-10,FLAN ABRICOT,2.0,2.3
2022-08-10,GD KOUIGN AMANN,3.0,9.0
2022-08-10,GRAND FAR BRETON,8.0,7.5
2022-08-10,PALET BRETON,4.0,1.2
2022-08-10,PLAT 7.00,4.0,7.0
2022-08-10,SABLE F  P,3.0,1.6
2022-08-10,SPECIAL BREAD KG,1.0,5.2
2022-08-10,SUCETTE,2.0,0.3
2022-08-10,TARTELETTE FRAISE,3.0,3.5
2022-08-10,TROPEZIENNE,1.0,2.2
2022-08-10,VIK BREAD,13.0,2.7
2022-08-11,12 MACARON,3.0,10.0
2022-08-11,BAGUETTE GRAINE,6.0,1.4
2022-08-11,BOULE POLKA,2.0,1.8
2022-08-11,CARAMEL NOIX,3.0,2.4
2022-08-11,DIVERS BOISSONS,3.0,2.0
2022-08-11,DIVERS BOULANGERIE,2.0,1.0
2022-08-11,DIVERS CONFISERIE,2.0,3.0
2022-08-11,GD KOUIGN AMANN,10.0,9.0
2022-08-11,GRAND FAR BRETON,11.0,7.5
2022-08-11,MACARON,7.0,1.0
2022-08-11,MILLES FEUILLES,2.0,2.5
2022-08-11,PALET BRETON,1.0,1.2
2022-08-11,PARIS BREST,1.0,2.2
2022-08-11,PT NANTAIS,4.0,3.5
2022-08-11,ROYAL 6P,1.0,21.0
2022-08-11,SABLE F  P,1.0,1.6
2022-08-11,SPECIAL BREAD KG,1.0,5.2
2022-08-11,SUCETTE,4.0,0.3
2022-08-11,TARTELETTE FRAISE,6.0,3.5
2022-08-11,TRAITEUR,2.0,9.45
2022-08-11,VIK BREAD,17.0,2.7
2022-08-12,12 MACARON,1.0,10.0
2022-08-12,BAGUETTE GRAINE,6.0,1.4
2022-08-12,BOULE POLKA,4.0,1.8
2022-08-12,DEMI PAIN,2.0,0.7
2022-08-12,FLAN,2.0,2.2
2022-08-12,GD KOUIGN AMANN,7.0,9.0
2022-08-12,GRAND FAR BRETON,11.0,7.5
2022-08-12,MACARON,2.0,1.0
2022-08-12,PALET BRETON,3.0,1.2
2022-08-12,PLAT 7.00,2.0,7.0
2022-08-12,PLAT 7.60E,2.0,7.6
2022-08-12,PLAT 8.30E,3.0,8.3
2022-08-12,PT NANTAIS,6.0,3.5
2022-08-12,SPECIAL BREAD KG,2.0,5.2
2022-08-12,SUCETTE,2.0,0.3
2022-08-12,TARTE FRUITS 4P,1.0,10.0
2022-08-12,TARTELETTE FRAISE,4.0,3.5
2022-08-12,TROPEZIENNE,1.0,2.2
2022-08-12,VIK BREAD,15.0,2.7
2022-08-13,12 MACARON,2.0,10.0
2022-08-13,BAGUETTE GRAINE,6.0,1.4
2022-08-13,BOULE POLKA,2.0,1.8
2022-08-13,DIVERS BOISSONS,1.0,2.0
2022-08-13,DIVERS BOULANGERIE,1.0,0.15
2022-08-13,DIVERS CONFISERIE,2.0,3.0
2022-08-13,FLAN,4.0,2.2
2022-08-13,FRAISIER,3.0,3.5
2022-08-13,GD KOUIGN AMANN,4.0,9.0
2022-08-13,GRAND FAR BRETON,4.0,7.5
2022-08-13,MACARON,2.0,1.0
2022-08-13,MILLES FEUILLES,3.0,2.5
2022-08-13,PARIS BREST,1.0,2.2
2022-08-13,PLAT 7.60E,1.0,7.6
2022-08-13,ROYAL 4P,1.0,14.0
2022-08-13,ROYAL 6P,1.0,21.0
2022-08-13,SPECIAL BREAD KG,1.0,5.2
2022-08-13,SUCETTE,5.0,0.3
2022-08-13,TARTE FRAISE 6P,1.0,21.0
2022-08-13,TARTE FRUITS 4P,4.0,10.0
2022-08-13,TARTE FRUITS 6P,2.0,14.0
2022-08-13,TARTELETTE FRAISE,7.0,3.5
2022-08-13,VIK BREAD,15.0,2.7000000000000006
2022-08-14,12 MACARON,2.0,10.0
2022-08-14,BAGUETTE GRAINE,6.0,1.4
2022-08-14,BOULE POLKA,2.0,1.8
2022-08-14,CARAMEL NOIX,2.0,2.4
2022-08-14,DIVERS PATISSERIE,6.0,3.0
2022-08-14,FLAN,6.0,2.2
2022-08-14,FLAN ABRICOT,2.0,2.3
2022-08-14,FRAISIER,3.0,3.5
2022-08-14,FRAMBOISIER,10.0,3.5
2022-08-14,GD KOUIGN AMANN,17.0,9.0
2022-08-14,GRAND FAR BRETON,10.0,7.5
2022-08-14,GRANDE SUCETTE,3.0,0.6
2022-08-14,MACARON,3.0,1.0
2022-08-14,MILLES FEUILLES,8.0,2.5
2022-08-14,NOIX JAPONAISE,8.0,2.3
2022-08-14,PALET BRETON,10.0,1.2
2022-08-14,PARIS BREST,9.0,2.2
2022-08-14,PLAT 7.00,1.0,7.0
2022-08-14,PLAT 8.30E,1.0,8.3
2022-08-14,PT NANTAIS,3.0,3.5
2022-08-14,ROYAL,4.0,3.5
2022-08-14,SABLE F  P,2.0,1.6
2022-08-14,SPECIAL BREAD KG,2.0,5.2
2022-08-14,TARTE FRAISE 4PER,3.0,14.0
2022-08-14,TARTE FRAISE 6P,2.0,21.0
2022-08-14,TARTE FRUITS 4P,9.0,10.0
2022-08-14,TARTE FRUITS 6P,3.0,14.0
2022-08-14,TARTELETTE FRAISE,12.0,3.5
2022-08-14,TROPEZIENNE,11.0,2.2
2022-08-14,VIK BREAD,13.0,2.7000000000000006
2022-08-15,12 MACARON,1.0,10.0
2022-08-15,BAGUETTE GRAINE,6.0,1.4
2022-08-15,BOULE POLKA,2.0,1.8
2022-08-15,CARAMEL NOIX,8.0,2.4
2022-08-15,DIVERS BOISSONS,1.0,2.0
2022-08-15,DIVERS CONFISERIE,3.0,4.0
2022-08-15,DIVERS PATISSERIE,8.0,3.0
2022-08-15,FLAN,5.0,2.2
2022-08-15,FLAN ABRICOT,5.0,2.3
2022-08-15,FRAISIER,10.0,3.5
2022-08-15,GD KOUIGN AMANN,7.0,9.0
2022-08-15,GRAND FAR BRETON,11.0,7.5
2022-08-15,MACARON,6.0,1.0
2022-08-15,MILLES FEUILLES,7.0,2.5
2022-08-15,NOIX JAPONAISE,1.0,2.3
2022-08-15,PALET BRETON,2.0,1.2
2022-08-15,PARIS BREST,2.0,2.2
2022-08-15,PT NANTAIS,3.0,3.5
2022-08-15,ROYAL,2.0,3.5
2022-08-15,SABLE F  P,7.0,1.6
2022-08-15,SPECIAL BREAD KG,1.0,5.2
2022-08-15,SUCETTE,6.0,0.3
2022-08-15,TARTE FRAISE 4PER,3.0,14.0
2022-08-15,TARTE FRAISE 6P,1.0,21.0
2022-08-15,TARTE FRUITS 4P,4.0,10.0
2022-08-15,TARTE FRUITS 6P,3.0,14.0
2022-08-15,TARTELETTE FRAISE,19.0,3.5
2022-08-15,TROPEZIENNE,1.0,2.2
2022-08-15,VIK BREAD,14.0,2.7
2022-08-16,BAGUETTE GRAINE,8.0,1.4
2022-08-16,BOULE POLKA,2.0,1.8
2022-08-16,CARAMEL NOIX,3.0,2.4
2022-08-16,DEMI PAIN,1.0,0.7
2022-08-16,DIVERS BOISSONS,1.0,2.0
2022-08-16,DIVERS CONFISERIE,3.0,3.0
2022-08-16,FLAN,3.0,2.2
2022-08-16,FRAISIER,6.0,3.5
2022-08-16,FRAMBOISIER,5.0,3.5
2022-08-16,GD FAR BRETON,6.0,7.5
2022-08-16,GD KOUIGN AMANN,3.0,9.0
2022-08-16,GRAND FAR BRETON,3.0,7.5
2022-08-16,GRANDE SUCETTE,2.0,0.6
2022-08-16,MACARON,6.0,1.0
2022-08-16,MILLES FEUILLES,2.0,2.5
2022-08-16,NOIX JAPONAISE,4.0,2.3
2022-08-16,PARIS BREST,4.0,2.2
2022-08-16,PLAT 7.60E,4.0,7.599999999999999
2022-08-16,PLAT 8.30E,2.0,8.3
2022-08-16,PT NANTAIS,7.0,3.5
2022-08-16,ROYAL,2.0,3.5
2022-08-16,SABLE F  P,1.0,1.6
2022-08-16,SPECIAL BREAD KG,1.0,5.2
2022-08-16,SUCETTE,9.0,0.3
2022-08-16,TARTE FRAISE 6P,2.0,21.0
2022-08-16,TARTELETTE FRAISE,5.0,3.5
2022-08-16,TRAITEUR,1.0,1.5
2022-08-16,TROPEZIENNE,2.0,2.2
2022-08-16,VIK BREAD,14.0,2.7000000000000006
2022-08-17,12 MACARON,3.0,10.0
2022-08-17,BAGUETTE GRAINE,6.0,1.4
2022-08-17,BOULE POLKA,1.0,1.8
2022-08-17,DIVERS CONFISERIE,4.0,3.0
2022-08-17,DIVERS VIENNOISERIE,1.0,12.0
2022-08-17,FLAN ABRICOT,3.0,2.3
2022-08-17,GD FAR BRETON,2.0,7.5
2022-08-17,GD KOUIGN AMANN,7.0,9.0
2022-08-17,GRAND FAR BRETON,4.0,7.5
2022-08-17,MACARON,6.0,1.0
2022-08-17,MILLES FEUILLES,6.0,2.5
2022-08-17,PALET BRETON,4.0,1.2
2022-08-17,PARIS BREST,2.0,2.2
2022-08-17,PLAT 7.00,1.0,7.0
2022-08-17,PLAT 7.60E,1.0,7.6
2022-08-17,PLAT 8.30E,3.0,8.3
2022-08-17,PT NANTAIS,6.0,3.5
2022-08-17,ROYAL,1.0,3.5
2022-08-17,SABLE F  P,6.0,1.6000000000000003
2022-08-17,SPECIAL BREAD KG,1.0,5.2
2022-08-17,SUCETTE,6.0,0.3
2022-08-17,TARTELETTE FRAISE,4.0,3.5
2022-08-17,TRAITEUR,2.0,1.5
2022-08-17,TROPEZIENNE,2.0,2.2
2022-08-17,VIK BREAD,15.0,2.7
2022-08-18,12 MACARON,2.0,10.0
2022-08-18,BAGUETTE GRAINE,6.0,1.4
2022-08-18,BOULE POLKA,2.0,1.8
2022-08-18,CARAMEL NOIX,2.0,2.4
2022-08-18,DIVERS CONFISERIE,2.0,3.0
2022-08-18,FLAN,3.0,2.2
2022-08-18,FLAN ABRICOT,2.0,2.3
2022-08-18,GD KOUIGN AMANN,6.0,9.0
2022-08-18,GRAND FAR BRETON,6.0,7.5
2022-08-18,MACARON,11.0,1.0
2022-08-18,MILLES FEUILLES,4.0,2.5
2022-08-18,PAIN S/SEL,1.0,2.0
2022-08-18,PALET BRETON,1.0,1.2
2022-08-18,PT NANTAIS,3.0,3.5
2022-08-18,SPECIAL BREAD KG,2.0,5.2
2022-08-18,SUCETTE,7.0,0.3
2022-08-18,TARTELETTE FRAISE,7.0,3.5
2022-08-18,TRAITEUR,1.0,8.5
2022-08-18,TROPEZIENNE,1.0,2.2
2022-08-18,VIK BREAD,14.0,2.7
2022-08-19,12 MACARON,1.0,10.0
2022-08-19,BAGUETTE GRAINE,6.0,1.4
2022-08-19,BOULE POLKA,1.0,1.8
2022-08-19,CARAMEL NOIX,1.0,2.4
2022-08-19,GD KOUIGN AMANN,6.0,9.0
2022-08-19,GRAND FAR BRETON,6.0,7.5
2022-08-19,GRANDE SUCETTE,1.0,0.6
2022-08-19,MACARON,12.0,1.0
2022-08-19,MILLES FEUILLES,2.0,2.5
2022-08-19,PALET BRETON,1.0,1.2
2022-08-19,PARIS BREST,2.0,2.2
2022-08-19,PLAT 7.60E,3.0,7.599999999999999
2022-08-19,PLAT 8.30E,1.0,8.3
2022-08-19,PT NANTAIS,2.0,3.5
2022-08-19,SABLE F  P,2.0,1.6
2022-08-19,SUCETTE,2.0,0.3
2022-08-19,TARTE FRUITS 4P,1.0,10.0
2022-08-19,TARTELETTE FRAISE,2.0,3.5
2022-08-19,VIK BREAD,9.0,2.7
2022-08-20,12 MACARON,2.0,10.0
2022-08-20,BAGUETTE GRAINE,6.0,1.3999999999999997
2022-08-20,BOULE POLKA,2.0,1.8
2022-08-20,CARAMEL NOIX,2.0,2.4
2022-08-20,DIVERS CONFISERIE,1.0,3.0
2022-08-20,DIVERS PATISSERIE,4.0,7.0
2022-08-20,DIVERS VIENNOISERIE,1.0,4.0
2022-08-20,FLAN,3.0,2.2
2022-08-20,FLAN ABRICOT,1.0,2.3
2022-08-20,FRAISIER,4.0,3.5
2022-08-20,GD KOUIGN AMANN,7.0,9.0
2022-08-20,GRAND FAR BRETON,9.0,7.5
2022-08-20,GRANDE SUCETTE,2.0,0.6
2022-08-20,MACARON,4.0,1.0
2022-08-20,MILLES FEUILLES,2.0,2.5
2022-08-20,PALET BRETON,2.0,1.2
2022-08-20,PARIS BREST,6.0,2.2
2022-08-20,PLAT 7.60E,1.0,7.6
2022-08-20,PLAT 8.30E,1.0,8.3
2022-08-20,PT NANTAIS,17.0,3.5
2022-08-20,SABLE F  P,1.0,1.6
2022-08-20,SPECIAL BREAD KG,3.0,5.2
2022-08-20,SUCETTE,1.0,0.3
2022-08-20,TARTE FRAISE 4PER,1.0,14.0
2022-08-20,TARTE FRAISE 6P,1.0,21.0
2022-08-20,TARTE FRUITS 4P,1.0,10.0
2022-08-20,TARTE FRUITS 6P,3.0,14.0
2022-08-20,TARTELETTE FRAISE,7.0,3.5
2022-08-20,TROPEZIENNE,6.0,2.2
2022-08-20,VIK BREAD,21.0,2.7
2022-08-21,12 MACARON,5.0,10.0
2022-08-21,BAGUETTE GRAINE,6.0,1.3999999999999997
2022-08-21,BOULE POLKA,2.0,1.8
2022-08-21,CARAMEL NOIX,3.0,2.4
2022-08-21,DIVERS CONFISERIE,2.0,3.0
2022-08-21,DIVERS PATISSERIE,2.0,4.5
2022-08-21,FLAN,5.0,2.2
2022-08-21,FLAN ABRICOT,1.0,2.3
2022-08-21,FRAISIER,18.0,3.5
2022-08-21,FRAMBOISIER,6.0,3.5
2022-08-21,GD KOUIGN AMANN,11.0,9.0
2022-08-21,GRAND FAR BRETON,10.0,7.5
2022-08-21,MACARON,18.0,1.0
2022-08-21,MILLES FEUILLES,8.0,2.5
2022-08-21,PALET BRETON,6.0,1.2
2022-08-21,PARIS BREST,6.0,2.2
2022-08-21,PLAT 7.00,1.0,7.0
2022-08-21,PT NANTAIS,2.0,3.5
2022-08-21,ROYAL,6.0,3.5
2022-08-21,SABLE F  P,4.0,1.6
2022-08-21,SPECIAL BREAD KG,1.0,5.2
2022-08-21,TARTE FRAISE 4PER,2.0,14.0
2022-08-21,TARTE FRAISE 6P,2.0,21.0
2022-08-21,TARTE FRUITS 4P,5.0,10.0
2022-08-21,TARTE FRUITS 6P,1.0,14.0
2022-08-21,TARTELETTE FRAISE,26.0,3.5
2022-08-21,TRAITEUR,1.0,1.5
2022-08-21,TROPEZIENNE,5.0,2.2
2022-08-21,VIK BREAD,15.0,2.7
2022-08-22,12 MACARON,3.0,10.0
2022-08-22,BAGUETTE GRAINE,5.0,1.4
2022-08-22,BOULE POLKA,2.0,1.8
2022-08-22,DEMI PAIN,1.0,0.7
2022-08-22,DIVERS BOULANGERIE,1.0,1.0
2022-08-22,DIVERS PATISSERIE,7.0,3.7142857142857144
2022-08-22,FLAN,5.0,2.2
2022-08-22,FLAN ABRICOT,4.0,2.3
2022-08-22,FRAMBOISIER,1.0,3.5
2022-08-22,GD FAR BRETON,5.0,7.5
2022-08-22,GD KOUIGN AMANN,6.0,9.0
2022-08-22,GRAND FAR BRETON,4.0,7.5
2022-08-22,GRANDE SUCETTE,2.0,0.6
2022-08-22,MACARON,6.0,1.0
2022-08-22,MILLES FEUILLES,5.0,2.5
2022-08-22,PALET BRETON,10.0,1.2
2022-08-22,PARIS BREST,4.0,2.2
2022-08-22,PLAT,1.0,1.5
2022-08-22,PLAT 7.60E,3.0,7.599999999999999
2022-08-22,PLAT 8.30E,2.0,8.3
2022-08-22,PT NANTAIS,6.0,3.5
2022-08-22,SABLE F  P,2.0,1.6
2022-08-22,SACHET DE CROUTON,1.0,1.6
2022-08-22,SUCETTE,4.0,0.3
2022-08-22,TARTE FRAISE 4PER,1.0,14.0
2022-08-22,TARTELETTE FRAISE,8.0,3.5
2022-08-22,TRAITEUR,1.0,8.5
2022-08-22,TROPEZIENNE,3.0,2.2
2022-08-22,VIK BREAD,14.0,2.7
2022-08-23,BAGUETTE GRAINE,4.0,1.4
2022-08-23,DIVERS CONFISERIE,1.0,3.0
2022-08-23,DIVERS PATISSERIE,2.0,7.5
2022-08-23,DIVERS VIENNOISERIE,2.0,4.0
2022-08-23,FLAN ABRICOT,6.0,2.3
2022-08-23,GD FAR BRETON,3.0,7.5
2022-08-23,GD KOUIGN AMANN,6.0,9.0
2022-08-23,GRAND FAR BRETON,5.0,7.5
2022-08-23,MACARON,8.0,1.0
2022-08-23,MILLES FEUILLES,1.0,2.5
2022-08-23,PARIS BREST,4.0,2.2
2022-08-23,PLAT,2.0,1.5
2022-08-23,PLAT 7.60E,2.0,7.6
2022-08-23,PLAT 8.30E,5.0,8.3
2022-08-23,PT NANTAIS,1.0,3.5
2022-08-23,ROYAL,2.0,3.5
2022-08-23,ROYAL 4P,1.0,14.0
2022-08-23,SABLE F  P,4.0,1.6
2022-08-23,SPECIAL BREAD KG,1.0,5.2
2022-08-23,TARTELETTE FRAISE,3.0,3.5
2022-08-23,TRAITEUR,1.0,9.8
2022-08-23,VIK BREAD,7.0,2.7000000000000006
2022-08-24,12 MACARON,2.0,10.0
2022-08-24,BAGUETTE GRAINE,4.0,1.4
2022-08-24,BOULE POLKA,1.0,1.8
2022-08-24,CARAMEL NOIX,1.0,2.4
2022-08-24,DEMI PAIN,1.0,0.7
2022-08-24,DIVERS CONFISERIE,1.0,3.0
2022-08-24,DIVERS PATISSERIE,1.0,9.0
2022-08-24,FLAN,3.0,2.2
2022-08-24,FLAN ABRICOT,2.0,2.3
2022-08-24,GD KOUIGN AMANN,2.0,9.0
2022-08-24,GRAND FAR BRETON,6.0,7.5
2022-08-24,MILLES FEUILLES,3.0,2.5
2022-08-24,PLAT 7.60E,6.0,7.6
2022-08-24,PLAT 8.30E,1.0,8.3
2022-08-24,PT NANTAIS,4.0,3.5
2022-08-24,ROYAL 6P,1.0,21.0
2022-08-24,SABLE F  P,2.0,1.6
2022-08-24,SPECIAL BREAD KG,1.0,5.2
2022-08-24,TARTELETTE FRAISE,3.0,3.5
2022-08-24,TROPEZIENNE,2.0,2.2
2022-08-24,VIK BREAD,16.0,2.7
2022-08-25,12 MACARON,2.0,10.0
2022-08-25,BAGUETTE GRAINE,7.0,1.4
2022-08-25,BOULE POLKA,2.0,1.8
2022-08-25,CARAMEL NOIX,1.0,2.4
2022-08-25,DIVERS BOULANGERIE,1.0,1.0
2022-08-25,DIVERS PATISSERIE,1.0,6.0
2022-08-25,FLAN,4.0,2.2
2022-08-25,FLAN ABRICOT,3.0,2.3
2022-08-25,GD KOUIGN AMANN,6.0,9.0
2022-08-25,GRAND FAR BRETON,7.0,7.5
2022-08-25,MACARON,1.0,1.0
2022-08-25,MILLES FEUILLES,3.0,2.5
2022-08-25,PALET BRETON,5.0,1.2
2022-08-25,PLAT 7.00,1.0,7.0
2022-08-25,PLAT 7.60E,1.0,7.6
2022-08-25,PT NANTAIS,3.0,3.5
2022-08-25,ST HONORE,5.0,3.5
2022-08-25,SUCETTE,1.0,0.3
2022-08-25,TARTELETTE FRAISE,2.0,3.5
2022-08-25,VIK BREAD,6.0,2.7000000000000006
2022-08-26,BAGUETTE GRAINE,6.0,1.3999999999999997
2022-08-26,DIVERS PATISSERIE,1.0,6.0
2022-08-26,FLAN,3.0,2.2
2022-08-26,FLAN ABRICOT,1.0,2.3
2022-08-26,GRAND FAR BRETON,2.0,7.5
2022-08-26,MACARON,6.0,1.0
2022-08-26,MILLES FEUILLES,4.0,2.5
2022-08-26,PAIN SUISSE PEPITO,1.0,1.6
2022-08-26,PARIS BREST,2.0,2.2
2022-08-26,PLAT 7.60E,1.0,7.6
2022-08-26,PT NANTAIS,1.0,3.5
2022-08-26,TARTELETTE FRAISE,1.0,3.5
2022-08-26,TROPEZIENNE,3.0,2.2
2022-08-26,VIK BREAD,6.0,2.7
2022-08-27,12 MACARON,2.0,10.0
2022-08-27,BAGUETTE GRAINE,6.0,1.4
2022-08-27,BOULE POLKA,2.0,1.8
2022-08-27,CARAMEL NOIX,3.0,2.4
2022-08-27,DIVERS PATISSERIE,2.0,4.5
2022-08-27,DIVERS VIENNOISERIE,1.0,1.6
2022-08-27,FLAN,2.0,2.2
2022-08-27,FLAN ABRICOT,2.0,2.3
2022-08-27,GD KOUIGN AMANN,6.0,9.0
2022-08-27,GRAND FAR BRETON,8.0,7.5
2022-08-27,GRANDE SUCETTE,1.0,0.6
2022-08-27,MACARON,7.0,1.0
2022-08-27,MILLES FEUILLES,1.0,2.5
2022-08-27,PARIS BREST,1.0,2.2
2022-08-27,PLAT 7.60E,3.0,7.6
2022-08-27,PLAT 8.30E,1.0,8.3
2022-08-27,SABLE F  P,2.0,1.6
2022-08-27,SPECIAL BREAD KG,1.0,5.2
2022-08-27,SUCETTE,2.0,0.3
2022-08-27,TARTE FRAISE 6P,1.0,21.0
2022-08-27,TARTE FRUITS 6P,1.0,14.0
2022-08-27,TARTELETTE FRAISE,1.0,3.5
2022-08-27,VIK BREAD,10.0,2.7
2022-08-28,12 MACARON,5.0,10.0
2022-08-28,BAGUETTE GRAINE,6.0,1.3999999999999997
2022-08-28,BOULE POLKA,1.0,1.8
2022-08-28,CARAMEL NOIX,5.0,2.4
2022-08-28,DEMI PAIN,2.0,0.7
2022-08-28,DIVERS BOULANGERIE,1.0,1.0
2022-08-28,DIVERS CONFISERIE,3.0,3.0
2022-08-28,DIVERS PATISSERIE,6.0,6.833333333333333
2022-08-28,FLAN,3.0,2.2
2022-08-28,FLAN ABRICOT,6.0,2.3
2022-08-28,FRAMBOISIER,5.0,3.5
2022-08-28,GD KOUIGN AMANN,6.0,9.0
2022-08-28,GRAND FAR BRETON,8.0,7.5
2022-08-28,MACARON,11.0,1.0
2022-08-28,MILLES FEUILLES,6.0,2.5
2022-08-28,NOIX JAPONAISE,5.0,2.3
2022-08-28,PALET BRETON,1.0,1.2
2022-08-28,PARIS BREST,6.0,2.2
2022-08-28,PLAT 7.00,2.0,7.0
2022-08-28,PLAT 7.60E,4.0,7.599999999999999
2022-08-28,PLAT 8.30E,1.0,8.3
2022-08-28,PT NANTAIS,3.0,3.5
2022-08-28,ROYAL,2.0,3.5
2022-08-28,SABLE F  P,4.0,1.6000000000000003
2022-08-28,ST HONORE,3.0,3.5
2022-08-28,SUCETTE,2.0,0.3
2022-08-28,TARTE FRAISE 4PER,1.0,14.0
2022-08-28,TARTE FRAISE 6P,1.0,21.0
2022-08-28,TARTE FRUITS 4P,1.0,10.0
2022-08-28,TARTE FRUITS 6P,1.0,14.0
2022-08-28,TARTELETTE FRAISE,5.0,3.5
2022-08-28,TROPEZIENNE,6.0,2.2
2022-08-28,VIK BREAD,10.0,2.7
2022-08-29,12 MACARON,1.0,10.0
2022-08-29,BOULE POLKA,2.0,1.8
2022-08-29,DEMI PAIN,2.0,0.7
2022-08-29,FLAN,5.0,2.2
2022-08-29,GD FAR BRETON,3.0,7.5
2022-08-29,MACARON,2.0,1.0
2022-08-29,PARIS BREST,1.0,2.2
2022-08-29,PLAT 7.60E,5.0,7.6
2022-08-29,ROYAL,4.0,3.5
2022-08-29,SPECIAL BREAD KG,1.0,5.2
2022-08-29,ST HONORE,1.0,3.5
2022-08-29,SUCETTE,6.0,0.3
2022-08-29,TRAITEUR,3.0,8.8
2022-08-29,TULIPE,2.0,3.5
2022-08-30,12 MACARON,2.0,10.0
2022-08-30,BOULE POLKA,1.0,1.8
2022-08-30,DIVERS PATISSERIE,3.0,5.0
2022-08-30,DIVERS VIENNOISERIE,2.0,6.0
2022-08-30,FLAN ABRICOT,1.0,2.3
2022-08-30,GD FAR BRETON,2.0,7.5
2022-08-30,GD KOUIGN AMANN,2.0,9.0
2022-08-30,MILLES FEUILLES,3.0,2.5
2022-08-30,PALET BRETON,4.0,1.2
2022-08-30,PARIS BREST,2.0,2.2
2022-08-30,PLAT 7.60E,4.0,7.599999999999999
2022-08-30,PLAT 8.30E,3.0,8.3
2022-08-30,SABLE F  P,2.0,1.6
2022-08-30,SPECIAL BREAD KG,1.0,5.2
2022-08-30,SUCETTE,4.0,0.3
2022-08-30,TROPEZIENNE,5.0,2.2
2022-08-31,BOULE POLKA,1.0,1.8
2022-08-31,CARAMEL NOIX,3.0,2.4
2022-08-31,DIVERS VIENNOISERIE,2.0,4.0
2022-08-31,FLAN,3.0,2.2
2022-08-31,FLAN ABRICOT,1.0,2.3
2022-08-31,GD KOUIGN AMANN,1.0,9.0
2022-08-31,GRAND FAR BRETON,2.0,7.5
2022-08-31,MACARON,6.0,1.0
2022-08-31,MILLES FEUILLES,1.0,2.5
2022-08-31,PALET BRETON,2.0,1.2
2022-08-31,PARIS BREST,1.0,2.2
2022-08-31,PLAT 7.60E,3.0,7.599999999999999
2022-08-31,TARTELETTE FRAISE,1.0,3.5
2022-09-02,12 MACARON,1.0,10.0
2022-09-02,BOULE POLKA,1.0,1.8
2022-09-02,DEMI PAIN,3.0,0.6999999999999998
2022-09-02,FLAN ABRICOT,1.0,2.3
2022-09-02,GD KOUIGN AMANN,1.0,9.0
2022-09-02,GRAND FAR BRETON,3.0,7.5
2022-09-02,GRANDE SUCETTE,4.0,0.6
2022-09-02,MACARON,9.0,1.0
2022-09-02,MILLES FEUILLES,1.0,2.5
2022-09-02,PALET BRETON,1.0,1.2
2022-09-02,PARIS BREST,2.0,2.2
2022-09-02,PT NANTAIS,1.0,3.5
2022-09-03,CARAMEL NOIX,1.0,2.4
2022-09-03,DIVERS BOULANGERIE,1.0,1.0
2022-09-03,DIVERS CONFISERIE,1.0,3.0
2022-09-03,FLAN,3.0,2.2
2022-09-03,FLAN ABRICOT,1.0,2.3
2022-09-03,GD KOUIGN AMANN,1.0,9.0
2022-09-03,GRAND FAR BRETON,6.0,7.5
2022-09-03,MACARON,9.0,1.0
2022-09-03,MILLES FEUILLES,1.0,2.5
2022-09-03,PALET BRETON,1.0,1.2
2022-09-03,PARIS BREST,3.0,2.2
2022-09-03,SAVARIN,1.0,2.5
2022-09-03,SPECIAL BREAD KG,1.0,5.2
2022-09-03,SUCETTE,2.0,0.3
2022-09-03,TARTE FRUITS 4P,3.0,10.0
2022-09-03,TRAITEUR,3.0,4.6
2022-09-03,TROPEZIENNE,4.0,2.2
2022-09-03,VIK BREAD,10.0,2.7
2022-09-04,12 MACARON,1.0,10.0
2022-09-04,BAGUETTE GRAINE,5.0,1.4
2022-09-04,BOULE POLKA,1.0,1.8
2022-09-04,CARAMEL NOIX,1.0,2.4
2022-09-04,CHOU CHANTILLY,3.0,2.2
2022-09-04,DEMI PAIN,1.0,0.7
2022-09-04,FLAN,3.0,2.2
2022-09-04,FLAN ABRICOT,3.0,2.3
2022-09-04,GD KOUIGN AMANN,1.0,9.0
2022-09-04,GRAND FAR BRETON,5.0,7.5
2022-09-04,MACARON,8.0,1.0
2022-09-04,MILLES FEUILLES,7.0,2.5
2022-09-04,PARIS BREST,7.0,2.2
2022-09-04,PT NANTAIS,2.0,3.5
2022-09-04,ROYAL,2.0,3.5
2022-09-04,SAVARIN,5.0,2.5
2022-09-04,SPECIAL BREAD KG,1.0,5.2
2022-09-04,SUCETTE,4.0,0.3
2022-09-04,TARTE FRAISE 6P,1.0,21.0
2022-09-04,TARTE FRUITS 4P,1.0,10.0
2022-09-04,TARTE FRUITS 6P,1.0,14.0
2022-09-04,TARTELETTE FRAISE,4.0,3.5
2022-09-04,VIK BREAD,10.0,2.7000000000000006
2022-09-05,DIVERS CONFISERIE,2.0,3.0
2022-09-05,DIVERS PATISSERIE,2.0,14.0
2022-09-05,FLAN,2.0,2.2
2022-09-05,FLAN ABRICOT,1.0,2.3
2022-09-05,GD FAR BRETON,2.0,7.5
2022-09-05,MACARON,22.0,1.0
2022-09-05,MILLES FEUILLES,1.0,2.5
2022-09-05,PLAT 7.60E,3.0,7.599999999999999
2022-09-05,PLAT 8.30E,3.0,8.3
2022-09-05,PT NANTAIS,2.0,3.5
2022-09-05,SPECIAL BREAD KG,1.0,5.2
2022-09-05,SUCETTE,1.0,0.3
2022-09-05,TARTE FRUITS 6P,1.0,14.0
2022-09-05,TARTELETTE COCKTAIL,2.0,3.0
2022-09-05,TRAITEUR,1.0,9.1
2022-09-06,DIVERS VIENNOISERIE,2.0,6.0
2022-09-06,FLAN,4.0,2.2
2022-09-06,FLAN ABRICOT,1.0,2.3
2022-09-06,GD FAR BRETON,1.0,7.5
2022-09-06,GD KOUIGN AMANN,2.0,9.0
2022-09-06,MACARON,7.0,1.0
2022-09-06,PARIS BREST,3.0,2.2
2022-09-06,PLAT 7.00,2.0,7.0
2022-09-06,PLAT 7.60E,7.0,7.6
2022-09-06,ROYAL,1.0,3.5
2022-09-06,SABLE F  P,4.0,1.6
2022-09-06,SPECIAL BREAD KG,1.0,5.2
2022-09-07,12 MACARON,1.0,10.0
2022-09-07,DIVERS BOULANGERIE,2.0,1.5
2022-09-07,DIVERS PATISSERIE,1.0,7.0
2022-09-07,DIVERS VIENNOISERIE,1.0,8.0
2022-09-07,FLAN,1.0,2.2
2022-09-07,FLAN ABRICOT,1.0,2.3
2022-09-07,GRANDE SUCETTE,1.0,0.6
2022-09-07,MACARON,18.0,1.0
2022-09-07,MILLES FEUILLES,2.0,2.5
2022-09-07,PALET BRETON,8.0,1.2
2022-09-07,PLAT 7.60E,2.0,7.6
2022-09-07,PT NANTAIS,4.0,3.5
2022-09-07,SABLE F  P,2.0,1.6
2022-09-07,SPECIAL BREAD KG,1.0,5.2
2022-09-08,12 MACARON,1.0,10.0
2022-09-08,CARAMEL NOIX,3.0,2.4
2022-09-08,DIVERS CONFISERIE,1.0,3.0
2022-09-08,FLAN,2.0,2.2
2022-09-08,FLAN ABRICOT,4.0,2.3
2022-09-08,GRAND FAR BRETON,3.0,7.5
2022-09-08,MACARON,3.0,1.0
2022-09-08,MILLES FEUILLES,5.0,2.5
2022-09-08,PALET BRETON,3.0,1.2
2022-09-08,PARIS BREST,1.0,2.2
2022-09-08,PLAT 7.00,1.0,7.0
2022-09-08,PLAT 7.60E,2.0,7.6
2022-09-08,PT NANTAIS,1.0,3.5
2022-09-08,SABLE F  P,2.0,1.6
2022-09-08,SPECIAL BREAD KG,1.0,5.2
2022-09-09,CARAMEL NOIX,1.0,2.4
2022-09-09,DIVERS PATISSERIE,1.0,30.0
2022-09-09,FLAN,3.0,2.2
2022-09-09,GRAND FAR BRETON,6.0,7.5
2022-09-09,MACARON,4.0,1.0
2022-09-09,PARIS BREST,1.0,2.2
2022-09-09,PLAT 7.60E,1.0,7.6
2022-09-09,PT NANTAIS,1.0,3.5
2022-09-09,ROYAL 4P,1.0,14.0
2022-09-09,ROYAL 6P,1.0,21.0
2022-09-09,SABLE F  P,3.0,1.6
2022-09-09,SPECIAL BREAD KG,1.0,5.2
2022-09-09,TARTELETTE FRAISE,1.0,3.5
2022-09-09,VIK BREAD,8.0,2.7
2022-09-10,12 MACARON,1.0,10.0
2022-09-10,BOULE POLKA,1.0,1.8
2022-09-10,CARAMEL NOIX,1.0,2.4
2022-09-10,FLAN,3.0,2.2
2022-09-10,FLAN ABRICOT,1.0,2.3
2022-09-10,GRAND FAR BRETON,6.0,7.5
2022-09-10,MACARON,5.0,1.0
2022-09-10,MILLES FEUILLES,2.0,2.5
2022-09-10,PALET BRETON,1.0,1.2
2022-09-10,PARIS BREST,2.0,2.2
2022-09-10,PLAT 7.60E,4.0,7.6
2022-09-10,SABLE F  P,3.0,1.6
2022-09-10,SPECIAL BREAD KG,1.0,5.2
2022-09-10,SUCETTE,1.0,0.3
2022-09-10,TARTELETTE FRAISE,3.0,3.5
2022-09-10,VIK BREAD,9.0,2.7
2022-09-11,12 MACARON,1.0,10.0
2022-09-11,BAGUETTE GRAINE,6.0,1.4
2022-09-11,BOULE POLKA,1.0,1.8
2022-09-11,CARAMEL NOIX,1.0,2.4
2022-09-11,CHOU CHANTILLY,2.0,2.2
2022-09-11,DIVERS CONFISERIE,1.0,3.0
2022-09-11,DIVERS VIENNOISERIE,4.0,1.6
2022-09-11,FLAN,2.0,2.2
2022-09-11,FLAN ABRICOT,7.0,2.3
2022-09-11,FRAMBOISIER,4.0,3.5
2022-09-11,GD KOUIGN AMANN,3.0,9.0
2022-09-11,GRAND FAR BRETON,4.0,7.5
2022-09-11,MACARON,2.0,1.0
2022-09-11,MILLES FEUILLES,7.0,2.5
2022-09-11,NOIX JAPONAISE,2.0,2.3
2022-09-11,PALET BRETON,1.0,1.2
2022-09-11,PARIS BREST,6.0,2.2
2022-09-11,PLAT 7.60E,1.0,7.6
2022-09-11,PT NANTAIS,3.0,3.5
2022-09-11,ROYAL,7.0,3.5
2022-09-11,SAVARIN,2.0,2.5
2022-09-11,SUCETTE,2.0,0.3
2022-09-11,TARTE FRUITS 4P,1.0,10.0
2022-09-11,TARTE FRUITS 6P,1.0,14.0
2022-09-11,TARTELETTE FRAISE,4.0,3.5
2022-09-11,VIK BREAD,10.0,2.7
2022-09-12,DIVERS CONFISERIE,1.0,3.0
2022-09-12,DIVERS VIENNOISERIE,1.0,6.0
2022-09-12,GD FAR BRETON,1.0,7.5
2022-09-12,GD KOUIGN AMANN,2.0,9.0
2022-09-12,NOIX JAPONAISE,1.0,2.3
2022-09-12,PLAT 7.00,1.0,7.0
2022-09-12,PLAT 7.60E,1.0,7.6
2022-09-12,TARTE FRUITS 4P,1.0,10.0
2022-09-13,DIVERS VIENNOISERIE,2.0,5.0
2022-09-13,MACARON,8.0,1.0
2022-09-13,NOIX JAPONAISE,2.0,2.3
2022-09-13,PLAT 8.30E,2.0,8.3
2022-09-13,PT NANTAIS,1.0,3.5
2022-09-13,TRAITEUR,1.0,9.1
2022-09-14,BOULE POLKA,1.0,1.8
2022-09-14,CARAMEL NOIX,2.0,2.4
2022-09-14,DIVERS CONFISERIE,1.0,3.0
2022-09-14,DIVERS VIENNOISERIE,1.0,4.0
2022-09-14,FLAN,2.0,2.2
2022-09-14,FLAN ABRICOT,5.0,2.3
2022-09-14,GRAND FAR BRETON,1.0,7.5
2022-09-14,MILLES FEUILLES,2.0,2.5
2022-09-14,PARIS BREST,4.0,2.2
2022-09-14,PLAT 7.00,1.0,7.0
2022-09-14,PLAT 7.60E,3.0,7.6
2022-09-14,SABLE F  P,2.0,1.6
2022-09-15,12 MACARON,1.0,10.0
2022-09-15,BOULE POLKA,1.0,1.8
2022-09-15,DEMI PAIN,1.0,0.7
2022-09-15,DIVERS BOISSONS,2.0,2.0
2022-09-15,DIVERS BOULANGERIE,1.0,3.0
2022-09-15,FLAN ABRICOT,1.0,2.3
2022-09-15,GRAND FAR BRETON,2.0,7.5
2022-09-15,MACARON,6.0,1.0
2022-09-15,MILLES FEUILLES,2.0,2.5
2022-09-15,PARIS BREST,1.0,2.2
2022-09-15,PLAT 7.00,1.0,7.0
2022-09-15,PLAT 7.60E,4.0,7.6
2022-09-15,PLAT 8.30E,2.0,8.3
2022-09-15,TROPEZIENNE,1.0,2.2
2022-09-16,FLAN,1.0,2.2
2022-09-16,FLAN ABRICOT,1.0,2.3
2022-09-16,GD KOUIGN AMANN,2.0,9.0
2022-09-16,GRAND FAR BRETON,2.0,7.5
2022-09-16,MACARON,12.0,1.0
2022-09-16,MILLES FEUILLES,2.0,2.5
2022-09-16,PAIN SUISSE PEPITO,1.0,1.6
2022-09-16,PARIS BREST,4.0,2.2
2022-09-16,PLAT 7.00,2.0,7.0
2022-09-16,PLAT 7.60E,3.0,7.6
2022-09-16,PLAT 8.30E,2.0,8.3
2022-09-16,TROPEZIENNE,3.0,2.2
2022-09-16,VIK BREAD,8.0,2.7
2022-09-17,BOULE POLKA,1.0,1.8
2022-09-17,CARAMEL NOIX,2.0,2.4
2022-09-17,DIVERS BOULANGERIE,2.0,1.25
2022-09-17,DIVERS CONFISERIE,2.0,3.0
2022-09-17,FLAN,3.0,2.2
2022-09-17,GD KOUIGN AMANN,4.0,9.0
2022-09-17,GRAND FAR BRETON,5.0,7.5
2022-09-17,GRANDE SUCETTE,2.0,0.6
2022-09-17,MACARON,2.0,1.0
2022-09-17,MILLES FEUILLES,3.0,2.5
2022-09-17,PAIN SUISSE PEPITO,3.0,1.6
2022-09-17,PARIS BREST,3.0,2.2
2022-09-17,PLAT 7.60E,1.0,7.6
2022-09-17,PLAT 8.30E,1.0,8.3
2022-09-17,ROYAL 6P,1.0,21.0
2022-09-17,SABLE F  P,1.0,1.6
2022-09-17,SPECIAL BREAD KG,1.0,5.2
2022-09-17,TARTE FRAISE 6P,1.0,21.0
2022-09-17,TARTE FRUITS 4P,3.0,10.0
2022-09-17,TARTE FRUITS 6P,2.0,14.0
2022-09-17,TROPEZIENNE,4.0,2.2
2022-09-17,VIK BREAD,12.0,2.7
2022-09-18,BAGUETTE GRAINE,8.0,1.3999999999999997
2022-09-18,BOULE POLKA,1.0,1.8
2022-09-18,CARAMEL NOIX,3.0,2.4
2022-09-18,FLAN,11.0,2.2
2022-09-18,FLAN ABRICOT,3.0,2.3
2022-09-18,GD KOUIGN AMANN,5.0,9.0
2022-09-18,GRAND FAR BRETON,7.0,7.5
2022-09-18,MILLES FEUILLES,10.0,2.5
2022-09-18,PAIN SUISSE PEPITO,7.0,1.6000000000000003
2022-09-18,PALET BRETON,2.0,1.2
2022-09-18,PARIS BREST,7.0,2.2
2022-09-18,PT NANTAIS,5.0,3.5
2022-09-18,SABLE F  P,1.0,1.6
2022-09-18,SPECIAL BREAD KG,1.0,5.2
2022-09-18,SUCETTE,1.0,0.3
2022-09-18,TARTE FRUITS 4P,2.0,10.0
2022-09-18,TARTE FRUITS 6P,1.0,14.0
2022-09-18,TROPEZIENNE,1.0,2.2
2022-09-18,VIK BREAD,10.0,2.7
2022-09-20,BOULE POLKA,1.0,1.8
2022-09-20,DIVERS PATISSERIE,10.0,3.0700000000000003
2022-09-20,DIVERS VIENNOISERIE,3.0,6.0
2022-09-20,GD FAR BRETON,1.0,7.5
2022-09-20,PLAT 7.00,2.0,7.0
2022-09-20,PLAT 7.60E,2.0,7.6
2022-09-20,PT NANTAIS,2.0,3.5
2022-09-20,SPECIAL BREAD KG,1.0,5.2
2022-09-20,TRAITEUR,1.0,8.5
2022-09-21,BOULE POLKA,1.0,1.8
2022-09-21,DIVERS BOISSONS,1.0,1.0
2022-09-21,DIVERS BOULANGERIE,1.0,10.0
2022-09-21,GRAND FAR BRETON,1.0,7.5
2022-09-21,MACARON,8.0,1.0
2022-09-21,MILLES FEUILLES,1.0,2.5
2022-09-21,PARIS BREST,1.0,2.2
2022-09-21,PLAT 7.00,1.0,7.0
2022-09-21,PLAT 7.60E,3.0,7.6
2022-09-21,PLAT 8.30E,2.0,8.3
2022-09-21,TROPEZIENNE,1.0,2.2
2022-09-22,BOULE POLKA,1.0,1.8
2022-09-22,DIVERS BOISSONS,2.0,2.5
2022-09-22,FLAN ABRICOT,1.0,2.3
2022-09-22,GRAND FAR BRETON,1.0,7.5
2022-09-22,MILLES FEUILLES,1.0,2.5
2022-09-22,PARIS BREST,1.0,2.2
2022-09-22,PLAT 7.00,1.0,7.0
2022-09-22,PLAT 7.60E,5.0,7.6
2022-09-22,PLAT 8.30E,1.0,8.3
2022-09-22,SABLE F  P,1.0,1.6
2022-09-23,BOULE POLKA,1.0,1.8
2022-09-23,CARAMEL NOIX,1.0,2.4
2022-09-23,DEMI PAIN,1.0,0.7
2022-09-23,DIVERS BOULANGERIE,2.0,1.0
2022-09-23,FLAN,2.0,2.2
2022-09-23,GD KOUIGN AMANN,3.0,9.0
2022-09-23,MILLES FEUILLES,2.0,2.5
2022-09-23,PAIN SUISSE PEPITO,1.0,1.6
2022-09-23,PARIS BREST,5.0,2.2
2022-09-23,PLAT 7.60E,2.0,7.6
2022-09-23,PLAT 8.30E,2.0,8.3
2022-09-23,PT NANTAIS,4.0,3.5
2022-09-23,SPECIAL BREAD KG,1.0,5.2
2022-09-23,VIK BREAD,9.0,2.7
2022-09-24,12 MACARON,1.0,10.0
2022-09-24,BOULE POLKA,1.0,1.8
2022-09-24,DEMI PAIN,1.0,0.7
2022-09-24,DIVERS BOULANGERIE,1.0,1.0
2022-09-24,FLAN,2.0,2.2
2022-09-24,FLAN ABRICOT,2.0,2.3
2022-09-24,GD KOUIGN AMANN,5.0,9.0
2022-09-24,GRAND FAR BRETON,3.0,7.5
2022-09-24,MACARON,6.0,1.0
2022-09-24,MILLES FEUILLES,1.0,2.5
2022-09-24,NOIX JAPONAISE,1.0,2.3
2022-09-24,PARIS BREST,1.0,2.2
2022-09-24,PLAT 8.30E,1.0,8.3
2022-09-24,PT NANTAIS,1.0,3.5
2022-09-24,TARTE FRUITS 4P,3.0,10.0
2022-09-24,VIK BREAD,10.0,2.7
2022-09-25,BAGUETTE GRAINE,9.0,1.4
2022-09-25,BOULE POLKA,1.0,1.8
2022-09-25,CARAMEL NOIX,3.0,2.4
2022-09-25,DEMI PAIN,1.0,0.7
2022-09-25,DIVERS CONFISERIE,1.0,3.0
2022-09-25,FLAN,6.0,2.2
2022-09-25,FLAN ABRICOT,2.0,2.3
2022-09-25,FRAMBOISIER,4.0,3.5
2022-09-25,GD KOUIGN AMANN,2.0,9.0
2022-09-25,GRAND FAR BRETON,4.0,7.5
2022-09-25,MILLES FEUILLES,5.0,2.5
2022-09-25,NOIX JAPONAISE,3.0,2.3
2022-09-25,PAIN SUISSE PEPITO,5.0,1.6
2022-09-25,PARIS BREST,8.0,2.2
2022-09-25,ROYAL,7.0,3.5
2022-09-25,SUCETTE,3.0,0.3
2022-09-25,TARTE FRUITS 6P,3.0,14.0
2022-09-25,VIK BREAD,10.0,2.7
2022-09-26,BOULE POLKA,1.0,1.8
2022-09-26,DIVERS VIENNOISERIE,2.0,6.0
2022-09-26,FLAN,1.0,2.2
2022-09-26,FLAN ABRICOT,4.0,2.3
2022-09-26,FRAMBOISIER,1.0,3.5
2022-09-26,GD FAR BRETON,1.0,7.5
2022-09-26,MACARON,8.0,1.0
2022-09-26,NOIX JAPONAISE,1.0,2.3
2022-09-26,PLAT 7.60E,6.0,7.599999999999999
2022-09-26,PLAT 8.30E,1.0,8.3
2022-09-26,TRAITEUR,6.0,9.1
2022-09-27,BOULE POLKA,1.0,1.8
2022-09-27,DIVERS CONFISERIE,1.0,3.0
2022-09-27,DIVERS VIENNOISERIE,1.0,6.0
2022-09-27,FLAN ABRICOT,4.0,2.3
2022-09-27,GD FAR BRETON,2.0,7.5
2022-09-27,MILLES FEUILLES,1.0,2.5
2022-09-27,PARIS BREST,1.0,2.2
2022-09-27,PLAT 7.60E,2.0,7.6
2022-09-27,PLAT 8.30E,1.0,8.3
2022-09-27,SACHET DE VIENNOISERIE,1.0,4.0
2022-09-27,SPECIAL BREAD KG,1.0,5.2
2022-09-27,TRAITEUR,4.0,9.333333333333334
2022-09-28,12 MACARON,1.0,10.0
2022-09-28,DIVERS BOULANGERIE,2.0,3.125
2022-09-28,DIVERS VIENNOISERIE,1.0,8.0
2022-09-28,FLAN,1.0,2.2
2022-09-28,FLAN ABRICOT,1.0,2.3
2022-09-28,GRAND FAR BRETON,3.0,7.5
2022-09-28,MACARON,2.0,1.0
2022-09-28,MILLES FEUILLES,1.0,2.5
2022-09-28,PALET BRETON,2.0,1.2
2022-09-28,PARIS BREST,3.0,2.2
2022-09-28,PLAT 7.60E,1.0,7.6
2022-09-28,SABLE F  P,1.0,1.6
2022-09-28,SUCETTE,1.0,0.3
2022-09-29,BOULE POLKA,1.0,1.8
2022-09-29,CARAMEL NOIX,1.0,2.4
2022-09-29,DIVERS CONFISERIE,2.0,3.0
2022-09-29,FLAN ABRICOT,1.0,2.3
2022-09-29,GRAND FAR BRETON,1.0,7.5
2022-09-29,MACARON,3.0,1.0
2022-09-29,MILLES FEUILLES,4.0,2.5
2022-09-29,PLAT 7.60E,8.0,7.6
2022-09-29,PLAT 8.30E,2.0,8.3
2022-09-29,SPECIAL BREAD KG,1.0,5.2
2022-09-30,BOULE POLKA,1.0,1.8
2022-09-30,CARAMEL NOIX,1.0,2.4
2022-09-30,DIVERS BOULANGERIE,1.0,5.0
2022-09-30,DIVERS CONFISERIE,1.0,6.0
2022-09-30,FLAN,1.0,2.2
2022-09-30,FLAN ABRICOT,1.0,2.3
2022-09-30,GRAND FAR BRETON,3.0,7.5
2022-09-30,MILLES FEUILLES,3.0,2.5
2022-09-30,PLAT 7.60E,4.0,7.6
2022-09-30,PLAT 8.30E,1.0,8.3
2022-09-30,ROYAL 6P,1.0,21.0
2022-09-30,SABLE F  P,1.0,1.6
2022-09-30,SPECIAL BREAD KG,1.0,5.2
2022-09-30,SUCETTE,1.0,0.3
2022-09-30,VIK BREAD,12.0,2.7
